ISO-10303-21;
HEADER;

/* File generated by Shapr3D Version 3.0 */

FILE_DESCRIPTION(('HOOPS Exchange Step'),'2;1');

FILE_NAME('/Users/userzero/Library/Containers/com.shapr3d.shapr/Data/tmp/export/temp_export',
'1970-01-01T00:00:00',
('userzero'),
('Shapr3D Limited'),
'HOOPS Exchange 2023.2',
'Shapr3D',
'Authorized');

FILE_SCHEMA( ('AUTOMOTIVE_DESIGN { 1 0 10303 214 1 1 1 1 }') );

ENDSEC;

DATA;
#3=(NAMED_UNIT(*)PLANE_ANGLE_UNIT()SI_UNIT($,.RADIAN.));
#4=PLANE_ANGLE_MEASURE_WITH_UNIT(PLANE_ANGLE_MEASURE(0.0174532925),#3);
#5=(CONVERSION_BASED_UNIT('DEGREE',#4)NAMED_UNIT(#6)PLANE_ANGLE_UNIT());
#6=DIMENSIONAL_EXPONENTS(0.,0.,0.,0.,0.,0.,0.);
#7=(NAMED_UNIT(*)SI_UNIT($,.STERADIAN.)SOLID_ANGLE_UNIT());
#8=(LENGTH_UNIT()NAMED_UNIT(*)SI_UNIT(.MILLI.,.METRE.));
#9=UNCERTAINTY_MEASURE_WITH_UNIT(LENGTH_MEASURE(1.000000E-05),#8,'DISTANCE_ACCURACY_VALUE','Maximum Tolerance applied to model');
#10=(GEOMETRIC_REPRESENTATION_CONTEXT(3)GLOBAL_UNCERTAINTY_ASSIGNED_CONTEXT((#9))GLOBAL_UNIT_ASSIGNED_CONTEXT((#8,#5,#7))REPRESENTATION_CONTEXT('','root'));
#12=CARTESIAN_POINT('',(0.,0.,0.));
#13=DIRECTION('',(0.,0.,1.));
#14=DIRECTION('',(1.,0.,0.));
#15=AXIS2_PLACEMENT_3D('',#12,#13,#14);
#27=CARTESIAN_POINT('',(5.564115434,20.421138008,1.783779275));
#28=CARTESIAN_POINT('',(5.58965399,20.267780388,1.850210762));
#29=CARTESIAN_POINT('',(5.629851858,20.11027352,1.901398201));
#30=CARTESIAN_POINT('',(5.737005559,19.796994189,1.970024567));
#31=CARTESIAN_POINT('',(5.803954027,19.641243255,1.987458778));
#32=CARTESIAN_POINT('',(5.960329573,19.341439826,1.987458778));
#33=CARTESIAN_POINT('',(6.049745904,19.197407934,1.970024567));
#34=CARTESIAN_POINT('',(6.245339897,18.930258259,1.901398201));
#35=CARTESIAN_POINT('',(6.351504117,18.807158835,1.850210762));
#36=CARTESIAN_POINT('',(6.462654259,18.698455387,1.783779275));
#37=CARTESIAN_POINT('',(5.455400961,20.378586837,1.690811348));
#38=CARTESIAN_POINT('',(5.480226979,20.223942778,1.758624801));
#39=CARTESIAN_POINT('',(5.519940788,20.064891612,1.81090352));
#40=CARTESIAN_POINT('',(5.626566118,19.748294741,1.8810003));
#41=CARTESIAN_POINT('',(5.693470031,19.590771609,1.898813364));
#42=CARTESIAN_POINT('',(5.85011852,19.287496134,1.898813364));
#43=CARTESIAN_POINT('',(5.939851924,19.141765414,1.8810003));
#44=CARTESIAN_POINT('',(6.136314145,18.871573,1.81090352));
#45=CARTESIAN_POINT('',(6.243028952,18.747130568,1.758624801));
#46=CARTESIAN_POINT('',(6.354765143,18.637378882,1.690811348));
#47=CARTESIAN_POINT('',(5.346299207,20.33698373,1.598507629));
#48=CARTESIAN_POINT('',(5.370370755,20.181042756,1.667766582));
#49=CARTESIAN_POINT('',(5.409561731,20.020417649,1.721188306));
#50=CARTESIAN_POINT('',(5.515589786,19.700420558,1.792825629));
#51=CARTESIAN_POINT('',(5.582419004,19.541072278,1.811035923));
#52=CARTESIAN_POINT('',(5.739287713,19.234212829,1.811035923));
#53=CARTESIAN_POINT('',(5.829315579,19.08672439,1.792825629));
#54=CARTESIAN_POINT('',(6.026604391,18.813382352,1.721188306));
#55=CARTESIAN_POINT('',(6.133850719,18.687549,1.667766583));
#56=CARTESIAN_POINT('',(6.246152753,18.576713579,1.598507629));
#57=CARTESIAN_POINT('',(4.939125341,20.186090917,1.257986304));
#58=CARTESIAN_POINT('',(4.9602237,20.025300826,1.332882273));
#59=CARTESIAN_POINT('',(4.99731112,19.858714983,1.390768249));
#60=CARTESIAN_POINT('',(5.100827147,19.525756467,1.468424431));
#61=CARTESIAN_POINT('',(5.167246919,19.359412091,1.488188057));
#62=CARTESIAN_POINT('',(5.32469614,19.038777981,1.488188057));
#63=CARTESIAN_POINT('',(5.415712176,18.884515488,1.468424431));
#64=CARTESIAN_POINT('',(5.615871641,18.599027811,1.390768248));
#65=CARTESIAN_POINT('',(5.724998032,18.467826882,1.332882273));
#66=CARTESIAN_POINT('',(5.839301993,18.352816606,1.257986304));
#67=CARTESIAN_POINT('',(4.638519688,20.083354043,1.01441043));
#68=CARTESIAN_POINT('',(4.657106579,19.918962977,1.093948048));
#69=CARTESIAN_POINT('',(4.69233691,19.747801716,1.155522814));
#70=CARTESIAN_POINT('',(4.793437279,19.404731039,1.238155948));
#71=CARTESIAN_POINT('',(4.859297688,19.232854034,1.259206547));
#72=CARTESIAN_POINT('',(5.016704405,18.901256897,1.259206547));
#73=CARTESIAN_POINT('',(5.108235772,18.741568071,1.238155948));
#74=CARTESIAN_POINT('',(5.310102908,18.446337651,1.155522814));
#75=CARTESIAN_POINT('',(5.42041954,18.310823929,1.093948048));
#76=CARTESIAN_POINT('',(5.535991725,18.192473332,1.01441043));
#77=CARTESIAN_POINT('',(4.031346846,19.896785669,0.542046154));
#78=CARTESIAN_POINT('',(4.044192328,19.725384199,0.632273715));
#79=CARTESIAN_POINT('',(4.074914431,19.544781691,0.702392183));
#80=CARTESIAN_POINT('',(4.169533005,19.180255986,0.796566306));
#81=CARTESIAN_POINT('',(4.233418206,18.996375931,0.820610851));
#82=CARTESIAN_POINT('',(4.388993999,18.640731264,0.820610851));
#83=CARTESIAN_POINT('',(4.480666113,18.469008724,0.796566306));
#84=CARTESIAN_POINT('',(4.684113418,18.152096393,0.702392183));
#85=CARTESIAN_POINT('',(4.795864469,18.00694409,0.632273715));
#86=CARTESIAN_POINT('',(4.91297215,17.881153948,0.542046154));
#87=CARTESIAN_POINT('',(3.724792494,19.812989885,0.313201634));
#88=CARTESIAN_POINT('',(3.734394044,19.638174679,0.409483528));
#89=CARTESIAN_POINT('',(3.762455863,19.452700084,0.484461552));
#90=CARTESIAN_POINT('',(3.85300046,19.076817549,0.585205908));
#91=CARTESIAN_POINT('',(3.91547111,18.88645937,0.610958982));
#92=CARTESIAN_POINT('',(4.069270126,18.51771538,0.610958934));
#93=CARTESIAN_POINT('',(4.160577987,18.339378337,0.585205811));
#94=CARTESIAN_POINT('',(4.363924294,18.010514692,0.484461362));
#95=CARTESIAN_POINT('',(4.475935674,17.860031573,0.409483294));
#96=CARTESIAN_POINT('',(4.593327495,17.730138733,0.31320136));
#97=CARTESIAN_POINT('',(3.260565208,19.704518744,-0.014128814));
#98=CARTESIAN_POINT('',(3.26496313,19.525157303,0.092589409));
#99=CARTESIAN_POINT('',(3.288431283,19.332442897,0.176002193));
#100=CARTESIAN_POINT('',(3.371237028,18.93891667,0.288167312));
#101=CARTESIAN_POINT('',(3.430561412,18.73816746,0.316901821));
#102=CARTESIAN_POINT('',(3.579319994,18.348078637,0.316901846));
#103=CARTESIAN_POINT('',(3.66873049,18.158801077,0.288167361));
#104=CARTESIAN_POINT('',(3.868975672,17.810052861,0.176002288));
#105=CARTESIAN_POINT('',(3.979778462,17.650637681,0.092589526));
#106=CARTESIAN_POINT('',(4.09590947,17.513876671,-0.014128678));
#107=CARTESIAN_POINT('',(3.105089362,19.671226453,-0.120556222));
#108=CARTESIAN_POINT('',(3.107700727,19.49044846,-0.010134231));
#109=CARTESIAN_POINT('',(3.129539509,19.295335326,0.076280542));
#110=CARTESIAN_POINT('',(3.209495379,18.895832201,0.192512833));
#111=CARTESIAN_POINT('',(3.267598935,18.691509594,0.222310773));
#112=CARTESIAN_POINT('',(3.41427571,18.294027507,0.222310773));
#113=CARTESIAN_POINT('',(3.502824137,18.100935053,0.192512833));
#114=CARTESIAN_POINT('',(3.701533049,17.745234968,0.076280541));
#115=CARTESIAN_POINT('',(3.811659961,17.582687315,-0.010134233));
#116=CARTESIAN_POINT('',(3.927082689,17.443518334,-0.120556224));
#117=CARTESIAN_POINT('',(2.870677905,19.625919802,-0.275302541));
#118=CARTESIAN_POINT('',(2.870613023,19.443238939,-0.158962463));
#119=CARTESIAN_POINT('',(2.889892585,19.244608648,-0.06773391));
#120=CARTESIAN_POINT('',(2.965136456,18.836082374,0.055025159));
#121=CARTESIAN_POINT('',(3.021086863,18.626261807,0.086533021));
#122=CARTESIAN_POINT('',(3.163831088,18.217300507,0.086533021));
#123=CARTESIAN_POINT('',(3.250598542,18.018235265,0.055025159));
#124=CARTESIAN_POINT('',(3.445909329,17.651612732,-0.06773391));
#125=CARTESIAN_POINT('',(3.554416592,17.484123114,-0.158962462));
#126=CARTESIAN_POINT('',(3.668139132,17.341153836,-0.27530254));
#127=CARTESIAN_POINT('',(2.792202013,19.61157354,-0.326145345));
#128=CARTESIAN_POINT('',(2.7912443,19.428295307,-0.207767766));
#129=CARTESIAN_POINT('',(2.809649918,19.228504694,-0.114879183));
#130=CARTESIAN_POINT('',(2.883246453,18.816956357,0.010131432));
#131=CARTESIAN_POINT('',(2.938423365,18.605276877,0.042229704));
#132=CARTESIAN_POINT('',(3.079717186,18.192417011,0.042229704));
#133=CARTESIAN_POINT('',(3.165807217,17.991315113,0.010131432));
#134=CARTESIAN_POINT('',(3.359797806,17.62096185,-0.114879182));
#135=CARTESIAN_POINT('',(3.467661466,17.45178089,-0.207767766));
#136=CARTESIAN_POINT('',(3.580708077,17.307510742,-0.326145344));
#137=CARTESIAN_POINT('',(2.713812643,19.598058218,-0.375887404));
#138=CARTESIAN_POINT('',(2.711978482,19.414228462,-0.255421959));
#139=CARTESIAN_POINT('',(2.72950097,19.213302291,-0.160829324));
#140=CARTESIAN_POINT('',(2.801385266,18.798746553,-0.03350659));
#141=CARTESIAN_POINT('',(2.855732994,18.585198197,-0.000801433));
#142=CARTESIAN_POINT('',(2.995427058,18.168399938,-0.000801433));
#143=CARTESIAN_POINT('',(3.080746029,17.965231685,-0.03350659));
#144=CARTESIAN_POINT('',(3.273202823,17.591086192,-0.160829324));
#145=CARTESIAN_POINT('',(3.380302944,17.420182247,-0.255421958));
#146=CARTESIAN_POINT('',(3.492547498,17.274586364,-0.375887403));
#147=B_SPLINE_SURFACE_WITH_KNOTS('',3,3,((#27,#28,#29,#30,#31,#32,#33,#34,#35,#36),(#37,#38,#39,#40,#41,#42,#43,#44,#45,#46),(#47,#48,#49,#50,#51,#52,#53,#54,#55,#56),(#57,#58,#59,#60,#61,#62,#63,#64,#65,#66),(#67,#68,#69,#70,#71,#72,#73,#74,#75,#76),(#77,#78,#79,#80,#81,#82,#83,#84,#85,#86),(#87,#88,#89,#90,#91,#92,#93,#94,#95,#96),(#97,#98,#99,#100,#101,#102,#103,#104,#105,#106),(#107,#108,#109,#110,#111,#112,#113,#114,#115,#116),(#117,#118,#119,#120,#121,#122,#123,#124,#125,#126),(#127,#128,#129,#130,#131,#132,#133,#134,#135,#136),(#137,#138,#139,#140,#141,#142,#143,#144,#145,#146)),.UNSPECIFIED.,.F.,.F.,.U.,(4,2,2,2,2,4),(4,2,2,2,4),(0.013685389,0.014158864,0.015446034,0.016733203,0.017376788,0.017698873),(0.,0.25,0.5,0.75,1.),.UNSPECIFIED.);
#148=CARTESIAN_POINT('',(5.547209629,20.414533919,1.769335955));
#149=VERTEX_POINT('',#148);
#150=CARTESIAN_POINT('',(3.279408051,19.709698091,0.));
#151=VERTEX_POINT('',#150);
#152=CARTESIAN_POINT('',(5.547209606,20.414533887,1.769335941));
#153=CARTESIAN_POINT('',(5.17838578,20.270557981,1.454278167));
#154=CARTESIAN_POINT('',(4.805071316,20.137448797,1.146722838));
#155=CARTESIAN_POINT('',(4.427106586,20.018710063,0.850235307));
#156=CARTESIAN_POINT('',(4.049141855,19.899971329,0.553747777));
#157=CARTESIAN_POINT('',(3.666555249,19.795676021,0.268175309));
#158=CARTESIAN_POINT('',(3.279409357,19.709702543,-0.000001479));
#159=B_SPLINE_CURVE_WITH_KNOTS('',3,(#152,#153,#154,#155,#156,#157,#158),.UNSPECIFIED.,.F.,.F.,(4,3,4),(0.01370993,0.015315636,0.016921343),.UNSPECIFIED.);
#160=EDGE_CURVE('',#149,#151,#159,.T.);
#161=ORIENTED_EDGE('',*,*,#160,.F.);
#162=CARTESIAN_POINT('',(6.462645834,18.698460226,1.783786442));
#163=VERTEX_POINT('',#162);
#164=CARTESIAN_POINT('',(5.547209528,20.414533903,1.769335862));
#165=CARTESIAN_POINT('',(5.527871881,20.239234189,1.798916702));
#166=CARTESIAN_POINT('',(5.532946823,20.066893307,1.822044354));
#167=CARTESIAN_POINT('',(5.563650061,19.897631362,1.838380922));
#168=CARTESIAN_POINT('',(5.57900168,19.81300039,1.846549207));
#169=CARTESIAN_POINT('',(5.601041697,19.728877952,1.852985998));
#170=CARTESIAN_POINT('',(5.629060512,19.648222601,1.85744335));
#171=CARTESIAN_POINT('',(5.657079326,19.56756725,1.861900703));
#172=CARTESIAN_POINT('',(5.691143083,19.489707605,1.864456955));
#173=CARTESIAN_POINT('',(5.731228344,19.414630034,1.865113267));
#174=CARTESIAN_POINT('',(5.811398868,19.264474893,1.866425892));
#175=CARTESIAN_POINT('',(5.917026829,19.124841947,1.859878232));
#176=CARTESIAN_POINT('',(6.04007373,19.004924992,1.84612771));
#177=CARTESIAN_POINT('',(6.163120631,18.885008038,1.832377188));
#178=CARTESIAN_POINT('',(6.306204694,18.781564027,1.811227569));
#179=CARTESIAN_POINT('',(6.462645764,18.698460213,1.783786407));
#180=B_SPLINE_CURVE_WITH_KNOTS('',3,(#164,#165,#166,#167,#168,#169,#170,#171,#172,#173,#174,#175,#176,#177,#178,#179),.UNSPECIFIED.,.F.,.F.,(4,3,3,3,3,4),(0.,0.000765592,0.001148388,0.001531185,0.002296777,0.003062369),.UNSPECIFIED.);
#181=EDGE_CURVE('',#149,#163,#180,.T.);
#182=ORIENTED_EDGE('',*,*,#181,.T.);
#183=CARTESIAN_POINT('',(4.115508965,17.523201362,0.));
#184=VERTEX_POINT('',#183);
#185=CARTESIAN_POINT('',(4.115509166,17.523199795,-0.000001479));
#186=CARTESIAN_POINT('',(4.536950906,17.701798372,0.270224426));
#187=CARTESIAN_POINT('',(4.938459216,17.891785572,0.558108145));
#188=CARTESIAN_POINT('',(5.327761444,18.088744955,0.857034127));
#189=CARTESIAN_POINT('',(5.717063671,18.285704338,1.155960108));
#190=CARTESIAN_POINT('',(6.09397035,18.489742655,1.466086072));
#191=CARTESIAN_POINT('',(6.462645859,18.698460202,1.783786428));
#192=B_SPLINE_CURVE_WITH_KNOTS('',3,(#185,#186,#187,#188,#189,#190,#191),.UNSPECIFIED.,.F.,.F.,(4,3,4),(0.013685389,0.015303366,0.016921343),.UNSPECIFIED.);
#193=EDGE_CURVE('',#184,#163,#192,.T.);
#194=ORIENTED_EDGE('',*,*,#193,.F.);
#195=CARTESIAN_POINT('',(3.279408051,19.709698091,0.));
#196=CARTESIAN_POINT('',(3.208688775,19.60843711,0.));
#197=CARTESIAN_POINT('',(3.143546475,19.504178249,0.));
#198=CARTESIAN_POINT('',(3.086182346,19.395738263,0.));
#199=CARTESIAN_POINT('',(3.028818217,19.287298278,0.));
#200=CARTESIAN_POINT('',(2.978766254,19.173736063,0.));
#201=CARTESIAN_POINT('',(2.941950502,19.055935863,0.));
#202=CARTESIAN_POINT('',(2.90513475,18.938135664,0.));
#203=CARTESIAN_POINT('',(2.881625614,18.816055898,0.));
#204=CARTESIAN_POINT('',(2.879726587,18.692387128,0.));
#205=CARTESIAN_POINT('',(2.878777073,18.630552742,0.));
#206=CARTESIAN_POINT('',(2.883261842,18.569272681,0.));
#207=CARTESIAN_POINT('',(2.893880085,18.508618266,0.));
#208=CARTESIAN_POINT('',(2.904498329,18.447963851,0.));
#209=CARTESIAN_POINT('',(2.921574645,18.387449722,0.));
#210=CARTESIAN_POINT('',(2.94435141,18.330311711,0.));
#211=CARTESIAN_POINT('',(2.967128174,18.2731737,0.));
#212=CARTESIAN_POINT('',(2.995599713,18.218794255,0.));
#213=CARTESIAN_POINT('',(3.029393109,18.166992735,0.));
#214=CARTESIAN_POINT('',(3.063186504,18.115191214,0.));
#215=CARTESIAN_POINT('',(3.102116847,18.066436818,0.));
#216=CARTESIAN_POINT('',(3.144144098,18.021698298,0.));
#217=CARTESIAN_POINT('',(3.228198599,17.932221257,0.));
#218=CARTESIAN_POINT('',(3.32714859,17.855802882,0.));
#219=CARTESIAN_POINT('',(3.431907097,17.791619053,0.));
#220=CARTESIAN_POINT('',(3.536665604,17.727435224,0.));
#221=CARTESIAN_POINT('',(3.647201622,17.675030713,0.));
#222=CARTESIAN_POINT('',(3.761836463,17.630982975,0.));
#223=CARTESIAN_POINT('',(3.876471304,17.586935238,0.));
#224=CARTESIAN_POINT('',(3.99527074,17.551440459,0.));
#225=CARTESIAN_POINT('',(4.115508965,17.523201362,0.));
#226=B_SPLINE_CURVE_WITH_KNOTS('',3,(#195,#196,#197,#198,#199,#200,#201,#202,#203,#204,#205,#206,#207,#208,#209,#210,#211,#212,#213,#214,#215,#216,#217,#218,#219,#220,
#221,#222,#223,#224,#225),.UNSPECIFIED.,.F.,.F.,(4,3,3,3,3,3,3,3,3,3,4),(0.,0.000368026,0.000736051,0.001104077,0.00128809,0.001472102,0.001656115,0.001840128,0.002208154,0.002576179,0.002944205),.UNSPECIFIED.);
#227=EDGE_CURVE('',#151,#184,#226,.T.);
#228=ORIENTED_EDGE('',*,*,#227,.F.);
#229=EDGE_LOOP('',(#161,#182,#194,#228));
#230=FACE_BOUND('',#229,.T.);
#231=ADVANCED_FACE('',(#230),#147,.F.);
#232=CARTESIAN_POINT('',(7.866657328,20.545454545,4.9));
#233=DIRECTION('',(0.,0.,1.));
#234=DIRECTION('',(1.,0.,-0.));
#235=AXIS2_PLACEMENT_3D('',#232,#233,#234);
#236=CYLINDRICAL_SURFACE('',#235,2.);
#237=CARTESIAN_POINT('',(7.151506662,18.67768595,2.414213562));
#238=VERTEX_POINT('',#237);
#239=CARTESIAN_POINT('',(7.151506662,18.67768595,4.085786438));
#240=VERTEX_POINT('',#239);
#241=CARTESIAN_POINT('',(7.151506662,18.67768595,2.414213562));
#242=DIRECTION('',(-0.,-0.,1.));
#243=VECTOR('',#242,1.671572875);
#244=LINE('',#241,#243);
#245=EDGE_CURVE('',#238,#240,#244,.T.);
#246=ORIENTED_EDGE('',*,*,#245,.F.);
#247=CARTESIAN_POINT('',(6.776658898,18.868581437,2.490893224));
#248=VERTEX_POINT('',#247);
#249=CARTESIAN_POINT('',(7.151506662,18.67768595,2.414213562));
#250=CARTESIAN_POINT('',(7.017883677,18.728848909,2.414213562));
#251=CARTESIAN_POINT('',(6.89318998,18.792834086,2.440605096));
#252=CARTESIAN_POINT('',(6.776658898,18.868581437,2.490893224));
#253=B_SPLINE_CURVE_WITH_KNOTS('',3,(#249,#250,#251,#252),.UNSPECIFIED.,.F.,.F.,(4,4),(0.,0.000635627),.UNSPECIFIED.);
#254=EDGE_CURVE('',#238,#248,#253,.T.);
#255=ORIENTED_EDGE('',*,*,#254,.T.);
#256=CARTESIAN_POINT('',(5.867103978,20.587720384,2.476442736));
#257=VERTEX_POINT('',#256);
#258=CARTESIAN_POINT('',(6.776658898,18.868581437,2.490893224));
#259=CARTESIAN_POINT('',(6.636081327,18.959959447,2.551558436));
#260=CARTESIAN_POINT('',(6.505867588,19.070064088,2.598982556));
#261=CARTESIAN_POINT('',(6.391791536,19.194613735,2.630528717));
#262=CARTESIAN_POINT('',(6.277715484,19.319163382,2.662074877));
#263=CARTESIAN_POINT('',(6.177293778,19.461470822,2.678198841));
#264=CARTESIAN_POINT('',(6.097853821,19.612001732,2.677115992));
#265=CARTESIAN_POINT('',(6.058133843,19.687267188,2.676574568));
#266=CARTESIAN_POINT('',(6.023355472,19.764760182,2.671875913));
#267=CARTESIAN_POINT('',(5.993521776,19.844481506,2.662988345));
#268=CARTESIAN_POINT('',(5.963688079,19.924202831,2.654100778));
#269=CARTESIAN_POINT('',(5.938692518,20.006804335,2.640860972));
#270=CARTESIAN_POINT('',(5.919352975,20.089378065,2.623759364));
#271=CARTESIAN_POINT('',(5.88067389,20.254525524,2.589556149));
#272=CARTESIAN_POINT('',(5.863572558,20.420652363,2.540217268));
#273=CARTESIAN_POINT('',(5.867103978,20.587720384,2.476442736));
#274=B_SPLINE_CURVE_WITH_KNOTS('',3,(#258,#259,#260,#261,#262,#263,#264,#265,#266,#267,#268,#269,#270,#271,#272,#273),.UNSPECIFIED.,.F.,.F.,(4,3,3,3,3,4),(0.,0.000765592,0.001531185,0.001913981,0.002296777,0.003062369),.UNSPECIFIED.);
#275=EDGE_CURVE('',#248,#257,#274,.T.);
#276=ORIENTED_EDGE('',*,*,#275,.T.);
#277=CARTESIAN_POINT('',(5.899992996,20.909090909,2.414213562));
#278=VERTEX_POINT('',#277);
#279=CARTESIAN_POINT('',(5.867103978,20.587720384,2.476442736));
#280=CARTESIAN_POINT('',(5.869351084,20.694028622,2.435861911));
#281=CARTESIAN_POINT('',(5.880026152,20.801103688,2.414213562));
#282=CARTESIAN_POINT('',(5.899992996,20.909090909,2.414213562));
#283=B_SPLINE_CURVE_WITH_KNOTS('',3,(#279,#280,#281,#282),.UNSPECIFIED.,.F.,.F.,(4,4),(0.,0.000488553),.UNSPECIFIED.);
#284=EDGE_CURVE('',#257,#278,#283,.T.);
#285=ORIENTED_EDGE('',*,*,#284,.T.);
#286=CARTESIAN_POINT('',(5.899992996,20.909090909,4.085786438));
#287=VERTEX_POINT('',#286);
#288=CARTESIAN_POINT('',(5.899992996,20.909090909,4.085786438));
#289=DIRECTION('',(0.,0.,-1.));
#290=VECTOR('',#289,1.671572875);
#291=LINE('',#288,#290);
#292=EDGE_CURVE('',#287,#278,#291,.T.);
#293=ORIENTED_EDGE('',*,*,#292,.F.);
#294=CARTESIAN_POINT('',(5.867103978,20.587720384,4.023557264));
#295=VERTEX_POINT('',#294);
#296=CARTESIAN_POINT('',(5.899992996,20.909090909,4.085786438));
#297=CARTESIAN_POINT('',(5.880026152,20.801103688,4.085786438));
#298=CARTESIAN_POINT('',(5.869351084,20.694028622,4.064138089));
#299=CARTESIAN_POINT('',(5.867103978,20.587720384,4.023557264));
#300=B_SPLINE_CURVE_WITH_KNOTS('',3,(#296,#297,#298,#299),.UNSPECIFIED.,.F.,.F.,(4,4),(0.,0.000488553),.UNSPECIFIED.);
#301=EDGE_CURVE('',#287,#295,#300,.T.);
#302=ORIENTED_EDGE('',*,*,#301,.T.);
#303=CARTESIAN_POINT('',(6.776658898,18.868581437,4.009106776));
#304=VERTEX_POINT('',#303);
#305=CARTESIAN_POINT('',(5.867103978,20.587720384,4.023557264));
#306=CARTESIAN_POINT('',(5.863572508,20.420650136,3.959781882));
#307=CARTESIAN_POINT('',(5.880674501,20.25452463,3.910443996));
#308=CARTESIAN_POINT('',(5.919352029,20.089382103,3.876241491));
#309=CARTESIAN_POINT('',(5.938690793,20.00681084,3.859140238));
#310=CARTESIAN_POINT('',(5.963687122,19.924205509,3.845899608));
#311=CARTESIAN_POINT('',(5.993521673,19.844481781,3.837011679));
#312=CARTESIAN_POINT('',(6.023356224,19.764758053,3.82812375));
#313=CARTESIAN_POINT('',(6.058134793,19.687265628,3.823425647));
#314=CARTESIAN_POINT('',(6.097853065,19.612003167,3.822884057));
#315=CARTESIAN_POINT('',(6.177289608,19.461478244,3.821800878));
#316=CARTESIAN_POINT('',(6.27771598,19.319162414,3.837925382));
#317=CARTESIAN_POINT('',(6.391794321,19.194610695,3.86947205));
#318=CARTESIAN_POINT('',(6.505872661,19.070058976,3.901018719));
#319=CARTESIAN_POINT('',(6.636079418,18.959960691,3.948440337));
#320=CARTESIAN_POINT('',(6.776658898,18.868581437,4.009106776));
#321=B_SPLINE_CURVE_WITH_KNOTS('',3,(#305,#306,#307,#308,#309,#310,#311,#312,#313,#314,#315,#316,#317,#318,#319,#320),.UNSPECIFIED.,.F.,.F.,(4,3,3,3,3,4),(0.,0.000765583,0.001148374,0.001531165,0.002296748,0.00306233),.UNSPECIFIED.);
#322=EDGE_CURVE('',#295,#304,#321,.T.);
#323=ORIENTED_EDGE('',*,*,#322,.T.);
#324=CARTESIAN_POINT('',(6.776658898,18.868581437,4.009106776));
#325=CARTESIAN_POINT('',(6.89318998,18.792834086,4.059394904));
#326=CARTESIAN_POINT('',(7.017883677,18.728848909,4.085786438));
#327=CARTESIAN_POINT('',(7.151506662,18.67768595,4.085786438));
#328=B_SPLINE_CURVE_WITH_KNOTS('',3,(#324,#325,#326,#327),.UNSPECIFIED.,.F.,.F.,(4,4),(0.,0.000635627),.UNSPECIFIED.);
#329=EDGE_CURVE('',#304,#240,#328,.T.);
#330=ORIENTED_EDGE('',*,*,#329,.T.);
#331=EDGE_LOOP('',(#246,#255,#276,#285,#293,#302,#323,#330));
#332=FACE_BOUND('',#331,.T.);
#333=ADVANCED_FACE('',(#332),#236,.F.);
#334=CARTESIAN_POINT('',(0.,0.,0.96));
#335=DIRECTION('',(0.,0.,-1.));
#336=DIRECTION('',(1.,0.,0.));
#337=AXIS2_PLACEMENT_3D('',#334,#335,#336);
#338=CYLINDRICAL_SURFACE('',#337,12.775);
#339=CARTESIAN_POINT('',(12.775,-0.,0.));
#340=VERTEX_POINT('',#339);
#341=CARTESIAN_POINT('',(12.775,0.,1.41));
#342=VERTEX_POINT('',#341);
#343=CARTESIAN_POINT('',(12.775,0.,0.));
#344=DIRECTION('',(-0.,-0.,1.));
#345=VECTOR('',#344,1.41);
#346=LINE('',#343,#345);
#347=EDGE_CURVE('',#340,#342,#346,.T.);
#348=ORIENTED_EDGE('',*,*,#347,.F.);
#349=CARTESIAN_POINT('',(-5.829165125,11.367561698,0.));
#350=VERTEX_POINT('',#349);
#351=CARTESIAN_POINT('',(0.,0.,0.));
#352=DIRECTION('',(-0.,-0.,-1.));
#353=DIRECTION('',(1.,0.,-0.));
#354=AXIS2_PLACEMENT_3D('',#351,#352,#353);
#355=CIRCLE('',#354,12.775);
#356=EDGE_CURVE('',#340,#350,#355,.T.);
#357=ORIENTED_EDGE('',*,*,#356,.T.);
#358=CARTESIAN_POINT('',(-3.560178567,12.268893739,1.31));
#359=VERTEX_POINT('',#358);
#360=CARTESIAN_POINT('',(0.,0.,3.365470054));
#361=DIRECTION('',(0.5,-0.,-0.866025404));
#362=DIRECTION('',(-0.866025404,0.,-0.5));
#363=AXIS2_PLACEMENT_3D('',#360,#361,#362);
#364=ELLIPSE('',#363,14.751299378,12.775);
#365=EDGE_CURVE('',#350,#359,#364,.T.);
#366=ORIENTED_EDGE('',*,*,#365,.T.);
#367=CARTESIAN_POINT('',(-3.586973486,12.261086665,1.41));
#368=VERTEX_POINT('',#367);
#369=CARTESIAN_POINT('',(0.,0.,-11.976767295));
#370=DIRECTION('',(0.965925826,-0.,0.258819045));
#371=DIRECTION('',(0.258819045,0.,-0.965925826));
#372=AXIS2_PLACEMENT_3D('',#369,#370,#371);
#373=ELLIPSE('',#372,49.358809723,12.775);
#374=EDGE_CURVE('',#359,#368,#373,.T.);
#375=ORIENTED_EDGE('',*,*,#374,.T.);
#376=CARTESIAN_POINT('',(0.,0.,1.41));
#377=DIRECTION('',(0.,0.,-1.));
#378=DIRECTION('',(-1.,0.,0.));
#379=AXIS2_PLACEMENT_3D('',#376,#377,#378);
#380=CIRCLE('',#379,12.775);
#381=EDGE_CURVE('',#342,#368,#380,.T.);
#382=ORIENTED_EDGE('',*,*,#381,.F.);
#383=EDGE_LOOP('',(#348,#357,#366,#375,#382));
#384=FACE_BOUND('',#383,.T.);
#385=ADVANCED_FACE('',(#384),#338,.F.);
#386=CARTESIAN_POINT('',(8.162699848,13.054323159,4.813879033));
#387=CARTESIAN_POINT('',(8.127431172,12.997919187,4.884412558));
#388=CARTESIAN_POINT('',(8.097643155,12.950280244,4.964679913));
#389=CARTESIAN_POINT('',(8.051516773,12.876511917,5.137977442));
#390=CARTESIAN_POINT('',(8.035184023,12.850391516,5.230987155));
#391=CARTESIAN_POINT('',(8.017344141,12.821860812,5.421957204));
#392=CARTESIAN_POINT('',(8.015839129,12.819453898,5.51989485));
#393=CARTESIAN_POINT('',(8.027784697,12.838558032,5.712493287));
#394=CARTESIAN_POINT('',(8.041233858,12.860066809,5.807131194));
#395=CARTESIAN_POINT('',(8.081961338,12.925200856,5.985177959));
#396=CARTESIAN_POINT('',(8.109234817,12.968818387,6.068565663));
#397=CARTESIAN_POINT('',(8.175322721,13.074510482,6.217103174));
#398=CARTESIAN_POINT('',(8.214129293,13.136572489,6.282235333));
#399=CARTESIAN_POINT('',(8.300025622,13.273943514,6.38878506));
#400=CARTESIAN_POINT('',(8.347105175,13.349236211,6.430189967));
#401=CARTESIAN_POINT('',(8.445593841,13.506745724,6.485800741));
#402=CARTESIAN_POINT('',(8.496991253,13.588943826,6.5));
#403=CARTESIAN_POINT('',(8.548394773,13.671151695,6.5));
#404=CARTESIAN_POINT('',(9.02298248,12.516399527,4.813879033));
#405=CARTESIAN_POINT('',(8.983996771,12.462319769,4.884412558));
#406=CARTESIAN_POINT('',(8.951069338,12.416643862,4.964679913));
#407=CARTESIAN_POINT('',(8.900081607,12.345915274,5.137977442));
#408=CARTESIAN_POINT('',(8.882027518,12.320871205,5.230987155));
#409=CARTESIAN_POINT('',(8.862307457,12.293516152,5.421957204));
#410=CARTESIAN_POINT('',(8.860643829,12.291208419,5.51989485));
#411=CARTESIAN_POINT('',(8.873848363,12.309525337,5.712493287));
#412=CARTESIAN_POINT('',(8.888714957,12.330147812,5.807131194));
#413=CARTESIAN_POINT('',(8.933734784,12.392597909,5.985177959));
#414=CARTESIAN_POINT('',(8.963882667,12.434418112,6.068565663));
#415=CARTESIAN_POINT('',(9.036935702,12.535755001,6.217103174));
#416=CARTESIAN_POINT('',(9.079832173,12.595259646,6.282235333));
#417=CARTESIAN_POINT('',(9.174781283,12.726970086,6.38878506));
#418=CARTESIAN_POINT('',(9.226822639,12.79916023,6.430189967));
#419=CARTESIAN_POINT('',(9.335691216,12.95017932,6.485800741));
#420=CARTESIAN_POINT('',(9.3925055,13.028990321,6.5));
#421=CARTESIAN_POINT('',(9.449326536,13.107810687,6.5));
#422=CARTESIAN_POINT('',(9.816270539,11.903235585,4.813879033));
#423=CARTESIAN_POINT('',(9.773857254,11.851805121,4.88441257));
#424=CARTESIAN_POINT('',(9.738034884,11.808366818,4.964679938));
#425=CARTESIAN_POINT('',(9.682564381,11.741103135,5.1379775));
#426=CARTESIAN_POINT('',(9.662923003,11.717285945,5.23098723));
#427=CARTESIAN_POINT('',(9.641469192,11.691270993,5.421957314));
#428=CARTESIAN_POINT('',(9.639659308,11.68907632,5.519894976));
#429=CARTESIAN_POINT('',(9.654024788,11.706495936,5.71249344));
#430=CARTESIAN_POINT('',(9.670198445,11.726108153,5.807131358));
#431=CARTESIAN_POINT('',(9.719176383,11.785498927,5.985178138));
#432=CARTESIAN_POINT('',(9.751974844,11.825270426,6.068565845));
#433=CARTESIAN_POINT('',(9.831450636,11.921642979,6.217103351));
#434=CARTESIAN_POINT('',(9.878118523,11.978232583,6.282235502));
#435=CARTESIAN_POINT('',(9.981415462,12.103490723,6.3887852));
#436=CARTESIAN_POINT('',(10.03803224,12.172144377,6.430190087));
#437=CARTESIAN_POINT('',(10.15647242,12.315765253,6.485800809));
#438=CARTESIAN_POINT('',(10.21828175,12.390715411,6.500000036));
#439=CARTESIAN_POINT('',(10.280098422,12.465674472,6.5));
#440=CARTESIAN_POINT('',(10.909824412,10.875249143,4.813879033));
#441=CARTESIAN_POINT('',(10.862686192,10.828260317,4.88441257));
#442=CARTESIAN_POINT('',(10.822873128,10.788573433,4.964679938));
#443=CARTESIAN_POINT('',(10.761223084,10.727118778,5.1379775));
#444=CARTESIAN_POINT('',(10.73939361,10.70535849,5.23098723));
#445=CARTESIAN_POINT('',(10.715549792,10.681590245,5.421957313));
#446=CARTESIAN_POINT('',(10.71353828,10.679585111,5.519894976));
#447=CARTESIAN_POINT('',(10.729504101,10.695500339,5.71249344));
#448=CARTESIAN_POINT('',(10.747479537,10.713418809,5.807131358));
#449=CARTESIAN_POINT('',(10.801913721,10.767680483,5.985178138));
#450=CARTESIAN_POINT('',(10.838366,10.80401724,6.068565844));
#451=CARTESIAN_POINT('',(10.926695567,10.892066873,6.217103351));
#452=CARTESIAN_POINT('',(10.978562359,10.943769289,6.282235501));
#453=CARTESIAN_POINT('',(11.093366802,11.058209893,6.388785199));
#454=CARTESIAN_POINT('',(11.156290813,11.120934483,6.430190087));
#455=CARTESIAN_POINT('',(11.28792549,11.25215198,6.485800809));
#456=CARTESIAN_POINT('',(11.356620516,11.320629295,6.500000036));
#457=CARTESIAN_POINT('',(11.425323701,11.389114744,6.5));
#458=CARTESIAN_POINT('',(11.258160398,10.514413414,4.813879033));
#459=CARTESIAN_POINT('',(11.209517113,10.468983661,4.88441257));
#460=CARTESIAN_POINT('',(11.168432868,10.430613574,4.964679939));
#461=CARTESIAN_POINT('',(11.104814414,10.371197963,5.1379775));
#462=CARTESIAN_POINT('',(11.082287952,10.350159674,5.230987231));
#463=CARTESIAN_POINT('',(11.057682829,10.327180052,5.421957314));
#464=CARTESIAN_POINT('',(11.055607092,10.325241449,5.519894977));
#465=CARTESIAN_POINT('',(11.07208268,10.340628617,5.712493441));
#466=CARTESIAN_POINT('',(11.090632048,10.357952561,5.80713136));
#467=CARTESIAN_POINT('',(11.146804245,10.410413854,5.985178139));
#468=CARTESIAN_POINT('',(11.184420399,10.445544971,6.068565846));
#469=CARTESIAN_POINT('',(11.275570217,10.530673153,6.217103352));
#470=CARTESIAN_POINT('',(11.329093049,10.580660102,6.282235503));
#471=CARTESIAN_POINT('',(11.447563053,10.69130361,6.3887852));
#472=CARTESIAN_POINT('',(11.512496147,10.751947023,6.430190087));
#473=CARTESIAN_POINT('',(11.648333753,10.878810772,6.485800809));
#474=CARTESIAN_POINT('',(11.719222124,10.945016036,6.500000036));
#475=CARTESIAN_POINT('',(11.790118915,11.011229162,6.499999999));
#476=CARTESIAN_POINT('',(11.755843618,9.945283984,4.813879033));
#477=CARTESIAN_POINT('',(11.705049986,9.902313278,4.88441257));
#478=CARTESIAN_POINT('',(11.662149551,9.866020109,4.964679939));
#479=CARTESIAN_POINT('',(11.59571875,9.809820581,5.1379775));
#480=CARTESIAN_POINT('',(11.572196473,9.789921066,5.230987231));
#481=CARTESIAN_POINT('',(11.546503643,9.7681853,5.421957314));
#482=CARTESIAN_POINT('',(11.544336144,9.766351633,5.519894977));
#483=CARTESIAN_POINT('',(11.561540058,9.78090592,5.712493442));
#484=CARTESIAN_POINT('',(11.580909428,9.797292145,5.80713136));
#485=CARTESIAN_POINT('',(11.639564796,9.84691379,5.985178139));
#486=CARTESIAN_POINT('',(11.678843826,9.880143312,6.068565846));
#487=CARTESIAN_POINT('',(11.774023052,9.960663633,6.217103352));
#488=CARTESIAN_POINT('',(11.829911938,10.007944863,6.282235503));
#489=CARTESIAN_POINT('',(11.953619079,10.112599403,6.388785201));
#490=CARTESIAN_POINT('',(12.021422634,10.169960277,6.430190088));
#491=CARTESIAN_POINT('',(12.163265137,10.289957079,6.48580081));
#492=CARTESIAN_POINT('',(12.237287231,10.352578749,6.500000037));
#493=CARTESIAN_POINT('',(12.311318118,10.415207856,6.5));
#494=CARTESIAN_POINT('',(11.917833847,9.750614504,4.813879033));
#495=CARTESIAN_POINT('',(11.866340318,9.708484905,4.884412559));
#496=CARTESIAN_POINT('',(11.822848748,9.672902135,4.964679914));
#497=CARTESIAN_POINT('',(11.75550258,9.617802646,5.137977445));
#498=CARTESIAN_POINT('',(11.731656181,9.598292637,5.230987159));
#499=CARTESIAN_POINT('',(11.705609317,9.576982309,5.421957211));
#500=CARTESIAN_POINT('',(11.703411947,9.575184523,5.519894858));
#501=CARTESIAN_POINT('',(11.720852905,9.589453899,5.712493296));
#502=CARTESIAN_POINT('',(11.740489163,9.605519366,5.807131204));
#503=CARTESIAN_POINT('',(11.799952742,9.654169687,5.98517797));
#504=CARTESIAN_POINT('',(11.839772999,9.686748759,6.068565674));
#505=CARTESIAN_POINT('',(11.936263705,9.765692945,6.217103185));
#506=CARTESIAN_POINT('',(11.99292269,9.812048678,6.282235343));
#507=CARTESIAN_POINT('',(12.118334407,9.914654683,6.388785068));
#508=CARTESIAN_POINT('',(12.187072239,9.970892764,6.430189974));
#509=CARTESIAN_POINT('',(12.330869217,10.088540731,6.485800745));
#510=CARTESIAN_POINT('',(12.405911279,10.149936638,6.500000002));
#511=CARTESIAN_POINT('',(12.480962257,10.211339841,6.5));
#512=CARTESIAN_POINT('',(12.232285576,9.353097689,4.813879033));
#513=CARTESIAN_POINT('',(12.179433392,9.312685646,4.884412559));
#514=CARTESIAN_POINT('',(12.134794298,9.278553528,4.964679914));
#515=CARTESIAN_POINT('',(12.065671203,9.225700357,5.137977445));
#516=CARTESIAN_POINT('',(12.041195617,9.206985739,5.230987159));
#517=CARTESIAN_POINT('',(12.014461507,9.186544199,5.421957211));
#518=CARTESIAN_POINT('',(12.012206159,9.184819706,5.519894858));
#519=CARTESIAN_POINT('',(12.030107297,9.198507343,5.712493296));
#520=CARTESIAN_POINT('',(12.050261656,9.213917847,5.807131204));
#521=CARTESIAN_POINT('',(12.11129418,9.260584772,5.98517797));
#522=CARTESIAN_POINT('',(12.152165094,9.291835649,6.068565674));
#523=CARTESIAN_POINT('',(12.251201705,9.367561407,6.217103185));
#524=CARTESIAN_POINT('',(12.309355635,9.412027292,6.282235343));
#525=CARTESIAN_POINT('',(12.438076338,9.510450216,6.388785068));
#526=CARTESIAN_POINT('',(12.508627815,9.564395561,6.430189974));
#527=CARTESIAN_POINT('',(12.656218873,9.67724721,6.485800745));
#528=CARTESIAN_POINT('',(12.733240917,9.736140105,6.500000002));
#529=CARTESIAN_POINT('',(12.810272114,9.795039999,6.5));
#530=CARTESIAN_POINT('',(12.383968077,9.151267944,4.813879033));
#531=CARTESIAN_POINT('',(12.33046048,9.111727836,4.884412662));
#532=CARTESIAN_POINT('',(12.28526784,9.078332159,4.964680147));
#533=CARTESIAN_POINT('',(12.215287638,9.02661937,5.137977967));
#534=CARTESIAN_POINT('',(12.190508596,9.008308554,5.230987839));
#535=CARTESIAN_POINT('',(12.16344313,8.988308104,5.421958196));
#536=CARTESIAN_POINT('',(12.161159922,8.986620846,5.519895991));
#537=CARTESIAN_POINT('',(12.179283303,9.000013225,5.712494681));
#538=CARTESIAN_POINT('',(12.199687739,9.015091271,5.807132691));
#539=CARTESIAN_POINT('',(12.26147743,9.06075139,5.985179586));
#540=CARTESIAN_POINT('',(12.302855344,9.09132804,6.068567315));
#541=CARTESIAN_POINT('',(12.403120422,9.165420015,6.217104779));
#542=CARTESIAN_POINT('',(12.461995673,9.208926538,6.282236864));
#543=CARTESIAN_POINT('',(12.592312916,9.305225937,6.388786333));
#544=CARTESIAN_POINT('',(12.663739422,9.358007371,6.430191056));
#545=CARTESIAN_POINT('',(12.813160938,9.468424126,6.485801359));
#546=CARTESIAN_POINT('',(12.891138192,9.526046327,6.50000033));
#547=CARTESIAN_POINT('',(12.969124671,9.583675352,6.500000001));
#548=CARTESIAN_POINT('',(13.115228634,8.127076605,4.813879033));
#549=CARTESIAN_POINT('',(13.058561439,8.091961766,4.884412662));
#550=CARTESIAN_POINT('',(13.010700191,8.062303686,4.964680149));
#551=CARTESIAN_POINT('',(12.936587675,8.016378527,5.13797797));
#552=CARTESIAN_POINT('',(12.910345431,8.00011704,5.230987843));
#553=CARTESIAN_POINT('',(12.881681731,7.982355037,5.421958203));
#554=CARTESIAN_POINT('',(12.879263681,7.98085663,5.519895999));
#555=CARTESIAN_POINT('',(12.898457195,7.99275019,5.71249469));
#556=CARTESIAN_POINT('',(12.920066479,8.006140744,5.807132701));
#557=CARTESIAN_POINT('',(12.985504769,8.046690697,5.985179597));
#558=CARTESIAN_POINT('',(13.029326001,8.073845277,6.068567327));
#559=CARTESIAN_POINT('',(13.135511626,8.139645039,6.21710479));
#560=CARTESIAN_POINT('',(13.197863404,8.178282402,6.282236874));
#561=CARTESIAN_POINT('',(13.33587576,8.263804165,6.388786341));
#562=CARTESIAN_POINT('',(13.411519939,8.310678403,6.430191063));
#563=CARTESIAN_POINT('',(13.569764671,8.408737524,6.485801361));
#564=CARTESIAN_POINT('',(13.65234642,8.459910755,6.50000033));
#565=CARTESIAN_POINT('',(13.73493794,8.511090043,6.499999998));
#566=CARTESIAN_POINT('',(13.614120952,7.260012164,4.813879033));
#567=CARTESIAN_POINT('',(13.555298255,7.228643741,4.884412558));
#568=CARTESIAN_POINT('',(13.505616451,7.202149889,4.964679913));
#569=CARTESIAN_POINT('',(13.428684778,7.16112448,5.137977442));
#570=CARTESIAN_POINT('',(13.401444277,7.146597919,5.230987155));
#571=CARTESIAN_POINT('',(13.371690114,7.130730894,5.421957205));
#572=CARTESIAN_POINT('',(13.369179986,7.129392317,5.519894851));
#573=CARTESIAN_POINT('',(13.389103347,7.140016862,5.712493287));
#574=CARTESIAN_POINT('',(13.411534467,7.151978722,5.807131194));
#575=CARTESIAN_POINT('',(13.479461604,7.188202275,5.985177959));
#576=CARTESIAN_POINT('',(13.52494955,7.212459665,6.068565663));
#577=CARTESIAN_POINT('',(13.635173952,7.271239112,6.217103174));
#578=CARTESIAN_POINT('',(13.699897313,7.305754186,6.282235333));
#579=CARTESIAN_POINT('',(13.843159107,7.382151507,6.38878506));
#580=CARTESIAN_POINT('',(13.921680518,7.424024677,6.430189967));
#581=CARTESIAN_POINT('',(14.085944382,7.511621787,6.485800741));
#582=CARTESIAN_POINT('',(14.171667317,7.557335319,6.5));
#583=CARTESIAN_POINT('',(14.257400439,7.603054282,6.5));
#584=CARTESIAN_POINT('',(14.131129964,6.117117632,4.813879033));
#585=CARTESIAN_POINT('',(14.07007342,6.090687328,4.884412558));
#586=CARTESIAN_POINT('',(14.018504902,6.068364224,4.964679913));
#587=CARTESIAN_POINT('',(13.938651677,6.033797167,5.137977442));
#588=CARTESIAN_POINT('',(13.910376692,6.021557423,5.230987155));
#589=CARTESIAN_POINT('',(13.879492587,6.008188237,5.421957205));
#590=CARTESIAN_POINT('',(13.876887135,6.007060383,5.519894851));
#591=CARTESIAN_POINT('',(13.897567104,6.016012378,5.712493287));
#592=CARTESIAN_POINT('',(13.920850067,6.026091163,5.807131194));
#593=CARTESIAN_POINT('',(13.991356801,6.056612288,5.985177959));
#594=CARTESIAN_POINT('',(14.038572194,6.077051001,6.068565663));
#595=CARTESIAN_POINT('',(14.152982471,6.126577198,6.217103174));
#596=CARTESIAN_POINT('',(14.220163762,6.155658798,6.282235333));
#597=CARTESIAN_POINT('',(14.368866057,6.220029406,6.38878506));
#598=CARTESIAN_POINT('',(14.450369393,6.255310767,6.430189967));
#599=CARTESIAN_POINT('',(14.620871331,6.329118057,6.485800741));
#600=CARTESIAN_POINT('',(14.709849675,6.367635217,6.5));
#601=CARTESIAN_POINT('',(14.798838592,6.406156954,6.5));
#602=CARTESIAN_POINT('',(14.229152294,5.885562388,4.813879033));
#603=CARTESIAN_POINT('',(14.167671729,5.86013292,4.884412893));
#604=CARTESIAN_POINT('',(14.115745118,5.838655168,4.964680676));
#605=CARTESIAN_POINT('',(14.035337513,5.805397248,5.13797915));
#606=CARTESIAN_POINT('',(14.006866311,5.793621129,5.230989379));
#607=CARTESIAN_POINT('',(13.97576813,5.780758576,5.421960432));
#608=CARTESIAN_POINT('',(13.973144846,5.779673669,5.519898564));
#609=CARTESIAN_POINT('',(13.993969056,5.788287236,5.712497824));
#610=CARTESIAN_POINT('',(14.017414075,5.797984685,5.807136068));
#611=CARTESIAN_POINT('',(14.088411231,5.827350743,5.985183256));
#612=CARTESIAN_POINT('',(14.135954933,5.847015864,6.068571044));
#613=CARTESIAN_POINT('',(14.251160559,5.894667371,6.217108398));
#614=CARTESIAN_POINT('',(14.318808794,5.922648095,6.282240315));
#615=CARTESIAN_POINT('',(14.468544454,5.984581841,6.388789199));
#616=CARTESIAN_POINT('',(14.550614087,6.018527505,6.430193506));
#617=CARTESIAN_POINT('',(14.722300475,6.089540433,6.485802738));
#618=CARTESIAN_POINT('',(14.81189683,6.126599258,6.500001056));
#619=CARTESIAN_POINT('',(14.901503693,6.163662411,6.499999979));
#620=CARTESIAN_POINT('',(14.414274639,5.416392365,4.813879033));
#621=CARTESIAN_POINT('',(14.351994216,5.39299011,4.884412897));
#622=CARTESIAN_POINT('',(14.299392043,5.373224553,4.964680684));
#623=CARTESIAN_POINT('',(14.217938342,5.342617962,5.137979165));
#624=CARTESIAN_POINT('',(14.189096732,5.331780654,5.230989397));
#625=CARTESIAN_POINT('',(14.157593969,5.319943567,5.421960454));
#626=CARTESIAN_POINT('',(14.15493656,5.318945195,5.519898589));
#627=CARTESIAN_POINT('',(14.176031696,5.326872202,5.712497853));
#628=CARTESIAN_POINT('',(14.199781736,5.335796639,5.807136098));
#629=CARTESIAN_POINT('',(14.271702567,5.362821791,5.985183289));
#630=CARTESIAN_POINT('',(14.319864814,5.380919295,6.068571078));
#631=CARTESIAN_POINT('',(14.436569265,5.424772207,6.217108434));
#632=CARTESIAN_POINT('',(14.505097603,5.450522405,6.282240351));
#633=CARTESIAN_POINT('',(14.656781323,5.50751899,6.388789237));
#634=CARTESIAN_POINT('',(14.739918681,5.538758605,6.430193545));
#635=CARTESIAN_POINT('',(14.913838707,5.604110574,6.485802779));
#636=CARTESIAN_POINT('',(15.004600709,5.638215164,6.500001098));
#637=CARTESIAN_POINT('',(15.095373357,5.672323729,6.500000021));
#638=CARTESIAN_POINT('',(14.501520836,5.178334512,4.813879033));
#639=CARTESIAN_POINT('',(14.43886393,5.155960417,4.884412568));
#640=CARTESIAN_POINT('',(14.385943745,5.137063198,4.964679935));
#641=CARTESIAN_POINT('',(14.303997483,5.107801083,5.137977491));
#642=CARTESIAN_POINT('',(14.274981385,5.09743975,5.230987219));
#643=CARTESIAN_POINT('',(14.243287788,5.086122309,5.421957297));
#644=CARTESIAN_POINT('',(14.240614054,5.085167545,5.519894957));
#645=CARTESIAN_POINT('',(14.261836092,5.092745696,5.712493417));
#646=CARTESIAN_POINT('',(14.285729342,5.10127771,5.807131333));
#647=CARTESIAN_POINT('',(14.358084166,5.127114818,5.985178111));
#648=CARTESIAN_POINT('',(14.406537143,5.144416841,6.068565817));
#649=CARTESIAN_POINT('',(14.523946274,5.186342348,6.217103324));
#650=CARTESIAN_POINT('',(14.592888477,5.210960849,6.282235476));
#651=CARTESIAN_POINT('',(14.745488454,5.265452621,6.388785178));
#652=CARTESIAN_POINT('',(14.829128097,5.295319418,6.430190068));
#653=CARTESIAN_POINT('',(15.004099101,5.35779964,6.485800798));
#654=CARTESIAN_POINT('',(15.095409673,5.390405642,6.500000031));
#655=CARTESIAN_POINT('',(15.186731091,5.423015517,6.5));
#656=CARTESIAN_POINT('',(14.745392135,4.458179502,4.813879033));
#657=CARTESIAN_POINT('',(14.681681531,4.438916992,4.884412568));
#658=CARTESIAN_POINT('',(14.627871389,4.422647826,4.964679935));
#659=CARTESIAN_POINT('',(14.544547041,4.39745522,5.137977491));
#660=CARTESIAN_POINT('',(14.51504298,4.388534847,5.230987219));
#661=CARTESIAN_POINT('',(14.482816393,4.378791335,5.421957298));
#662=CARTESIAN_POINT('',(14.480097695,4.377969352,5.519894958));
#663=CARTESIAN_POINT('',(14.501676622,4.384493605,5.712493419));
#664=CARTESIAN_POINT('',(14.525971683,4.391839066,5.807131335));
#665=CARTESIAN_POINT('',(14.599543293,4.414082987,5.985178113));
#666=CARTESIAN_POINT('',(14.648811102,4.428978805,6.068565819));
#667=CARTESIAN_POINT('',(14.768194696,4.465073698,6.217103326));
#668=CARTESIAN_POINT('',(14.838296296,4.486268484,6.282235478));
#669=CARTESIAN_POINT('',(14.99346254,4.533182041,6.38878518));
#670=CARTESIAN_POINT('',(15.078508745,4.558895238,6.43019007));
#671=CARTESIAN_POINT('',(15.256422228,4.612686284,6.4858008));
#672=CARTESIAN_POINT('',(15.349268365,4.640757742,6.500000032));
#673=CARTESIAN_POINT('',(15.442125532,4.668832534,6.500000001));
#674=CARTESIAN_POINT('',(14.883740016,3.971783942,4.813879033));
#675=CARTESIAN_POINT('',(14.819431437,3.954623129,4.884412747));
#676=CARTESIAN_POINT('',(14.765116268,3.940129067,4.964680343));
#677=CARTESIAN_POINT('',(14.681009973,3.91768521,5.137978407));
#678=CARTESIAN_POINT('',(14.651229089,3.909738147,5.230988412));
#679=CARTESIAN_POINT('',(14.618700295,3.901057797,5.421959029));
#680=CARTESIAN_POINT('',(14.615956251,3.900325542,5.51989695));
#681=CARTESIAN_POINT('',(14.637738119,3.906138048,5.712495853));
#682=CARTESIAN_POINT('',(14.662261442,3.912682118,5.80713395));
#683=CARTESIAN_POINT('',(14.736524081,3.932499171,5.985180954));
#684=CARTESIAN_POINT('',(14.786254574,3.9457698,6.068568706));
#685=CARTESIAN_POINT('',(14.9067592,3.977926577,6.217106127));
#686=CARTESIAN_POINT('',(14.977519015,3.996808903,6.282238149));
#687=CARTESIAN_POINT('',(15.134142065,4.038603919,6.388787397));
#688=CARTESIAN_POINT('',(15.219986689,4.061511643,6.430191964));
#689=CARTESIAN_POINT('',(15.3995703,4.10943371,6.485801864));
#690=CARTESIAN_POINT('',(15.493287949,4.134442359,6.500000589));
#691=CARTESIAN_POINT('',(15.587016648,4.159453958,6.499999978));
#692=CARTESIAN_POINT('',(15.112302249,2.986487117,4.813879033));
#693=CARTESIAN_POINT('',(15.047006122,2.973583558,4.884412753));
#694=CARTESIAN_POINT('',(14.991856869,2.962685191,4.964680354));
#695=CARTESIAN_POINT('',(14.90645901,2.94580924,5.137978428));
#696=CARTESIAN_POINT('',(14.876220801,2.939833709,5.230988438));
#697=CARTESIAN_POINT('',(14.84319249,2.933306846,5.421959064));
#698=CARTESIAN_POINT('',(14.840406312,2.932756289,5.519896989));
#699=CARTESIAN_POINT('',(14.862522681,2.93712692,5.712495899));
#700=CARTESIAN_POINT('',(14.887422599,2.942047588,5.807133999));
#701=CARTESIAN_POINT('',(14.962825657,2.956948538,5.985181008));
#702=CARTESIAN_POINT('',(15.013319836,2.966927048,6.06856876));
#703=CARTESIAN_POINT('',(15.135674991,2.991106491,6.217106184));
#704=CARTESIAN_POINT('',(15.207521428,3.005304551,6.282238205));
#705=CARTESIAN_POINT('',(15.366549655,3.036731178,6.388787452));
#706=CARTESIAN_POINT('',(15.453712549,3.053956012,6.430192018));
#707=CARTESIAN_POINT('',(15.636053928,3.089989681,6.485801914));
#708=CARTESIAN_POINT('',(15.731210746,3.108794235,6.500000636));
#709=CARTESIAN_POINT('',(15.826378785,3.127601001,6.500000022));
#710=CARTESIAN_POINT('',(15.202611896,2.486290319,4.813879033));
#711=CARTESIAN_POINT('',(15.136925581,2.475547857,4.884412753));
#712=CARTESIAN_POINT('',(15.081446776,2.466474739,4.964680355));
#713=CARTESIAN_POINT('',(14.995538612,2.452425118,5.137978434));
#714=CARTESIAN_POINT('',(14.965119714,2.447450325,5.230988447));
#715=CARTESIAN_POINT('',(14.931894048,2.442016462,5.421959079));
#716=CARTESIAN_POINT('',(14.929091228,2.441558038,5.519897008));
#717=CARTESIAN_POINT('',(14.951339774,2.445196501,5.712495924));
#718=CARTESIAN_POINT('',(14.976388495,2.449292956,5.807134027));
#719=CARTESIAN_POINT('',(15.052242157,2.461698079,5.985181037));
#720=CARTESIAN_POINT('',(15.103038084,2.470005273,6.06856879));
#721=CARTESIAN_POINT('',(15.226124415,2.490134904,6.217106209));
#722=CARTESIAN_POINT('',(15.298400193,2.50195495,6.282238227));
#723=CARTESIAN_POINT('',(15.458378739,2.528118005,6.388787462));
#724=CARTESIAN_POINT('',(15.546062499,2.542457904,6.43019202));
#725=CARTESIAN_POINT('',(15.729493502,2.57245643,6.485801895));
#726=CARTESIAN_POINT('',(15.82521895,2.588111491,6.500000606));
#727=CARTESIAN_POINT('',(15.920955683,2.603768405,6.499999978));
#728=CARTESIAN_POINT('',(15.333052378,1.482751765,4.813879033));
#729=CARTESIAN_POINT('',(15.266802473,1.476345374,4.884412759));
#730=CARTESIAN_POINT('',(15.21084766,1.470934521,4.964680368));
#731=CARTESIAN_POINT('',(15.124202408,1.462555888,5.137978459));
#732=CARTESIAN_POINT('',(15.09352252,1.459589128,5.230988478));
#733=CARTESIAN_POINT('',(15.060011787,1.456348619,5.421959123));
#734=CARTESIAN_POINT('',(15.057184925,1.456075256,5.519897056));
#735=CARTESIAN_POINT('',(15.079624378,1.458245147,5.712495981));
#736=CARTESIAN_POINT('',(15.104888026,1.460688145,5.807134087));
#737=CARTESIAN_POINT('',(15.181392531,1.468086146,5.985181103));
#738=CARTESIAN_POINT('',(15.232624297,1.473040269,6.068568858));
#739=CARTESIAN_POINT('',(15.356766729,1.485044874,6.217106278));
#740=CARTESIAN_POINT('',(15.429662644,1.492093929,6.282238295));
#741=CARTESIAN_POINT('',(15.591013828,1.507696635,6.388787527));
#742=CARTESIAN_POINT('',(15.679449924,1.516248431,6.430192082));
#743=CARTESIAN_POINT('',(15.864454785,1.534138458,6.48580195));
#744=CARTESIAN_POINT('',(15.961001567,1.543474562,6.500000656));
#745=CARTESIAN_POINT('',(16.057559729,1.552811767,6.500000022));
#746=CARTESIAN_POINT('',(15.373464205,0.978797311,4.813879033));
#747=CARTESIAN_POINT('',(15.307039762,0.974568383,4.884412678));
#748=CARTESIAN_POINT('',(15.25093752,0.970996622,4.964680186));
#749=CARTESIAN_POINT('',(15.164063932,0.965465802,5.137978055));
#750=CARTESIAN_POINT('',(15.133303165,0.963507416,5.230987954));
#751=CARTESIAN_POINT('',(15.099704007,0.961368333,5.421958365));
#752=CARTESIAN_POINT('',(15.096869609,0.96118789,5.519896187));
#753=CARTESIAN_POINT('',(15.119367971,0.962620276,5.71249492));
#754=CARTESIAN_POINT('',(15.144698058,0.964232934,5.807132949));
#755=CARTESIAN_POINT('',(15.221403862,0.969116454,5.985179866));
#756=CARTESIAN_POINT('',(15.272770465,0.972386735,6.0685676));
#757=CARTESIAN_POINT('',(15.397239688,0.980311126,6.217105054));
#758=CARTESIAN_POINT('',(15.470327519,0.984964295,6.282237125));
#759=CARTESIAN_POINT('',(15.632103553,0.995263834,6.388786546));
#760=CARTESIAN_POINT('',(15.720772535,1.00090898,6.430191236));
#761=CARTESIAN_POINT('',(15.906264644,1.012718405,6.485801451));
#762=CARTESIAN_POINT('',(16.003065732,1.018881282,6.50000037));
#763=CARTESIAN_POINT('',(16.099878267,1.025044886,6.499999979));
#764=CARTESIAN_POINT('',(15.404555305,-0.033491687,4.813879033));
#765=CARTESIAN_POINT('',(15.337996544,-0.033346763,4.884412683));
#766=CARTESIAN_POINT('',(15.28178086,-0.033224351,4.964680196));
#767=CARTESIAN_POINT('',(15.194731614,-0.033034781,5.137978075));
#768=CARTESIAN_POINT('',(15.163908653,-0.032967646,5.230987978));
#769=CARTESIAN_POINT('',(15.130241574,-0.032894282,5.421958397));
#770=CARTESIAN_POINT('',(15.127401457,-0.032888064,5.519896221));
#771=CARTESIAN_POINT('',(15.149945341,-0.032937071,5.712494961));
#772=CARTESIAN_POINT('',(15.175326664,-0.032992292,5.807132992));
#773=CARTESIAN_POINT('',(15.252187609,-0.033159554,5.985179913));
#774=CARTESIAN_POINT('',(15.303658098,-0.033271575,6.068567648));
#775=CARTESIAN_POINT('',(15.428379048,-0.033543038,6.217105104));
#776=CARTESIAN_POINT('',(15.50161469,-0.033702449,6.282237175));
#777=CARTESIAN_POINT('',(15.66371789,-0.03405531,6.388786595));
#778=CARTESIAN_POINT('',(15.752566187,-0.034248718,6.430191284));
#779=CARTESIAN_POINT('',(15.938433416,-0.034653331,6.485801497));
#780=CARTESIAN_POINT('',(16.035430262,-0.034864489,6.500000413));
#781=CARTESIAN_POINT('',(16.132438576,-0.035075676,6.500000021));
#782=CARTESIAN_POINT('',(15.395061393,-0.542178431,4.813879033));
#783=CARTESIAN_POINT('',(15.328543733,-0.539835891,4.884412591));
#784=CARTESIAN_POINT('',(15.272362748,-0.537857378,4.964679987));
#785=CARTESIAN_POINT('',(15.185367189,-0.53479368,5.137977608));
#786=CARTESIAN_POINT('',(15.154563208,-0.533708869,5.230987371));
#787=CARTESIAN_POINT('',(15.12091677,-0.532523966,5.421957518));
#788=CARTESIAN_POINT('',(15.118078311,-0.532424015,5.519895211));
#789=CARTESIAN_POINT('',(15.140608049,-0.533217464,5.712493728));
#790=CARTESIAN_POINT('',(15.165973569,-0.53411077,5.807131667));
#791=CARTESIAN_POINT('',(15.242786774,-0.536815915,5.985178473));
#792=CARTESIAN_POINT('',(15.294225332,-0.538627433,6.068566185));
#793=CARTESIAN_POINT('',(15.418868976,-0.543017015,6.217103682));
#794=CARTESIAN_POINT('',(15.492059251,-0.545594559,6.282235818));
#795=CARTESIAN_POINT('',(15.654062099,-0.551299814,6.388785463));
#796=CARTESIAN_POINT('',(15.742855423,-0.554426847,6.430190313));
#797=CARTESIAN_POINT('',(15.928607718,-0.560968479,6.48580094));
#798=CARTESIAN_POINT('',(16.025544619,-0.5643823,6.500000109));
#799=CARTESIAN_POINT('',(16.122493024,-0.567796526,6.500000005));
#800=CARTESIAN_POINT('',(15.326079243,-1.553437411,4.813879033));
#801=CARTESIAN_POINT('',(15.259859631,-1.5467255,4.88441259));
#802=CARTESIAN_POINT('',(15.203930377,-1.541056604,4.964679985));
#803=CARTESIAN_POINT('',(15.117324619,-1.532278391,5.137977604));
#804=CARTESIAN_POINT('',(15.08665866,-1.529170143,5.230987366));
#805=CARTESIAN_POINT('',(15.053162977,-1.525775082,5.42195751));
#806=CARTESIAN_POINT('',(15.050337234,-1.525488673,5.519895203));
#807=CARTESIAN_POINT('',(15.072766015,-1.527762026,5.712493718));
#808=CARTESIAN_POINT('',(15.098017876,-1.530321518,5.807131656));
#809=CARTESIAN_POINT('',(15.174486894,-1.538072302,5.985178462));
#810=CARTESIAN_POINT('',(15.225694965,-1.543262673,6.068566173));
#811=CARTESIAN_POINT('',(15.349780106,-1.555839749,6.21710367));
#812=CARTESIAN_POINT('',(15.422642431,-1.56322496,6.282235805));
#813=CARTESIAN_POINT('',(15.583919379,-1.579571737,6.388785451));
#814=CARTESIAN_POINT('',(15.67231484,-1.58853136,6.430190301));
#815=CARTESIAN_POINT('',(15.857234821,-1.607274554,6.485800928));
#816=CARTESIAN_POINT('',(15.953737371,-1.617055898,6.500000097));
#817=CARTESIAN_POINT('',(16.050251373,-1.626838402,6.499999995));
#818=CARTESIAN_POINT('',(15.266802122,-2.055618706,4.813879033));
#819=CARTESIAN_POINT('',(15.200838417,-2.046737152,4.8844128));
#820=CARTESIAN_POINT('',(15.145125334,-2.039235774,4.964680461));
#821=CARTESIAN_POINT('',(15.058854419,-2.027619999,5.137978667));
#822=CARTESIAN_POINT('',(15.02830709,-2.023507016,5.230988748));
#823=CARTESIAN_POINT('',(14.994941186,-2.019014535,5.421959513));
#824=CARTESIAN_POINT('',(14.992126577,-2.018635571,5.519897506));
#825=CARTESIAN_POINT('',(15.014469186,-2.021643856,5.71249653));
#826=CARTESIAN_POINT('',(15.039623751,-2.025030748,5.807134677));
#827=CARTESIAN_POINT('',(15.115797873,-2.035287073,5.985181744));
#828=CARTESIAN_POINT('',(15.166808381,-2.042155288,6.068569509));
#829=CARTESIAN_POINT('',(15.29041464,-2.058798021,6.217106911));
#830=CARTESIAN_POINT('',(15.362995705,-2.068570561,6.282238899));
#831=CARTESIAN_POINT('',(15.523649956,-2.090201549,6.38878803));
#832=CARTESIAN_POINT('',(15.611704054,-2.102057425,6.430192513));
#833=CARTESIAN_POINT('',(15.795909758,-2.126859451,6.485802196));
#834=CARTESIAN_POINT('',(15.892039476,-2.139802653,6.500000789));
#835=CARTESIAN_POINT('',(15.988180507,-2.152747377,6.500000026));
#836=CARTESIAN_POINT('',(15.098982418,-3.053120574,4.813879033));
#837=CARTESIAN_POINT('',(15.033743809,-3.039929016,4.884412792));
#838=CARTESIAN_POINT('',(14.978643143,-3.028787389,4.964680446));
#839=CARTESIAN_POINT('',(14.893320542,-3.011534713,5.137978637));
#840=CARTESIAN_POINT('',(14.863108997,-3.005425766,5.230988712));
#841=CARTESIAN_POINT('',(14.830109854,-2.998753106,5.421959464));
#842=CARTESIAN_POINT('',(14.827326177,-2.998190187,5.519897451));
#843=CARTESIAN_POINT('',(14.849423176,-3.0026582,5.712496465));
#844=CARTESIAN_POINT('',(14.874301226,-3.007688601,5.807134608));
#845=CARTESIAN_POINT('',(14.949638,-3.022921929,5.985181669));
#846=CARTESIAN_POINT('',(15.000087774,-3.033123047,6.068569432));
#847=CARTESIAN_POINT('',(15.122335293,-3.057841941,6.217106833));
#848=CARTESIAN_POINT('',(15.194118513,-3.07235678,6.282238821));
#849=CARTESIAN_POINT('',(15.353006781,-3.104484609,6.388787956));
#850=CARTESIAN_POINT('',(15.440092949,-3.122093781,6.430192441));
#851=CARTESIAN_POINT('',(15.622273785,-3.158931491,6.485802133));
#852=CARTESIAN_POINT('',(15.717346806,-3.178155651,6.500000731));
#853=CARTESIAN_POINT('',(15.812431015,-3.197382081,6.499999974));
#854=CARTESIAN_POINT('',(14.989830677,-3.550217585,4.813879033));
#855=CARTESIAN_POINT('',(14.925063935,-3.534878117,4.884412558));
#856=CARTESIAN_POINT('',(14.870361774,-3.521922362,4.964679913));
#857=CARTESIAN_POINT('',(14.78565614,-3.501860532,5.137977442));
#858=CARTESIAN_POINT('',(14.755662981,-3.4947569,5.230987155));
#859=CARTESIAN_POINT('',(14.722902153,-3.486997768,5.421957205));
#860=CARTESIAN_POINT('',(14.720138377,-3.486343191,5.519894851));
#861=CARTESIAN_POINT('',(14.742074997,-3.491538698,5.712493287));
#862=CARTESIAN_POINT('',(14.766772787,-3.497388166,5.807131194));
#863=CARTESIAN_POINT('',(14.841563975,-3.515101841,5.985177959));
#864=CARTESIAN_POINT('',(14.891648486,-3.526963944,6.068565663));
#865=CARTESIAN_POINT('',(15.013011088,-3.555707673,6.217103174));
#866=CARTESIAN_POINT('',(15.084274757,-3.572585885,6.282235333));
#867=CARTESIAN_POINT('',(15.242013185,-3.609944928,6.38878506));
#868=CARTESIAN_POINT('',(15.328469201,-3.630421322,6.430189967));
#869=CARTESIAN_POINT('',(15.509331963,-3.673257173,6.485800741));
#870=CARTESIAN_POINT('',(15.603717218,-3.695611541,6.5));
#871=CARTESIAN_POINT('',(15.698113689,-3.717968566,6.5));
#872=CARTESIAN_POINT('',(14.725535743,-4.523015112,4.813879033));
#873=CARTESIAN_POINT('',(14.661910943,-4.503472466,4.884412558));
#874=CARTESIAN_POINT('',(14.60817327,-4.486966696,4.964679913));
#875=CARTESIAN_POINT('',(14.524961133,-4.46140771,5.137977442));
#876=CARTESIAN_POINT('',(14.495496802,-4.452357607,5.230987155));
#877=CARTESIAN_POINT('',(14.4633136,-4.442472391,5.421957205));
#878=CARTESIAN_POINT('',(14.460598554,-4.441638452,5.519894851));
#879=CARTESIAN_POINT('',(14.482148396,-4.448257584,5.712493287));
#880=CARTESIAN_POINT('',(14.506410724,-4.455709868,5.807131194));
#881=CARTESIAN_POINT('',(14.579883222,-4.478277279,5.985177959));
#882=CARTESIAN_POINT('',(14.629084663,-4.493389725,6.068565663));
#883=CARTESIAN_POINT('',(14.748307445,-4.530009544,6.217103174));
#884=CARTESIAN_POINT('',(14.818314621,-4.551512565,6.282235333));
#885=CARTESIAN_POINT('',(14.973271866,-4.599108386,6.38878506));
#886=CARTESIAN_POINT('',(15.058203523,-4.62519553,6.430189967));
#887=CARTESIAN_POINT('',(15.235877382,-4.679768862,6.485800741));
#888=CARTESIAN_POINT('',(15.328598472,-4.708248565,6.5));
#889=CARTESIAN_POINT('',(15.421330581,-4.736731653,6.5));
#890=CARTESIAN_POINT('',(14.570374284,-4.99995066,4.813879033));
#891=CARTESIAN_POINT('',(14.507419892,-4.978347312,4.884412558));
#892=CARTESIAN_POINT('',(14.454248447,-4.960101069,4.964679913));
#893=CARTESIAN_POINT('',(14.371913108,-4.931846981,5.137977442));
#894=CARTESIAN_POINT('',(14.342759239,-4.921842577,5.230987155));
#895=CARTESIAN_POINT('',(14.310915149,-4.910915001,5.421957205));
#896=CARTESIAN_POINT('',(14.308228711,-4.909993126,5.519894851));
#897=CARTESIAN_POINT('',(14.329551484,-4.917310221,5.712493287));
#898=CARTESIAN_POINT('',(14.353558162,-4.925548322,5.807131194));
#899=CARTESIAN_POINT('',(14.426256489,-4.950495385,5.985177959));
#900=CARTESIAN_POINT('',(14.474939499,-4.967201383,6.068565663));
#901=CARTESIAN_POINT('',(14.592906043,-5.007682629,6.217103174));
#902=CARTESIAN_POINT('',(14.66217556,-5.031453066,6.282235333));
#903=CARTESIAN_POINT('',(14.815500036,-5.084067694,6.38878506));
#904=CARTESIAN_POINT('',(14.899536778,-5.112905632,6.430189967));
#905=CARTESIAN_POINT('',(15.075338505,-5.173233524,6.485800741));
#906=CARTESIAN_POINT('',(15.167082603,-5.204716309,6.5));
#907=CARTESIAN_POINT('',(15.258837603,-5.236202835,6.5));
#908=CARTESIAN_POINT('',(14.037373156,-6.402994819,4.813879033));
#909=CARTESIAN_POINT('',(13.976721708,-6.375329322,4.884412558));
#910=CARTESIAN_POINT('',(13.925495335,-6.35196297,4.964679913));
#911=CARTESIAN_POINT('',(13.846171918,-6.315780457,5.137977442));
#912=CARTESIAN_POINT('',(13.818084532,-6.302968702,5.230987155));
#913=CARTESIAN_POINT('',(13.787405335,-6.288974721,5.421957205));
#914=CARTESIAN_POINT('',(13.78481717,-6.287794158,5.519894851));
#915=CARTESIAN_POINT('',(13.805359932,-6.297164515,5.712493287));
#916=CARTESIAN_POINT('',(13.828488418,-6.307714322,5.807131194));
#917=CARTESIAN_POINT('',(13.898527355,-6.33966182,5.985177959));
#918=CARTESIAN_POINT('',(13.945429485,-6.361055715,6.068565663));
#919=CARTESIAN_POINT('',(14.059080677,-6.412896468,6.217103174));
#920=CARTESIAN_POINT('',(14.125816235,-6.443337166,6.282235333));
#921=CARTESIAN_POINT('',(14.273531924,-6.510716068,6.38878506));
#922=CARTESIAN_POINT('',(14.354494504,-6.547646267,6.430189967));
#923=CARTESIAN_POINT('',(14.523865201,-6.624902865,6.485800741));
#924=CARTESIAN_POINT('',(14.612253194,-6.665220085,6.5));
#925=CARTESIAN_POINT('',(14.70065169,-6.705542095,6.5));
#926=CARTESIAN_POINT('',(13.59267813,-7.301612907,4.813879033));
#927=CARTESIAN_POINT('',(13.533948081,-7.27006474,4.884412558));
#928=CARTESIAN_POINT('',(13.484344528,-7.243419075,4.964679913));
#929=CARTESIAN_POINT('',(13.407534026,-7.202158586,5.137977442));
#930=CARTESIAN_POINT('',(13.38033643,-7.187548785,5.230987155));
#931=CARTESIAN_POINT('',(13.35062913,-7.171590841,5.421957205));
#932=CARTESIAN_POINT('',(13.348122957,-7.170244593,5.519894851));
#933=CARTESIAN_POINT('',(13.368014937,-7.180930018,5.712493287));
#934=CARTESIAN_POINT('',(13.390410727,-7.192960421,5.807131194));
#935=CARTESIAN_POINT('',(13.458230876,-7.22939154,5.985177959));
#936=CARTESIAN_POINT('',(13.503647176,-7.253787927,6.068565663));
#937=CARTESIAN_POINT('',(13.613697971,-7.312904188,6.217103174));
#938=CARTESIAN_POINT('',(13.678319389,-7.347617036,6.282235333));
#939=CARTESIAN_POINT('',(13.82135554,-7.424452123,6.38878506));
#940=CARTESIAN_POINT('',(13.899753277,-7.466565232,6.430189967));
#941=CARTESIAN_POINT('',(14.063758418,-7.554664284,6.485800741));
#942=CARTESIAN_POINT('',(14.149346336,-7.60063976,6.5));
#943=CARTESIAN_POINT('',(14.234944424,-7.646620699,6.5));
#944=CARTESIAN_POINT('',(12.516944292,-9.022225633,4.813879033));
#945=CARTESIAN_POINT('',(12.462862179,-8.983243194,4.884412558));
#946=CARTESIAN_POINT('',(12.417184285,-8.950318523,4.964679913));
#947=CARTESIAN_POINT('',(12.346452619,-8.899335069,5.137977442));
#948=CARTESIAN_POINT('',(12.321407459,-8.881282494,5.230987155));
#949=CARTESIAN_POINT('',(12.294051216,-8.861564087,5.421957205));
#950=CARTESIAN_POINT('',(12.291743382,-8.859900599,5.519894851));
#951=CARTESIAN_POINT('',(12.310061098,-8.873104026,5.712493287));
#952=CARTESIAN_POINT('',(12.33068447,-8.887969372,5.807131194));
#953=CARTESIAN_POINT('',(12.393137286,-8.932985423,5.985177959));
#954=CARTESIAN_POINT('',(12.434959309,-8.963130778,6.068565663));
#955=CARTESIAN_POINT('',(12.536300608,-9.036177685,6.217103174));
#956=CARTESIAN_POINT('',(12.595807843,-9.079070558,6.282235333));
#957=CARTESIAN_POINT('',(12.727524015,-9.174011703,6.38878506));
#958=CARTESIAN_POINT('',(12.799717302,-9.226048694,6.430189967));
#959=CARTESIAN_POINT('',(12.950742964,-9.334908139,6.485800741));
#960=CARTESIAN_POINT('',(13.029557395,-9.391717658,6.5));
#961=CARTESIAN_POINT('',(13.108381192,-9.448533927,6.5));
#962=CARTESIAN_POINT('',(11.903813648,-9.81556938,4.813879033));
#963=CARTESIAN_POINT('',(11.852380687,-9.773159125,4.88441257));
#964=CARTESIAN_POINT('',(11.808940274,-9.737339313,4.964679939));
#965=CARTESIAN_POINT('',(11.741673324,-9.681872773,5.1379775));
#966=CARTESIAN_POINT('',(11.717854978,-9.662232797,5.23098723));
#967=CARTESIAN_POINT('',(11.691838762,-9.640780518,5.421957314));
#968=CARTESIAN_POINT('',(11.689643983,-9.638970764,5.519894976));
#969=CARTESIAN_POINT('',(11.707064444,-9.653335218,5.712493441));
#970=CARTESIAN_POINT('',(11.726677615,-9.66950772,5.807131359));
#971=CARTESIAN_POINT('',(11.786071272,-9.71848216,5.985178139));
#972=CARTESIAN_POINT('',(11.825844703,-9.751278278,6.068565845));
#973=CARTESIAN_POINT('',(11.922221937,-9.830748393,6.217103352));
#974=CARTESIAN_POINT('',(11.978814288,-9.877412947,6.282235502));
#975=CARTESIAN_POINT('',(12.104078512,-9.980702508,6.3887852));
#976=CARTESIAN_POINT('',(12.1727355,-10.037315241,6.430190087));
#977=CARTESIAN_POINT('',(12.316363351,-10.155746962,6.485800809));
#978=CARTESIAN_POINT('',(12.391317149,-10.217551877,6.500000036));
#979=CARTESIAN_POINT('',(12.46627985,-10.279364133,6.5));
#980=CARTESIAN_POINT('',(10.875893299,-10.909182224,4.813879033));
#981=CARTESIAN_POINT('',(10.82890169,-10.862046778,4.88441257));
#982=CARTESIAN_POINT('',(10.789212456,-10.822236058,4.964679939));
#983=CARTESIAN_POINT('',(10.727754161,-10.760589643,5.1379775));
#984=CARTESIAN_POINT('',(10.705992584,-10.738761454,5.23098723));
#985=CARTESIAN_POINT('',(10.68222293,-10.714919039,5.421957314));
#986=CARTESIAN_POINT('',(10.680217678,-10.712907646,5.519894976));
#987=CARTESIAN_POINT('',(10.696133849,-10.728872527,5.712493441));
#988=CARTESIAN_POINT('',(10.714053381,-10.746846905,5.807131359));
#989=CARTESIAN_POINT('',(10.768318269,-10.801277885,5.985178139));
#990=CARTESIAN_POINT('',(10.804657177,-10.837728019,6.068565845));
#991=CARTESIAN_POINT('',(10.892712027,-10.926052386,6.217103351));
#992=CARTESIAN_POINT('',(10.944417505,-10.977916125,6.282235502));
#993=CARTESIAN_POINT('',(11.058864887,-11.092713811,6.3887852));
#994=CARTESIAN_POINT('',(11.121593193,-11.155634118,6.430190087));
#995=CARTESIAN_POINT('',(11.252818462,-11.287261046,6.485800809));
#996=CARTESIAN_POINT('',(11.321299834,-11.355952029,6.500000036));
#997=CARTESIAN_POINT('',(11.389789339,-11.42465117,6.5));
#998=CARTESIAN_POINT('',(10.515079647,-11.25753798,4.813879033));
#999=CARTESIAN_POINT('',(10.469647015,-11.208897384,4.88441257));
#1000=CARTESIAN_POINT('',(10.431274496,-11.16781541,4.964679939));
#1001=CARTESIAN_POINT('',(10.371855121,-11.104200474,5.1379775));
#1002=CARTESIAN_POINT('',(10.350815499,-11.081675257,5.230987231));
#1003=CARTESIAN_POINT('',(10.327834421,-11.057071495,5.421957314));
#1004=CARTESIAN_POINT('',(10.325895695,-11.054995872,5.519894977));
#1005=CARTESIAN_POINT('',(10.341283838,-11.071470549,5.712493442));
#1006=CARTESIAN_POINT('',(10.35860888,-11.090018892,5.80713136));
#1007=CARTESIAN_POINT('',(10.411073497,-11.146187983,5.985178139));
#1008=CARTESIAN_POINT('',(10.44620684,-11.183802058,6.068565846));
#1009=CARTESIAN_POINT('',(10.531340416,-11.274946836,6.217103352));
#1010=CARTESIAN_POINT('',(10.581330533,-11.328466709,6.282235503));
#1011=CARTESIAN_POINT('',(10.691981052,-11.446930163,6.3887852));
#1012=CARTESIAN_POINT('',(10.752628307,-11.511859668,6.430190087));
#1013=CARTESIAN_POINT('',(10.879500095,-11.647689763,6.485800809));
#1014=CARTESIAN_POINT('',(10.945709553,-11.718574215,6.500000036));
#1015=CARTESIAN_POINT('',(11.011926876,-11.789467087,6.499999999));
#1016=CARTESIAN_POINT('',(9.945983873,-11.755251447,4.813879033));
#1017=CARTESIAN_POINT('',(9.903010143,-11.704460374,4.88441257));
#1018=CARTESIAN_POINT('',(9.866714419,-11.6615621,4.964679939));
#1019=CARTESIAN_POINT('',(9.810510937,-11.595134646,5.1379775));
#1020=CARTESIAN_POINT('',(9.790610021,-11.571613553,5.230987231));
#1021=CARTESIAN_POINT('',(9.768872726,-11.545922018,5.421957314));
#1022=CARTESIAN_POINT('',(9.767038929,-11.543754628,5.519894977));
#1023=CARTESIAN_POINT('',(9.781594241,-11.560957675,5.712493442));
#1024=CARTESIAN_POINT('',(9.797981619,-11.580326069,5.80713136));
#1025=CARTESIAN_POINT('',(9.847606755,-11.638978483,5.98517814));
#1026=CARTESIAN_POINT('',(9.880838616,-11.678255534,6.068565846));
#1027=CARTESIAN_POINT('',(9.961364603,-11.773429966,6.217103352));
#1028=CARTESIAN_POINT('',(10.008649161,-11.829316037,6.282235503));
#1029=CARTESIAN_POINT('',(10.113311066,-11.953016946,6.388785201));
#1030=CARTESIAN_POINT('',(10.170675977,-12.020817086,6.430190088));
#1031=CARTESIAN_POINT('',(10.290681223,-12.162652444,6.48580081));
#1032=CARTESIAN_POINT('',(10.3533073,-12.236670809,6.500000037));
#1033=CARTESIAN_POINT('',(10.415940815,-12.310697967,6.5));
#1034=CARTESIAN_POINT('',(9.751328368,-11.917249812,4.813879033));
#1035=CARTESIAN_POINT('',(9.709195685,-11.865758806,4.884412559));
#1036=CARTESIAN_POINT('',(9.67361031,-11.822269368,4.964679914));
#1037=CARTESIAN_POINT('',(9.618506787,-11.7549265,5.137977445));
#1038=CARTESIAN_POINT('',(9.59899535,-11.73108127,5.230987159));
#1039=CARTESIAN_POINT('',(9.577683462,-11.705035682,5.421957211));
#1040=CARTESIAN_POINT('',(9.575885544,-11.702838419,5.519894858));
#1041=CARTESIAN_POINT('',(9.590155965,-11.720278523,5.712493296));
#1042=CARTESIAN_POINT('',(9.606222608,-11.739913818,5.807131204));
#1043=CARTESIAN_POINT('',(9.65487649,-11.799374483,5.98517797));
#1044=CARTESIAN_POINT('',(9.687457948,-11.839192789,6.068565674));
#1045=CARTESIAN_POINT('',(9.766407913,-11.935678766,6.217103185));
#1046=CARTESIAN_POINT('',(9.81276704,-11.992334975,6.282235343));
#1047=CARTESIAN_POINT('',(9.915380557,-12.117740546,6.388785068));
#1048=CARTESIAN_POINT('',(9.971622755,-12.186475009,6.430189974));
#1049=CARTESIAN_POINT('',(10.089279335,-12.330264941,6.485800745));
#1050=CARTESIAN_POINT('',(10.150679738,-12.405303325,6.500000002));
#1051=CARTESIAN_POINT('',(10.212087436,-12.480350625,6.5));
#1052=CARTESIAN_POINT('',(9.353826573,-12.23172827,4.813879033));
#1053=CARTESIAN_POINT('',(9.31341138,-12.178878494,4.884412559));
#1054=CARTESIAN_POINT('',(9.279276603,-12.134241434,4.964679914));
#1055=CARTESIAN_POINT('',(9.226419313,-12.065121487,5.137977445));
#1056=CARTESIAN_POINT('',(9.207703236,-12.040647017,5.230987159));
#1057=CARTESIAN_POINT('',(9.187260103,-12.013914125,5.421957211));
#1058=CARTESIAN_POINT('',(9.185535475,-12.011658879,5.519894858));
#1059=CARTESIAN_POINT('',(9.199224179,-12.029559202,5.712493296));
#1060=CARTESIAN_POINT('',(9.214635884,-12.049712643,5.807131204));
#1061=CARTESIAN_POINT('',(9.261306446,-12.110742386,5.98517797));
#1062=CARTESIAN_POINT('',(9.292559758,-12.151611437,6.068565674));
#1063=CARTESIAN_POINT('',(9.368291418,-12.250643536,6.217103185));
#1064=CARTESIAN_POINT('',(9.412760767,-12.308794817,6.282235343));
#1065=CARTESIAN_POINT('',(9.511191361,-12.437509655,6.388785068));
#1066=CARTESIAN_POINT('',(9.56514091,-12.508057918,6.430189974));
#1067=CARTESIAN_POINT('',(9.678001354,-12.655642252,6.485800745));
#1068=CARTESIAN_POINT('',(9.736898839,-12.732660787,6.500000002));
#1069=CARTESIAN_POINT('',(9.795803322,-12.809688474,6.5));
#1070=CARTESIAN_POINT('',(9.152004237,-12.383423985,4.813879033));
#1071=CARTESIAN_POINT('',(9.112460949,-12.329918738,4.884412661));
#1072=CARTESIAN_POINT('',(9.079062585,-12.284728084,4.964680147));
#1073=CARTESIAN_POINT('',(9.027345635,-12.214750956,5.137977966));
#1074=CARTESIAN_POINT('',(9.009033346,-12.189973003,5.230987837));
#1075=CARTESIAN_POINT('',(8.989031287,-12.162908726,5.421958194));
#1076=CARTESIAN_POINT('',(8.987343893,-12.160625618,5.519895988));
#1077=CARTESIAN_POINT('',(9.000737349,-12.178748202,5.712494677));
#1078=CARTESIAN_POINT('',(9.015816608,-12.199151742,5.807132687));
#1079=CARTESIAN_POINT('',(9.061480401,-12.260938717,5.985179582));
#1080=CARTESIAN_POINT('',(9.09205951,-12.302314812,6.068567311));
#1081=CARTESIAN_POINT('',(9.166157446,-12.402575484,6.217104775));
#1082=CARTESIAN_POINT('',(9.209667469,-12.461448148,6.28223686));
#1083=CARTESIAN_POINT('',(9.305974616,-12.591759664,6.38878633));
#1084=CARTESIAN_POINT('',(9.358760296,-12.663183033,6.430191054));
#1085=CARTESIAN_POINT('',(9.469185933,-12.812597982,6.485801358));
#1086=CARTESIAN_POINT('',(9.52681277,-12.890571811,6.500000329));
#1087=CARTESIAN_POINT('',(9.584446432,-12.968554862,6.500000001));
#1088=CARTESIAN_POINT('',(8.127849592,-13.114750114,4.813879033));
#1089=CARTESIAN_POINT('',(8.092731414,-13.058084986,4.884412662));
#1090=CARTESIAN_POINT('',(8.063070513,-13.010225485,4.964680148));
#1091=CARTESIAN_POINT('',(8.017140987,-12.936115673,5.137977969));
#1092=CARTESIAN_POINT('',(8.000877953,-12.909874386,5.230987841));
#1093=CARTESIAN_POINT('',(7.98311426,-12.881211732,5.4219582));
#1094=CARTESIAN_POINT('',(7.98161571,-12.87879377,5.519895996));
#1095=CARTESIAN_POINT('',(7.993510402,-12.897986583,5.712494687));
#1096=CARTESIAN_POINT('',(8.006902229,-12.919595078,5.807132697));
#1097=CARTESIAN_POINT('',(8.047456038,-12.98503098,5.985179593));
#1098=CARTESIAN_POINT('',(8.074613201,-13.028850612,6.068567323));
#1099=CARTESIAN_POINT('',(8.14041922,-13.135032362,6.217104786));
#1100=CARTESIAN_POINT('',(8.179060258,-13.197381864,6.28223687));
#1101=CARTESIAN_POINT('',(8.264590154,-13.335389183,6.388786338));
#1102=CARTESIAN_POINT('',(8.311468851,-13.411030603,6.43019106));
#1103=CARTESIAN_POINT('',(8.409537297,-13.56926956,6.48580136));
#1104=CARTESIAN_POINT('',(8.460715395,-13.651848296,6.500000329));
#1105=CARTESIAN_POINT('',(8.511899551,-13.734436802,6.499999998));
#1106=CARTESIAN_POINT('',(7.260813383,-13.613693313,4.813879033));
#1107=CARTESIAN_POINT('',(7.229441499,-13.554872463,4.884412558));
#1108=CARTESIAN_POINT('',(7.202944723,-13.505192219,4.964679913));
#1109=CARTESIAN_POINT('',(7.161914786,-13.428262963,5.137977442));
#1110=CARTESIAN_POINT('',(7.147386622,-13.401023318,5.230987155));
#1111=CARTESIAN_POINT('',(7.131517846,-13.371270089,5.421957205));
#1112=CARTESIAN_POINT('',(7.130179121,-13.368760041,5.519894851));
#1113=CARTESIAN_POINT('',(7.140804839,-13.388682776,5.712493287));
#1114=CARTESIAN_POINT('',(7.152768018,-13.411113192,5.807131194));
#1115=CARTESIAN_POINT('',(7.18899557,-13.479038195,5.985177959));
#1116=CARTESIAN_POINT('',(7.213255636,-13.524524711,6.068565663));
#1117=CARTESIAN_POINT('',(7.272041571,-13.634745651,6.217103174));
#1118=CARTESIAN_POINT('',(7.306560453,-13.699466979,6.282235333));
#1119=CARTESIAN_POINT('',(7.382966205,-13.842724273,6.38878506));
#1120=CARTESIAN_POINT('',(7.424843997,-13.921243218,6.430189967));
#1121=CARTESIAN_POINT('',(7.512450774,-14.085501922,6.485800741));
#1122=CARTESIAN_POINT('',(7.558169351,-14.171222164,6.5));
#1123=CARTESIAN_POINT('',(7.60389336,-14.256952593,6.5));
#1124=CARTESIAN_POINT('',(6.117954729,-14.130767549,4.813879033));
#1125=CARTESIAN_POINT('',(6.091520808,-14.069712571,4.884412558));
#1126=CARTESIAN_POINT('',(6.069194649,-14.018145376,4.964679913));
#1127=CARTESIAN_POINT('',(6.034622862,-13.938294199,5.137977442));
#1128=CARTESIAN_POINT('',(6.022381444,-13.910019939,5.230987155));
#1129=CARTESIAN_POINT('',(6.009010428,-13.879136626,5.421957205));
#1130=CARTESIAN_POINT('',(6.00788242,-13.876531241,5.519894851));
#1131=CARTESIAN_POINT('',(6.016835639,-13.897210679,5.712493287));
#1132=CARTESIAN_POINT('',(6.026915804,-13.920493045,5.807131194));
#1133=CARTESIAN_POINT('',(6.057441106,-13.990997971,5.985177959));
#1134=CARTESIAN_POINT('',(6.077882616,-14.038212153,6.068565663));
#1135=CARTESIAN_POINT('',(6.12741559,-14.152619496,6.217103174));
#1136=CARTESIAN_POINT('',(6.156501169,-14.219799064,6.282235333));
#1137=CARTESIAN_POINT('',(6.220880586,-14.368497545,6.38878506));
#1138=CARTESIAN_POINT('',(6.256166775,-14.449998791,6.430189967));
#1139=CARTESIAN_POINT('',(6.329984165,-14.620496356,6.485800741));
#1140=CARTESIAN_POINT('',(6.368506596,-14.709472418,6.5));
#1141=CARTESIAN_POINT('',(6.407033605,-14.798459053,6.5));
#1142=CARTESIAN_POINT('',(5.886406697,-14.228803002,4.813879033));
#1143=CARTESIAN_POINT('',(5.860973582,-14.167323946,4.884412894));
#1144=CARTESIAN_POINT('',(5.839492749,-14.115398608,4.964680678));
#1145=CARTESIAN_POINT('',(5.806230059,-14.034992976,5.137979154));
#1146=CARTESIAN_POINT('',(5.794452251,-14.006522472,5.230989384));
#1147=CARTESIAN_POINT('',(5.781587854,-13.975425055,5.421960439));
#1148=CARTESIAN_POINT('',(5.780502793,-13.972801837,5.519898572));
#1149=CARTESIAN_POINT('',(5.789117595,-13.993625537,5.712497835));
#1150=CARTESIAN_POINT('',(5.798816436,-14.017069981,5.807136079));
#1151=CARTESIAN_POINT('',(5.828186708,-14.088065398,5.985183268));
#1152=CARTESIAN_POINT('',(5.84785465,-14.135607935,6.068571056));
#1153=CARTESIAN_POINT('',(5.895512993,-14.250810737,6.21710841));
#1154=CARTESIAN_POINT('',(5.923497731,-14.318457313,6.282240326));
#1155=CARTESIAN_POINT('',(5.985440362,-14.468189302,6.388789208));
#1156=CARTESIAN_POINT('',(6.019390896,-14.550256923,6.430193514));
#1157=CARTESIAN_POINT('',(6.090414009,-14.7219391,6.485802743));
#1158=CARTESIAN_POINT('',(6.127478151,-14.811533257,6.500001059));
#1159=CARTESIAN_POINT('',(6.16454662,-14.901137923,6.499999979));
#1160=CARTESIAN_POINT('',(5.417251195,-14.413951858,4.813879033));
#1161=CARTESIAN_POINT('',(5.39384523,-14.351672828,4.884412898));
#1162=CARTESIAN_POINT('',(5.37407654,-14.299071832,4.964680686));
#1163=CARTESIAN_POINT('',(5.343465097,-14.217619954,5.137979169));
#1164=CARTESIAN_POINT('',(5.332626071,-14.18877899,5.230989402));
#1165=CARTESIAN_POINT('',(5.320787108,-14.157276933,5.421960462));
#1166=CARTESIAN_POINT('',(5.319788579,-14.154619584,5.519898597));
#1167=CARTESIAN_POINT('',(5.327716843,-14.17571425,5.712497864));
#1168=CARTESIAN_POINT('',(5.336642696,-14.199463759,5.80713611));
#1169=CARTESIAN_POINT('',(5.363672134,-14.271382983,5.985183301));
#1170=CARTESIAN_POINT('',(5.381772508,-14.319544153,6.06857109));
#1171=CARTESIAN_POINT('',(5.425632374,-14.436245994,6.217108446));
#1172=CARTESIAN_POINT('',(5.451386654,-14.5047728,6.282240363));
#1173=CARTESIAN_POINT('',(5.508392276,-14.656453128,6.388789247));
#1174=CARTESIAN_POINT('',(5.539636845,-14.739588627,6.430193553));
#1175=CARTESIAN_POINT('',(5.604999176,-14.913504762,6.485802784));
#1176=CARTESIAN_POINT('',(5.639109172,-15.004264733,6.500001101));
#1177=CARTESIAN_POINT('',(5.673223145,-15.09503535,6.500000021));
#1178=CARTESIAN_POINT('',(5.179201908,-14.501211087,4.813879033));
#1179=CARTESIAN_POINT('',(5.156824065,-14.438555521,4.884412568));
#1180=CARTESIAN_POINT('',(5.13792368,-14.385636466,4.964679934));
#1181=CARTESIAN_POINT('',(5.108656664,-14.303691954,5.13797749));
#1182=CARTESIAN_POINT('',(5.098293596,-14.274676476,5.230987218));
#1183=CARTESIAN_POINT('',(5.086974259,-14.242983556,5.421957296));
#1184=CARTESIAN_POINT('',(5.086019335,-14.240309879,5.519894956));
#1185=CARTESIAN_POINT('',(5.093598755,-14.261531463,5.712493416));
#1186=CARTESIAN_POINT('',(5.102132198,-14.285424202,5.807131332));
#1187=CARTESIAN_POINT('',(5.127973633,-14.35777748,5.985178109));
#1188=CARTESIAN_POINT('',(5.145278555,-14.406229422,6.068565816));
#1189=CARTESIAN_POINT('',(5.187211084,-14.523636045,6.217103323));
#1190=CARTESIAN_POINT('',(5.211833709,-14.592576775,6.282235475));
#1191=CARTESIAN_POINT('',(5.266334609,-14.745173493,6.388785177));
#1192=CARTESIAN_POINT('',(5.296206408,-14.828811348,6.430190067));
#1193=CARTESIAN_POINT('',(5.358697096,-15.003778615,6.485800798));
#1194=CARTESIAN_POINT('',(5.39130856,-15.095087236,6.50000003));
#1195=CARTESIAN_POINT('',(5.423923897,-15.186406704,6.5));
#1196=CARTESIAN_POINT('',(4.459058464,-14.74512643,4.813879033));
#1197=CARTESIAN_POINT('',(4.439792156,-14.681416975,4.884412568));
#1198=CARTESIAN_POINT('',(4.423519782,-14.627607803,4.964679935));
#1199=CARTESIAN_POINT('',(4.398322209,-14.544284956,5.137977491));
#1200=CARTESIAN_POINT('',(4.389400078,-14.514781427,5.230987219));
#1201=CARTESIAN_POINT('',(4.379654644,-14.48255542,5.421957297));
#1202=CARTESIAN_POINT('',(4.378832499,-14.479836771,5.519894957));
#1203=CARTESIAN_POINT('',(4.385358039,-14.501415308,5.712493417));
#1204=CARTESIAN_POINT('',(4.392704948,-14.525709931,5.807131334));
#1205=CARTESIAN_POINT('',(4.414953255,-14.599280216,5.985178111));
#1206=CARTESIAN_POINT('',(4.429852009,-14.648547136,6.068565817));
#1207=CARTESIAN_POINT('',(4.465954018,-14.767928578,6.217103324));
#1208=CARTESIAN_POINT('',(4.487152984,-14.838028916,6.282235476));
#1209=CARTESIAN_POINT('',(4.53407579,-14.993192362,6.388785179));
#1210=CARTESIAN_POINT('',(4.559794056,-15.078237036,6.430190069));
#1211=CARTESIAN_POINT('',(4.613595707,-15.256147312,6.485800799));
#1212=CARTESIAN_POINT('',(4.6416727,-15.348991776,6.500000031));
#1213=CARTESIAN_POINT('',(4.669753027,-15.441847269,6.500000001));
#1214=CARTESIAN_POINT('',(3.972670483,-14.883503385,4.813879033));
#1215=CARTESIAN_POINT('',(3.95550584,-14.819195828,4.884412747));
#1216=CARTESIAN_POINT('',(3.941008543,-14.764881523,4.964680344));
#1217=CARTESIAN_POINT('',(3.918559676,-14.680776565,5.137978408));
#1218=CARTESIAN_POINT('',(3.910610839,-14.650996154,5.230988413));
#1219=CARTESIAN_POINT('',(3.901928552,-14.618467877,5.42195903));
#1220=CARTESIAN_POINT('',(3.901196133,-14.615723877,5.519896951));
#1221=CARTESIAN_POINT('',(3.907009936,-14.637505399,5.712495855));
#1222=CARTESIAN_POINT('',(3.913555467,-14.662028333,5.807133952));
#1223=CARTESIAN_POINT('',(3.933376944,-14.736289792,5.985180957));
#1224=CARTESIAN_POINT('',(3.946650535,-14.786019494,6.068568708));
#1225=CARTESIAN_POINT('',(3.978814489,-14.906522205,6.21710613));
#1226=CARTESIAN_POINT('',(3.99770103,-14.977280896,6.282238151));
#1227=CARTESIAN_POINT('',(4.039505375,-15.133901456,6.388787399));
#1228=CARTESIAN_POINT('',(4.062418212,-15.219744716,6.430191965));
#1229=CARTESIAN_POINT('',(4.110350976,-15.399325473,6.485801864));
#1230=CARTESIAN_POINT('',(4.135365208,-15.493041631,6.500000589));
#1231=CARTESIAN_POINT('',(4.16038239,-15.586768841,6.499999978));
#1232=CARTESIAN_POINT('',(2.987388764,-15.112124012,4.813879033));
#1233=CARTESIAN_POINT('',(2.97448131,-15.046828655,4.884412753));
#1234=CARTESIAN_POINT('',(2.963579653,-14.991680053,4.964680355));
#1235=CARTESIAN_POINT('',(2.946698606,-14.906283201,5.137978429));
#1236=CARTESIAN_POINT('',(2.940721272,-14.876045349,5.230988439));
#1237=CARTESIAN_POINT('',(2.934192438,-14.843017427,5.421959066));
#1238=CARTESIAN_POINT('',(2.933641715,-14.840231282,5.519896991));
#1239=CARTESIAN_POINT('',(2.938013665,-14.86234739,5.712495901));
#1240=CARTESIAN_POINT('',(2.942935819,-14.887247015,5.807134001));
#1241=CARTESIAN_POINT('',(2.957841268,-14.962649184,5.98518101));
#1242=CARTESIAN_POINT('',(2.96782279,-15.013142769,6.068568763));
#1243=CARTESIAN_POINT('',(2.992009533,-15.135496481,6.217106186));
#1244=CARTESIAN_POINT('',(3.00621188,-15.207342071,6.282238207));
#1245=CARTESIAN_POINT('',(3.037647995,-15.366368424,6.388787454));
#1246=CARTESIAN_POINT('',(3.054878029,-15.45353029,6.430192019));
#1247=CARTESIAN_POINT('',(3.090922578,-15.635869518,6.485801915));
#1248=CARTESIAN_POINT('',(3.109732809,-15.731025215,6.500000637));
#1249=CARTESIAN_POINT('',(3.128545253,-15.826192131,6.500000022));
#1250=CARTESIAN_POINT('',(2.487198252,-15.202463422,4.813879033));
#1251=CARTESIAN_POINT('',(2.476451866,-15.136777749,4.884412752));
#1252=CARTESIAN_POINT('',(2.467375435,-15.081299486,4.964680354));
#1253=CARTESIAN_POINT('',(2.453320684,-14.995392161,5.137978432));
#1254=CARTESIAN_POINT('',(2.448344074,-14.96497356,5.230988444));
#1255=CARTESIAN_POINT('',(2.442908226,-14.931748219,5.421959076));
#1256=CARTESIAN_POINT('',(2.442449634,-14.928945425,5.519897004));
#1257=CARTESIAN_POINT('',(2.446089426,-14.951193752,5.712495919));
#1258=CARTESIAN_POINT('',(2.450187378,-14.976242229,5.807134021));
#1259=CARTESIAN_POINT('',(2.462597031,-15.052095148,5.985181031));
#1260=CARTESIAN_POINT('',(2.470907258,-15.102890578,6.068568784));
#1261=CARTESIAN_POINT('',(2.491044241,-15.225975705,6.217106203));
#1262=CARTESIAN_POINT('',(2.502868604,-15.298250776,6.282238221));
#1263=CARTESIAN_POINT('',(2.529041213,-15.458227758,6.388787457));
#1264=CARTESIAN_POINT('',(2.54338635,-15.54591066,6.430192016));
#1265=CARTESIAN_POINT('',(2.573395831,-15.72933987,6.485801893));
#1266=CARTESIAN_POINT('',(2.58905661,-15.825064383,6.500000605));
#1267=CARTESIAN_POINT('',(2.604719242,-15.92080018,6.499999978));
#1268=CARTESIAN_POINT('',(1.483665091,-15.332964069,4.813879033));
#1269=CARTESIAN_POINT('',(1.477254753,-15.266714546,4.884412759));
#1270=CARTESIAN_POINT('',(1.471840567,-15.210760056,4.964680367));
#1271=CARTESIAN_POINT('',(1.463456773,-15.124115303,5.137978457));
#1272=CARTESIAN_POINT('',(1.460488185,-15.093435591,5.230988476));
#1273=CARTESIAN_POINT('',(1.45724568,-15.059925051,5.421959119));
#1274=CARTESIAN_POINT('',(1.456972147,-15.057098205,5.519897052));
#1275=CARTESIAN_POINT('',(1.459143376,-15.079537527,5.712495976));
#1276=CARTESIAN_POINT('',(1.461587879,-15.104801029,5.807134082));
#1277=CARTESIAN_POINT('',(1.468990437,-15.181305092,5.985181097));
#1278=CARTESIAN_POINT('',(1.473947612,-15.232536562,6.068568851));
#1279=CARTESIAN_POINT('',(1.485959612,-15.356678277,6.217106272));
#1280=CARTESIAN_POINT('',(1.49301301,-15.429573772,6.282238289));
#1281=CARTESIAN_POINT('',(1.508625327,-15.590924024,6.388787522));
#1282=CARTESIAN_POINT('',(1.517182392,-15.67935961,6.430192078));
#1283=CARTESIAN_POINT('',(1.535083439,-15.864363403,6.485801947));
#1284=CARTESIAN_POINT('',(1.544425294,-15.960909628,6.500000654));
#1285=CARTESIAN_POINT('',(1.553768252,-16.057467234,6.500000022));
#1286=CARTESIAN_POINT('',(0.979713273,-15.373405806,4.813879033));
#1287=CARTESIAN_POINT('',(0.975480387,-15.306981614,4.884412679));
#1288=CARTESIAN_POINT('',(0.971905284,-15.250879585,4.964680187));
#1289=CARTESIAN_POINT('',(0.966369289,-15.164006327,5.137978058));
#1290=CARTESIAN_POINT('',(0.964409071,-15.133245676,5.230987957));
#1291=CARTESIAN_POINT('',(0.962267987,-15.099646647,5.421958369));
#1292=CARTESIAN_POINT('',(0.962087375,-15.09681226,5.519896191));
#1293=CARTESIAN_POINT('',(0.963521101,-15.119310538,5.712494926));
#1294=CARTESIAN_POINT('',(0.965135268,-15.144640529,5.807132955));
#1295=CARTESIAN_POINT('',(0.970023357,-15.221346043,5.985179872));
#1296=CARTESIAN_POINT('',(0.973296698,-15.272712452,6.068567606));
#1297=CARTESIAN_POINT('',(0.981228505,-15.397181204,6.21710506));
#1298=CARTESIAN_POINT('',(0.985886028,-15.470268759,6.282237131));
#1299=CARTESIAN_POINT('',(0.996195204,-15.632044181,6.388786551));
#1300=CARTESIAN_POINT('',(1.001845632,-15.720712827,6.43019124));
#1301=CARTESIAN_POINT('',(1.013666108,-15.906204233,6.485801454));
#1302=CARTESIAN_POINT('',(1.019834751,-16.003004954,6.500000371));
#1303=CARTESIAN_POINT('',(1.026004123,-16.099817122,6.499999979));
#1304=CARTESIAN_POINT('',(-0.032570542,-15.404557226,4.813879033));
#1305=CARTESIAN_POINT('',(-0.032429597,-15.337998456,4.884412684));
#1306=CARTESIAN_POINT('',(-0.032310546,-15.281782764,4.964680197));
#1307=CARTESIAN_POINT('',(-0.032126181,-15.194733508,5.137978077));
#1308=CARTESIAN_POINT('',(-0.032060888,-15.163910543,5.230987981));
#1309=CARTESIAN_POINT('',(-0.031989537,-15.13024346,5.421958401));
#1310=CARTESIAN_POINT('',(-0.031983488,-15.127403343,5.519896226));
#1311=CARTESIAN_POINT('',(-0.032031148,-15.149947231,5.712494967));
#1312=CARTESIAN_POINT('',(-0.032084851,-15.175328558,5.807132998));
#1313=CARTESIAN_POINT('',(-0.032247517,-15.252189514,5.98517992));
#1314=CARTESIAN_POINT('',(-0.03235646,-15.303660011,6.068567655));
#1315=CARTESIAN_POINT('',(-0.032620467,-15.428380979,6.21710511));
#1316=CARTESIAN_POINT('',(-0.032775499,-15.50161663,6.282237181));
#1317=CARTESIAN_POINT('',(-0.033118668,-15.663719852,6.3887866));
#1318=CARTESIAN_POINT('',(-0.033306764,-15.752568162,6.430191288));
#1319=CARTESIAN_POINT('',(-0.033700265,-15.938435416,6.485801499));
#1320=CARTESIAN_POINT('',(-0.033905623,-16.035432275,6.500000415));
#1321=CARTESIAN_POINT('',(-0.034111011,-16.132440602,6.500000021));
#1322=CARTESIAN_POINT('',(-0.541019289,-15.395104448,4.813879033));
#1323=CARTESIAN_POINT('',(-0.538681732,-15.328586609,4.884412584));
#1324=CARTESIAN_POINT('',(-0.536707426,-15.272405472,4.964679971));
#1325=CARTESIAN_POINT('',(-0.533650239,-15.185409674,5.137977572));
#1326=CARTESIAN_POINT('',(-0.53256773,-15.154605606,5.230987325));
#1327=CARTESIAN_POINT('',(-0.531385334,-15.120959066,5.42195745));
#1328=CARTESIAN_POINT('',(-0.531285588,-15.118120592,5.519895133));
#1329=CARTESIAN_POINT('',(-0.532077331,-15.140650374,5.712493632));
#1330=CARTESIAN_POINT('',(-0.532968727,-15.166015953,5.807131565));
#1331=CARTESIAN_POINT('',(-0.535668096,-15.242829343,5.985178362));
#1332=CARTESIAN_POINT('',(-0.537475748,-15.294268029,6.068566072));
#1333=CARTESIAN_POINT('',(-0.54185597,-15.418911985,6.217103572));
#1334=CARTESIAN_POINT('',(-0.544428019,-15.492102447,6.282235713));
#1335=CARTESIAN_POINT('',(-0.550121114,-15.654105712,6.388785376));
#1336=CARTESIAN_POINT('',(-0.553241484,-15.742899266,6.430190238));
#1337=CARTESIAN_POINT('',(-0.559769179,-15.928652049,6.485800896));
#1338=CARTESIAN_POINT('',(-0.563175729,-16.025589207,6.500000085));
#1339=CARTESIAN_POINT('',(-0.566582684,-16.122537873,6.500000004));
#1340=CARTESIAN_POINT('',(-1.299570659,-15.343414491,4.813879033));
#1341=CARTESIAN_POINT('',(-1.293955613,-15.277119989,4.884412584));
#1342=CARTESIAN_POINT('',(-1.289213131,-15.221127481,4.96467997));
#1343=CARTESIAN_POINT('',(-1.281869454,-15.134423773,5.13797757));
#1344=CARTESIAN_POINT('',(-1.279269155,-15.10372313,5.230987321));
#1345=CARTESIAN_POINT('',(-1.276428909,-15.070189557,5.421957446));
#1346=CARTESIAN_POINT('',(-1.2761893,-15.067360612,5.519895128));
#1347=CARTESIAN_POINT('',(-1.278091129,-15.089814747,5.712493626));
#1348=CARTESIAN_POINT('',(-1.280232341,-15.115095158,5.807131558));
#1349=CARTESIAN_POINT('',(-1.286716474,-15.191650642,5.985178355));
#1350=CARTESIAN_POINT('',(-1.291058624,-15.242916618,6.068566065));
#1351=CARTESIAN_POINT('',(-1.301580332,-15.367142075,6.217103565));
#1352=CARTESIAN_POINT('',(-1.307758639,-15.440086796,6.282235706));
#1353=CARTESIAN_POINT('',(-1.321434001,-15.601546126,6.388785369));
#1354=CARTESIAN_POINT('',(-1.32892943,-15.690041551,6.430190231));
#1355=CARTESIAN_POINT('',(-1.344609587,-15.87517066,6.48580089));
#1356=CARTESIAN_POINT('',(-1.352792452,-15.971782347,6.500000079));
#1357=CARTESIAN_POINT('',(-1.360976288,-16.068405503,6.499999998));
#1358=CARTESIAN_POINT('',(-1.552284007,-15.319909486,4.813879033));
#1359=CARTESIAN_POINT('',(-1.545577115,-15.253716527,4.884412595));
#1360=CARTESIAN_POINT('',(-1.539912461,-15.197809784,4.964679995));
#1361=CARTESIAN_POINT('',(-1.531140825,-15.111238886,5.137977626));
#1362=CARTESIAN_POINT('',(-1.528034911,-15.080585273,5.230987395));
#1363=CARTESIAN_POINT('',(-1.524642416,-15.047103079,5.421957552));
#1364=CARTESIAN_POINT('',(-1.524356239,-15.044278477,5.51989525));
#1365=CARTESIAN_POINT('',(-1.526627931,-15.066698242,5.712493776));
#1366=CARTESIAN_POINT('',(-1.529185531,-15.091939945,5.807131718));
#1367=CARTESIAN_POINT('',(-1.536930566,-15.168378199,5.985178529));
#1368=CARTESIAN_POINT('',(-1.542117081,-15.219565667,6.068566242));
#1369=CARTESIAN_POINT('',(-1.554684804,-15.343600879,6.217103737));
#1370=CARTESIAN_POINT('',(-1.562064519,-15.416433885,6.28223587));
#1371=CARTESIAN_POINT('',(-1.578399123,-15.577645934,6.388785507));
#1372=CARTESIAN_POINT('',(-1.587352072,-15.666005823,6.43019035));
#1373=CARTESIAN_POINT('',(-1.606081297,-15.850851386,6.48580096));
#1374=CARTESIAN_POINT('',(-1.615855349,-15.947315097,6.500000118));
#1375=CARTESIAN_POINT('',(-1.625630557,-16.043790255,6.500000003));
#1376=CARTESIAN_POINT('',(-2.055510431,-15.260540265,4.813879033));
#1377=CARTESIAN_POINT('',(-2.046629236,-15.194603819,4.884412594));
#1378=CARTESIAN_POINT('',(-2.039128159,-15.138913729,4.964679994));
#1379=CARTESIAN_POINT('',(-2.027512843,-15.052678314,5.137977624));
#1380=CARTESIAN_POINT('',(-2.023400018,-15.022143489,5.230987392));
#1381=CARTESIAN_POINT('',(-2.018907696,-14.988791044,5.421957548));
#1382=CARTESIAN_POINT('',(-2.018528731,-14.985977386,5.519895246));
#1383=CARTESIAN_POINT('',(-2.021536858,-15.008310265,5.71249377));
#1384=CARTESIAN_POINT('',(-2.024923591,-15.033454147,5.807131713));
#1385=CARTESIAN_POINT('',(-2.035179456,-15.109596178,5.985178523));
#1386=CARTESIAN_POINT('',(-2.042047369,-15.160585279,6.068566236));
#1387=CARTESIAN_POINT('',(-2.058689383,-15.284139818,6.217103731));
#1388=CARTESIAN_POINT('',(-2.068461507,-15.356690575,6.282235864));
#1389=CARTESIAN_POINT('',(-2.090091586,-15.517277882,6.3887855));
#1390=CARTESIAN_POINT('',(-2.10194697,-15.605295351,6.430190343));
#1391=CARTESIAN_POINT('',(-2.126747983,-15.789424585,6.485800953));
#1392=CARTESIAN_POINT('',(-2.139690665,-15.885514473,6.500000112));
#1393=CARTESIAN_POINT('',(-2.15263488,-15.981615764,6.499999997));
#1394=CARTESIAN_POINT('',(-2.305378518,-15.224768529,4.813879033));
#1395=CARTESIAN_POINT('',(-2.295417641,-15.158986687,4.884412558));
#1396=CARTESIAN_POINT('',(-2.287004658,-15.103427171,4.964679913));
#1397=CARTESIAN_POINT('',(-2.273977256,-15.017393933,5.137977442));
#1398=CARTESIAN_POINT('',(-2.269364423,-14.986930687,5.230987155));
#1399=CARTESIAN_POINT('',(-2.264325933,-14.953656394,5.421957205));
#1400=CARTESIAN_POINT('',(-2.263900875,-14.950849301,5.519894851));
#1401=CARTESIAN_POINT('',(-2.267274643,-14.973129737,5.712493287));
#1402=CARTESIAN_POINT('',(-2.271073069,-14.998214619,5.807131194));
#1403=CARTESIAN_POINT('',(-2.282575667,-15.07417802,5.985177959));
#1404=CARTESIAN_POINT('',(-2.290278473,-15.125047514,6.068565663));
#1405=CARTESIAN_POINT('',(-2.308943576,-15.248312249,6.217103174));
#1406=CARTESIAN_POINT('',(-2.319903655,-15.320692844,6.282235333));
#1407=CARTESIAN_POINT('',(-2.344163221,-15.48090353,6.38878506));
#1408=CARTESIAN_POINT('',(-2.357459825,-15.568714585,6.430189967));
#1409=CARTESIAN_POINT('',(-2.385275825,-15.752412035,6.485800741));
#1410=CARTESIAN_POINT('',(-2.399791915,-15.848276604,6.5));
#1411=CARTESIAN_POINT('',(-2.414309731,-15.944152565,6.5));
#1412=CARTESIAN_POINT('',(-3.546174839,-15.016086874,4.813879033));
#1413=CARTESIAN_POINT('',(-3.530852839,-14.951206686,4.884412558));
#1414=CARTESIAN_POINT('',(-3.517911837,-14.896408708,4.964679913));
#1415=CARTESIAN_POINT('',(-3.497872852,-14.811554704,5.137977442));
#1416=CARTESIAN_POINT('',(-3.490777309,-14.781509009,5.230987155));
#1417=CARTESIAN_POINT('',(-3.483027013,-14.748690797,5.421957205));
#1418=CARTESIAN_POINT('',(-3.482373181,-14.74592218,5.519894851));
#1419=CARTESIAN_POINT('',(-3.487562772,-14.767897224,5.712493287));
#1420=CARTESIAN_POINT('',(-3.493405579,-14.792638275,5.807131194));
#1421=CARTESIAN_POINT('',(-3.511099083,-14.867560467,5.985177959));
#1422=CARTESIAN_POINT('',(-3.522947678,-14.917732707,6.068565663));
#1423=CARTESIAN_POINT('',(-3.551658676,-15.039307887,6.217103174));
#1424=CARTESIAN_POINT('',(-3.568517668,-15.110696382,6.282235333));
#1425=CARTESIAN_POINT('',(-3.60583417,-15.268711104,6.38878506));
#1426=CARTESIAN_POINT('',(-3.626287246,-15.355318557,6.430189967));
#1427=CARTESIAN_POINT('',(-3.669074319,-15.536498118,6.485800741));
#1428=CARTESIAN_POINT('',(-3.691403231,-15.631048698,6.5));
#1429=CARTESIAN_POINT('',(-3.713734797,-15.725610514,6.5));
#1430=CARTESIAN_POINT('',(-4.511703698,-14.754554008,4.813879033));
#1431=CARTESIAN_POINT('',(-4.492209925,-14.690803828,4.884412558));
#1432=CARTESIAN_POINT('',(-4.475745433,-14.636960258,4.964679913));
#1433=CARTESIAN_POINT('',(-4.450250367,-14.553584143,5.137977442));
#1434=CARTESIAN_POINT('',(-4.441222897,-14.524061749,5.230987155));
#1435=CARTESIAN_POINT('',(-4.431362402,-14.491815127,5.421957205));
#1436=CARTESIAN_POINT('',(-4.430530549,-14.489094731,5.519894851));
#1437=CARTESIAN_POINT('',(-4.437133127,-14.510687039,5.712493287));
#1438=CARTESIAN_POINT('',(-4.444566774,-14.534997178,5.807131194));
#1439=CARTESIAN_POINT('',(-4.467077748,-14.608614462,5.985177959));
#1440=CARTESIAN_POINT('',(-4.482152399,-14.65791286,6.068565663));
#1441=CARTESIAN_POINT('',(-4.518680637,-14.777370584,6.217103174));
#1442=CARTESIAN_POINT('',(-4.540129883,-14.847515716,6.282235333));
#1443=CARTESIAN_POINT('',(-4.587606673,-15.002778321,6.38878506));
#1444=CARTESIAN_POINT('',(-4.613628577,-15.087877345,6.430189967));
#1445=CARTESIAN_POINT('',(-4.668065428,-15.265901329,6.485800741));
#1446=CARTESIAN_POINT('',(-4.696473908,-15.358805137,6.5));
#1447=CARTESIAN_POINT('',(-4.724885764,-15.451719984,6.5));
#1448=CARTESIAN_POINT('',(-5.685024408,-14.310432433,4.813879033));
#1449=CARTESIAN_POINT('',(-5.660461055,-14.248601175,4.884412558));
#1450=CARTESIAN_POINT('',(-5.639714781,-14.196378331,4.964679913));
#1451=CARTESIAN_POINT('',(-5.607589429,-14.115511891,5.137977442));
#1452=CARTESIAN_POINT('',(-5.596214261,-14.08687814,5.230987155));
#1453=CARTESIAN_POINT('',(-5.58378943,-14.055602162,5.421957205));
#1454=CARTESIAN_POINT('',(-5.582741244,-14.052963651,5.519894851));
#1455=CARTESIAN_POINT('',(-5.591060899,-14.073906017,5.712493287));
#1456=CARTESIAN_POINT('',(-5.600427752,-14.097484406,5.807131194));
#1457=CARTESIAN_POINT('',(-5.628792964,-14.168885762,5.985177959));
#1458=CARTESIAN_POINT('',(-5.647787953,-14.216700246,6.068565663));
#1459=CARTESIAN_POINT('',(-5.693815781,-14.332562216,6.217103174));
#1460=CARTESIAN_POINT('',(-5.720843151,-14.400595934,6.282235333));
#1461=CARTESIAN_POINT('',(-5.78066683,-14.551185035,6.38878506));
#1462=CARTESIAN_POINT('',(-5.813456031,-14.633722524,6.430189967));
#1463=CARTESIAN_POINT('',(-5.882049815,-14.806387871,6.485800741));
#1464=CARTESIAN_POINT('',(-5.917846249,-14.896495214,6.5));
#1465=CARTESIAN_POINT('',(-5.953646936,-14.986613265,6.5));
#1466=CARTESIAN_POINT('',(-5.917994473,-14.215695142,4.813879033));
#1467=CARTESIAN_POINT('',(-5.892424329,-14.154273001,4.884412848));
#1468=CARTESIAN_POINT('',(-5.870827713,-14.102395749,4.964680572));
#1469=CARTESIAN_POINT('',(-5.837385619,-14.022064602,5.137978917));
#1470=CARTESIAN_POINT('',(-5.825544213,-13.993620489,5.230989075));
#1471=CARTESIAN_POINT('',(-5.812610136,-13.962551942,5.421959988));
#1472=CARTESIAN_POINT('',(-5.811519003,-13.9599312,5.519898053));
#1473=CARTESIAN_POINT('',(-5.820179704,-13.980735726,5.712497199));
#1474=CARTESIAN_POINT('',(-5.82993051,-14.004158523,5.807135397));
#1475=CARTESIAN_POINT('',(-5.859458404,-14.075088336,5.985182526));
#1476=CARTESIAN_POINT('',(-5.879231984,-14.122586923,6.068570303));
#1477=CARTESIAN_POINT('',(-5.927146433,-14.237683209,6.21710768));
#1478=CARTESIAN_POINT('',(-5.955281609,-14.305267232,6.282239631));
#1479=CARTESIAN_POINT('',(-6.017557321,-14.454860756,6.388788635));
#1480=CARTESIAN_POINT('',(-6.051690458,-14.536852482,6.430193027));
#1481=CARTESIAN_POINT('',(-6.123095652,-14.708375895,6.485802478));
#1482=CARTESIAN_POINT('',(-6.160359225,-14.797887202,6.500000929));
#1483=CARTESIAN_POINT('',(-6.197627189,-14.887409014,6.500000003));
#1484=CARTESIAN_POINT('',(-6.380490412,-14.014206686,4.813879033));
#1485=CARTESIAN_POINT('',(-6.352921911,-13.953655144,4.884412846));
#1486=CARTESIAN_POINT('',(-6.329637474,-13.902513202,4.964680568));
#1487=CARTESIAN_POINT('',(-6.293581799,-13.823320681,5.137978907));
#1488=CARTESIAN_POINT('',(-6.280814952,-13.795279743,5.230989062));
#1489=CARTESIAN_POINT('',(-6.26687002,-13.764651583,5.421959971));
#1490=CARTESIAN_POINT('',(-6.265693594,-13.762068001,5.519898033));
#1491=CARTESIAN_POINT('',(-6.275031102,-13.782577674,5.712497175));
#1492=CARTESIAN_POINT('',(-6.285543927,-13.805668493,5.807135371));
#1493=CARTESIAN_POINT('',(-6.317379431,-13.875592982,5.985182498));
#1494=CARTESIAN_POINT('',(-6.338698326,-13.922418343,6.068570274));
#1495=CARTESIAN_POINT('',(-6.390357325,-14.035883293,6.217107652));
#1496=CARTESIAN_POINT('',(-6.420691291,-14.1025094,6.282239604));
#1497=CARTESIAN_POINT('',(-6.487833915,-14.249982624,6.388788611));
#1498=CARTESIAN_POINT('',(-6.524634595,-14.330812218,6.430193006));
#1499=CARTESIAN_POINT('',(-6.601620193,-14.499904494,6.485802463));
#1500=CARTESIAN_POINT('',(-6.641795963,-14.588147085,6.500000918));
#1501=CARTESIAN_POINT('',(-6.681976471,-14.67640003,6.499999997));
#1502=CARTESIAN_POINT('',(-6.610467326,-13.907226736,4.813879033));
#1503=CARTESIAN_POINT('',(-6.581905404,-13.847137605,4.884412565));
#1504=CARTESIAN_POINT('',(-6.55778193,-13.796386168,4.964679927));
#1505=CARTESIAN_POINT('',(-6.520427025,-13.717798184,5.137977475));
#1506=CARTESIAN_POINT('',(-6.507200143,-13.689971206,5.230987198));
#1507=CARTESIAN_POINT('',(-6.492752732,-13.659576453,5.421957267));
#1508=CARTESIAN_POINT('',(-6.49153392,-13.657012289,5.519894922));
#1509=CARTESIAN_POINT('',(-6.501207908,-13.677364605,5.712493374));
#1510=CARTESIAN_POINT('',(-6.512099559,-13.700278667,5.807131287));
#1511=CARTESIAN_POINT('',(-6.545082241,-13.769668269,5.985178061));
#1512=CARTESIAN_POINT('',(-6.567169354,-13.816135564,6.068565766));
#1513=CARTESIAN_POINT('',(-6.620689879,-13.928733079,6.217103275));
#1514=CARTESIAN_POINT('',(-6.652116931,-13.994849921,6.282235429));
#1515=CARTESIAN_POINT('',(-6.721679076,-14.14119611,6.388785139));
#1516=CARTESIAN_POINT('',(-6.759805902,-14.221408068,6.430190035));
#1517=CARTESIAN_POINT('',(-6.839565799,-14.389208489,6.48580078));
#1518=CARTESIAN_POINT('',(-6.881189392,-14.476777014,6.500000021));
#1519=CARTESIAN_POINT('',(-6.922817929,-14.564355942,6.5));
#1520=CARTESIAN_POINT('',(-7.291590049,-13.569619886,4.813879033));
#1521=CARTESIAN_POINT('',(-7.26008519,-13.510989457,4.884412565));
#1522=CARTESIAN_POINT('',(-7.233476103,-13.461470043,4.964679927));
#1523=CARTESIAN_POINT('',(-7.192272257,-13.384789833,5.137977474));
#1524=CARTESIAN_POINT('',(-7.177682515,-13.357638374,5.230987197));
#1525=CARTESIAN_POINT('',(-7.161746483,-13.327981473,5.421957266));
#1526=CARTESIAN_POINT('',(-7.160402087,-13.325479555,5.519894921));
#1527=CARTESIAN_POINT('',(-7.171072852,-13.345337807,5.712493374));
#1528=CARTESIAN_POINT('',(-7.183086745,-13.367695616,5.807131287));
#1529=CARTESIAN_POINT('',(-7.219467863,-13.435400741,5.98517806));
#1530=CARTESIAN_POINT('',(-7.243830766,-13.480740012,6.068565766));
#1531=CARTESIAN_POINT('',(-7.302865886,-13.59060415,6.217103274));
#1532=CARTESIAN_POINT('',(-7.337531088,-13.655115964,6.282235428));
#1533=CARTESIAN_POINT('',(-7.414260708,-13.797909505,6.388785138));
#1534=CARTESIAN_POINT('',(-7.45631601,-13.876174267,6.430190034));
#1535=CARTESIAN_POINT('',(-7.54429413,-14.039901225,6.485800779));
#1536=CARTESIAN_POINT('',(-7.590206494,-14.125343968,6.50000002));
#1537=CARTESIAN_POINT('',(-7.636124313,-14.210796861,6.499999999));
#1538=CARTESIAN_POINT('',(-7.732916132,-13.323010219,4.813879033));
#1539=CARTESIAN_POINT('',(-7.69950442,-13.26544529,4.884412598));
#1540=CARTESIAN_POINT('',(-7.671284803,-13.216825804,4.964680001));
#1541=CARTESIAN_POINT('',(-7.627587078,-13.141539136,5.13797764));
#1542=CARTESIAN_POINT('',(-7.612114291,-13.11488112,5.230987413));
#1543=CARTESIAN_POINT('',(-7.595213746,-13.085763223,5.421957579));
#1544=CARTESIAN_POINT('',(-7.593787996,-13.083306802,5.519895281));
#1545=CARTESIAN_POINT('',(-7.605104656,-13.102804233,5.712493814));
#1546=CARTESIAN_POINT('',(-7.617845721,-13.124755769,5.807131759));
#1547=CARTESIAN_POINT('',(-7.65642888,-13.191230561,5.985178574));
#1548=CARTESIAN_POINT('',(-7.68226639,-13.235745919,6.068566287));
#1549=CARTESIAN_POINT('',(-7.744874701,-13.343613566,6.217103781));
#1550=CARTESIAN_POINT('',(-7.781638063,-13.406953038,6.282235912));
#1551=CARTESIAN_POINT('',(-7.863011841,-13.547151645,6.388785541));
#1552=CARTESIAN_POINT('',(-7.907612587,-13.623994122,6.430190379));
#1553=CARTESIAN_POINT('',(-8.00091567,-13.78474569,6.485800975));
#1554=CARTESIAN_POINT('',(-8.04960692,-13.868635682,6.500000126));
#1555=CARTESIAN_POINT('',(-8.098303946,-13.952535627,6.500000001));
#1556=CARTESIAN_POINT('',(-8.375913913,-12.92102863,4.813879033));
#1557=CARTESIAN_POINT('',(-8.339723983,-12.865200553,4.884412597));
#1558=CARTESIAN_POINT('',(-8.309157876,-12.818048017,4.964680001));
#1559=CARTESIAN_POINT('',(-8.261826637,-12.745032904,5.137977639));
#1560=CARTESIAN_POINT('',(-8.245067269,-12.719179217,5.230987412));
#1561=CARTESIAN_POINT('',(-8.226761418,-12.690939871,5.421957577));
#1562=CARTESIAN_POINT('',(-8.22521711,-12.688557568,5.519895279));
#1563=CARTESIAN_POINT('',(-8.237474749,-12.707466728,5.712493811));
#1564=CARTESIAN_POINT('',(-8.25127524,-12.728755945,5.807131756));
#1565=CARTESIAN_POINT('',(-8.293066612,-12.793225064,5.98517857));
#1566=CARTESIAN_POINT('',(-8.321052529,-12.836397307,6.068566284));
#1567=CARTESIAN_POINT('',(-8.388866768,-12.941010374,6.217103777));
#1568=CARTESIAN_POINT('',(-8.428687032,-13.002438769,6.282235908));
#1569=CARTESIAN_POINT('',(-8.516827104,-13.138407306,6.388785538));
#1570=CARTESIAN_POINT('',(-8.56513644,-13.212931292,6.430190376));
#1571=CARTESIAN_POINT('',(-8.666197752,-13.368832664,6.485800973));
#1572=CARTESIAN_POINT('',(-8.718937721,-13.450191526,6.500000123));
#1573=CARTESIAN_POINT('',(-8.771683949,-13.531560041,6.499999999));
#1574=CARTESIAN_POINT('',(-8.587075434,-12.781680561,4.813879033));
#1575=CARTESIAN_POINT('',(-8.549973152,-12.726454598,4.884412561));
#1576=CARTESIAN_POINT('',(-8.518636467,-12.679810605,4.964679918));
#1577=CARTESIAN_POINT('',(-8.47011199,-12.607582947,5.137977454));
#1578=CARTESIAN_POINT('',(-8.452930106,-12.582008077,5.23098717));
#1579=CARTESIAN_POINT('',(-8.434162737,-12.554073245,5.421957227));
#1580=CARTESIAN_POINT('',(-8.432579481,-12.551716603,5.519894876));
#1581=CARTESIAN_POINT('',(-8.445146098,-12.570421748,5.712493319));
#1582=CARTESIAN_POINT('',(-8.459294477,-12.591481313,5.807131228));
#1583=CARTESIAN_POINT('',(-8.502139367,-12.655255028,5.985177996));
#1584=CARTESIAN_POINT('',(-8.530830786,-12.697961601,6.0685657));
#1585=CARTESIAN_POINT('',(-8.60035458,-12.801446302,6.217103211));
#1586=CARTESIAN_POINT('',(-8.641178694,-12.862212134,6.282235368));
#1587=CARTESIAN_POINT('',(-8.731540747,-12.996714143,6.388785088));
#1588=CARTESIAN_POINT('',(-8.78106795,-13.070434339,6.430189992));
#1589=CARTESIAN_POINT('',(-8.884677009,-13.224654237,6.485800755));
#1590=CARTESIAN_POINT('',(-8.938746556,-13.305135615,6.500000007));
#1591=CARTESIAN_POINT('',(-8.992822527,-13.385626556,6.5));
#1592=CARTESIAN_POINT('',(-9.003010821,-12.492198311,4.813879033));
#1593=CARTESIAN_POINT('',(-8.964111402,-12.438223117,4.884412561));
#1594=CARTESIAN_POINT('',(-8.93125685,-12.392635527,4.964679918));
#1595=CARTESIAN_POINT('',(-8.880381974,-12.322043697,5.137977454));
#1596=CARTESIAN_POINT('',(-8.862367845,-12.297048053,5.23098717));
#1597=CARTESIAN_POINT('',(-8.842691433,-12.269745895,5.421957227));
#1598=CARTESIAN_POINT('',(-8.841031488,-12.267442627,5.519894876));
#1599=CARTESIAN_POINT('',(-8.854206798,-12.285724134,5.712493319));
#1600=CARTESIAN_POINT('',(-8.869040488,-12.306306737,5.807131227));
#1601=CARTESIAN_POINT('',(-8.913960672,-12.368636092,5.985177996));
#1602=CARTESIAN_POINT('',(-8.944041828,-12.410375437,6.0685657));
#1603=CARTESIAN_POINT('',(-9.016933172,-12.511516394,6.21710321));
#1604=CARTESIAN_POINT('',(-9.059734699,-12.570905989,6.282235368));
#1605=CARTESIAN_POINT('',(-9.154473653,-12.702361767,6.388785088));
#1606=CARTESIAN_POINT('',(-9.206399823,-12.774412332,6.430189991));
#1607=CARTESIAN_POINT('',(-9.315027434,-12.925139425,6.485800755));
#1608=CARTESIAN_POINT('',(-9.371715967,-13.003798043,6.500000007));
#1609=CARTESIAN_POINT('',(-9.428411236,-13.082466008,6.5));
#1610=CARTESIAN_POINT('',(-9.207595168,-12.34215776,4.813879033));
#1611=CARTESIAN_POINT('',(-9.167811813,-12.288830806,4.884412588));
#1612=CARTESIAN_POINT('',(-9.134210692,-12.243790723,4.964679979));
#1613=CARTESIAN_POINT('',(-9.082179778,-12.174046705,5.137977591));
#1614=CARTESIAN_POINT('',(-9.063756319,-12.149351264,5.230987349));
#1615=CARTESIAN_POINT('',(-9.043632833,-12.122377025,5.421957485));
#1616=CARTESIAN_POINT('',(-9.041935196,-12.120101431,5.519895173));
#1617=CARTESIAN_POINT('',(-9.055409961,-12.138163411,5.712493682));
#1618=CARTESIAN_POINT('',(-9.070580763,-12.158498837,5.807131618));
#1619=CARTESIAN_POINT('',(-9.116521774,-12.220079659,5.98517842));
#1620=CARTESIAN_POINT('',(-9.147286525,-12.261317738,6.068566131));
#1621=CARTESIAN_POINT('',(-9.221834307,-12.361244039,6.217103629));
#1622=CARTESIAN_POINT('',(-9.26560848,-12.419920386,6.282235767));
#1623=CARTESIAN_POINT('',(-9.362500321,-12.549797419,6.38878542));
#1624=CARTESIAN_POINT('',(-9.415606476,-12.620982673,6.430190276));
#1625=CARTESIAN_POINT('',(-9.526702554,-12.769899553,6.485800917));
#1626=CARTESIAN_POINT('',(-9.584679277,-12.847613485,6.500000094));
#1627=CARTESIAN_POINT('',(-9.64266288,-12.925336642,6.500000001));
#1628=CARTESIAN_POINT('',(-9.806725024,-11.879719961,4.813879033));
#1629=CARTESIAN_POINT('',(-9.764352994,-11.828391071,4.884412588));
#1630=CARTESIAN_POINT('',(-9.728565471,-11.785038557,4.964679979));
#1631=CARTESIAN_POINT('',(-9.673148937,-11.717907721,5.13797759));
#1632=CARTESIAN_POINT('',(-9.653526673,-11.694137574,5.230987348));
#1633=CARTESIAN_POINT('',(-9.632093757,-11.668174012,5.421957484));
#1634=CARTESIAN_POINT('',(-9.630285651,-11.665983683,5.519895172));
#1635=CARTESIAN_POINT('',(-9.644637199,-11.683368916,5.712493681));
#1636=CARTESIAN_POINT('',(-9.660795147,-11.702942412,5.807131616));
#1637=CARTESIAN_POINT('',(-9.709725494,-11.762215918,5.985178419));
#1638=CARTESIAN_POINT('',(-9.742492078,-11.801908884,6.06856613));
#1639=CARTESIAN_POINT('',(-9.821890617,-11.898091132,6.217103627));
#1640=CARTESIAN_POINT('',(-9.868513138,-11.954568987,6.282235765));
#1641=CARTESIAN_POINT('',(-9.971709648,-12.079579769,6.388785418));
#1642=CARTESIAN_POINT('',(-10.028271376,-12.148097843,6.430190274));
#1643=CARTESIAN_POINT('',(-10.146596385,-12.291435083,6.485800914));
#1644=CARTESIAN_POINT('',(-10.208345606,-12.366237218,6.500000091));
#1645=CARTESIAN_POINT('',(-10.270102156,-12.441048232,6.499999998));
#1646=CARTESIAN_POINT('',(-10.188408549,-11.553863839,4.813879033));
#1647=CARTESIAN_POINT('',(-10.144387366,-11.50394291,4.884412569));
#1648=CARTESIAN_POINT('',(-10.107206961,-11.461779562,4.964679936));
#1649=CARTESIAN_POINT('',(-10.049633557,-11.396490132,5.137977495));
#1650=CARTESIAN_POINT('',(-10.02924757,-11.373371999,5.230987224));
#1651=CARTESIAN_POINT('',(-10.006980439,-11.348120608,5.421957305));
#1652=CARTESIAN_POINT('',(-10.005101942,-11.345990351,5.519894966));
#1653=CARTESIAN_POINT('',(-10.020012022,-11.362898681,5.712493428));
#1654=CARTESIAN_POINT('',(-10.036798826,-11.381935259,5.807131345));
#1655=CARTESIAN_POINT('',(-10.08763353,-11.439582853,5.985178124));
#1656=CARTESIAN_POINT('',(-10.121675389,-11.478187019,6.06856583));
#1657=CARTESIAN_POINT('',(-10.204164129,-11.571730941,6.217103337));
#1658=CARTESIAN_POINT('',(-10.252601208,-11.626659583,6.282235488));
#1659=CARTESIAN_POINT('',(-10.359814161,-11.748241273,6.388785188));
#1660=CARTESIAN_POINT('',(-10.418577295,-11.814879875,6.430190077));
#1661=CARTESIAN_POINT('',(-10.541507573,-11.954285338,6.485800804));
#1662=CARTESIAN_POINT('',(-10.605660111,-12.027035636,6.500000034));
#1663=CARTESIAN_POINT('',(-10.669820269,-12.099794575,6.5));
#1664=CARTESIAN_POINT('',(-11.281550794,-10.524889521,4.813879033));
#1665=CARTESIAN_POINT('',(-11.232806454,-10.479414497,4.884412569));
#1666=CARTESIAN_POINT('',(-11.191636857,-10.441006173,4.964679936));
#1667=CARTESIAN_POINT('',(-11.127886238,-10.381531352,5.137977495));
#1668=CARTESIAN_POINT('',(-11.105312978,-10.360472097,5.230987224));
#1669=CARTESIAN_POINT('',(-11.08065674,-10.337469571,5.421957305));
#1670=CARTESIAN_POINT('',(-11.078576691,-10.335529034,5.519894966));
#1671=CARTESIAN_POINT('',(-11.095086509,-10.35093153,5.712493428));
#1672=CARTESIAN_POINT('',(-11.113674415,-10.368272734,5.807131345));
#1673=CARTESIAN_POINT('',(-11.16996331,-10.420786299,5.985178124));
#1674=CARTESIAN_POINT('',(-11.207657612,-10.455952421,6.06856583));
#1675=CARTESIAN_POINT('',(-11.298996794,-10.541165426,6.217103337));
#1676=CARTESIAN_POINT('',(-11.352630821,-10.591202184,6.282235488));
#1677=CARTESIAN_POINT('',(-11.471346946,-10.701955943,6.388785188));
#1678=CARTESIAN_POINT('',(-11.536414939,-10.762659784,6.430190077));
#1679=CARTESIAN_POINT('',(-11.672534748,-10.889649949,6.485800803));
#1680=CARTESIAN_POINT('',(-11.74357039,-10.955921185,6.500000033));
#1681=CARTESIAN_POINT('',(-11.81461447,-11.022200292,6.5));
#1682=CARTESIAN_POINT('',(-11.941603469,-9.77086377,4.813879033));
#1683=CARTESIAN_POINT('',(-11.890007234,-9.728646682,4.884412561));
#1684=CARTESIAN_POINT('',(-11.846428919,-9.692990018,4.964679919));
#1685=CARTESIAN_POINT('',(-11.778948426,-9.637776108,5.137977457));
#1686=CARTESIAN_POINT('',(-11.755054465,-9.618225584,5.230987175));
#1687=CARTESIAN_POINT('',(-11.72895565,-9.596871005,5.421957233));
#1688=CARTESIAN_POINT('',(-11.726753898,-9.595069488,5.519894884));
#1689=CARTESIAN_POINT('',(-11.744229645,-9.609368503,5.712493328));
#1690=CARTESIAN_POINT('',(-11.763905069,-9.625467336,5.807131238));
#1691=CARTESIAN_POINT('',(-11.823487254,-9.674218694,5.985178007));
#1692=CARTESIAN_POINT('',(-11.863386936,-9.706865427,6.068565711));
#1693=CARTESIAN_POINT('',(-11.9600701,-9.785973561,6.217103221));
#1694=CARTESIAN_POINT('',(-12.016842095,-9.832425563,6.282235378));
#1695=CARTESIAN_POINT('',(-12.142503954,-9.935244654,6.388785097));
#1696=CARTESIAN_POINT('',(-12.211378887,-9.991599526,6.430189999));
#1697=CARTESIAN_POINT('',(-12.355462676,-10.109491814,6.485800759));
#1698=CARTESIAN_POINT('',(-12.430654412,-10.171015222,6.500000009));
#1699=CARTESIAN_POINT('',(-12.505855082,-10.232545941,6.499999999));
#1700=CARTESIAN_POINT('',(-12.677549691,-8.740075594,4.813879033));
#1701=CARTESIAN_POINT('',(-12.622773644,-8.702312246,4.884412562));
#1702=CARTESIAN_POINT('',(-12.576509651,-8.670417223,4.96467992));
#1703=CARTESIAN_POINT('',(-12.504870418,-8.621028169,5.137977457));
#1704=CARTESIAN_POINT('',(-12.479503902,-8.603540151,5.230987175));
#1705=CARTESIAN_POINT('',(-12.45179665,-8.584438399,5.421957234));
#1706=CARTESIAN_POINT('',(-12.449459206,-8.582826936,5.519894884));
#1707=CARTESIAN_POINT('',(-12.468011962,-8.595617462,5.712493328));
#1708=CARTESIAN_POINT('',(-12.488899958,-8.610017931,5.807131238));
#1709=CARTESIAN_POINT('',(-12.552154118,-8.653626211,5.985178007));
#1710=CARTESIAN_POINT('',(-12.594512768,-8.68282884,6.068565712));
#1711=CARTESIAN_POINT('',(-12.697154395,-8.753591373,6.217103222));
#1712=CARTESIAN_POINT('',(-12.757425178,-8.795142869,6.282235378));
#1713=CARTESIAN_POINT('',(-12.890831421,-8.887114944,6.388785097));
#1714=CARTESIAN_POINT('',(-12.963951031,-8.937524595,6.430189999));
#1715=CARTESIAN_POINT('',(-13.116914524,-9.042979703,6.485800759));
#1716=CARTESIAN_POINT('',(-13.196740234,-9.09801263,6.50000001));
#1717=CARTESIAN_POINT('',(-13.276575428,-9.153052096,6.5));
#1718=CARTESIAN_POINT('',(-12.819699246,-8.530175217,4.813879033));
#1719=CARTESIAN_POINT('',(-12.764308973,-8.493318665,4.884412668));
#1720=CARTESIAN_POINT('',(-12.717526222,-8.462189524,4.964680162));
#1721=CARTESIAN_POINT('',(-12.645083757,-8.413986435,5.137978));
#1722=CARTESIAN_POINT('',(-12.619432864,-8.396918355,5.230987881));
#1723=CARTESIAN_POINT('',(-12.591415105,-8.37827531,5.421958258));
#1724=CARTESIAN_POINT('',(-12.589051568,-8.376702558,5.519896062));
#1725=CARTESIAN_POINT('',(-12.60781264,-8.389185994,5.712494767));
#1726=CARTESIAN_POINT('',(-12.62893502,-8.403240697,5.807132784));
#1727=CARTESIAN_POINT('',(-12.692898813,-8.445801885,5.985179687));
#1728=CARTESIAN_POINT('',(-12.735732628,-8.474303313,6.068567418));
#1729=CARTESIAN_POINT('',(-12.839525573,-8.543366708,6.217104879));
#1730=CARTESIAN_POINT('',(-12.900472372,-8.583920469,6.282236959));
#1731=CARTESIAN_POINT('',(-13.035374871,-8.673684086,6.388786412));
#1732=CARTESIAN_POINT('',(-13.109314542,-8.722883276,6.430191124));
#1733=CARTESIAN_POINT('',(-13.263993496,-8.825806114,6.485801397));
#1734=CARTESIAN_POINT('',(-13.3447144,-8.879517532,6.500000351));
#1735=CARTESIAN_POINT('',(-13.42544485,-8.933235311,6.5));
#1736=CARTESIAN_POINT('',(-13.092103328,-8.10588727,4.813879033));
#1737=CARTESIAN_POINT('',(-13.035536063,-8.070863959,4.884412668));
#1738=CARTESIAN_POINT('',(-12.98775922,-8.041283179,4.964680163));
#1739=CARTESIAN_POINT('',(-12.913777413,-7.995477712,5.137978002));
#1740=CARTESIAN_POINT('',(-12.887581457,-7.979258601,5.230987884));
#1741=CARTESIAN_POINT('',(-12.858968333,-7.961542869,5.421958261));
#1742=CARTESIAN_POINT('',(-12.856554566,-7.960048353,5.519896066));
#1743=CARTESIAN_POINT('',(-12.875714276,-7.971910879,5.712494773));
#1744=CARTESIAN_POINT('',(-12.897285477,-7.985266512,5.80713279));
#1745=CARTESIAN_POINT('',(-12.962608421,-8.02571073,5.985179693));
#1746=CARTESIAN_POINT('',(-13.006352403,-8.05279451,6.068567425));
#1747=CARTESIAN_POINT('',(-13.112350831,-8.118422719,6.217104885));
#1748=CARTESIAN_POINT('',(-13.174592682,-8.156959351,6.282236965));
#1749=CARTESIAN_POINT('',(-13.312361712,-8.242258156,6.388786417));
#1750=CARTESIAN_POINT('',(-13.387872522,-8.289010194,6.430191128));
#1751=CARTESIAN_POINT('',(-13.54583824,-8.386813679,6.485801399));
#1752=CARTESIAN_POINT('',(-13.62827438,-8.437853505,6.500000351));
#1753=CARTESIAN_POINT('',(-13.710720268,-8.488899375,6.5));
#1754=CARTESIAN_POINT('',(-13.222668677,-7.891068996,4.813879033));
#1755=CARTESIAN_POINT('',(-13.165536957,-7.856973573,4.884413108));
#1756=CARTESIAN_POINT('',(-13.117283444,-7.828176501,4.964681164));
#1757=CARTESIAN_POINT('',(-13.042563735,-7.783584647,5.13798024));
#1758=CARTESIAN_POINT('',(-13.016106637,-7.767795294,5.230990797));
#1759=CARTESIAN_POINT('',(-12.987208695,-7.750549089,5.421962487));
#1760=CARTESIAN_POINT('',(-12.984771285,-7.749094285,5.519900928));
#1761=CARTESIAN_POINT('',(-13.004123221,-7.760642819,5.712500712));
#1762=CARTESIAN_POINT('',(-13.025910268,-7.773644783,5.80713917));
#1763=CARTESIAN_POINT('',(-13.091886314,-7.813017856,5.985186626));
#1764=CARTESIAN_POINT('',(-13.136067474,-7.839384285,6.068574468));
#1765=CARTESIAN_POINT('',(-13.243124944,-7.903274142,6.217111724));
#1766=CARTESIAN_POINT('',(-13.305988533,-7.940789977,6.282243488));
#1767=CARTESIAN_POINT('',(-13.445133464,-8.023829193,6.388791841));
#1768=CARTESIAN_POINT('',(-13.521398274,-8.069342707,6.430195769));
#1769=CARTESIAN_POINT('',(-13.68094102,-8.164555108,6.485804029));
#1770=CARTESIAN_POINT('',(-13.764199998,-8.214242683,6.500001753));
#1771=CARTESIAN_POINT('',(-13.847468638,-8.263936051,6.499999994));
#1772=CARTESIAN_POINT('',(-13.597713073,-7.238707122,4.813879033));
#1773=CARTESIAN_POINT('',(-13.538960819,-7.20743049,4.884413112));
#1774=CARTESIAN_POINT('',(-13.489338591,-7.181014187,4.964681173));
#1775=CARTESIAN_POINT('',(-13.412499429,-7.140108953,5.137980259));
#1776=CARTESIAN_POINT('',(-13.38529185,-7.125625001,5.230990822));
#1777=CARTESIAN_POINT('',(-13.355574149,-7.109804702,5.421962522));
#1778=CARTESIAN_POINT('',(-13.353067559,-7.108470234,5.519900968));
#1779=CARTESIAN_POINT('',(-13.37296831,-7.119064149,5.71250076));
#1780=CARTESIAN_POINT('',(-13.395373287,-7.130991274,5.807139221));
#1781=CARTESIAN_POINT('',(-13.463220616,-7.167109402,5.985186681));
#1782=CARTESIAN_POINT('',(-13.508654906,-7.191296114,6.068574525));
#1783=CARTESIAN_POINT('',(-13.618748918,-7.24990415,6.21711178));
#1784=CARTESIAN_POINT('',(-13.683395559,-7.28431851,6.282243543));
#1785=CARTESIAN_POINT('',(-13.82648719,-7.360492758,6.38879189));
#1786=CARTESIAN_POINT('',(-13.904915178,-7.402243595,6.430195813));
#1787=CARTESIAN_POINT('',(-14.068983216,-7.48958461,6.485804061));
#1788=CARTESIAN_POINT('',(-14.15460377,-7.535164411,6.500001778));
#1789=CARTESIAN_POINT('',(-14.240234264,-7.580749517,6.500000011));
#1790=CARTESIAN_POINT('',(-13.825577702,-6.793277623,4.813879033));
#1791=CARTESIAN_POINT('',(-13.765841361,-6.763925827,4.884412558));
#1792=CARTESIAN_POINT('',(-13.715387891,-6.739135222,4.964679913));
#1793=CARTESIAN_POINT('',(-13.637261303,-6.700747271,5.137977442));
#1794=CARTESIAN_POINT('',(-13.609597698,-6.687154599,5.230987155));
#1795=CARTESIAN_POINT('',(-13.579381388,-6.67230764,5.421957205));
#1796=CARTESIAN_POINT('',(-13.576832273,-6.671055117,5.519894851));
#1797=CARTESIAN_POINT('',(-13.597065087,-6.680996627,5.712493287));
#1798=CARTESIAN_POINT('',(-13.619844611,-6.692189478,5.807131194));
#1799=CARTESIAN_POINT('',(-13.688826803,-6.726084278,5.985177959));
#1800=CARTESIAN_POINT('',(-13.735021275,-6.748782199,6.068565663));
#1801=CARTESIAN_POINT('',(-13.846957701,-6.80378281,6.217103174));
#1802=CARTESIAN_POINT('',(-13.912686355,-6.836078964,6.282235333));
#1803=CARTESIAN_POINT('',(-14.058173315,-6.907564824,6.38878506));
#1804=CARTESIAN_POINT('',(-14.137914334,-6.946746035,6.430189967));
#1805=CARTESIAN_POINT('',(-14.304729571,-7.028711667,6.485800741));
#1806=CARTESIAN_POINT('',(-14.391783968,-7.07148635,6.5));
#1807=CARTESIAN_POINT('',(-14.478848711,-7.114266115,6.5));
#1808=CARTESIAN_POINT('',(-14.237361012,-5.881561959,4.813879033));
#1809=CARTESIAN_POINT('',(-14.175845474,-5.856149423,4.884412558));
#1810=CARTESIAN_POINT('',(-14.123889289,-5.834685929,4.964679913));
#1811=CARTESIAN_POINT('',(-14.043435766,-5.801449967,5.137977442));
#1812=CARTESIAN_POINT('',(-14.014948224,-5.789681547,5.230987155));
#1813=CARTESIAN_POINT('',(-13.983831946,-5.776827177,5.421957205));
#1814=CARTESIAN_POINT('',(-13.981206908,-5.775742753,5.519894851));
#1815=CARTESIAN_POINT('',(-14.002042339,-5.784350028,5.712493287));
#1816=CARTESIAN_POINT('',(-14.025500332,-5.794040703,5.807131194));
#1817=CARTESIAN_POINT('',(-14.096537101,-5.823386532,5.985177959));
#1818=CARTESIAN_POINT('',(-14.144107437,-5.843038199,6.068565663));
#1819=CARTESIAN_POINT('',(-14.259377796,-5.89065726,6.217103174));
#1820=CARTESIAN_POINT('',(-14.327064124,-5.918618996,6.282235333));
#1821=CARTESIAN_POINT('',(-14.476884291,-5.980510845,6.38878506));
#1822=CARTESIAN_POINT('',(-14.55900033,-6.014433604,6.430189967));
#1823=CARTESIAN_POINT('',(-14.73078402,-6.085398751,6.485800741));
#1824=CARTESIAN_POINT('',(-14.82043126,-6.122432707,6.5));
#1825=CARTESIAN_POINT('',(-14.910089153,-6.159471063,6.5));
#1826=CARTESIAN_POINT('',(-14.421281321,-5.415275506,4.813879033));
#1827=CARTESIAN_POINT('',(-14.358971117,-5.39187766,4.884412558));
#1828=CARTESIAN_POINT('',(-14.306343754,-5.372115777,4.964679913));
#1829=CARTESIAN_POINT('',(-14.22485092,-5.341514742,5.137977442));
#1830=CARTESIAN_POINT('',(-14.195995372,-5.330679314,5.230987155));
#1831=CARTESIAN_POINT('',(-14.16447713,-5.31884403,5.421957205));
#1832=CARTESIAN_POINT('',(-14.161818181,-5.317845579,5.519894851));
#1833=CARTESIAN_POINT('',(-14.182922767,-5.325770475,5.712493287));
#1834=CARTESIAN_POINT('',(-14.206683794,-5.334692879,5.807131194));
#1835=CARTESIAN_POINT('',(-14.278638227,-5.36171219,5.985177959));
#1836=CARTESIAN_POINT('',(-14.326823083,-5.379805885,6.068565663));
#1837=CARTESIAN_POINT('',(-14.443582521,-5.423649737,6.217103174));
#1838=CARTESIAN_POINT('',(-14.512143231,-5.449394685,6.282235333));
#1839=CARTESIAN_POINT('',(-14.663898797,-5.506379788,6.38878506));
#1840=CARTESIAN_POINT('',(-14.747075623,-5.537613173,6.430189967));
#1841=CARTESIAN_POINT('',(-14.92107844,-5.602952248,6.485800741));
#1842=CARTESIAN_POINT('',(-15.011883756,-5.637050176,6.5));
#1843=CARTESIAN_POINT('',(-15.102699863,-5.671152155,6.5));
#1844=CARTESIAN_POINT('',(-14.744295292,-4.461425793,4.813879033));
#1845=CARTESIAN_POINT('',(-14.680589437,-4.442149257,4.884412558));
#1846=CARTESIAN_POINT('',(-14.626783304,-4.425868243,4.964679913));
#1847=CARTESIAN_POINT('',(-14.543465159,-4.400657291,5.137977442));
#1848=CARTESIAN_POINT('',(-14.513963292,-4.391730422,5.230987155));
#1849=CARTESIAN_POINT('',(-14.481739091,-4.381979812,5.421957205));
#1850=CARTESIAN_POINT('',(-14.479020586,-4.381157229,5.519894851));
#1851=CARTESIAN_POINT('',(-14.500597882,-4.387686229,5.712493287));
#1852=CARTESIAN_POINT('',(-14.524891118,-4.395037036,5.807131194));
#1853=CARTESIAN_POINT('',(-14.598457217,-4.41729715,5.985177959));
#1854=CARTESIAN_POINT('',(-14.647721338,-4.432203811,6.068565663));
#1855=CARTESIAN_POINT('',(-14.767096004,-4.468324982,6.217103174));
#1856=CARTESIAN_POINT('',(-14.837192365,-4.4895352,6.282235333));
#1857=CARTESIAN_POINT('',(-14.992347017,-4.536482914,6.38878506));
#1858=CARTESIAN_POINT('',(-15.077386872,-4.562214833,6.430189967));
#1859=CARTESIAN_POINT('',(-15.255287078,-4.616045047,6.485800741));
#1860=CARTESIAN_POINT('',(-15.34812629,-4.644136946,6.5));
#1861=CARTESIAN_POINT('',(-15.440976534,-4.672232183,6.5));
#1862=CARTESIAN_POINT('',(-14.883663135,-3.972093136,4.813879033));
#1863=CARTESIAN_POINT('',(-14.819354946,-3.954930895,4.884412715));
#1864=CARTESIAN_POINT('',(-14.765040104,-3.94043562,4.96468027));
#1865=CARTESIAN_POINT('',(-14.680934306,-3.917989864,5.137978243));
#1866=CARTESIAN_POINT('',(-14.65115359,-3.910042116,5.230988198));
#1867=CARTESIAN_POINT('',(-14.61862496,-3.901360983,5.421958719));
#1868=CARTESIAN_POINT('',(-14.615880911,-3.900628629,5.519896593));
#1869=CARTESIAN_POINT('',(-14.637662593,-3.906441532,5.712495417));
#1870=CARTESIAN_POINT('',(-14.662185737,-3.912986098,5.807133482));
#1871=CARTESIAN_POINT('',(-14.736447861,-3.932804696,5.985180445));
#1872=CARTESIAN_POINT('',(-14.786178016,-3.946076374,6.068568188));
#1873=CARTESIAN_POINT('',(-14.906681844,-3.978235715,6.217105626));
#1874=CARTESIAN_POINT('',(-14.977441198,-3.997119556,6.282237671));
#1875=CARTESIAN_POINT('',(-15.134063243,-4.038917942,6.388787001));
#1876=CARTESIAN_POINT('',(-15.219907325,-4.061827522,6.430191626));
#1877=CARTESIAN_POINT('',(-15.399489822,-4.109753486,6.485801675));
#1878=CARTESIAN_POINT('',(-15.493206899,-4.134764177,6.500000492));
#1879=CARTESIAN_POINT('',(-15.586935041,-4.159777826,6.499999985));
#1880=CARTESIAN_POINT('',(-15.112310049,-2.986475712,4.813879033));
#1881=CARTESIAN_POINT('',(-15.04701394,-2.973572097,4.88441272));
#1882=CARTESIAN_POINT('',(-14.991864698,-2.962673674,4.964680279));
#1883=CARTESIAN_POINT('',(-14.906466843,-2.945797612,5.137978261));
#1884=CARTESIAN_POINT('',(-14.876228628,-2.939822029,5.23098822));
#1885=CARTESIAN_POINT('',(-14.843200284,-2.933295067,5.421958748));
#1886=CARTESIAN_POINT('',(-14.84041408,-2.932744464,5.519896626));
#1887=CARTESIAN_POINT('',(-14.862530379,-2.937115014,5.712495456));
#1888=CARTESIAN_POINT('',(-14.887430255,-2.942035648,5.807133523));
#1889=CARTESIAN_POINT('',(-14.962833214,-2.956936543,5.98518049));
#1890=CARTESIAN_POINT('',(-15.013327338,-2.966915033,6.068568235));
#1891=CARTESIAN_POINT('',(-15.13568238,-2.991094453,6.217105673));
#1892=CARTESIAN_POINT('',(-15.207528759,-3.005292509,6.282237717));
#1893=CARTESIAN_POINT('',(-15.366556876,-3.036719149,6.388787045));
#1894=CARTESIAN_POINT('',(-15.453719718,-3.053943997,6.430191668));
#1895=CARTESIAN_POINT('',(-15.636061012,-3.089977715,6.485801712));
#1896=CARTESIAN_POINT('',(-15.731217797,-3.108782302,6.500000525));
#1897=CARTESIAN_POINT('',(-15.826385816,-3.12758911,6.500000015));
#1898=CARTESIAN_POINT('',(-15.202197379,-2.488933002,4.813879033));
#1899=CARTESIAN_POINT('',(-15.136512986,-2.478179114,4.884412622));
#1900=CARTESIAN_POINT('',(-15.081035783,-2.469096355,4.964680057));
#1901=CARTESIAN_POINT('',(-14.995130034,-2.455031821,5.137977765));
#1902=CARTESIAN_POINT('',(-14.964711949,-2.450051758,5.230987576));
#1903=CARTESIAN_POINT('',(-14.931487042,-2.444612166,5.421957816));
#1904=CARTESIAN_POINT('',(-14.928684167,-2.444153284,5.519895554));
#1905=CARTESIAN_POINT('',(-14.95093174,-2.447795684,5.712494147));
#1906=CARTESIAN_POINT('',(-14.975979544,-2.451896533,5.807132118));
#1907=CARTESIAN_POINT('',(-15.051830591,-2.464314927,5.985178964));
#1908=CARTESIAN_POINT('',(-15.102624822,-2.472630997,6.068566683));
#1909=CARTESIAN_POINT('',(-15.225707139,-2.492782125,6.217104164));
#1910=CARTESIAN_POINT('',(-15.297980601,-2.504614787,6.282236277));
#1911=CARTESIAN_POINT('',(-15.45795411,-2.530805762,6.388785843));
#1912=CARTESIAN_POINT('',(-15.54563515,-2.545160962,6.430190636));
#1913=CARTESIAN_POINT('',(-15.729060567,-2.575191496,6.485801116));
#1914=CARTESIAN_POINT('',(-15.824783149,-2.590863261,6.500000196));
#1915=CARTESIAN_POINT('',(-15.920517077,-2.606536882,6.49999999));
#1916=CARTESIAN_POINT('',(-15.300236278,-1.735492566,4.813879033));
#1917=CARTESIAN_POINT('',(-15.234128291,-1.727994096,4.884412623));
#1918=CARTESIAN_POINT('',(-15.178293321,-1.721660872,4.96468006));
#1919=CARTESIAN_POINT('',(-15.091833577,-1.711853964,5.137977772));
#1920=CARTESIAN_POINT('',(-15.06121933,-1.708381473,5.230987584));
#1921=CARTESIAN_POINT('',(-15.027780163,-1.704588575,5.421957827));
#1922=CARTESIAN_POINT('',(-15.024959217,-1.704268617,5.519895566));
#1923=CARTESIAN_POINT('',(-15.04735027,-1.706808417,5.712494161));
#1924=CARTESIAN_POINT('',(-15.072559609,-1.709667873,5.807132133));
#1925=CARTESIAN_POINT('',(-15.148899823,-1.718327004,5.985178979));
#1926=CARTESIAN_POINT('',(-15.200021626,-1.724125651,6.0685667));
#1927=CARTESIAN_POINT('',(-15.3238977,-1.738176665,6.217104181));
#1928=CARTESIAN_POINT('',(-15.396637252,-1.746427362,6.282236294));
#1929=CARTESIAN_POINT('',(-15.557642427,-1.76468984,6.388785859));
#1930=CARTESIAN_POINT('',(-15.64588892,-1.774699451,6.430190652));
#1931=CARTESIAN_POINT('',(-15.830497241,-1.795639174,6.485801132));
#1932=CARTESIAN_POINT('',(-15.926837134,-1.806566797,6.500000211));
#1933=CARTESIAN_POINT('',(-16.023188446,-1.817495713,6.500000005));
#1934=CARTESIAN_POINT('',(-15.326770692,-1.483025103,4.813879033));
#1935=CARTESIAN_POINT('',(-15.260548108,-1.476617396,4.884412578));
#1936=CARTESIAN_POINT('',(-15.204616342,-1.471205429,4.964679958));
#1937=CARTESIAN_POINT('',(-15.11800669,-1.462825064,5.137977542));
#1938=CARTESIAN_POINT('',(-15.087339349,-1.459857686,5.230987286));
#1939=CARTESIAN_POINT('',(-15.053842147,-1.456616488,5.421957394));
#1940=CARTESIAN_POINT('',(-15.051016266,-1.456343053,5.519895069));
#1941=CARTESIAN_POINT('',(-15.073446029,-1.458513357,5.712493554));
#1942=CARTESIAN_POINT('',(-15.098699008,-1.460956837,5.807131481));
#1943=CARTESIAN_POINT('',(-15.175171426,-1.468356315,5.985178271));
#1944=CARTESIAN_POINT('',(-15.22638178,-1.473311434,6.06856598));
#1945=CARTESIAN_POINT('',(-15.350472457,-1.485318462,6.217103482));
#1946=CARTESIAN_POINT('',(-15.423338036,-1.492368944,6.282235626));
#1947=CARTESIAN_POINT('',(-15.584622196,-1.50797482,6.388785303));
#1948=CARTESIAN_POINT('',(-15.673021612,-1.516528358,6.430190175));
#1949=CARTESIAN_POINT('',(-15.857949878,-1.534422042,6.485800858));
#1950=CARTESIAN_POINT('',(-15.954456755,-1.54376006,6.500000062));
#1951=CARTESIAN_POINT('',(-16.050975091,-1.553099188,6.499999999));
#1952=CARTESIAN_POINT('',(-15.3672805,-0.977728665,4.813879033));
#1953=CARTESIAN_POINT('',(-15.300882886,-0.973504201,4.884412579));
#1954=CARTESIAN_POINT('',(-15.244803289,-0.969936209,4.964679958));
#1955=CARTESIAN_POINT('',(-15.157964722,-0.964411215,5.137977544));
#1956=CARTESIAN_POINT('',(-15.127216326,-0.962454888,5.230987288));
#1957=CARTESIAN_POINT('',(-15.093630589,-0.960318039,5.421957397));
#1958=CARTESIAN_POINT('',(-15.09079724,-0.960137771,5.519895072));
#1959=CARTESIAN_POINT('',(-15.113286287,-0.961568608,5.712493557));
#1960=CARTESIAN_POINT('',(-15.138606012,-0.963179544,5.807131484));
#1961=CARTESIAN_POINT('',(-15.215280554,-0.968057864,5.985178274));
#1962=CARTESIAN_POINT('',(-15.26662626,-0.97132467,6.068565983));
#1963=CARTESIAN_POINT('',(-15.391044918,-0.979240649,6.217103485));
#1964=CARTESIAN_POINT('',(-15.464103087,-0.983888882,6.28223563));
#1965=CARTESIAN_POINT('',(-15.625813532,-0.994177504,6.388785307));
#1966=CARTESIAN_POINT('',(-15.714446595,-0.99981667,6.430190179));
#1967=CARTESIAN_POINT('',(-15.89986364,-1.011613594,6.485800862));
#1968=CARTESIAN_POINT('',(-15.996625592,-1.017769951,6.500000065));
#1969=CARTESIAN_POINT('',(-16.093399032,-1.023927038,6.500000001));
#1970=CARTESIAN_POINT('',(-15.381293836,-0.724662784,4.813879033));
#1971=CARTESIAN_POINT('',(-15.314835692,-0.721531727,4.88441256));
#1972=CARTESIAN_POINT('',(-15.25870497,-0.718887228,4.964679916));
#1973=CARTESIAN_POINT('',(-15.171787226,-0.714792253,5.13797745));
#1974=CARTESIAN_POINT('',(-15.141010788,-0.713342276,5.230987165));
#1975=CARTESIAN_POINT('',(-15.107394405,-0.7117585,5.421957219));
#1976=CARTESIAN_POINT('',(-15.104558453,-0.71162489,5.519894868));
#1977=CARTESIAN_POINT('',(-15.127067958,-0.712685385,5.712493308));
#1978=CARTESIAN_POINT('',(-15.152410739,-0.713879365,5.807131216));
#1979=CARTESIAN_POINT('',(-15.229155124,-0.717495041,5.985177984));
#1980=CARTESIAN_POINT('',(-15.280547609,-0.719916306,6.068565688));
#1981=CARTESIAN_POINT('',(-15.405079632,-0.725783411,6.217103198));
#1982=CARTESIAN_POINT('',(-15.478204374,-0.729228553,6.282235356));
#1983=CARTESIAN_POINT('',(-15.640062188,-0.736854196,6.388785078));
#1984=CARTESIAN_POINT('',(-15.728776029,-0.741033791,6.430189983));
#1985=CARTESIAN_POINT('',(-15.914362073,-0.749777348,6.48580075));
#1986=CARTESIAN_POINT('',(-16.011212225,-0.75434027,6.500000005));
#1987=CARTESIAN_POINT('',(-16.108073886,-0.758903735,6.5));
#1988=CARTESIAN_POINT('',(-15.404577186,0.035788772,4.813879033));
#1989=CARTESIAN_POINT('',(-15.338018442,0.035634136,4.88441256));
#1990=CARTESIAN_POINT('',(-15.281802752,0.035503531,4.964679916));
#1991=CARTESIAN_POINT('',(-15.194753437,0.035301289,5.13797745));
#1992=CARTESIAN_POINT('',(-15.163930412,0.035229678,5.230987165));
#1993=CARTESIAN_POINT('',(-15.130263142,0.035151459,5.42195722));
#1994=CARTESIAN_POINT('',(-15.127422898,0.03514486,5.519894868));
#1995=CARTESIAN_POINT('',(-15.149966476,0.035197234,5.712493308));
#1996=CARTESIAN_POINT('',(-15.17534762,0.035256202,5.807131217));
#1997=CARTESIAN_POINT('',(-15.252208176,0.03543477,5.985177984));
#1998=CARTESIAN_POINT('',(-15.303678456,0.03555435,6.068565688));
#1999=CARTESIAN_POINT('',(-15.428398989,0.035844112,6.217103199));
#2000=CARTESIAN_POINT('',(-15.501634423,0.036014259,6.282235357));
#2001=CARTESIAN_POINT('',(-15.663737249,0.03639087,6.388785079));
#2002=CARTESIAN_POINT('',(-15.752585379,0.03659729,6.430189984));
#2003=CARTESIAN_POINT('',(-15.938452353,0.037029112,6.485800751));
#2004=CARTESIAN_POINT('',(-16.035449112,0.037254464,6.500000005));
#2005=CARTESIAN_POINT('',(-16.132457396,0.037479842,6.5));
#2006=CARTESIAN_POINT('',(-15.394996228,0.544021807,4.813879033));
#2007=CARTESIAN_POINT('',(-15.32847885,0.541671303,4.884412592));
#2008=CARTESIAN_POINT('',(-15.272298102,0.539686064,4.964679988));
#2009=CARTESIAN_POINT('',(-15.185302911,0.536611951,5.137977611));
#2010=CARTESIAN_POINT('',(-15.15449906,0.535523452,5.230987375));
#2011=CARTESIAN_POINT('',(-15.120852765,0.534334521,5.421957523));
#2012=CARTESIAN_POINT('',(-15.118014318,0.53423423,5.519895217));
#2013=CARTESIAN_POINT('',(-15.140543963,0.535030377,5.712493735));
#2014=CARTESIAN_POINT('',(-15.165909376,0.53592672,5.807131675));
#2015=CARTESIAN_POINT('',(-15.242722258,0.538641062,5.985178482));
#2016=CARTESIAN_POINT('',(-15.2941606,0.540458738,6.068566194));
#2017=CARTESIAN_POINT('',(-15.418803718,0.544863245,6.21710369));
#2018=CARTESIAN_POINT('',(-15.491993685,0.547449552,6.282235826));
#2019=CARTESIAN_POINT('',(-15.65399585,0.553174203,6.38878547));
#2020=CARTESIAN_POINT('',(-15.742788799,0.556311867,6.430190319));
#2021=CARTESIAN_POINT('',(-15.928540311,0.562875738,6.485800943));
#2022=CARTESIAN_POINT('',(-16.025476803,0.566301166,6.50000011));
#2023=CARTESIAN_POINT('',(-16.122424798,0.569726998,6.500000005));
#2024=CARTESIAN_POINT('',(-15.325893819,1.555264368,4.813879033));
#2025=CARTESIAN_POINT('',(-15.259675007,1.548544564,4.884412591));
#2026=CARTESIAN_POINT('',(-15.203746429,1.542869002,4.964679986));
#2027=CARTESIAN_POINT('',(-15.117141719,1.534080466,5.137977606));
#2028=CARTESIAN_POINT('',(-15.086476131,1.530968562,5.230987369));
#2029=CARTESIAN_POINT('',(-15.052980854,1.527569509,5.421957515));
#2030=CARTESIAN_POINT('',(-15.050155145,1.527282763,5.519895208));
#2031=CARTESIAN_POINT('',(-15.072583657,1.52955879,5.712493724));
#2032=CARTESIAN_POINT('',(-15.097835213,1.532121292,5.807131664));
#2033=CARTESIAN_POINT('',(-15.174303308,1.539881191,5.98517847));
#2034=CARTESIAN_POINT('',(-15.225510761,1.545077666,6.068566181));
#2035=CARTESIAN_POINT('',(-15.349594402,1.557669533,6.217103678));
#2036=CARTESIAN_POINT('',(-15.422455847,1.565063429,6.282235813));
#2037=CARTESIAN_POINT('',(-15.583730847,1.581429429,6.388785457));
#2038=CARTESIAN_POINT('',(-15.672125239,1.590399589,6.430190307));
#2039=CARTESIAN_POINT('',(-15.857042986,1.609164825,6.485800931));
#2040=CARTESIAN_POINT('',(-15.953544369,1.618957671,6.500000099));
#2041=CARTESIAN_POINT('',(-16.050057204,1.62875168,6.499999995));
#2042=CARTESIAN_POINT('',(-15.266557184,2.057437412,4.813879033));
#2043=CARTESIAN_POINT('',(-15.200594538,2.048548,4.884412799));
#2044=CARTESIAN_POINT('',(-15.14488235,2.041039984,4.96468046));
#2045=CARTESIAN_POINT('',(-15.058612819,2.02941393,5.137978663));
#2046=CARTESIAN_POINT('',(-15.02806598,2.025297308,5.230988744));
#2047=CARTESIAN_POINT('',(-14.994700611,2.020800852,5.421959508));
#2048=CARTESIAN_POINT('',(-14.991886046,2.020421552,5.519897499));
#2049=CARTESIAN_POINT('',(-15.014228295,2.023432499,5.712496522));
#2050=CARTESIAN_POINT('',(-15.039382455,2.026822387,5.807134668));
#2051=CARTESIAN_POINT('',(-15.115555353,2.037087787,5.985181735));
#2052=CARTESIAN_POINT('',(-15.166565041,2.043962079,6.068569499));
#2053=CARTESIAN_POINT('',(-15.290169314,2.060619538,6.217106901));
#2054=CARTESIAN_POINT('',(-15.362749213,2.070400725,6.28223889));
#2055=CARTESIAN_POINT('',(-15.523400884,2.092050852,6.388788022));
#2056=CARTESIAN_POINT('',(-15.611453567,2.103917219,6.430192506));
#2057=CARTESIAN_POINT('',(-15.795656313,2.12874119,6.485802192));
#2058=CARTESIAN_POINT('',(-15.891784488,2.141695845,6.500000787));
#2059=CARTESIAN_POINT('',(-15.987923975,2.154652023,6.500000026));
#2060=CARTESIAN_POINT('',(-15.098617995,3.054922519,4.813879033));
#2061=CARTESIAN_POINT('',(-15.033380961,3.041723176,4.884412792));
#2062=CARTESIAN_POINT('',(-14.978281626,3.030574972,4.964680445));
#2063=CARTESIAN_POINT('',(-14.892961085,3.013312113,5.137978634));
#2064=CARTESIAN_POINT('',(-14.862750268,3.00719956,5.230988708));
#2065=CARTESIAN_POINT('',(-14.829751921,3.000522962,5.421959459));
#2066=CARTESIAN_POINT('',(-14.826968312,2.999959711,5.519897445));
#2067=CARTESIAN_POINT('',(-14.849064776,3.004430361,5.712496457));
#2068=CARTESIAN_POINT('',(-14.873942224,3.009463731,5.8071346));
#2069=CARTESIAN_POINT('',(-14.949277178,3.02470605,5.98518166));
#2070=CARTESIAN_POINT('',(-14.999725732,3.034913188,6.068569423));
#2071=CARTESIAN_POINT('',(-15.121970298,3.059646672,6.217106823));
#2072=CARTESIAN_POINT('',(-15.193751784,3.074170079,6.282238813));
#2073=CARTESIAN_POINT('',(-15.352636214,3.106316871,6.388787949));
#2074=CARTESIAN_POINT('',(-15.439720279,3.123936436,6.430192435));
#2075=CARTESIAN_POINT('',(-15.621896715,3.160795889,6.485802129));
#2076=CARTESIAN_POINT('',(-15.71696744,3.180031397,6.500000729));
#2077=CARTESIAN_POINT('',(-15.812049353,3.199269175,6.499999974));
#2078=CARTESIAN_POINT('',(-14.989406757,3.552005969,4.813879033));
#2079=CARTESIAN_POINT('',(-14.924641846,3.536658774,4.884412558));
#2080=CARTESIAN_POINT('',(-14.869941232,3.523696493,4.964679913));
#2081=CARTESIAN_POINT('',(-14.785237994,3.503624557,5.137977442));
#2082=CARTESIAN_POINT('',(-14.755245683,3.496517347,5.230987155));
#2083=CARTESIAN_POINT('',(-14.722485782,3.488754307,5.421957205));
#2084=CARTESIAN_POINT('',(-14.719722084,3.4880994,5.519894851));
#2085=CARTESIAN_POINT('',(-14.741658084,3.493297524,5.712493287));
#2086=CARTESIAN_POINT('',(-14.766355175,3.499149938,5.807131194));
#2087=CARTESIAN_POINT('',(-14.841144248,3.516872536,5.985177959));
#2088=CARTESIAN_POINT('',(-14.891227343,3.528740615,6.068565663));
#2089=CARTESIAN_POINT('',(-15.012586512,3.557498824,6.217103174));
#2090=CARTESIAN_POINT('',(-15.083848166,3.574385537,6.282235333));
#2091=CARTESIAN_POINT('',(-15.241582133,3.6117634,6.38878506));
#2092=CARTESIAN_POINT('',(-15.328035704,3.632250109,6.430189967));
#2093=CARTESIAN_POINT('',(-15.508893351,3.675107538,6.485800741));
#2094=CARTESIAN_POINT('',(-15.603275937,3.697473167,6.5));
#2095=CARTESIAN_POINT('',(-15.697669738,3.719841453,6.5));
#2096=CARTESIAN_POINT('',(-14.725000009,4.524758124,4.813879033));
#2097=CARTESIAN_POINT('',(-14.661377524,4.505207947,4.884412558));
#2098=CARTESIAN_POINT('',(-14.607641805,4.488695816,4.964679913));
#2099=CARTESIAN_POINT('',(-14.524432695,4.463126981,5.137977442));
#2100=CARTESIAN_POINT('',(-14.494969436,4.45407339,5.230987155));
#2101=CARTESIAN_POINT('',(-14.462787406,4.444184365,5.421957205));
#2102=CARTESIAN_POINT('',(-14.460072458,4.443350104,5.519894851));
#2103=CARTESIAN_POINT('',(-14.481621516,4.449971787,5.712493287));
#2104=CARTESIAN_POINT('',(-14.505882961,4.457426943,5.807131194));
#2105=CARTESIAN_POINT('',(-14.579352787,4.480003051,5.985177959));
#2106=CARTESIAN_POINT('',(-14.628552438,4.49512132,6.068565663));
#2107=CARTESIAN_POINT('',(-14.747770883,4.531755251,6.217103174));
#2108=CARTESIAN_POINT('',(-14.817775511,4.553266559,6.282235333));
#2109=CARTESIAN_POINT('',(-14.972727118,4.600880722,6.38878506));
#2110=CARTESIAN_POINT('',(-15.057655686,4.626977918,6.430189967));
#2111=CARTESIAN_POINT('',(-15.23532308,4.681572281,6.485800741));
#2112=CARTESIAN_POINT('',(-15.328040797,4.71006296,6.5));
#2113=CARTESIAN_POINT('',(-15.420769532,4.738557024,6.5));
#2114=CARTESIAN_POINT('',(-14.56978367,5.001671287,4.813879033));
#2115=CARTESIAN_POINT('',(-14.506831829,4.980060506,4.884412558));
#2116=CARTESIAN_POINT('',(-14.453662539,4.961807983,4.964679913));
#2117=CARTESIAN_POINT('',(-14.371330538,4.933544172,5.137977442));
#2118=CARTESIAN_POINT('',(-14.342177851,4.923536326,5.230987155));
#2119=CARTESIAN_POINT('',(-14.310335051,4.912604989,5.421957205));
#2120=CARTESIAN_POINT('',(-14.307648722,4.911682797,5.519894851));
#2121=CARTESIAN_POINT('',(-14.328970631,4.91900241,5.712493287));
#2122=CARTESIAN_POINT('',(-14.352976336,4.927243346,5.807131194));
#2123=CARTESIAN_POINT('',(-14.425671716,4.952198993,5.985177959));
#2124=CARTESIAN_POINT('',(-14.474352753,4.968910741,6.068565663));
#2125=CARTESIAN_POINT('',(-14.592314515,5.009405917,6.217103174));
#2126=CARTESIAN_POINT('',(-14.661581225,5.033184535,6.282235333));
#2127=CARTESIAN_POINT('',(-14.814899486,5.085817268,6.38878506));
#2128=CARTESIAN_POINT('',(-14.89893282,5.114665131,6.430189967));
#2129=CARTESIAN_POINT('',(-15.074727421,5.175013783,6.485800741));
#2130=CARTESIAN_POINT('',(-15.1664678,5.206507403,6.5));
#2131=CARTESIAN_POINT('',(-15.258219081,5.238004764,6.5));
#2132=CARTESIAN_POINT('',(-14.036618628,6.404648241,4.813879033));
#2133=CARTESIAN_POINT('',(-13.975970441,6.3769756,4.884412558));
#2134=CARTESIAN_POINT('',(-13.924746822,6.353603215,4.964679913));
#2135=CARTESIAN_POINT('',(-13.845427668,6.317411359,5.137977442));
#2136=CARTESIAN_POINT('',(-13.817341792,6.304596296,5.230987155));
#2137=CARTESIAN_POINT('',(-13.786664244,6.290598701,5.421957205));
#2138=CARTESIAN_POINT('',(-13.784076218,6.289417833,5.519894851));
#2139=CARTESIAN_POINT('',(-13.804617876,6.298790609,5.712493287));
#2140=CARTESIAN_POINT('',(-13.827745119,6.30934314,5.807131194));
#2141=CARTESIAN_POINT('',(-13.897780291,6.341298888,5.985177959));
#2142=CARTESIAN_POINT('',(-13.9446799,6.362698308,6.068565663));
#2143=CARTESIAN_POINT('',(-14.058324983,6.414552448,6.217103174));
#2144=CARTESIAN_POINT('',(-14.125056954,6.445001006,6.282235333));
#2145=CARTESIAN_POINT('',(-14.272764703,6.512397307,6.38878506));
#2146=CARTESIAN_POINT('',(-14.353722932,6.549337042,6.430189967));
#2147=CARTESIAN_POINT('',(-14.523084525,6.62661359,6.485800741));
#2148=CARTESIAN_POINT('',(-14.611467766,6.666941221,6.5));
#2149=CARTESIAN_POINT('',(-14.699861511,6.707273644,6.5));
#2150=CARTESIAN_POINT('',(-13.591804856,7.303238361,4.813879033));
#2151=CARTESIAN_POINT('',(-13.53307858,7.271683171,4.884412558));
#2152=CARTESIAN_POINT('',(-13.483478213,7.245031574,4.964679913));
#2153=CARTESIAN_POINT('',(-13.406672646,7.203761899,5.137977442));
#2154=CARTESIAN_POINT('',(-13.379476797,7.189148846,5.230987155));
#2155=CARTESIAN_POINT('',(-13.349771407,7.17318735,5.421957205));
#2156=CARTESIAN_POINT('',(-13.347265394,7.171840802,5.519894851));
#2157=CARTESIAN_POINT('',(-13.367156096,7.182528606,5.712493287));
#2158=CARTESIAN_POINT('',(-13.389550448,7.194561687,5.807131194));
#2159=CARTESIAN_POINT('',(-13.45736624,7.231000916,5.985177959));
#2160=CARTESIAN_POINT('',(-13.502779622,7.255402734,6.068565663));
#2161=CARTESIAN_POINT('',(-13.612823346,7.314532155,6.217103174));
#2162=CARTESIAN_POINT('',(-13.677440612,7.349252731,6.282235333));
#2163=CARTESIAN_POINT('',(-13.820467574,7.426104923,6.38878506));
#2164=CARTESIAN_POINT('',(-13.898860274,7.468227407,6.430189967));
#2165=CARTESIAN_POINT('',(-14.062854879,7.556346071,6.485800741));
#2166=CARTESIAN_POINT('',(-14.148437298,7.602331781,6.5));
#2167=CARTESIAN_POINT('',(-14.234029886,7.648322956,6.5));
#2168=CARTESIAN_POINT('',(-12.515865263,9.023722431,4.813879033));
#2169=CARTESIAN_POINT('',(-12.461787812,8.984733525,4.884412558));
#2170=CARTESIAN_POINT('',(-12.416113856,8.951803392,4.964679913));
#2171=CARTESIAN_POINT('',(-12.345388287,8.900811479,5.137977442));
#2172=CARTESIAN_POINT('',(-12.320345286,8.882755909,5.230987155));
#2173=CARTESIAN_POINT('',(-12.292991401,8.863034231,5.421957205));
#2174=CARTESIAN_POINT('',(-12.290683767,8.861370466,5.519894851));
#2175=CARTESIAN_POINT('',(-12.308999903,8.874576084,5.712493287));
#2176=CARTESIAN_POINT('',(-12.329621497,8.889443897,5.807131194));
#2177=CARTESIAN_POINT('',(-12.392068929,8.934467416,5.985177959));
#2178=CARTESIAN_POINT('',(-12.433887347,8.964617772,6.068565663));
#2179=CARTESIAN_POINT('',(-12.53521991,9.037676797,6.217103174));
#2180=CARTESIAN_POINT('',(-12.594722015,9.080576786,6.282235333));
#2181=CARTESIAN_POINT('',(-12.726426833,9.175533682,6.38878506));
#2182=CARTESIAN_POINT('',(-12.798613896,9.227579307,6.430189967));
#2183=CARTESIAN_POINT('',(-12.949626539,9.336456811,6.485800741));
#2184=CARTESIAN_POINT('',(-13.028434176,9.393275754,6.5));
#2185=CARTESIAN_POINT('',(-13.107251178,9.45010145,6.5));
#2186=CARTESIAN_POINT('',(-11.902657482,9.816971663,4.813879033));
#2187=CARTESIAN_POINT('',(-11.851229516,9.774555349,4.88441257));
#2188=CARTESIAN_POINT('',(-11.807793322,9.73873042,4.964679938));
#2189=CARTESIAN_POINT('',(-11.740532906,9.683255955,5.137977499));
#2190=CARTESIAN_POINT('',(-11.716716873,9.663613174,5.23098723));
#2191=CARTESIAN_POINT('',(-11.690703184,9.642157831,5.421957313));
#2192=CARTESIAN_POINT('',(-11.688508618,9.640347817,5.519894975));
#2193=CARTESIAN_POINT('',(-11.705927387,9.654714324,5.71249344));
#2194=CARTESIAN_POINT('',(-11.725538653,9.670889136,5.807131358));
#2195=CARTESIAN_POINT('',(-11.784926542,9.719870572,5.985178137));
#2196=CARTESIAN_POINT('',(-11.824696109,9.752671375,6.068565844));
#2197=CARTESIAN_POINT('',(-11.921063981,9.832152843,6.21710335));
#2198=CARTESIAN_POINT('',(-11.977650836,9.878824064,6.282235501));
#2199=CARTESIAN_POINT('',(-12.102902893,9.982128381,6.388785199));
#2200=CARTESIAN_POINT('',(-12.171553213,10.038749202,6.430190086));
#2201=CARTESIAN_POINT('',(-12.315167114,10.157197842,6.485800809));
#2202=CARTESIAN_POINT('',(-12.390113632,10.219011587,6.500000036));
#2203=CARTESIAN_POINT('',(-12.465069051,10.280832673,6.5));
#2204=CARTESIAN_POINT('',(-10.874604946,10.910466564,4.813879033));
#2205=CARTESIAN_POINT('',(-10.827618904,10.86332557,4.88441257));
#2206=CARTESIAN_POINT('',(-10.787934371,10.823510162,4.964679938));
#2207=CARTESIAN_POINT('',(-10.726483356,10.76185649,5.137977499));
#2208=CARTESIAN_POINT('',(-10.704724357,10.740025731,5.23098723));
#2209=CARTESIAN_POINT('',(-10.680957519,10.716180509,5.421957313));
#2210=CARTESIAN_POINT('',(-10.678952504,10.714168879,5.519894975));
#2211=CARTESIAN_POINT('',(-10.694866789,10.73013564,5.71249344));
#2212=CARTESIAN_POINT('',(-10.712784198,10.748112134,5.807131358));
#2213=CARTESIAN_POINT('',(-10.767042658,10.802549521,5.985178137));
#2214=CARTESIAN_POINT('',(-10.803377262,10.839003946,6.068565844));
#2215=CARTESIAN_POINT('',(-10.89142168,10.927338712,6.21710335));
#2216=CARTESIAN_POINT('',(-10.943121033,10.979208557,6.282235501));
#2217=CARTESIAN_POINT('',(-11.057554858,11.094019758,6.388785199));
#2218=CARTESIAN_POINT('',(-11.120275733,11.156947472,6.430190086));
#2219=CARTESIAN_POINT('',(-11.251485457,11.288589896,6.485800809));
#2220=CARTESIAN_POINT('',(-11.319958715,11.357288966,6.500000036));
#2221=CARTESIAN_POINT('',(-11.388440107,11.425996195,6.5));
#2222=CARTESIAN_POINT('',(-10.513747141,11.25878278,4.813879033));
#2223=CARTESIAN_POINT('',(-10.468320266,11.210136807,4.88441257));
#2224=CARTESIAN_POINT('',(-10.42995261,11.16905029,4.964679939));
#2225=CARTESIAN_POINT('',(-10.370540765,11.105428319,5.1379775));
#2226=CARTESIAN_POINT('',(-10.349503809,11.082900612,5.23098723));
#2227=CARTESIAN_POINT('',(-10.326525643,11.058294129,5.421957314));
#2228=CARTESIAN_POINT('',(-10.324587163,11.056218276,5.519894977));
#2229=CARTESIAN_POINT('',(-10.339973356,11.072694776,5.712493441));
#2230=CARTESIAN_POINT('',(-10.357296202,11.091245169,5.807131359));
#2231=CARTESIAN_POINT('',(-10.409754171,11.147420471,5.985178139));
#2232=CARTESIAN_POINT('',(-10.444883062,11.185038705,6.068565846));
#2233=CARTESIAN_POINT('',(-10.530005849,11.276193561,6.217103352));
#2234=CARTESIAN_POINT('',(-10.579989631,11.329719353,6.282235502));
#2235=CARTESIAN_POINT('',(-10.690626128,11.448195906,6.3887852));
#2236=CARTESIAN_POINT('',(-10.751265697,11.51313259,6.430190087));
#2237=CARTESIAN_POINT('',(-10.878121408,11.648977705,6.485800809));
#2238=CARTESIAN_POINT('',(-10.944322476,11.719869995,6.500000036));
#2239=CARTESIAN_POINT('',(-11.010531407,11.790770706,6.499999999));
#2240=CARTESIAN_POINT('',(-9.944584055,11.756435751,4.813879033));
#2241=CARTESIAN_POINT('',(-9.901616373,11.705639561,4.88441257));
#2242=CARTESIAN_POINT('',(-9.865325758,11.662736966,4.964679939));
#2243=CARTESIAN_POINT('',(-9.809130186,11.596302819,5.1379775));
#2244=CARTESIAN_POINT('',(-9.789232071,11.572779357,5.230987231));
#2245=CARTESIAN_POINT('',(-9.767497835,11.547085233,5.421957314));
#2246=CARTESIAN_POINT('',(-9.765664296,11.544917624,5.519894977));
#2247=CARTESIAN_POINT('',(-9.780217559,11.562122405,5.712493442));
#2248=CARTESIAN_POINT('',(-9.796602631,11.58149275,5.80713136));
#2249=CARTESIAN_POINT('',(-9.846220783,11.640151073,5.985178139));
#2250=CARTESIAN_POINT('',(-9.879447967,11.679432082,6.068565846));
#2251=CARTESIAN_POINT('',(-9.959962621,11.774616101,6.217103352));
#2252=CARTESIAN_POINT('',(-10.007240524,11.830507803,6.282235503));
#2253=CARTESIAN_POINT('',(-10.111887698,11.954221174,6.388785201));
#2254=CARTESIAN_POINT('',(-10.169244535,12.022028145,6.430190088));
#2255=CARTESIAN_POINT('',(-10.289232892,12.163877792,6.48580081));
#2256=CARTESIAN_POINT('',(-10.351850155,12.237903615,6.500000037));
#2257=CARTESIAN_POINT('',(-10.414474854,12.31193823,6.5));
#2258=CARTESIAN_POINT('',(-9.749900611,11.918417834,4.813879033));
#2259=CARTESIAN_POINT('',(-9.707774097,11.866921782,4.884412559));
#2260=CARTESIAN_POINT('',(-9.672193932,11.823428081,4.964679914));
#2261=CARTESIAN_POINT('',(-9.617098477,11.756078612,5.137977445));
#2262=CARTESIAN_POINT('',(-9.597589896,11.732231045,5.23098716));
#2263=CARTESIAN_POINT('',(-9.576281129,11.706182905,5.421957211));
#2264=CARTESIAN_POINT('',(-9.574483474,11.703985427,5.519894858));
#2265=CARTESIAN_POINT('',(-9.588751806,11.72142724,5.712493297));
#2266=CARTESIAN_POINT('',(-9.604816097,11.741064459,5.807131204));
#2267=CARTESIAN_POINT('',(-9.653462855,11.800530953,5.98517797));
#2268=CARTESIAN_POINT('',(-9.686039543,11.840353161,6.068565674));
#2269=CARTESIAN_POINT('',(-9.764977948,11.936848595,6.217103185));
#2270=CARTESIAN_POINT('',(-9.811330287,11.993510356,6.282235344));
#2271=CARTESIAN_POINT('',(-9.91392878,12.118928219,6.388785068));
#2272=CARTESIAN_POINT('',(-9.970162744,12.187669419,6.430189974));
#2273=CARTESIAN_POINT('',(-10.087802097,12.331473444,6.485800745));
#2274=CARTESIAN_POINT('',(-10.149193509,12.406519182,6.500000002));
#2275=CARTESIAN_POINT('',(-10.210592217,12.481573838,6.5));
#2276=CARTESIAN_POINT('',(-9.352368778,12.232842835,4.813879033));
#2277=CARTESIAN_POINT('',(-9.311959885,12.179988243,4.884412559));
#2278=CARTESIAN_POINT('',(-9.277830427,12.135347115,4.964679914));
#2279=CARTESIAN_POINT('',(-9.224981374,12.066220871,5.137977445));
#2280=CARTESIAN_POINT('',(-9.206268215,12.04174417,5.23098716));
#2281=CARTESIAN_POINT('',(-9.185828268,12.015008842,5.421957211));
#2282=CARTESIAN_POINT('',(-9.184103909,12.012753392,5.519894858));
#2283=CARTESIAN_POINT('',(-9.197790479,12.030655345,5.712493297));
#2284=CARTESIAN_POINT('',(-9.213199783,12.050810623,5.807131204));
#2285=CARTESIAN_POINT('',(-9.259863071,12.111845927,5.98517797));
#2286=CARTESIAN_POINT('',(-9.291111512,12.152718702,6.068565674));
#2287=CARTESIAN_POINT('',(-9.366831369,12.251759825,6.217103185));
#2288=CARTESIAN_POINT('',(-9.411293788,12.309916405,6.282235344));
#2289=CARTESIAN_POINT('',(-9.509709042,12.438642971,6.388785068));
#2290=CARTESIAN_POINT('',(-9.563650183,12.509197663,6.430189974));
#2291=CARTESIAN_POINT('',(-9.676493037,12.656795445,6.485800745));
#2292=CARTESIAN_POINT('',(-9.735381343,12.733820998,6.500000002));
#2293=CARTESIAN_POINT('',(-9.794276646,12.810855704,6.5));
#2294=CARTESIAN_POINT('',(-9.150531623,12.384512122,4.813879033));
#2295=CARTESIAN_POINT('',(-9.110994697,12.331002174,4.884412662));
#2296=CARTESIAN_POINT('',(-9.077601707,12.285807548,4.964680148));
#2297=CARTESIAN_POINT('',(-9.025893078,12.215824272,5.137977968));
#2298=CARTESIAN_POINT('',(-9.007583736,12.191044142,5.23098784));
#2299=CARTESIAN_POINT('',(-8.987584895,12.163977487,5.421958198));
#2300=CARTESIAN_POINT('',(-8.985897773,12.161694179,5.519895994));
#2301=CARTESIAN_POINT('',(-8.999289074,12.179818357,5.712494684));
#2302=CARTESIAN_POINT('',(-9.014365907,12.20022369,5.807132694));
#2303=CARTESIAN_POINT('',(-9.060022353,12.262016096,5.98517959));
#2304=CARTESIAN_POINT('',(-9.090596543,12.303395828,6.068567319));
#2305=CARTESIAN_POINT('',(-9.164682557,12.403665312,6.217104783));
#2306=CARTESIAN_POINT('',(-9.20818558,12.46254315,6.282236868));
#2307=CARTESIAN_POINT('',(-9.304477232,12.592866118,6.388786336));
#2308=CARTESIAN_POINT('',(-9.357254419,12.664295764,6.430191059));
#2309=CARTESIAN_POINT('',(-9.46766229,12.813723844,6.485801361));
#2310=CARTESIAN_POINT('',(-9.525279855,12.891704525,6.500000331));
#2311=CARTESIAN_POINT('',(-9.582904243,12.969694429,6.500000001));
#2312=CARTESIAN_POINT('',(-8.12630359,13.115707108,4.813879033));
#2313=CARTESIAN_POINT('',(-8.091192092,13.059037845,4.884412662));
#2314=CARTESIAN_POINT('',(-8.061536833,13.011174852,4.964680149));
#2315=CARTESIAN_POINT('',(-8.015616042,12.937059632,5.137977972));
#2316=CARTESIAN_POINT('',(-7.999356102,12.91081643,5.230987845));
#2317=CARTESIAN_POINT('',(-7.981595787,12.882151685,5.421958205));
#2318=CARTESIAN_POINT('',(-7.980097523,12.879733547,5.519896002));
#2319=CARTESIAN_POINT('',(-7.991989953,12.898927762,5.712494694));
#2320=CARTESIAN_POINT('',(-8.005379234,12.920537834,5.807132705));
#2321=CARTESIAN_POINT('',(-8.04592533,12.985978513,5.985179601));
#2322=CARTESIAN_POINT('',(-8.073077327,13.029801343,6.068567331));
#2323=CARTESIAN_POINT('',(-8.138870831,13.135990844,6.217104794));
#2324=CARTESIAN_POINT('',(-8.177504519,13.198344897,6.282236878));
#2325=CARTESIAN_POINT('',(-8.263018148,13.336362288,6.388786344));
#2326=CARTESIAN_POINT('',(-8.309887929,13.412009228,6.430191066));
#2327=CARTESIAN_POINT('',(-8.407937723,13.570259734,6.485801363));
#2328=CARTESIAN_POINT('',(-8.459106087,13.652844496,6.500000331));
#2329=CARTESIAN_POINT('',(-8.510280507,13.73543903,6.499999998));
#2330=CARTESIAN_POINT('',(-7.259210918,13.614548545,4.813879033));
#2331=CARTESIAN_POINT('',(-7.227845958,13.555724,4.884412558));
#2332=CARTESIAN_POINT('',(-7.20135503,13.506040635,4.964679913));
#2333=CARTESIAN_POINT('',(-7.160334149,13.429106547,5.137977442));
#2334=CARTESIAN_POINT('',(-7.14580919,13.40186519,5.230987155));
#2335=CARTESIAN_POINT('',(-7.129943917,13.372110092,5.421957205));
#2336=CARTESIAN_POINT('',(-7.128605488,13.369599886,5.519894851));
#2337=CARTESIAN_POINT('',(-7.13922886,13.389523872,5.712493287));
#2338=CARTESIAN_POINT('',(-7.1511894,13.411955697,5.807131194));
#2339=CARTESIAN_POINT('',(-7.187408955,13.479884968,5.985177959));
#2340=CARTESIAN_POINT('',(-7.211663668,13.525374342,6.068565663));
#2341=CARTESIAN_POINT('',(-7.270436628,13.635602206,6.217103174));
#2342=CARTESIAN_POINT('',(-7.304947892,13.700327599,6.282235333));
#2343=CARTESIAN_POINT('',(-7.381336782,13.843593893,6.38878506));
#2344=CARTESIAN_POINT('',(-7.423205331,13.922117771,6.430189967));
#2345=CARTESIAN_POINT('',(-7.510792773,14.086386794,6.485800741));
#2346=CARTESIAN_POINT('',(-7.556501259,14.172112421,6.5));
#2347=CARTESIAN_POINT('',(-7.602215178,14.257848236,6.5));
#2348=CARTESIAN_POINT('',(-6.116280509,14.131492331,4.813879033));
#2349=CARTESIAN_POINT('',(-6.089853822,14.070434221,4.884412558));
#2350=CARTESIAN_POINT('',(-6.067533772,14.018864381,4.964679913));
#2351=CARTESIAN_POINT('',(-6.032971446,13.939009108,5.137977442));
#2352=CARTESIAN_POINT('',(-6.020733377,13.910733399,5.230987155));
#2353=CARTESIAN_POINT('',(-6.007366021,13.879848501,5.421957205));
#2354=CARTESIAN_POINT('',(-6.006238321,13.877242983,5.519894851));
#2355=CARTESIAN_POINT('',(-6.015189091,13.897923482,5.712493287));
#2356=CARTESIAN_POINT('',(-6.025266497,13.921207042,5.807131194));
#2357=CARTESIAN_POINT('',(-6.055783445,13.991715584,5.985177959));
#2358=CARTESIAN_POINT('',(-6.076219361,14.038932187,6.068565663));
#2359=CARTESIAN_POINT('',(-6.12573878,14.153345399,6.217103174));
#2360=CARTESIAN_POINT('',(-6.1548164,14.220528412,6.282235333));
#2361=CARTESIAN_POINT('',(-6.219178199,14.369234521,6.38878506));
#2362=CARTESIAN_POINT('',(-6.254454731,14.450739947,6.430189967));
#2363=CARTESIAN_POINT('',(-6.328251921,14.621246257,6.485800741));
#2364=CARTESIAN_POINT('',(-6.36676381,14.710226882,6.5));
#2365=CARTESIAN_POINT('',(-6.405280276,14.799218081,6.5));
#2366=CARTESIAN_POINT('',(-5.884718053,14.229501538,4.813879033));
#2367=CARTESIAN_POINT('',(-5.859292233,14.168019465,4.884412892));
#2368=CARTESIAN_POINT('',(-5.837817561,14.11609158,4.964680674));
#2369=CARTESIAN_POINT('',(-5.804564411,14.035682003,5.137979146));
#2370=CARTESIAN_POINT('',(-5.792789981,14.007210102,5.230989374));
#2371=CARTESIAN_POINT('',(-5.779929272,13.976111157,5.421960424));
#2372=CARTESIAN_POINT('',(-5.778844521,13.973487809,5.519898555));
#2373=CARTESIAN_POINT('',(-5.78745685,13.994312528,5.712497814));
#2374=CARTESIAN_POINT('',(-5.797152907,14.017758121,5.807136057));
#2375=CARTESIAN_POINT('',(-5.826514753,14.088757017,5.985183243));
#2376=CARTESIAN_POINT('',(-5.846177052,14.136301884,6.068571031));
#2377=CARTESIAN_POINT('',(-5.893821722,14.251510333,6.217108386));
#2378=CARTESIAN_POINT('',(-5.921798432,14.319160226,6.282240303));
#2379=CARTESIAN_POINT('',(-5.983723294,14.468899557,6.388789189));
#2380=CARTESIAN_POINT('',(-6.017664088,14.550971203,6.430193498));
#2381=CARTESIAN_POINT('',(-6.088666829,14.722661801,6.485802734));
#2382=CARTESIAN_POINT('',(-6.125720339,14.812260353,6.500001054));
#2383=CARTESIAN_POINT('',(-6.162778175,14.901869414,6.499999979));
#2384=CARTESIAN_POINT('',(-5.415533508,14.414597372,4.813879033));
#2385=CARTESIAN_POINT('',(-5.392134963,14.352315555,4.884412897));
#2386=CARTESIAN_POINT('',(-5.37237254,14.299712206,4.964680682));
#2387=CARTESIAN_POINT('',(-5.341770801,14.218256682,5.137979161));
#2388=CARTESIAN_POINT('',(-5.33093521,14.189414426,5.230989392));
#2389=CARTESIAN_POINT('',(-5.319099999,14.157910958,5.421960447));
#2390=CARTESIAN_POINT('',(-5.318101785,14.155253488,5.51989858));
#2391=CARTESIAN_POINT('',(-5.326027534,14.176349095,5.712497843));
#2392=CARTESIAN_POINT('',(-5.334950556,14.200099665,5.807136087));
#2393=CARTESIAN_POINT('',(-5.361971422,14.272022104,5.985183276));
#2394=CARTESIAN_POINT('',(-5.380066056,14.320185427,6.068571065));
#2395=CARTESIAN_POINT('',(-5.423912014,14.436892487,6.217108422));
#2396=CARTESIAN_POINT('',(-5.449658129,14.505422357,6.28224034));
#2397=CARTESIAN_POINT('',(-5.506645676,14.657109469,6.388789228));
#2398=CARTESIAN_POINT('',(-5.537880338,14.740248687,6.430193537));
#2399=CARTESIAN_POINT('',(-5.603221946,14.914172602,6.485802775));
#2400=CARTESIAN_POINT('',(-5.637321128,15.004936635,6.500001096));
#2401=CARTESIAN_POINT('',(-5.671424285,15.095711314,6.500000021));
#2402=CARTESIAN_POINT('',(-5.177467102,14.50183053,4.813879033));
#2403=CARTESIAN_POINT('',(-5.155096755,14.439172287,4.884412568));
#2404=CARTESIAN_POINT('',(-5.136202702,14.386250971,4.964679935));
#2405=CARTESIAN_POINT('',(-5.106945488,14.30430296,5.137977491));
#2406=CARTESIAN_POINT('',(-5.096585891,14.275286242,5.230987219));
#2407=CARTESIAN_POINT('',(-5.085270346,14.243591968,5.421957298));
#2408=CARTESIAN_POINT('',(-5.084315742,14.240918177,5.519894958));
#2409=CARTESIAN_POINT('',(-5.091892623,14.262140668,5.712493419));
#2410=CARTESIAN_POINT('',(-5.100423208,14.286034428,5.807131335));
#2411=CARTESIAN_POINT('',(-5.126255988,14.358390798,5.985178113));
#2412=CARTESIAN_POINT('',(-5.143555113,14.40684481,6.068565819));
#2413=CARTESIAN_POINT('',(-5.185473596,14.524256449,6.217103326));
#2414=CARTESIAN_POINT('',(-5.210087974,14.593200125,6.282235477));
#2415=CARTESIAN_POINT('',(-5.264570619,14.745803362,6.388785179));
#2416=CARTESIAN_POINT('',(-5.294432412,14.82944479,6.430190069));
#2417=CARTESIAN_POINT('',(-5.356902168,15.004419532,6.485800799));
#2418=CARTESIAN_POINT('',(-5.389502708,15.095732054,6.500000031));
#2419=CARTESIAN_POINT('',(-5.422107121,15.187055423,6.5));
#2420=CARTESIAN_POINT('',(-4.457300526,14.745657787,4.813879033));
#2421=CARTESIAN_POINT('',(-4.438041814,14.681946035,4.884412568));
#2422=CARTESIAN_POINT('',(-4.421775856,14.628134924,4.964679935));
#2423=CARTESIAN_POINT('',(-4.396588217,14.544809074,5.137977492));
#2424=CARTESIAN_POINT('',(-4.387669603,14.515304482,5.23098722));
#2425=CARTESIAN_POINT('',(-4.377928011,14.483077314,5.421957299));
#2426=CARTESIAN_POINT('',(-4.37710619,14.480358567,5.519894959));
#2427=CARTESIAN_POINT('',(-4.383629157,14.501937883,5.71249342));
#2428=CARTESIAN_POINT('',(-4.39097317,14.526233382,5.807131336));
#2429=CARTESIAN_POINT('',(-4.413212706,14.599806318,5.985178114));
#2430=CARTESIAN_POINT('',(-4.428105586,14.649075014,6.06856582));
#2431=CARTESIAN_POINT('',(-4.464193363,14.76846076,6.217103327));
#2432=CARTESIAN_POINT('',(-4.485383971,14.838563624,6.282235479));
#2433=CARTESIAN_POINT('',(-4.532288278,14.993732663,6.388785181));
#2434=CARTESIAN_POINT('',(-4.557996405,15.078780401,6.430190071));
#2435=CARTESIAN_POINT('',(-4.611776846,15.256697089,6.4858008));
#2436=CARTESIAN_POINT('',(-4.639842769,15.3495449,6.500000032));
#2437=CARTESIAN_POINT('',(-4.667912026,15.442403739,6.500000001));
#2438=CARTESIAN_POINT('',(-3.970897386,14.883976595,4.813879033));
#2439=CARTESIAN_POINT('',(-3.953740404,14.819666993,4.884412747));
#2440=CARTESIAN_POINT('',(-3.939249578,14.765350961,4.964680343));
#2441=CARTESIAN_POINT('',(-3.91681073,14.68124333,5.137978406));
#2442=CARTESIAN_POINT('',(-3.908865441,14.651461972,5.230988411));
#2443=CARTESIAN_POINT('',(-3.900187029,14.618932661,5.421959027));
#2444=CARTESIAN_POINT('',(-3.899454937,14.616188573,5.519896948));
#2445=CARTESIAN_POINT('',(-3.905266146,14.637970786,5.712495851));
#2446=CARTESIAN_POINT('',(-3.911808755,14.662494499,5.807133948));
#2447=CARTESIAN_POINT('',(-3.931621385,14.736758318,5.985180952));
#2448=CARTESIAN_POINT('',(-3.944889052,14.786489601,6.068568703));
#2449=CARTESIAN_POINT('',(-3.97703865,14.906996142,6.217106125));
#2450=CARTESIAN_POINT('',(-3.995916761,14.977757082,6.282238146));
#2451=CARTESIAN_POINT('',(-4.037702448,15.13438262,6.388787395));
#2452=CARTESIAN_POINT('',(-4.060605059,15.220228609,6.430191962));
#2453=CARTESIAN_POINT('',(-4.108516429,15.399815073,6.485801863));
#2454=CARTESIAN_POINT('',(-4.133519496,15.493534211,6.500000588));
#2455=CARTESIAN_POINT('',(-4.158525512,15.5872644,6.499999978));
#2456=CARTESIAN_POINT('',(-2.985585455,15.112480432,4.813879033));
#2457=CARTESIAN_POINT('',(-2.972685792,15.047183536,4.884412753));
#2458=CARTESIAN_POINT('',(-2.961790716,14.992033633,4.964680354));
#2459=CARTESIAN_POINT('',(-2.944919859,14.906634767,5.137978428));
#2460=CARTESIAN_POINT('',(-2.938946133,14.876396202,5.230988437));
#2461=CARTESIAN_POINT('',(-2.93242124,14.843367501,5.421959063));
#2462=CARTESIAN_POINT('',(-2.93187085,14.84058129,5.519896988));
#2463=CARTESIAN_POINT('',(-2.936240161,14.862697919,5.712495897));
#2464=CARTESIAN_POINT('',(-2.941159344,14.887598131,5.807133997));
#2465=CARTESIAN_POINT('',(-2.956055794,14.963002077,5.985181005));
#2466=CARTESIAN_POINT('',(-2.966031292,15.013496851,6.068568758));
#2467=CARTESIAN_POINT('',(-2.990203435,15.135853448,6.217106181));
#2468=CARTESIAN_POINT('',(-3.004397208,15.207700732,6.282238203));
#2469=CARTESIAN_POINT('',(-3.035814347,15.366730833,6.38878745));
#2470=CARTESIAN_POINT('',(-3.05303398,15.453894754,6.430192016));
#2471=CARTESIAN_POINT('',(-3.089056771,15.636238282,6.485801913));
#2472=CARTESIAN_POINT('',(-3.107855647,15.731396222,6.500000636));
#2473=CARTESIAN_POINT('',(-3.126656735,15.826565382,6.500000022));
#2474=CARTESIAN_POINT('',(-2.485382381,15.202760316,4.813879033));
#2475=CARTESIAN_POINT('',(-2.474643842,15.137073359,4.884412753));
#2476=CARTESIAN_POINT('',(-2.465574038,15.081594012,4.964680356));
#2477=CARTESIAN_POINT('',(-2.451529548,14.995685009,5.137978436));
#2478=CARTESIAN_POINT('',(-2.446556572,14.965265815,5.230988449));
#2479=CARTESIAN_POINT('',(-2.441124693,14.932039824,5.421959083));
#2480=CARTESIAN_POINT('',(-2.440666436,14.929236977,5.519897012));
#2481=CARTESIAN_POINT('',(-2.44430357,14.951485741,5.712495929));
#2482=CARTESIAN_POINT('',(-2.448398529,14.976534708,5.807134032));
#2483=CARTESIAN_POINT('',(-2.460799122,15.052389112,5.985181043));
#2484=CARTESIAN_POINT('',(-2.469103282,15.103185536,6.068568796));
#2485=CARTESIAN_POINT('',(-2.489225562,15.22627307,6.217106215));
#2486=CARTESIAN_POINT('',(-2.501041291,15.298549555,6.282238233));
#2487=CARTESIAN_POINT('',(-2.52719479,15.458529665,6.388787467));
#2488=CARTESIAN_POINT('',(-2.541529453,15.546214281,6.430192024));
#2489=CARTESIAN_POINT('',(-2.571517023,15.729647077,6.485801898));
#2490=CARTESIAN_POINT('',(-2.587166367,15.825373461,6.500000607));
#2491=CARTESIAN_POINT('',(-2.602817563,15.921111129,6.499999978));
#2492=CARTESIAN_POINT('',(-1.481838434,15.333140632,4.813879033));
#2493=CARTESIAN_POINT('',(-1.47543599,15.266890346,4.884412759));
#2494=CARTESIAN_POINT('',(-1.47002847,15.210935211,4.964680369));
#2495=CARTESIAN_POINT('',(-1.461654999,15.12428946,5.137978461));
#2496=CARTESIAN_POINT('',(-1.458690067,15.093609395,5.230988481));
#2497=CARTESIAN_POINT('',(-1.455451554,15.06009847,5.421959126));
#2498=CARTESIAN_POINT('',(-1.455178359,15.057271592,5.519897061));
#2499=CARTESIAN_POINT('',(-1.457346914,15.079711175,5.712495986));
#2500=CARTESIAN_POINT('',(-1.459788407,15.104974969,5.807134093));
#2501=CARTESIAN_POINT('',(-1.46718185,15.181479916,5.98518111));
#2502=CARTESIAN_POINT('',(-1.472132922,15.232711978,6.068568864));
#2503=CARTESIAN_POINT('',(-1.484130132,15.356855126,6.217106284));
#2504=CARTESIAN_POINT('',(-1.491174844,15.429751462,6.282238301));
#2505=CARTESIAN_POINT('',(-1.506767938,15.591103577,6.388787532));
#2506=CARTESIAN_POINT('',(-1.515314466,15.679540183,6.430192086));
#2507=CARTESIAN_POINT('',(-1.533193471,15.86454611,6.485801952));
#2508=CARTESIAN_POINT('',(-1.542523824,15.961093449,6.500000657));
#2509=CARTESIAN_POINT('',(-1.551855277,16.057652167,6.500000022));
#2510=CARTESIAN_POINT('',(-0.977881344,15.37352255,4.813879033));
#2511=CARTESIAN_POINT('',(-0.973656373,15.307097856,4.884412678));
#2512=CARTESIAN_POINT('',(-0.970087955,15.250995401,4.964680185));
#2513=CARTESIAN_POINT('',(-0.96456231,15.164121484,5.137978053));
#2514=CARTESIAN_POINT('',(-0.962605757,15.1333606,5.230987952));
#2515=CARTESIAN_POINT('',(-0.960468675,15.099761314,5.421958361));
#2516=CARTESIAN_POINT('',(-0.960288401,15.096926905,5.519896182));
#2517=CARTESIAN_POINT('',(-0.961719446,15.119425351,5.712494915));
#2518=CARTESIAN_POINT('',(-0.963330596,15.144755534,5.807132942));
#2519=CARTESIAN_POINT('',(-0.968209546,15.221461627,5.985179859));
#2520=CARTESIAN_POINT('',(-0.971476767,15.272828423,6.068567593));
#2521=CARTESIAN_POINT('',(-0.979393743,15.397298117,6.217105047));
#2522=CARTESIAN_POINT('',(-0.984042558,15.470386224,6.282237118));
#2523=CARTESIAN_POINT('',(-0.994332459,15.632162871,6.38878654));
#2524=CARTESIAN_POINT('',(-0.999972322,15.720832188,6.430191231));
#2525=CARTESIAN_POINT('',(-1.011770697,15.906324999,6.485801449));
#2526=CARTESIAN_POINT('',(-1.017927807,16.003126453,6.500000368));
#2527=CARTESIAN_POINT('',(-1.024085644,16.099939355,6.499999979));
#2528=CARTESIAN_POINT('',(0.034412837,15.40455333,4.813879033));
#2529=CARTESIAN_POINT('',(0.034263933,15.337994578,4.884412683));
#2530=CARTESIAN_POINT('',(0.034138161,15.2817789,4.964680195));
#2531=CARTESIAN_POINT('',(0.033943387,15.194729667,5.137978073));
#2532=CARTESIAN_POINT('',(0.033874408,15.163906709,5.230987975));
#2533=CARTESIAN_POINT('',(0.033799032,15.130239634,5.421958393));
#2534=CARTESIAN_POINT('',(0.033792644,15.127399517,5.519896217));
#2535=CARTESIAN_POINT('',(0.033842999,15.149943397,5.712494955));
#2536=CARTESIAN_POINT('',(0.033899738,15.175324716,5.807132986));
#2537=CARTESIAN_POINT('',(0.034071595,15.252185649,5.985179906));
#2538=CARTESIAN_POINT('',(0.034186693,15.303656131,6.068567641));
#2539=CARTESIAN_POINT('',(0.034465614,15.428377063,6.217105097));
#2540=CARTESIAN_POINT('',(0.034629403,15.501612694,6.282237168));
#2541=CARTESIAN_POINT('',(0.034991956,15.663715871,6.38878659));
#2542=CARTESIAN_POINT('',(0.035190676,15.752564156,6.430191279));
#2543=CARTESIAN_POINT('',(0.035606402,15.938431359,6.485801494));
#2544=CARTESIAN_POINT('',(0.035823359,16.035428191,6.500000412));
#2545=CARTESIAN_POINT('',(0.036040346,16.132436493,6.500000021));
#2546=CARTESIAN_POINT('',(0.543100122,15.395028838,4.813879033));
#2547=CARTESIAN_POINT('',(0.5407536,15.328511319,4.884412592));
#2548=CARTESIAN_POINT('',(0.538771724,15.272330452,4.964679988));
#2549=CARTESIAN_POINT('',(0.535702819,15.185335077,5.13797761));
#2550=CARTESIAN_POINT('',(0.534616164,15.154531161,5.230987373));
#2551=CARTESIAN_POINT('',(0.533429247,15.120884794,5.421957521));
#2552=CARTESIAN_POINT('',(0.533329126,15.118046342,5.519895214));
#2553=CARTESIAN_POINT('',(0.534123924,15.140576033,5.712493731));
#2554=CARTESIAN_POINT('',(0.535018749,15.1659415,5.807131671));
#2555=CARTESIAN_POINT('',(0.537728492,15.242754543,5.985178477));
#2556=CARTESIAN_POINT('',(0.539543089,15.294192993,6.068566189));
#2557=CARTESIAN_POINT('',(0.543940134,15.418836375,6.217103686));
#2558=CARTESIAN_POINT('',(0.546522059,15.492026496,6.282235822));
#2559=CARTESIAN_POINT('',(0.552237012,15.654029002,6.388785467));
#2560=CARTESIAN_POINT('',(0.55536936,15.742822139,6.430190316));
#2561=CARTESIAN_POINT('',(0.561922112,15.928574043,6.485800941));
#2562=CARTESIAN_POINT('',(0.565341737,16.02551074,6.50000011));
#2563=CARTESIAN_POINT('',(0.568761766,16.12245894,6.500000005));
#2564=CARTESIAN_POINT('',(1.554350893,15.325986558,4.813879033));
#2565=CARTESIAN_POINT('',(1.547635036,15.259767346,4.88441259));
#2566=CARTESIAN_POINT('',(1.541962807,15.20383843,4.964679985));
#2567=CARTESIAN_POINT('',(1.533179432,15.117233195,5.137977605));
#2568=CARTESIAN_POINT('',(1.530069356,15.086567422,5.230987367));
#2569=CARTESIAN_POINT('',(1.526672299,15.053071943,5.421957513));
#2570=CARTESIAN_POINT('',(1.526385722,15.050246216,5.519895205));
#2571=CARTESIAN_POINT('',(1.528660411,15.072674863,5.712493721));
#2572=CARTESIAN_POINT('',(1.531221408,15.097926571,5.80713166));
#2573=CARTESIAN_POINT('',(1.53897675,15.174395128,5.985178466));
#2574=CARTESIAN_POINT('',(1.544170173,15.22560289,6.068566177));
#2575=CARTESIAN_POINT('',(1.556754645,15.349687281,6.217103674));
#2576=CARTESIAN_POINT('',(1.564144198,15.422549166,6.282235809));
#2577=CARTESIAN_POINT('',(1.580500586,15.583825141,6.388785454));
#2578=CARTESIAN_POINT('',(1.589465478,15.672220067,6.430190304));
#2579=CARTESIAN_POINT('',(1.608219693,15.857138932,6.48580093));
#2580=CARTESIAN_POINT('',(1.618006788,15.953640898,6.500000098));
#2581=CARTESIAN_POINT('',(1.627795045,16.050154317,6.499999995));
#2582=CARTESIAN_POINT('',(2.056528063,15.26667968,4.813879033));
#2583=CARTESIAN_POINT('',(2.047642579,15.200716504,4.884412799));
#2584=CARTESIAN_POINT('',(2.040137883,15.145003869,4.96468046));
#2585=CARTESIAN_POINT('',(2.028516968,15.058733645,5.137978665));
#2586=CARTESIAN_POINT('',(2.024402165,15.028186561,5.230988746));
#2587=CARTESIAN_POINT('',(2.019907697,14.994820925,5.42195951));
#2588=CARTESIAN_POINT('',(2.019528565,14.992006338,5.519897503));
#2589=CARTESIAN_POINT('',(2.022538181,15.014348767,5.712496526));
#2590=CARTESIAN_POINT('',(2.025926571,15.039503129,5.807134673));
#2591=CARTESIAN_POINT('',(2.036187433,15.11567664,5.98518174));
#2592=CARTESIAN_POINT('',(2.043058687,15.166686738,6.068569504));
#2593=CARTESIAN_POINT('',(2.059708783,15.290292004,6.217106906));
#2594=CARTESIAN_POINT('',(2.069485647,15.362872486,6.282238894));
#2595=CARTESIAN_POINT('',(2.091126204,15.523525447,6.388788026));
#2596=CARTESIAN_POINT('',(2.102987326,15.611578838,6.430192509));
#2597=CARTESIAN_POINT('',(2.127800324,15.795783063,6.485802194));
#2598=CARTESIAN_POINT('',(2.140749253,15.89191201,6.500000788));
#2599=CARTESIAN_POINT('',(2.153699704,15.98805227,6.500000026));
#2600=CARTESIAN_POINT('',(3.05402155,15.098800233,4.813879033));
#2601=CARTESIAN_POINT('',(3.0408261,15.033562412,4.884412792));
#2602=CARTESIAN_POINT('',(3.029681184,14.978462411,4.964680446));
#2603=CARTESIAN_POINT('',(3.012423417,14.89314084,5.137978636));
#2604=CARTESIAN_POINT('',(3.006312666,14.862929659,5.23098871));
#2605=CARTESIAN_POINT('',(2.999638038,14.829930914,5.421959462));
#2606=CARTESIAN_POINT('',(2.999074953,14.827147271,5.519897448));
#2607=CARTESIAN_POINT('',(3.003544284,14.849244003,5.712496461));
#2608=CARTESIAN_POINT('',(3.00857617,14.874121751,5.807134604));
#2609=CARTESIAN_POINT('',(3.023813993,14.949457616,5.985181665));
#2610=CARTESIAN_POINT('',(3.034018121,14.99990678,6.068569427));
#2611=CARTESIAN_POINT('',(3.05874431,15.122152823,6.217106828));
#2612=CARTESIAN_POINT('',(3.073263433,15.193935176,6.282238817));
#2613=CARTESIAN_POINT('',(3.105400744,15.352821525,6.388787952));
#2614=CARTESIAN_POINT('',(3.123015113,15.439906642,6.430192438));
#2615=CARTESIAN_POINT('',(3.159863694,15.622085278,6.485802131));
#2616=CARTESIAN_POINT('',(3.179093528,15.717157151,6.50000073));
#2617=CARTESIAN_POINT('',(3.198325632,15.812240212,6.499999974));
#2618=CARTESIAN_POINT('',(3.551111787,14.989618743,4.813879033));
#2619=CARTESIAN_POINT('',(3.535768455,14.924852916,4.884412558));
#2620=CARTESIAN_POINT('',(3.522809437,14.870151529,4.964679913));
#2621=CARTESIAN_POINT('',(3.502742554,14.785447092,5.137977442));
#2622=CARTESIAN_POINT('',(3.495637133,14.755454357,5.230987155));
#2623=CARTESIAN_POINT('',(3.487876047,14.722693993,5.421957205));
#2624=CARTESIAN_POINT('',(3.487221305,14.719930256,5.519894851));
#2625=CARTESIAN_POINT('',(3.492418121,14.741866566,5.712493287));
#2626=CARTESIAN_POINT('',(3.498269062,14.766564006,5.807131194));
#2627=CARTESIAN_POINT('',(3.515987198,14.841354137,5.985177959));
#2628=CARTESIAN_POINT('',(3.527852289,14.89143794,6.068565663));
#2629=CARTESIAN_POINT('',(3.556603259,15.012798826,6.217103174));
#2630=CARTESIAN_POINT('',(3.573485721,15.084061487,6.282235333));
#2631=CARTESIAN_POINT('',(3.610854175,15.241797685,6.38878506));
#2632=CARTESIAN_POINT('',(3.631335726,15.328252479,6.430189967));
#2633=CARTESIAN_POINT('',(3.674182366,15.509112683,6.485800741));
#2634=CARTESIAN_POINT('',(3.696542364,15.603496604,6.5));
#2635=CARTESIAN_POINT('',(3.71890502,15.69789174,6.5));
#2636=CARTESIAN_POINT('',(4.523886628,14.725267901,4.813879033));
#2637=CARTESIAN_POINT('',(4.504340216,14.661644258,4.884412558));
#2638=CARTESIAN_POINT('',(4.487831266,14.607907562,4.964679913));
#2639=CARTESIAN_POINT('',(4.462267355,14.524696939,5.137977442));
#2640=CARTESIAN_POINT('',(4.453215509,14.495233144,5.230987155));
#2641=CARTESIAN_POINT('',(4.443328388,14.463050528,5.421957205));
#2642=CARTESIAN_POINT('',(4.442494288,14.460335531,5.519894851));
#2643=CARTESIAN_POINT('',(4.449114695,14.481884981,5.712493287));
#2644=CARTESIAN_POINT('',(4.456568415,14.506146867,5.807131194));
#2645=CARTESIAN_POINT('',(4.479140175,14.579618029,5.985177959));
#2646=CARTESIAN_POINT('',(4.494255533,14.628818575,6.068565663));
#2647=CARTESIAN_POINT('',(4.530882407,14.748039189,6.217103174));
#2648=CARTESIAN_POINT('',(4.552389572,14.818045092,6.282235333));
#2649=CARTESIAN_POINT('',(4.599994564,14.972999518,6.38878506));
#2650=CARTESIAN_POINT('',(4.626086734,15.05792963,6.430189967));
#2651=CARTESIAN_POINT('',(4.680670581,15.235600257,6.485800741));
#2652=CARTESIAN_POINT('',(4.709155773,15.328319661,6.5));
#2653=CARTESIAN_POINT('',(4.737644349,15.421050083,6.5));
#2654=CARTESIAN_POINT('',(5.000810984,14.570079002,4.813879033));
#2655=CARTESIAN_POINT('',(4.979203919,14.507125885,4.884412558));
#2656=CARTESIAN_POINT('',(4.960954536,14.453955518,4.964679913));
#2657=CARTESIAN_POINT('',(4.932695586,14.371621847,5.137977442));
#2658=CARTESIAN_POINT('',(4.922689461,14.34246857,5.230987155));
#2659=CARTESIAN_POINT('',(4.911760005,14.310625125,5.421957205));
#2660=CARTESIAN_POINT('',(4.910837971,14.307938741,5.519894851));
#2661=CARTESIAN_POINT('',(4.918156326,14.329261082,5.712493287));
#2662=CARTESIAN_POINT('',(4.926395843,14.353267274,5.807131194));
#2663=CARTESIAN_POINT('',(4.951347199,14.425964127,5.985177959));
#2664=CARTESIAN_POINT('',(4.968056072,14.474646151,6.068565663));
#2665=CARTESIAN_POINT('',(5.008544283,14.592610304,6.217103174));
#2666=CARTESIAN_POINT('',(5.03231881,14.661878418,6.282235333));
#2667=CARTESIAN_POINT('',(5.084942491,14.815199786,6.38878506));
#2668=CARTESIAN_POINT('',(5.113785392,14.899234824,6.430189967));
#2669=CARTESIAN_POINT('',(5.174123664,15.075032989,6.485800741));
#2670=CARTESIAN_POINT('',(5.205611866,15.166775228,6.5));
#2671=CARTESIAN_POINT('',(5.23710381,15.258528368,6.5));
#2672=CARTESIAN_POINT('',(6.40382154,14.036995917,4.813879033));
#2673=CARTESIAN_POINT('',(6.376152471,13.976346099,4.884412558));
#2674=CARTESIAN_POINT('',(6.352783102,13.925121103,4.964679913));
#2675=CARTESIAN_POINT('',(6.316595918,13.845799817,5.137977442));
#2676=CARTESIAN_POINT('',(6.303782509,13.817713186,5.230987155));
#2677=CARTESIAN_POINT('',(6.289786721,13.787034814,5.421957205));
#2678=CARTESIAN_POINT('',(6.288606005,13.784446718,5.519894851));
#2679=CARTESIAN_POINT('',(6.297977572,13.804988928,5.712493287));
#2680=CARTESIAN_POINT('',(6.308528741,13.828116793,5.807131194));
#2681=CARTESIAN_POINT('',(6.340480364,13.898153848,5.985177959));
#2682=CARTESIAN_POINT('',(6.361877022,13.945054717,6.068565663));
#2683=CARTESIAN_POINT('',(6.413724468,14.058702854,6.217103174));
#2684=CARTESIAN_POINT('',(6.444169096,14.125436619,6.282235333));
#2685=CARTESIAN_POINT('',(6.511556698,14.273148339,6.38878506));
#2686=CARTESIAN_POINT('',(6.548491665,14.354108743,6.430189967));
#2687=CARTESIAN_POINT('',(6.625758238,14.523474889,6.485800741));
#2688=CARTESIAN_POINT('',(6.666080663,14.611860506,6.5));
#2689=CARTESIAN_POINT('',(6.70640788,14.700256626,6.5));
#2690=CARTESIAN_POINT('',(7.302417215,13.59224679,4.813879033));
#2691=CARTESIAN_POINT('',(7.270865572,13.533518605,4.884412558));
#2692=CARTESIAN_POINT('',(7.244216972,13.483916625,4.964679913));
#2693=CARTESIAN_POINT('',(7.202951938,13.407108561,5.137977442));
#2694=CARTESIAN_POINT('',(7.188340528,13.379911828,5.230987155));
#2695=CARTESIAN_POINT('',(7.172380826,13.350205471,5.421957204));
#2696=CARTESIAN_POINT('',(7.17103443,13.347699377,5.51989485));
#2697=CARTESIAN_POINT('',(7.181721032,13.367590726,5.712493287));
#2698=CARTESIAN_POINT('',(7.19375276,13.389985806,5.807131194));
#2699=CARTESIAN_POINT('',(7.230187892,13.457803802,5.985177959));
#2700=CARTESIAN_POINT('',(7.254586966,13.503218661,6.068565663));
#2701=CARTESIAN_POINT('',(7.313709739,13.613265963,6.217103174));
#2702=CARTESIAN_POINT('',(7.348426412,13.677885331,6.282235333));
#2703=CARTESIAN_POINT('',(7.425269962,13.820916943,6.38878506));
#2704=CARTESIAN_POINT('',(7.46738771,13.899312192,6.430189967));
#2705=CARTESIAN_POINT('',(7.555496466,14.063312129,6.485800741));
#2706=CARTESIAN_POINT('',(7.601477006,14.148897331,6.5));
#2707=CARTESIAN_POINT('',(7.64746301,14.234492702,6.5));
#2708=CARTESIAN_POINT('',(8.162699848,13.054323159,4.813879033));
#2709=CARTESIAN_POINT('',(8.127431172,12.997919187,4.884412558));
#2710=CARTESIAN_POINT('',(8.097643155,12.950280244,4.964679913));
#2711=CARTESIAN_POINT('',(8.051516773,12.876511917,5.137977442));
#2712=CARTESIAN_POINT('',(8.035184023,12.850391516,5.230987155));
#2713=CARTESIAN_POINT('',(8.017344141,12.821860812,5.421957204));
#2714=CARTESIAN_POINT('',(8.015839129,12.819453898,5.51989485));
#2715=CARTESIAN_POINT('',(8.027784697,12.838558032,5.712493287));
#2716=CARTESIAN_POINT('',(8.041233858,12.860066809,5.807131194));
#2717=CARTESIAN_POINT('',(8.081961338,12.925200856,5.985177959));
#2718=CARTESIAN_POINT('',(8.109234817,12.968818387,6.068565663));
#2719=CARTESIAN_POINT('',(8.175322721,13.074510482,6.217103174));
#2720=CARTESIAN_POINT('',(8.214129293,13.136572489,6.282235333));
#2721=CARTESIAN_POINT('',(8.300025622,13.273943514,6.38878506));
#2722=CARTESIAN_POINT('',(8.347105175,13.349236211,6.430189967));
#2723=CARTESIAN_POINT('',(8.445593841,13.506745724,6.485800741));
#2724=CARTESIAN_POINT('',(8.496991253,13.588943826,6.5));
#2725=CARTESIAN_POINT('',(8.548394773,13.671151695,6.5));
#2726=B_SPLINE_SURFACE_WITH_KNOTS('',3,3,((#386,#387,#388,#389,#390,#391,#392,#393,#394,#395,#396,#397,#398,#399,#400,#401,#402,#403),(#404,#405,#406,#407,#408,#409,#410,#411,#412,#413,#414,#415,#416,#417,#418,#419,#420,#421),(#422,#423,#424,#425,#426,#427,#428,#429,#430,#431,#432,#433,#434,#435,#436,#437,#438,#439),(#440,#441,#442,#443,#444,#445,#446,#447,#448,#449,#450,#451,#452,#453,#454,#455,#456,#457),(#458,#459,#460,#461,#462,#463,#464,#465,#466,#467,#468,#469,#470,#471,#472,#473,#474,#475),(#476,#477,#478,#479,#480,#481,#482,#483,#484,#485,#486,#487,#488,#489,#490,#491,#492,#493),(#494,#495,#496,#497,#498,#499,#500,#501,#502,#503,#504,#505,#506,#507,#508,#509,#510,#511),(#512,#513,#514,#515,#516,#517,#518,#519,#520,#521,#522,#523,#524,#525,#526,#527,#528,#529),(#530,#531,#532,#533,#534,#535,#536,#537,#538,#539,#540,#541,#542,#543,#544,#545,#546,#547),(#548,#549,#550,#551,#552,#553,#554,#555,#556,#557,#558,#559,#560,#561,#562,#563,#564,#565),(#566,#567,#568,#569,#570,#571,#572,#573,#574,#575,#576,#577,#578,#579,#580,#581,#582,#583),(#584,#585,#586,#587,#588,#589,#590,#591,#592,#593,#594,#595,#596,#597,#598,#599,#600,#601),(#602,#603,#604,#605,#606,#607,#608,#609,#610,#611,#612,#613,#614,#615,#616,#617,#618,#619),(#620,#621,#622,#623,#624,#625,#626,#627,#628,#629,#630,#631,#632,#633,#634,#635,#636,#637),(#638,#639,#640,#641,#642,#643,#644,#645,#646,#647,#648,#649,#650,#651,#652,#653,#654,#655),(#656,#657,#658,#659,#660,#661,#662,#663,#664,#665,#666,#667,#668,#669,#670,#671,#672,#673),(#674,#675,#676,#677,#678,#679,#680,#681,#682,#683,#684,#685,#686,#687,#688,#689,#690,#691),(#692,#693,#694,#695,#696,#697,#698,#699,#700,#701,#702,#703,#704,#705,#706,#707,#708,#709),(#710,#711,#712,#713,#714,#715,#716,#717,#718,#719,#720,#721,#722,#723,#724,#725,#726,#727),(#728,#729,#730,#731,#732,#733,#734,#735,#736,#737,#738,#739,#740,#741,#742,#743,#744,#745),(#746,#747,#748,#749,#750,#751,#752,#753,#754,#755,#756,#757,#758,#759,#760,#761,#762,#763),(#764,#765,#766,#767,#768,#769,#770,#771,#772,#773,#774,#775,#776,#777,#778,#779,#780,#781),(#782,#783,#784,#785,#786,#787,#788,#789,#790,#791,#792,#793,#794,#795,#796,#797,#798,#799),(#800,#801,#802,#803,#804,#805,#806,#807,#808,#809,#810,#811,#812,#813,#814,#815,#816,#817),(#818,#819,#820,#821,#822,#823,#824,#825,#826,#827,#828,#829,#830,#831,#832,#833,#834,#835),(#836,#837,#838,#839,#840,#841,#842,#843,#844,#845,#846,#847,#848,#849,#850,#851,#852,#853),
(#854,#855,#856,#857,#858,#859,#860,#861,#862,#863,#864,#865,#866,#867,#868,#869,#870,#871),(#872,#873,#874,#875,#876,#877,#878,#879,#880,#881,#882,#883,#884,#885,#886,#887,#888,#889),(#890,#891,#892,#893,#894,#895,#896,#897,#898,#899,#900,#901,#902,#903,#904,#905,#906,#907),(#908,#909,#910,#911,#912,#913,#914,#915,#916,#917,#918,#919,#920,#921,#922,#923,#924,#925),(#926,#927,#928,#929,#930,#931,#932,#933,#934,#935,#936,#937,#938,#939,#940,#941,#942,#943),(#944,#945,#946,#947,#948,#949,#950,#951,#952,#953,#954,#955,#956,#957,#958,#959,#960,#961),(#962,#963,#964,#965,#966,#967,#968,#969,#970,#971,#972,#973,#974,#975,#976,#977,#978,#979),(#980,#981,#982,#983,#984,#985,#986,#987,#988,#989,#990,#991,#992,#993,#994,#995,#996,#997),(#998,#999,#1000,#1001,#1002,#1003,#1004,#1005,#1006,#1007,#1008,#1009,#1010,#1011,#1012,#1013,#1014,#1015),(#1016,#1017,#1018,#1019,#1020,#1021,#1022,#1023,#1024,#1025,#1026,#1027,#1028,#1029,#1030,#1031,#1032,#1033),(#1034,#1035,#1036,#1037,#1038,#1039,#1040,#1041,#1042,#1043,#1044,#1045,#1046,#1047,#1048,#1049,#1050,#1051),(#1052,#1053,#1054,#1055,#1056,#1057,#1058,#1059,#1060,#1061,#1062,#1063,#1064,#1065,#1066,#1067,#1068,#1069),(#1070,#1071,#1072,#1073,#1074,#1075,#1076,#1077,#1078,#1079,#1080,#1081,#1082,#1083,#1084,#1085,#1086,#1087),(#1088,#1089,#1090,#1091,#1092,#1093,#1094,#1095,#1096,#1097,#1098,#1099,#1100,#1101,#1102,#1103,#1104,#1105),(#1106,#1107,#1108,#1109,#1110,#1111,#1112,#1113,#1114,#1115,#1116,#1117,#1118,#1119,#1120,#1121,#1122,#1123),(#1124,#1125,#1126,#1127,#1128,#1129,#1130,#1131,#1132,#1133,#1134,#1135,#1136,#1137,#1138,#1139,#1140,#1141),(#1142,#1143,#1144,#1145,#1146,#1147,#1148,#1149,#1150,#1151,#1152,#1153,#1154,#1155,#1156,#1157,#1158,#1159),(#1160,#1161,#1162,#1163,#1164,#1165,#1166,#1167,#1168,#1169,#1170,#1171,#1172,#1173,#1174,#1175,#1176,#1177),(#1178,#1179,#1180,#1181,#1182,#1183,#1184,#1185,#1186,#1187,#1188,#1189,#1190,#1191,#1192,#1193,#1194,#1195),(#1196,#1197,#1198,#1199,#1200,#1201,#1202,#1203,#1204,#1205,#1206,#1207,#1208,#1209,#1210,#1211,#1212,#1213),(#1214,#1215,#1216,#1217,#1218,#1219,#1220,#1221,#1222,#1223,#1224,#1225,#1226,#1227,#1228,#1229,#1230,#1231),(#1232,#1233,#1234,#1235,#1236,#1237,#1238,#1239,#1240,#1241,#1242,#1243,#1244,#1245,#1246,#1247,#1248,#1249),(#1250,#1251,#1252,#1253,#1254,#1255,#1256,#1257,#1258,#1259,#1260,#1261,#1262,#1263,#1264,#1265,#1266,#1267),(#1268,#1269,#1270,#1271,#1272,#1273,#1274,#1275,#1276,#1277,#1278,#1279,#1280,#1281,#1282,#1283,#1284,#1285),(#1286,#1287,#1288,#1289,#1290,#1291,#1292,#1293,#1294,#1295,#1296,#1297,#1298,#1299,#1300,#1301,#1302,#1303),
(#1304,#1305,#1306,#1307,#1308,#1309,#1310,#1311,#1312,#1313,#1314,#1315,#1316,#1317,#1318,#1319,#1320,#1321),(#1322,#1323,#1324,#1325,#1326,#1327,#1328,#1329,#1330,#1331,#1332,#1333,#1334,#1335,#1336,#1337,#1338,#1339),(#1340,#1341,#1342,#1343,#1344,#1345,#1346,#1347,#1348,#1349,#1350,#1351,#1352,#1353,#1354,#1355,#1356,#1357),(#1358,#1359,#1360,#1361,#1362,#1363,#1364,#1365,#1366,#1367,#1368,#1369,#1370,#1371,#1372,#1373,#1374,#1375),(#1376,#1377,#1378,#1379,#1380,#1381,#1382,#1383,#1384,#1385,#1386,#1387,#1388,#1389,#1390,#1391,#1392,#1393),(#1394,#1395,#1396,#1397,#1398,#1399,#1400,#1401,#1402,#1403,#1404,#1405,#1406,#1407,#1408,#1409,#1410,#1411),(#1412,#1413,#1414,#1415,#1416,#1417,#1418,#1419,#1420,#1421,#1422,#1423,#1424,#1425,#1426,#1427,#1428,#1429),(#1430,#1431,#1432,#1433,#1434,#1435,#1436,#1437,#1438,#1439,#1440,#1441,#1442,#1443,#1444,#1445,#1446,#1447),(#1448,#1449,#1450,#1451,#1452,#1453,#1454,#1455,#1456,#1457,#1458,#1459,#1460,#1461,#1462,#1463,#1464,#1465),(#1466,#1467,#1468,#1469,#1470,#1471,#1472,#1473,#1474,#1475,#1476,#1477,#1478,#1479,#1480,#1481,#1482,#1483),(#1484,#1485,#1486,#1487,#1488,#1489,#1490,#1491,#1492,#1493,#1494,#1495,#1496,#1497,#1498,#1499,#1500,#1501),(#1502,#1503,#1504,#1505,#1506,#1507,#1508,#1509,#1510,#1511,#1512,#1513,#1514,#1515,#1516,#1517,#1518,#1519),(#1520,#1521,#1522,#1523,#1524,#1525,#1526,#1527,#1528,#1529,#1530,#1531,#1532,#1533,#1534,#1535,#1536,#1537),(#1538,#1539,#1540,#1541,#1542,#1543,#1544,#1545,#1546,#1547,#1548,#1549,#1550,#1551,#1552,#1553,#1554,#1555),(#1556,#1557,#1558,#1559,#1560,#1561,#1562,#1563,#1564,#1565,#1566,#1567,#1568,#1569,#1570,#1571,#1572,#1573),(#1574,#1575,#1576,#1577,#1578,#1579,#1580,#1581,#1582,#1583,#1584,#1585,#1586,#1587,#1588,#1589,#1590,#1591),(#1592,#1593,#1594,#1595,#1596,#1597,#1598,#1599,#1600,#1601,#1602,#1603,#1604,#1605,#1606,#1607,#1608,#1609),(#1610,#1611,#1612,#1613,#1614,#1615,#1616,#1617,#1618,#1619,#1620,#1621,#1622,#1623,#1624,#1625,#1626,#1627),(#1628,#1629,#1630,#1631,#1632,#1633,#1634,#1635,#1636,#1637,#1638,#1639,#1640,#1641,#1642,#1643,#1644,#1645),(#1646,#1647,#1648,#1649,#1650,#1651,#1652,#1653,#1654,#1655,#1656,#1657,#1658,#1659,#1660,#1661,#1662,#1663),(#1664,#1665,#1666,#1667,#1668,#1669,#1670,#1671,#1672,#1673,#1674,#1675,#1676,#1677,#1678,#1679,#1680,#1681),(#1682,#1683,#1684,#1685,#1686,#1687,#1688,#1689,#1690,#1691,#1692,#1693,#1694,#1695,#1696,#1697,#1698,#1699),(#1700,#1701,#1702,#1703,#1704,#1705,#1706,#1707,#1708,#1709,#1710,#1711,#1712,#1713,#1714,#1715,#1716,#1717),(#1718,#1719,#1720,#1721,#1722,#1723,#1724,#1725,#1726,#1727,#1728,#1729,#1730,#1731,#1732,#1733,#1734,#1735),(#1736,#1737,#1738,#1739,#1740,#1741,#1742,#1743,#1744,#1745,#1746,#1747,#1748,#1749,#1750,#1751,#1752,#1753),
(#1754,#1755,#1756,#1757,#1758,#1759,#1760,#1761,#1762,#1763,#1764,#1765,#1766,#1767,#1768,#1769,#1770,#1771),(#1772,#1773,#1774,#1775,#1776,#1777,#1778,#1779,#1780,#1781,#1782,#1783,#1784,#1785,#1786,#1787,#1788,#1789),(#1790,#1791,#1792,#1793,#1794,#1795,#1796,#1797,#1798,#1799,#1800,#1801,#1802,#1803,#1804,#1805,#1806,#1807),(#1808,#1809,#1810,#1811,#1812,#1813,#1814,#1815,#1816,#1817,#1818,#1819,#1820,#1821,#1822,#1823,#1824,#1825),(#1826,#1827,#1828,#1829,#1830,#1831,#1832,#1833,#1834,#1835,#1836,#1837,#1838,#1839,#1840,#1841,#1842,#1843),(#1844,#1845,#1846,#1847,#1848,#1849,#1850,#1851,#1852,#1853,#1854,#1855,#1856,#1857,#1858,#1859,#1860,#1861),(#1862,#1863,#1864,#1865,#1866,#1867,#1868,#1869,#1870,#1871,#1872,#1873,#1874,#1875,#1876,#1877,#1878,#1879),(#1880,#1881,#1882,#1883,#1884,#1885,#1886,#1887,#1888,#1889,#1890,#1891,#1892,#1893,#1894,#1895,#1896,#1897),(#1898,#1899,#1900,#1901,#1902,#1903,#1904,#1905,#1906,#1907,#1908,#1909,#1910,#1911,#1912,#1913,#1914,#1915),(#1916,#1917,#1918,#1919,#1920,#1921,#1922,#1923,#1924,#1925,#1926,#1927,#1928,#1929,#1930,#1931,#1932,#1933),(#1934,#1935,#1936,#1937,#1938,#1939,#1940,#1941,#1942,#1943,#1944,#1945,#1946,#1947,#1948,#1949,#1950,#1951),(#1952,#1953,#1954,#1955,#1956,#1957,#1958,#1959,#1960,#1961,#1962,#1963,#1964,#1965,#1966,#1967,#1968,#1969),(#1970,#1971,#1972,#1973,#1974,#1975,#1976,#1977,#1978,#1979,#1980,#1981,#1982,#1983,#1984,#1985,#1986,#1987),(#1988,#1989,#1990,#1991,#1992,#1993,#1994,#1995,#1996,#1997,#1998,#1999,#2000,#2001,#2002,#2003,#2004,#2005),(#2006,#2007,#2008,#2009,#2010,#2011,#2012,#2013,#2014,#2015,#2016,#2017,#2018,#2019,#2020,#2021,#2022,#2023),(#2024,#2025,#2026,#2027,#2028,#2029,#2030,#2031,#2032,#2033,#2034,#2035,#2036,#2037,#2038,#2039,#2040,#2041),(#2042,#2043,#2044,#2045,#2046,#2047,#2048,#2049,#2050,#2051,#2052,#2053,#2054,#2055,#2056,#2057,#2058,#2059),(#2060,#2061,#2062,#2063,#2064,#2065,#2066,#2067,#2068,#2069,#2070,#2071,#2072,#2073,#2074,#2075,#2076,#2077),(#2078,#2079,#2080,#2081,#2082,#2083,#2084,#2085,#2086,#2087,#2088,#2089,#2090,#2091,#2092,#2093,#2094,#2095),(#2096,#2097,#2098,#2099,#2100,#2101,#2102,#2103,#2104,#2105,#2106,#2107,#2108,#2109,#2110,#2111,#2112,#2113),(#2114,#2115,#2116,#2117,#2118,#2119,#2120,#2121,#2122,#2123,#2124,#2125,#2126,#2127,#2128,#2129,#2130,#2131),(#2132,#2133,#2134,#2135,#2136,#2137,#2138,#2139,#2140,#2141,#2142,#2143,#2144,#2145,#2146,#2147,#2148,#2149),(#2150,#2151,#2152,#2153,#2154,#2155,#2156,#2157,#2158,#2159,#2160,#2161,#2162,#2163,#2164,#2165,#2166,#2167),(#2168,#2169,#2170,#2171,#2172,#2173,#2174,#2175,#2176,#2177,#2178,#2179,#2180,#2181,#2182,#2183,#2184,#2185),(#2186,#2187,#2188,#2189,#2190,#2191,#2192,#2193,#2194,#2195,#2196,#2197,#2198,#2199,#2200,#2201,#2202,#2203),
(#2204,#2205,#2206,#2207,#2208,#2209,#2210,#2211,#2212,#2213,#2214,#2215,#2216,#2217,#2218,#2219,#2220,#2221),(#2222,#2223,#2224,#2225,#2226,#2227,#2228,#2229,#2230,#2231,#2232,#2233,#2234,#2235,#2236,#2237,#2238,#2239),(#2240,#2241,#2242,#2243,#2244,#2245,#2246,#2247,#2248,#2249,#2250,#2251,#2252,#2253,#2254,#2255,#2256,#2257),(#2258,#2259,#2260,#2261,#2262,#2263,#2264,#2265,#2266,#2267,#2268,#2269,#2270,#2271,#2272,#2273,#2274,#2275),(#2276,#2277,#2278,#2279,#2280,#2281,#2282,#2283,#2284,#2285,#2286,#2287,#2288,#2289,#2290,#2291,#2292,#2293),(#2294,#2295,#2296,#2297,#2298,#2299,#2300,#2301,#2302,#2303,#2304,#2305,#2306,#2307,#2308,#2309,#2310,#2311),(#2312,#2313,#2314,#2315,#2316,#2317,#2318,#2319,#2320,#2321,#2322,#2323,#2324,#2325,#2326,#2327,#2328,#2329),(#2330,#2331,#2332,#2333,#2334,#2335,#2336,#2337,#2338,#2339,#2340,#2341,#2342,#2343,#2344,#2345,#2346,#2347),(#2348,#2349,#2350,#2351,#2352,#2353,#2354,#2355,#2356,#2357,#2358,#2359,#2360,#2361,#2362,#2363,#2364,#2365),(#2366,#2367,#2368,#2369,#2370,#2371,#2372,#2373,#2374,#2375,#2376,#2377,#2378,#2379,#2380,#2381,#2382,#2383),(#2384,#2385,#2386,#2387,#2388,#2389,#2390,#2391,#2392,#2393,#2394,#2395,#2396,#2397,#2398,#2399,#2400,#2401),(#2402,#2403,#2404,#2405,#2406,#2407,#2408,#2409,#2410,#2411,#2412,#2413,#2414,#2415,#2416,#2417,#2418,#2419),(#2420,#2421,#2422,#2423,#2424,#2425,#2426,#2427,#2428,#2429,#2430,#2431,#2432,#2433,#2434,#2435,#2436,#2437),(#2438,#2439,#2440,#2441,#2442,#2443,#2444,#2445,#2446,#2447,#2448,#2449,#2450,#2451,#2452,#2453,#2454,#2455),(#2456,#2457,#2458,#2459,#2460,#2461,#2462,#2463,#2464,#2465,#2466,#2467,#2468,#2469,#2470,#2471,#2472,#2473),(#2474,#2475,#2476,#2477,#2478,#2479,#2480,#2481,#2482,#2483,#2484,#2485,#2486,#2487,#2488,#2489,#2490,#2491),(#2492,#2493,#2494,#2495,#2496,#2497,#2498,#2499,#2500,#2501,#2502,#2503,#2504,#2505,#2506,#2507,#2508,#2509),(#2510,#2511,#2512,#2513,#2514,#2515,#2516,#2517,#2518,#2519,#2520,#2521,#2522,#2523,#2524,#2525,#2526,#2527),(#2528,#2529,#2530,#2531,#2532,#2533,#2534,#2535,#2536,#2537,#2538,#2539,#2540,#2541,#2542,#2543,#2544,#2545),(#2546,#2547,#2548,#2549,#2550,#2551,#2552,#2553,#2554,#2555,#2556,#2557,#2558,#2559,#2560,#2561,#2562,#2563),(#2564,#2565,#2566,#2567,#2568,#2569,#2570,#2571,#2572,#2573,#2574,#2575,#2576,#2577,#2578,#2579,#2580,#2581),(#2582,#2583,#2584,#2585,#2586,#2587,#2588,#2589,#2590,#2591,#2592,#2593,#2594,#2595,#2596,#2597,#2598,#2599),(#2600,#2601,#2602,#2603,#2604,#2605,#2606,#2607,#2608,#2609,#2610,#2611,#2612,#2613,#2614,#2615,#2616,#2617),(#2618,#2619,#2620,#2621,#2622,#2623,#2624,#2625,#2626,#2627,#2628,#2629,#2630,#2631,#2632,#2633,#2634,#2635),(#2636,#2637,#2638,#2639,#2640,#2641,#2642,#2643,#2644,#2645,#2646,#2647,#2648,#2649,#2650,#2651,#2652,#2653),
(#2654,#2655,#2656,#2657,#2658,#2659,#2660,#2661,#2662,#2663,#2664,#2665,#2666,#2667,#2668,#2669,#2670,#2671),(#2672,#2673,#2674,#2675,#2676,#2677,#2678,#2679,#2680,#2681,#2682,#2683,#2684,#2685,#2686,#2687,#2688,#2689),(#2690,#2691,#2692,#2693,#2694,#2695,#2696,#2697,#2698,#2699,#2700,#2701,#2702,#2703,#2704,#2705,#2706,#2707),(#2708,#2709,#2710,#2711,#2712,#2713,#2714,#2715,#2716,#2717,#2718,#2719,#2720,#2721,#2722,#2723,#2724,#2725)),.UNSPECIFIED.,.T.,.F.,.U.,(4,2,2,2,2,2,2,2,2,2,2,2,2,2,2,2,2,2,2,2,2,2,2,2,2,2,
2,2,2,2,2,2,2,2,2,2,2,2,2,2,2,2,2,2,2,2,2,2,2,2,2,
2,2,2,2,2,2,2,2,2,2,2,2,2,4),(4,2,2,2,2,2,2,2,4),(0.,0.003142432,0.004713648,0.005499256,0.006284864,0.009427296,0.010212904,0.010998512,0.012569728,0.014140944,0.01571216,0.017283376,0.018854592,0.020425807,0.021997023,0.025139455,0.028281887,0.029853103,0.030638711,0.031424319,0.034566751,0.035352359,0.036137967,0.037709183,0.039280399,0.040851615,
0.042422831,0.043208439,0.043994047,0.047136479,0.047922087,0.048707695,0.050278911,0.051064519,0.051850127,0.053421343,0.056563775,0.057349383,0.058134991,0.059706206,0.061277422,0.062848638,0.064419854,0.065205462,0.06599107,0.067562286,0.069133502,0.070704718,0.072275934,0.075418366,0.078560798,
0.080132014,0.080917622,0.08170323,0.084845662,0.08563127,0.086416878,0.087988094,0.08955931,0.091130526,0.092701742,0.094272958,0.095844174,0.09741539,0.100557821),(0.000001262,0.125,0.25,0.375,0.5,0.625,0.75,0.875,1.),.UNSPECIFIED.);
#2727=CARTESIAN_POINT('',(8.548394828,13.671151782,6.5));
#2728=VERTEX_POINT('',#2727);
#2729=CARTESIAN_POINT('',(8.16269653,13.054317852,4.813876897));
#2730=VERTEX_POINT('',#2729);
#2731=CARTESIAN_POINT('',(8.548394773,13.671151695,6.5));
#2732=CARTESIAN_POINT('',(8.496991253,13.588943826,6.5));
#2733=CARTESIAN_POINT('',(8.445593841,13.506745724,6.485800741));
#2734=CARTESIAN_POINT('',(8.347105175,13.349236211,6.430189967));
#2735=CARTESIAN_POINT('',(8.300025622,13.273943514,6.38878506));
#2736=CARTESIAN_POINT('',(8.214129293,13.136572489,6.282235333));
#2737=CARTESIAN_POINT('',(8.175322721,13.074510482,6.217103174));
#2738=CARTESIAN_POINT('',(8.109234817,12.968818387,6.068565663));
#2739=CARTESIAN_POINT('',(8.081961338,12.925200856,5.985177959));
#2740=CARTESIAN_POINT('',(8.041233858,12.860066809,5.807131194));
#2741=CARTESIAN_POINT('',(8.027784697,12.838558032,5.712493287));
#2742=CARTESIAN_POINT('',(8.015839129,12.819453898,5.51989485));
#2743=CARTESIAN_POINT('',(8.017344141,12.821860812,5.421957204));
#2744=CARTESIAN_POINT('',(8.035184023,12.850391516,5.230987155));
#2745=CARTESIAN_POINT('',(8.051516773,12.876511917,5.137977442));
#2746=CARTESIAN_POINT('',(8.097643388,12.950280616,4.964679038));
#2747=CARTESIAN_POINT('',(8.127431773,12.997920148,4.884410938));
#2748=CARTESIAN_POINT('',(8.162700916,13.054324867,4.813876897));
#2749=B_SPLINE_CURVE_WITH_KNOTS('',3,(#2731,#2732,#2733,#2734,#2735,#2736,#2737,#2738,#2739,#2740,#2741,#2742,#2743,#2744,#2745,#2746,#2747,#2748),.UNSPECIFIED.,.F.,.F.,(4,2,2,2,2,2,2,2,4),(0.,0.125,0.25,0.375,0.5,0.625,0.75,0.875,1.),.UNSPECIFIED.);
#2750=EDGE_CURVE('',#2728,#2730,#2749,.T.);
#2751=ORIENTED_EDGE('',*,*,#2750,.T.);
#2752=CARTESIAN_POINT('',(-15.396259769,0.000000001,4.813876897));
#2753=VERTEX_POINT('',#2752);
#2754=CARTESIAN_POINT('',(2.271627519,15.227763866,4.813876897));
#2755=CARTESIAN_POINT('',(1.77490798,15.301862847,4.813876897));
#2756=CARTESIAN_POINT('',(1.274561433,15.351693014,4.813876897));
#2757=CARTESIAN_POINT('',(0.771307964,15.376936235,4.813876897));
#2758=CARTESIAN_POINT('',(0.268054494,15.402179457,4.813876897));
#2759=CARTESIAN_POINT('',(-0.236791481,15.402649492,4.813876897));
#2760=CARTESIAN_POINT('',(-0.738803419,15.378532227,4.813876897));
#2761=CARTESIAN_POINT('',(-1.240815358,15.354414962,4.813876897));
#2762=CARTESIAN_POINT('',(-1.740669004,15.305822553,4.813876897));
#2763=CARTESIAN_POINT('',(-2.238363814,15.232688909,4.813876897));
#2764=CARTESIAN_POINT('',(-2.736058623,15.159555265,4.813876897));
#2765=CARTESIAN_POINT('',(-3.230866699,15.061832804,4.813876897));
#2766=CARTESIAN_POINT('',(-3.718219451,14.940546445,4.813876897));
#2767=CARTESIAN_POINT('',(-4.205572203,14.819260086,4.813876897));
#2768=CARTESIAN_POINT('',(-4.687277373,14.674061076,4.813876897));
#2769=CARTESIAN_POINT('',(-5.16167727,14.505246352,4.813876897));
#2770=CARTESIAN_POINT('',(-5.636077167,14.336431627,4.813876897));
#2771=CARTESIAN_POINT('',(-6.098380698,14.145767002,4.813876897));
#2772=CARTESIAN_POINT('',(-6.548976362,13.933986959,4.813876897));
#2773=CARTESIAN_POINT('',(-7.450167691,13.510426873,4.813876897));
#2774=CARTESIAN_POINT('',(-8.304874034,13.002980956,4.813876897));
#2775=CARTESIAN_POINT('',(-9.112276438,12.410137069,4.813876897));
#2776=CARTESIAN_POINT('',(-9.51597764,12.113715125,4.813876897));
#2777=CARTESIAN_POINT('',(-9.908568272,11.794714001,4.813876897));
#2778=CARTESIAN_POINT('',(-10.280705683,11.460897636,4.813876897));
#2779=CARTESIAN_POINT('',(-10.652843094,11.12708127,4.813876897));
#2780=CARTESIAN_POINT('',(-11.006724744,10.77700983,4.813876897));
#2781=CARTESIAN_POINT('',(-11.342686402,10.410982142,4.813876897));
#2782=CARTESIAN_POINT('',(-11.678648059,10.044954454,4.813876897));
#2783=CARTESIAN_POINT('',(-11.99668851,9.662970413,4.813876897));
#2784=CARTESIAN_POINT('',(-12.296633884,9.264873398,4.813876897));
#2785=CARTESIAN_POINT('',(-12.446606571,9.06582489,4.813876897));
#2786=CARTESIAN_POINT('',(-12.592047629,8.862741124,4.813876897));
#2787=CARTESIAN_POINT('',(-12.732885782,8.655559117,4.813876897));
#2788=CARTESIAN_POINT('',(-12.873723934,8.448377111,4.813876897));
#2789=CARTESIAN_POINT('',(-13.010278623,8.236564605,4.813876897));
#2790=CARTESIAN_POINT('',(-13.14132758,8.02188216,4.813876897));
#2791=CARTESIAN_POINT('',(-13.665523411,7.163152377,4.813876897));
#2792=CARTESIAN_POINT('',(-14.098242336,6.266826297,4.813876897));
#2793=CARTESIAN_POINT('',(-14.442698066,5.334187524,4.813876897));
#2794=CARTESIAN_POINT('',(-14.614925931,4.867868137,4.813876897));
#2795=CARTESIAN_POINT('',(-14.764930256,4.392398091,4.813876897));
#2796=CARTESIAN_POINT('',(-14.892145093,3.907569382,4.813876897));
#2797=CARTESIAN_POINT('',(-15.019359931,3.422740673,4.813876897));
#2798=CARTESIAN_POINT('',(-15.123602413,2.928145334,4.813876897));
#2799=CARTESIAN_POINT('',(-15.202950341,2.432156426,4.813876897));
#2800=CARTESIAN_POINT('',(-15.282298269,1.936167518,4.813876897));
#2801=CARTESIAN_POINT('',(-15.337353964,1.436794713,4.813876897));
#2802=CARTESIAN_POINT('',(-15.367911404,0.934014478,4.813876897));
#2803=CARTESIAN_POINT('',(-15.398468843,0.431234243,4.813876897));
#2804=CARTESIAN_POINT('',(-15.404330727,-0.073546076,4.813876897));
#2805=CARTESIAN_POINT('',(-15.385456128,-0.576908745,4.813876897));
#2806=CARTESIAN_POINT('',(-15.366581528,-1.080271414,4.813876897));
#2807=CARTESIAN_POINT('',(-15.322932082,-1.582977714,4.813876897));
#2808=CARTESIAN_POINT('',(-15.254937995,-2.081333885,4.813876897));
#2809=CARTESIAN_POINT('',(-15.186943907,-2.579690055,4.813876897));
#2810=CARTESIAN_POINT('',(-15.094772973,-3.073362706,4.813876897));
#2811=CARTESIAN_POINT('',(-14.978473357,-3.562361555,4.813876897));
#2812=CARTESIAN_POINT('',(-14.862173741,-4.051360404,4.813876897));
#2813=CARTESIAN_POINT('',(-14.721248227,-4.536500199,4.813876897));
#2814=CARTESIAN_POINT('',(-14.558605109,-5.009201655,4.813876897));
#2815=CARTESIAN_POINT('',(-14.395961992,-5.481903112,4.813876897));
#2816=CARTESIAN_POINT('',(-14.211238465,-5.944125597,4.813876897));
#2817=CARTESIAN_POINT('',(-14.004839213,-6.396058362,4.813876897));
#2818=CARTESIAN_POINT('',(-13.798439961,-6.847991126,4.813876897));
#2819=CARTESIAN_POINT('',(-13.570367963,-7.289626901,4.813876897));
#2820=CARTESIAN_POINT('',(-13.320401203,-7.720880504,4.813876897));
#2821=CARTESIAN_POINT('',(-13.195417823,-7.936507305,4.813876897));
#2822=CARTESIAN_POINT('',(-13.064952727,-8.149531268,4.813876897));
#2823=CARTESIAN_POINT('',(-12.928918735,-8.359912936,4.813876897));
#2824=CARTESIAN_POINT('',(-12.792884743,-8.570294604,4.813876897));
#2825=CARTESIAN_POINT('',(-12.650910401,-8.778542311,4.813876897));
#2826=CARTESIAN_POINT('',(-12.50417182,-8.982804186,4.813876897));
#2827=CARTESIAN_POINT('',(-11.917217496,-9.799851688,4.813876897));
#2828=CARTESIAN_POINT('',(-11.260001866,-10.547318739,4.813876897));
#2829=CARTESIAN_POINT('',(-10.534967361,-11.227624266,4.813876897));
#2830=CARTESIAN_POINT('',(-10.172450108,-11.56777703,4.813876897));
#2831=CARTESIAN_POINT('',(-9.792856182,-11.891018398,4.813876897));
#2832=CARTESIAN_POINT('',(-9.395753971,-12.196921385,4.813876897));
#2833=CARTESIAN_POINT('',(-8.998651761,-12.502824371,4.813876897));
#2834=CARTESIAN_POINT('',(-8.583635264,-12.791343439,4.813876897));
#2835=CARTESIAN_POINT('',(-8.157747695,-13.057420745,4.813876897));
#2836=CARTESIAN_POINT('',(-7.731860126,-13.32349805,4.813876897));
#2837=CARTESIAN_POINT('',(-7.293479479,-13.56848066,4.813876897));
#2838=CARTESIAN_POINT('',(-6.84251293,-13.792211598,4.813876897));
#2839=CARTESIAN_POINT('',(-6.39154638,-14.015942537,4.813876897));
#2840=CARTESIAN_POINT('',(-5.930972511,-14.216792124,4.813876897));
#2841=CARTESIAN_POINT('',(-5.464906887,-14.393744359,4.813876897));
#2842=CARTESIAN_POINT('',(-4.532775641,-14.747648829,4.813876897));
#2843=CARTESIAN_POINT('',(-3.574133454,-15.008993765,4.813876897));
#2844=CARTESIAN_POINT('',(-2.588745261,-15.177070927,4.813876897));
#2845=CARTESIAN_POINT('',(-2.096051165,-15.261109509,4.813876897));
#2846=CARTESIAN_POINT('',(-1.59490685,-15.321712356,4.813876897));
#2847=CARTESIAN_POINT('',(-1.092675286,-15.357445903,4.813876897));
#2848=CARTESIAN_POINT('',(-0.590443722,-15.393179451,4.813876897));
#2849=CARTESIAN_POINT('',(-0.085477861,-15.404249638,4.813876897));
#2850=CARTESIAN_POINT('',(0.417456855,-15.390607971,4.813876897));
#2851=CARTESIAN_POINT('',(0.920391571,-15.376966305,4.813876897));
#2852=CARTESIAN_POINT('',(1.421164471,-15.338771821,4.813876897));
#2853=CARTESIAN_POINT('',(1.919781466,-15.276109553,4.813876897));
#2854=CARTESIAN_POINT('',(2.418398461,-15.213447285,4.813876897));
#2855=CARTESIAN_POINT('',(2.915713966,-15.126008611,4.813876897));
#2856=CARTESIAN_POINT('',(3.405702097,-15.014868537,4.813876897));
#2857=CARTESIAN_POINT('',(3.895690229,-14.903728462,4.813876897));
#2858=CARTESIAN_POINT('',(4.379505722,-14.768830026,4.813876897));
#2859=CARTESIAN_POINT('',(4.857119286,-14.610047098,4.813876897));
#2860=CARTESIAN_POINT('',(5.095926068,-14.530655634,4.813876897));
#2861=CARTESIAN_POINT('',(5.333164875,-14.445251434,4.813876897));
#2862=CARTESIAN_POINT('',(5.566907241,-14.354603015,4.813876897));
#2863=CARTESIAN_POINT('',(5.800649607,-14.263954596,4.813876897));
#2864=CARTESIAN_POINT('',(6.03140312,-14.167901406,4.813876897));
#2865=CARTESIAN_POINT('',(6.259207314,-14.06653503,4.813876897));
#2866=CARTESIAN_POINT('',(7.170424093,-13.661069525,4.813876897));
#2867=CARTESIAN_POINT('',(8.034930563,-13.171311486,4.813876897));
#2868=CARTESIAN_POINT('',(8.85247572,-12.596775682,4.813876897));
#2869=CARTESIAN_POINT('',(9.056862009,-12.453141731,4.813876897));
#2870=CARTESIAN_POINT('',(9.258286981,-12.304162674,4.813876897));
#2871=CARTESIAN_POINT('',(9.45669278,-12.149734385,4.813876897));
#2872=CARTESIAN_POINT('',(9.65509858,-11.995306095,4.813876897));
#2873=CARTESIAN_POINT('',(9.850228959,-11.83557663,4.813876897));
#2874=CARTESIAN_POINT('',(10.040213391,-11.672154858,4.813876897));
#2875=CARTESIAN_POINT('',(10.420182254,-11.345311313,4.813876897));
#2876=CARTESIAN_POINT('',(10.781755283,-11.002088113,4.813876897));
#2877=CARTESIAN_POINT('',(11.125380789,-10.642884301,4.813876897));
#2878=CARTESIAN_POINT('',(11.812631802,-9.924476678,4.813876897));
#2879=CARTESIAN_POINT('',(12.42860642,-9.142604367,4.813876897));
#2880=CARTESIAN_POINT('',(12.97069664,-8.294945005,4.813876897));
#2881=CARTESIAN_POINT('',(13.106219195,-8.083030164,4.813876897));
#2882=CARTESIAN_POINT('',(13.236713797,-7.867480025,4.813876897));
#2883=CARTESIAN_POINT('',(13.361182023,-7.650091431,4.813876897));
#2884=CARTESIAN_POINT('',(13.485650249,-7.432702837,4.813876897));
#2885=CARTESIAN_POINT('',(13.604418974,-7.212972656,4.813876897));
#2886=CARTESIAN_POINT('',(13.717577474,-6.990933571,4.813876897));
#2887=CARTESIAN_POINT('',(13.943894475,-6.5468554,4.813876897));
#2888=CARTESIAN_POINT('',(14.147800603,-6.093576369,4.813876897));
#2889=CARTESIAN_POINT('',(14.32951935,-5.631159663,4.813876897));
#2890=CARTESIAN_POINT('',(14.511238097,-5.168742957,4.813876897));
#2891=CARTESIAN_POINT('',(14.670765909,-4.697197482,4.813876897));
#2892=CARTESIAN_POINT('',(14.807680831,-4.216357712,4.813876897));
#2893=CARTESIAN_POINT('',(14.944595754,-3.735517941,4.813876897));
#2894=CARTESIAN_POINT('',(15.05914506,-3.243433289,4.813876897));
#2895=CARTESIAN_POINT('',(15.148883926,-2.748890641,4.813876897));
#2896=CARTESIAN_POINT('',(15.238622791,-2.254347992,4.813876897));
#2897=CARTESIAN_POINT('',(15.304022034,-1.756417551,4.813876897));
#2898=CARTESIAN_POINT('',(15.345026202,-1.255091562,4.813876897));
#2899=CARTESIAN_POINT('',(15.386030369,-0.753765574,4.813876897));
#2900=CARTESIAN_POINT('',(15.402490896,-0.248679779,4.813876897));
#2901=CARTESIAN_POINT('',(15.39416124,0.254722737,4.813876897));
#2902=CARTESIAN_POINT('',(15.385831584,0.758125253,4.813876897));
#2903=CARTESIAN_POINT('',(15.352897571,1.259363187,4.813876897));
#2904=CARTESIAN_POINT('',(15.295520668,1.758445745,4.813876897));
#2905=CARTESIAN_POINT('',(15.238143766,2.257528303,4.813876897));
#2906=CARTESIAN_POINT('',(15.155984772,2.755692996,4.813876897));
#2907=CARTESIAN_POINT('',(15.049982522,3.247015558,4.813876897));
#2908=CARTESIAN_POINT('',(14.943980273,3.73833812,4.813876897));
#2909=CARTESIAN_POINT('',(14.814192028,4.223481446,4.813876897));
#2910=CARTESIAN_POINT('',(14.660565944,4.702434493,4.813876897));
#2911=CARTESIAN_POINT('',(14.583752902,4.941911017,4.813876897));
#2912=CARTESIAN_POINT('',(14.500794765,5.180258336,4.813876897));
#2913=CARTESIAN_POINT('',(14.412482872,5.415295137,4.813876897));
#2914=CARTESIAN_POINT('',(14.324170979,5.650331937,4.813876897));
#2915=CARTESIAN_POINT('',(14.230429806,5.882367074,4.813876897));
#2916=CARTESIAN_POINT('',(14.131360162,6.111443687,4.813876897));
#2917=CARTESIAN_POINT('',(13.735081586,7.027750139,4.813876897));
#2918=CARTESIAN_POINT('',(13.254263285,7.89721038,4.813876897));
#2919=CARTESIAN_POINT('',(12.688937982,8.719858762,4.813876897));
#2920=CARTESIAN_POINT('',(12.547606657,8.925520858,4.813876897));
#2921=CARTESIAN_POINT('',(12.400947301,9.128231011,4.813876897));
#2922=CARTESIAN_POINT('',(12.248864644,9.327936476,4.813876897));
#2923=CARTESIAN_POINT('',(12.096781986,9.52764194,4.813876897));
#2924=CARTESIAN_POINT('',(11.938936052,9.724704363,4.813876897));
#2925=CARTESIAN_POINT('',(11.777288326,9.916681081,4.813876897));
#2926=CARTESIAN_POINT('',(11.453992873,10.300634515,4.813876897));
#2927=CARTESIAN_POINT('',(11.114246006,10.666111624,4.813876897));
#2928=CARTESIAN_POINT('',(10.758498399,11.013618667,4.813876897));
#2929=CARTESIAN_POINT('',(10.047003185,11.708632754,4.813876897));
#2930=CARTESIAN_POINT('',(9.271957352,12.332274034,4.813876897));
#2931=CARTESIAN_POINT('',(8.431440841,12.882386786,4.813876897));
#2932=CARTESIAN_POINT('',(8.221311714,13.019914973,4.813876897));
#2933=CARTESIAN_POINT('',(8.006753587,13.152943056,4.813876897));
#2934=CARTESIAN_POINT('',(7.790378298,13.279875373,4.813876897));
#2935=CARTESIAN_POINT('',(7.574003009,13.406807691,4.813876897));
#2936=CARTESIAN_POINT('',(7.355275467,13.528016329,4.813876897));
#2937=CARTESIAN_POINT('',(7.13423332,13.643599191,4.813876897));
#2938=CARTESIAN_POINT('',(6.692149026,13.874764916,4.813876897));
#2939=CARTESIAN_POINT('',(6.240838008,14.083459161,4.813876897));
#2940=CARTESIAN_POINT('',(5.780393147,14.269973336,4.813876897));
#2941=CARTESIAN_POINT('',(5.319948287,14.456487512,4.813876897));
#2942=CARTESIAN_POINT('',(4.850381147,14.620816459,4.813876897));
#2943=CARTESIAN_POINT('',(4.371547362,14.762610122,4.813876897));
#2944=CARTESIAN_POINT('',(4.13213047,14.833506954,4.813876897));
#2945=CARTESIAN_POINT('',(3.890381302,14.898763159,4.813876897));
#2946=CARTESIAN_POINT('',(3.646279364,14.958266302,4.813876897));
#2947=CARTESIAN_POINT('',(3.402177425,15.017769445,4.813876897));
#2948=CARTESIAN_POINT('',(3.155620022,15.071508374,4.813876897));
#2949=CARTESIAN_POINT('',(2.908715086,15.119009905,4.813876897));
#2950=B_SPLINE_CURVE_WITH_KNOTS('',3,(#2754,#2755,#2756,#2757,#2758,#2759,#2760,#2761,#2762,#2763,#2764,#2765,#2766,#2767,#2768,#2769,#2770,#2771,#2772,#2773,#2774,#2775,#2776,#2777,#2778,#2779,
#2780,#2781,#2782,#2783,#2784,#2785,#2786,#2787,#2788,#2789,#2790,#2791,#2792,#2793,#2794,#2795,#2796,#2797,#2798,#2799,#2800,#2801,#2802,#2803,#2804,
#2805,#2806,#2807,#2808,#2809,#2810,#2811,#2812,#2813,#2814,#2815,#2816,#2817,#2818,#2819,#2820,#2821,#2822,#2823,#2824,#2825,#2826,#2827,#2828,#2829,
#2830,#2831,#2832,#2833,#2834,#2835,#2836,#2837,#2838,#2839,#2840,#2841,#2842,#2843,#2844,#2845,#2846,#2847,#2848,#2849,#2850,#2851,#2852,#2853,#2854,
#2855,#2856,#2857,#2858,#2859,#2860,#2861,#2862,#2863,#2864,#2865,#2866,#2867,#2868,#2869,#2870,#2871,#2872,#2873,#2874,#2875,#2876,#2877,#2878,#2879,
#2880,#2881,#2882,#2883,#2884,#2885,#2886,#2887,#2888,#2889,#2890,#2891,#2892,#2893,#2894,#2895,#2896,#2897,#2898,#2899,#2900,#2901,#2902,#2903,#2904,
#2905,#2906,#2907,#2908,#2909,#2910,#2911,#2912,#2913,#2914,#2915,#2916,#2917,#2918,#2919,#2920,#2921,#2922,#2923,#2924,#2925,#2926,#2927,#2928,#2929,
#2930,#2931,#2932,#2933,#2934,#2935,#2936,#2937,#2938,#2939,#2940,#2941,#2942,#2943,#2944,#2945,#2946,#2947,#2948,#2949),.UNSPECIFIED.,.F.,.F.,(4,3,3,3,3,3,3,3,3,3,3,3,3,3,3,3,3,3,3,3,3,3,3,3,3,3,
3,3,3,3,3,3,3,3,3,3,3,3,3,3,3,3,3,3,3,3,3,3,3,3,3,
3,3,3,3,3,3,3,3,3,3,3,3,3,3,4),(0.094644716,0.096205475,0.097766235,0.099326994,0.100887753,0.102448512,0.104009271,0.10713079,0.108691549,0.110252308,0.111813067,0.112593447,0.113373827,0.116495345,0.118056104,0.119616863,0.121177623,0.122738382,0.124299141,0.1258599,0.127420659,0.128981419,0.130542178,0.131322557,0.132102937,0.135224455,
0.136785215,0.138345974,0.139906733,0.141467492,0.144589011,0.14614977,0.147710529,0.149271288,0.150832047,0.152392807,0.153173186,0.153953566,0.157075084,0.157855464,0.158635843,0.160196603,0.163318121,0.164098501,0.16487888,0.166439639,0.168000399,0.169561158,0.171121917,0.172682676,0.174243435,
0.175804195,0.177364954,0.178145333,0.178925713,0.182047231,0.182827611,0.183607991,0.18516875,0.188290268,0.189070648,0.189851027,0.191411787,0.192972546,0.193752925,0.194533305),.UNSPECIFIED.);
#2951=EDGE_CURVE('',#2753,#2730,#2950,.T.);
#2952=ORIENTED_EDGE('',*,*,#2951,.F.);
#2953=CARTESIAN_POINT('',(2.271624399,15.227764332,4.813876897));
#2954=VERTEX_POINT('',#2953);
#2955=CARTESIAN_POINT('',(2.271627519,15.227763866,4.813876897));
#2956=CARTESIAN_POINT('',(1.77490798,15.301862847,4.813876897));
#2957=CARTESIAN_POINT('',(1.274561433,15.351693014,4.813876897));
#2958=CARTESIAN_POINT('',(0.771307964,15.376936235,4.813876897));
#2959=CARTESIAN_POINT('',(0.268054494,15.402179457,4.813876897));
#2960=CARTESIAN_POINT('',(-0.236791481,15.402649492,4.813876897));
#2961=CARTESIAN_POINT('',(-0.738803419,15.378532227,4.813876897));
#2962=CARTESIAN_POINT('',(-1.240815358,15.354414962,4.813876897));
#2963=CARTESIAN_POINT('',(-1.740669004,15.305822553,4.813876897));
#2964=CARTESIAN_POINT('',(-2.238363814,15.232688909,4.813876897));
#2965=CARTESIAN_POINT('',(-2.736058623,15.159555265,4.813876897));
#2966=CARTESIAN_POINT('',(-3.230866699,15.061832804,4.813876897));
#2967=CARTESIAN_POINT('',(-3.718219451,14.940546445,4.813876897));
#2968=CARTESIAN_POINT('',(-4.205572203,14.819260086,4.813876897));
#2969=CARTESIAN_POINT('',(-4.687277373,14.674061076,4.813876897));
#2970=CARTESIAN_POINT('',(-5.16167727,14.505246352,4.813876897));
#2971=CARTESIAN_POINT('',(-5.636077167,14.336431627,4.813876897));
#2972=CARTESIAN_POINT('',(-6.098380698,14.145767002,4.813876897));
#2973=CARTESIAN_POINT('',(-6.548976362,13.933986959,4.813876897));
#2974=CARTESIAN_POINT('',(-7.450167691,13.510426873,4.813876897));
#2975=CARTESIAN_POINT('',(-8.304874034,13.002980956,4.813876897));
#2976=CARTESIAN_POINT('',(-9.112276438,12.410137069,4.813876897));
#2977=CARTESIAN_POINT('',(-9.51597764,12.113715125,4.813876897));
#2978=CARTESIAN_POINT('',(-9.908568272,11.794714001,4.813876897));
#2979=CARTESIAN_POINT('',(-10.280705683,11.460897636,4.813876897));
#2980=CARTESIAN_POINT('',(-10.652843094,11.12708127,4.813876897));
#2981=CARTESIAN_POINT('',(-11.006724744,10.77700983,4.813876897));
#2982=CARTESIAN_POINT('',(-11.342686402,10.410982142,4.813876897));
#2983=CARTESIAN_POINT('',(-11.678648059,10.044954454,4.813876897));
#2984=CARTESIAN_POINT('',(-11.99668851,9.662970413,4.813876897));
#2985=CARTESIAN_POINT('',(-12.296633884,9.264873398,4.813876897));
#2986=CARTESIAN_POINT('',(-12.446606571,9.06582489,4.813876897));
#2987=CARTESIAN_POINT('',(-12.592047629,8.862741124,4.813876897));
#2988=CARTESIAN_POINT('',(-12.732885782,8.655559117,4.813876897));
#2989=CARTESIAN_POINT('',(-12.873723934,8.448377111,4.813876897));
#2990=CARTESIAN_POINT('',(-13.010278623,8.236564605,4.813876897));
#2991=CARTESIAN_POINT('',(-13.14132758,8.02188216,4.813876897));
#2992=CARTESIAN_POINT('',(-13.665523411,7.163152377,4.813876897));
#2993=CARTESIAN_POINT('',(-14.098242336,6.266826297,4.813876897));
#2994=CARTESIAN_POINT('',(-14.442698066,5.334187524,4.813876897));
#2995=CARTESIAN_POINT('',(-14.614925931,4.867868137,4.813876897));
#2996=CARTESIAN_POINT('',(-14.764930256,4.392398091,4.813876897));
#2997=CARTESIAN_POINT('',(-14.892145093,3.907569382,4.813876897));
#2998=CARTESIAN_POINT('',(-15.019359931,3.422740673,4.813876897));
#2999=CARTESIAN_POINT('',(-15.123602413,2.928145334,4.813876897));
#3000=CARTESIAN_POINT('',(-15.202950341,2.432156426,4.813876897));
#3001=CARTESIAN_POINT('',(-15.282298269,1.936167518,4.813876897));
#3002=CARTESIAN_POINT('',(-15.337353964,1.436794713,4.813876897));
#3003=CARTESIAN_POINT('',(-15.367911404,0.934014478,4.813876897));
#3004=CARTESIAN_POINT('',(-15.398468843,0.431234243,4.813876897));
#3005=CARTESIAN_POINT('',(-15.404330727,-0.073546076,4.813876897));
#3006=CARTESIAN_POINT('',(-15.385456128,-0.576908745,4.813876897));
#3007=CARTESIAN_POINT('',(-15.366581528,-1.080271414,4.813876897));
#3008=CARTESIAN_POINT('',(-15.322932082,-1.582977714,4.813876897));
#3009=CARTESIAN_POINT('',(-15.254937995,-2.081333885,4.813876897));
#3010=CARTESIAN_POINT('',(-15.186943907,-2.579690055,4.813876897));
#3011=CARTESIAN_POINT('',(-15.094772973,-3.073362706,4.813876897));
#3012=CARTESIAN_POINT('',(-14.978473357,-3.562361555,4.813876897));
#3013=CARTESIAN_POINT('',(-14.862173741,-4.051360404,4.813876897));
#3014=CARTESIAN_POINT('',(-14.721248227,-4.536500199,4.813876897));
#3015=CARTESIAN_POINT('',(-14.558605109,-5.009201655,4.813876897));
#3016=CARTESIAN_POINT('',(-14.395961992,-5.481903112,4.813876897));
#3017=CARTESIAN_POINT('',(-14.211238465,-5.944125597,4.813876897));
#3018=CARTESIAN_POINT('',(-14.004839213,-6.396058362,4.813876897));
#3019=CARTESIAN_POINT('',(-13.798439961,-6.847991126,4.813876897));
#3020=CARTESIAN_POINT('',(-13.570367963,-7.289626901,4.813876897));
#3021=CARTESIAN_POINT('',(-13.320401203,-7.720880504,4.813876897));
#3022=CARTESIAN_POINT('',(-13.195417823,-7.936507305,4.813876897));
#3023=CARTESIAN_POINT('',(-13.064952727,-8.149531268,4.813876897));
#3024=CARTESIAN_POINT('',(-12.928918735,-8.359912936,4.813876897));
#3025=CARTESIAN_POINT('',(-12.792884743,-8.570294604,4.813876897));
#3026=CARTESIAN_POINT('',(-12.650910401,-8.778542311,4.813876897));
#3027=CARTESIAN_POINT('',(-12.50417182,-8.982804186,4.813876897));
#3028=CARTESIAN_POINT('',(-11.917217496,-9.799851688,4.813876897));
#3029=CARTESIAN_POINT('',(-11.260001866,-10.547318739,4.813876897));
#3030=CARTESIAN_POINT('',(-10.534967361,-11.227624266,4.813876897));
#3031=CARTESIAN_POINT('',(-10.172450108,-11.56777703,4.813876897));
#3032=CARTESIAN_POINT('',(-9.792856182,-11.891018398,4.813876897));
#3033=CARTESIAN_POINT('',(-9.395753971,-12.196921385,4.813876897));
#3034=CARTESIAN_POINT('',(-8.998651761,-12.502824371,4.813876897));
#3035=CARTESIAN_POINT('',(-8.583635264,-12.791343439,4.813876897));
#3036=CARTESIAN_POINT('',(-8.157747695,-13.057420745,4.813876897));
#3037=CARTESIAN_POINT('',(-7.731860126,-13.32349805,4.813876897));
#3038=CARTESIAN_POINT('',(-7.293479479,-13.56848066,4.813876897));
#3039=CARTESIAN_POINT('',(-6.84251293,-13.792211598,4.813876897));
#3040=CARTESIAN_POINT('',(-6.39154638,-14.015942537,4.813876897));
#3041=CARTESIAN_POINT('',(-5.930972511,-14.216792124,4.813876897));
#3042=CARTESIAN_POINT('',(-5.464906887,-14.393744359,4.813876897));
#3043=CARTESIAN_POINT('',(-4.532775641,-14.747648829,4.813876897));
#3044=CARTESIAN_POINT('',(-3.574133454,-15.008993765,4.813876897));
#3045=CARTESIAN_POINT('',(-2.588745261,-15.177070927,4.813876897));
#3046=CARTESIAN_POINT('',(-2.096051165,-15.261109509,4.813876897));
#3047=CARTESIAN_POINT('',(-1.59490685,-15.321712356,4.813876897));
#3048=CARTESIAN_POINT('',(-1.092675286,-15.357445903,4.813876897));
#3049=CARTESIAN_POINT('',(-0.590443722,-15.393179451,4.813876897));
#3050=CARTESIAN_POINT('',(-0.085477861,-15.404249638,4.813876897));
#3051=CARTESIAN_POINT('',(0.417456855,-15.390607971,4.813876897));
#3052=CARTESIAN_POINT('',(0.920391571,-15.376966305,4.813876897));
#3053=CARTESIAN_POINT('',(1.421164471,-15.338771821,4.813876897));
#3054=CARTESIAN_POINT('',(1.919781466,-15.276109553,4.813876897));
#3055=CARTESIAN_POINT('',(2.418398461,-15.213447285,4.813876897));
#3056=CARTESIAN_POINT('',(2.915713966,-15.126008611,4.813876897));
#3057=CARTESIAN_POINT('',(3.405702097,-15.014868537,4.813876897));
#3058=CARTESIAN_POINT('',(3.895690229,-14.903728462,4.813876897));
#3059=CARTESIAN_POINT('',(4.379505722,-14.768830026,4.813876897));
#3060=CARTESIAN_POINT('',(4.857119286,-14.610047098,4.813876897));
#3061=CARTESIAN_POINT('',(5.095926068,-14.530655634,4.813876897));
#3062=CARTESIAN_POINT('',(5.333164875,-14.445251434,4.813876897));
#3063=CARTESIAN_POINT('',(5.566907241,-14.354603015,4.813876897));
#3064=CARTESIAN_POINT('',(5.800649607,-14.263954596,4.813876897));
#3065=CARTESIAN_POINT('',(6.03140312,-14.167901406,4.813876897));
#3066=CARTESIAN_POINT('',(6.259207314,-14.06653503,4.813876897));
#3067=CARTESIAN_POINT('',(7.170424093,-13.661069525,4.813876897));
#3068=CARTESIAN_POINT('',(8.034930563,-13.171311486,4.813876897));
#3069=CARTESIAN_POINT('',(8.85247572,-12.596775682,4.813876897));
#3070=CARTESIAN_POINT('',(9.056862009,-12.453141731,4.813876897));
#3071=CARTESIAN_POINT('',(9.258286981,-12.304162674,4.813876897));
#3072=CARTESIAN_POINT('',(9.45669278,-12.149734385,4.813876897));
#3073=CARTESIAN_POINT('',(9.65509858,-11.995306095,4.813876897));
#3074=CARTESIAN_POINT('',(9.850228959,-11.83557663,4.813876897));
#3075=CARTESIAN_POINT('',(10.040213391,-11.672154858,4.813876897));
#3076=CARTESIAN_POINT('',(10.420182254,-11.345311313,4.813876897));
#3077=CARTESIAN_POINT('',(10.781755283,-11.002088113,4.813876897));
#3078=CARTESIAN_POINT('',(11.125380789,-10.642884301,4.813876897));
#3079=CARTESIAN_POINT('',(11.812631802,-9.924476678,4.813876897));
#3080=CARTESIAN_POINT('',(12.42860642,-9.142604367,4.813876897));
#3081=CARTESIAN_POINT('',(12.97069664,-8.294945005,4.813876897));
#3082=CARTESIAN_POINT('',(13.106219195,-8.083030164,4.813876897));
#3083=CARTESIAN_POINT('',(13.236713797,-7.867480025,4.813876897));
#3084=CARTESIAN_POINT('',(13.361182023,-7.650091431,4.813876897));
#3085=CARTESIAN_POINT('',(13.485650249,-7.432702837,4.813876897));
#3086=CARTESIAN_POINT('',(13.604418974,-7.212972656,4.813876897));
#3087=CARTESIAN_POINT('',(13.717577474,-6.990933571,4.813876897));
#3088=CARTESIAN_POINT('',(13.943894475,-6.5468554,4.813876897));
#3089=CARTESIAN_POINT('',(14.147800603,-6.093576369,4.813876897));
#3090=CARTESIAN_POINT('',(14.32951935,-5.631159663,4.813876897));
#3091=CARTESIAN_POINT('',(14.511238097,-5.168742957,4.813876897));
#3092=CARTESIAN_POINT('',(14.670765909,-4.697197482,4.813876897));
#3093=CARTESIAN_POINT('',(14.807680831,-4.216357712,4.813876897));
#3094=CARTESIAN_POINT('',(14.944595754,-3.735517941,4.813876897));
#3095=CARTESIAN_POINT('',(15.05914506,-3.243433289,4.813876897));
#3096=CARTESIAN_POINT('',(15.148883926,-2.748890641,4.813876897));
#3097=CARTESIAN_POINT('',(15.238622791,-2.254347992,4.813876897));
#3098=CARTESIAN_POINT('',(15.304022034,-1.756417551,4.813876897));
#3099=CARTESIAN_POINT('',(15.345026202,-1.255091562,4.813876897));
#3100=CARTESIAN_POINT('',(15.386030369,-0.753765574,4.813876897));
#3101=CARTESIAN_POINT('',(15.402490896,-0.248679779,4.813876897));
#3102=CARTESIAN_POINT('',(15.39416124,0.254722737,4.813876897));
#3103=CARTESIAN_POINT('',(15.385831584,0.758125253,4.813876897));
#3104=CARTESIAN_POINT('',(15.352897571,1.259363187,4.813876897));
#3105=CARTESIAN_POINT('',(15.295520668,1.758445745,4.813876897));
#3106=CARTESIAN_POINT('',(15.238143766,2.257528303,4.813876897));
#3107=CARTESIAN_POINT('',(15.155984772,2.755692996,4.813876897));
#3108=CARTESIAN_POINT('',(15.049982522,3.247015558,4.813876897));
#3109=CARTESIAN_POINT('',(14.943980273,3.73833812,4.813876897));
#3110=CARTESIAN_POINT('',(14.814192028,4.223481446,4.813876897));
#3111=CARTESIAN_POINT('',(14.660565944,4.702434493,4.813876897));
#3112=CARTESIAN_POINT('',(14.583752902,4.941911017,4.813876897));
#3113=CARTESIAN_POINT('',(14.500794765,5.180258336,4.813876897));
#3114=CARTESIAN_POINT('',(14.412482872,5.415295137,4.813876897));
#3115=CARTESIAN_POINT('',(14.324170979,5.650331937,4.813876897));
#3116=CARTESIAN_POINT('',(14.230429806,5.882367074,4.813876897));
#3117=CARTESIAN_POINT('',(14.131360162,6.111443687,4.813876897));
#3118=CARTESIAN_POINT('',(13.735081586,7.027750139,4.813876897));
#3119=CARTESIAN_POINT('',(13.254263285,7.89721038,4.813876897));
#3120=CARTESIAN_POINT('',(12.688937982,8.719858762,4.813876897));
#3121=CARTESIAN_POINT('',(12.547606657,8.925520858,4.813876897));
#3122=CARTESIAN_POINT('',(12.400947301,9.128231011,4.813876897));
#3123=CARTESIAN_POINT('',(12.248864644,9.327936476,4.813876897));
#3124=CARTESIAN_POINT('',(12.096781986,9.52764194,4.813876897));
#3125=CARTESIAN_POINT('',(11.938936052,9.724704363,4.813876897));
#3126=CARTESIAN_POINT('',(11.777288326,9.916681081,4.813876897));
#3127=CARTESIAN_POINT('',(11.453992873,10.300634515,4.813876897));
#3128=CARTESIAN_POINT('',(11.114246006,10.666111624,4.813876897));
#3129=CARTESIAN_POINT('',(10.758498399,11.013618667,4.813876897));
#3130=CARTESIAN_POINT('',(10.047003185,11.708632754,4.813876897));
#3131=CARTESIAN_POINT('',(9.271957352,12.332274034,4.813876897));
#3132=CARTESIAN_POINT('',(8.431440841,12.882386786,4.813876897));
#3133=CARTESIAN_POINT('',(8.221311714,13.019914973,4.813876897));
#3134=CARTESIAN_POINT('',(8.006753587,13.152943056,4.813876897));
#3135=CARTESIAN_POINT('',(7.790378298,13.279875373,4.813876897));
#3136=CARTESIAN_POINT('',(7.574003009,13.406807691,4.813876897));
#3137=CARTESIAN_POINT('',(7.355275467,13.528016329,4.813876897));
#3138=CARTESIAN_POINT('',(7.13423332,13.643599191,4.813876897));
#3139=CARTESIAN_POINT('',(6.692149026,13.874764916,4.813876897));
#3140=CARTESIAN_POINT('',(6.240838008,14.083459161,4.813876897));
#3141=CARTESIAN_POINT('',(5.780393147,14.269973336,4.813876897));
#3142=CARTESIAN_POINT('',(5.319948287,14.456487512,4.813876897));
#3143=CARTESIAN_POINT('',(4.850381147,14.620816459,4.813876897));
#3144=CARTESIAN_POINT('',(4.371547362,14.762610122,4.813876897));
#3145=CARTESIAN_POINT('',(4.13213047,14.833506954,4.813876897));
#3146=CARTESIAN_POINT('',(3.890381302,14.898763159,4.813876897));
#3147=CARTESIAN_POINT('',(3.646279364,14.958266302,4.813876897));
#3148=CARTESIAN_POINT('',(3.402177425,15.017769445,4.813876897));
#3149=CARTESIAN_POINT('',(3.155620022,15.071508374,4.813876897));
#3150=CARTESIAN_POINT('',(2.908715086,15.119009905,4.813876897));
#3151=B_SPLINE_CURVE_WITH_KNOTS('',3,(#2955,#2956,#2957,#2958,#2959,#2960,#2961,#2962,#2963,#2964,#2965,#2966,#2967,#2968,#2969,#2970,#2971,#2972,#2973,#2974,#2975,#2976,#2977,#2978,#2979,#2980,
#2981,#2982,#2983,#2984,#2985,#2986,#2987,#2988,#2989,#2990,#2991,#2992,#2993,#2994,#2995,#2996,#2997,#2998,#2999,#3000,#3001,#3002,#3003,#3004,#3005,
#3006,#3007,#3008,#3009,#3010,#3011,#3012,#3013,#3014,#3015,#3016,#3017,#3018,#3019,#3020,#3021,#3022,#3023,#3024,#3025,#3026,#3027,#3028,#3029,#3030,
#3031,#3032,#3033,#3034,#3035,#3036,#3037,#3038,#3039,#3040,#3041,#3042,#3043,#3044,#3045,#3046,#3047,#3048,#3049,#3050,#3051,#3052,#3053,#3054,#3055,
#3056,#3057,#3058,#3059,#3060,#3061,#3062,#3063,#3064,#3065,#3066,#3067,#3068,#3069,#3070,#3071,#3072,#3073,#3074,#3075,#3076,#3077,#3078,#3079,#3080,
#3081,#3082,#3083,#3084,#3085,#3086,#3087,#3088,#3089,#3090,#3091,#3092,#3093,#3094,#3095,#3096,#3097,#3098,#3099,#3100,#3101,#3102,#3103,#3104,#3105,
#3106,#3107,#3108,#3109,#3110,#3111,#3112,#3113,#3114,#3115,#3116,#3117,#3118,#3119,#3120,#3121,#3122,#3123,#3124,#3125,#3126,#3127,#3128,#3129,#3130,
#3131,#3132,#3133,#3134,#3135,#3136,#3137,#3138,#3139,#3140,#3141,#3142,#3143,#3144,#3145,#3146,#3147,#3148,#3149,#3150),.UNSPECIFIED.,.F.,.F.,(4,3,3,3,3,3,3,3,3,3,3,3,3,3,3,3,3,3,3,3,3,3,3,3,3,3,
3,3,3,3,3,3,3,3,3,3,3,3,3,3,3,3,3,3,3,3,3,3,3,3,3,
3,3,3,3,3,3,3,3,3,3,3,3,3,3,4),(0.094644716,0.096205475,0.097766235,0.099326994,0.100887753,0.102448512,0.104009271,0.10713079,0.108691549,0.110252308,0.111813067,0.112593447,0.113373827,0.116495345,0.118056104,0.119616863,0.121177623,0.122738382,0.124299141,0.1258599,0.127420659,0.128981419,0.130542178,0.131322557,0.132102937,0.135224455,
0.136785215,0.138345974,0.139906733,0.141467492,0.144589011,0.14614977,0.147710529,0.149271288,0.150832047,0.152392807,0.153173186,0.153953566,0.157075084,0.157855464,0.158635843,0.160196603,0.163318121,0.164098501,0.16487888,0.166439639,0.168000399,0.169561158,0.171121917,0.172682676,0.174243435,
0.175804195,0.177364954,0.178145333,0.178925713,0.182047231,0.182827611,0.183607991,0.18516875,0.188290268,0.189070648,0.189851027,0.191411787,0.192972546,0.193752925,0.194533305),.UNSPECIFIED.);
#3152=EDGE_CURVE('',#2954,#2753,#3151,.T.);
#3153=ORIENTED_EDGE('',*,*,#3152,.F.);
#3154=CARTESIAN_POINT('',(5.229803155,15.179107242,6.497618841));
#3155=VERTEX_POINT('',#3154);
#3156=CARTESIAN_POINT('',(2.271624399,15.227764332,4.813876897));
#3157=CARTESIAN_POINT('',(2.386176288,15.143107296,4.884734716));
#3158=CARTESIAN_POINT('',(2.506503778,15.072888997,4.957891413));
#3159=CARTESIAN_POINT('',(2.630702906,15.011374781,5.031777448));
#3160=CARTESIAN_POINT('',(2.754902035,14.949860565,5.105663482));
#3161=CARTESIAN_POINT('',(2.882900768,14.897202799,5.180526996));
#3162=CARTESIAN_POINT('',(3.013838923,14.851250866,5.256025447));
#3163=CARTESIAN_POINT('',(3.144777077,14.805298934,5.331523897));
#3164=CARTESIAN_POINT('',(3.278527537,14.766276637,5.407078758));
#3165=CARTESIAN_POINT('',(3.413202628,14.733723498,5.482510696));
#3166=CARTESIAN_POINT('',(3.547877719,14.701170359,5.557942633));
#3167=CARTESIAN_POINT('',(3.683866484,14.675022535,5.633505905));
#3168=CARTESIAN_POINT('',(3.821436303,14.655802605,5.708923824));
#3169=CARTESIAN_POINT('',(3.959006122,14.636582675,5.784341743));
#3170=CARTESIAN_POINT('',(4.098171204,14.624111342,5.859319112));
#3171=CARTESIAN_POINT('',(4.237345825,14.621095944,5.93377188));
#3172=CARTESIAN_POINT('',(4.376520445,14.618080547,6.008224649));
#3173=CARTESIAN_POINT('',(4.517240568,14.623835079,6.082361197));
#3174=CARTESIAN_POINT('',(4.655545534,14.64626279,6.155294491));
#3175=CARTESIAN_POINT('',(4.724698017,14.657476646,6.191761138));
#3176=CARTESIAN_POINT('',(4.793277236,14.672691287,6.22775947));
#3177=CARTESIAN_POINT('',(4.860454494,14.695126432,6.263607699));
#3178=CARTESIAN_POINT('',(4.927631752,14.717561578,6.299455928));
#3179=CARTESIAN_POINT('',(4.992867933,14.746626749,6.3346048));
#3180=CARTESIAN_POINT('',(5.052986928,14.787258736,6.367755277));
#3181=CARTESIAN_POINT('',(5.083046425,14.80757473,6.384330516));
#3182=CARTESIAN_POINT('',(5.111223797,14.830459826,6.400099523));
#3183=CARTESIAN_POINT('',(5.136105841,14.857459242,6.41494168));
#3184=CARTESIAN_POINT('',(5.160987885,14.884458658,6.429783837));
#3185=CARTESIAN_POINT('',(5.182390228,14.915890087,6.443671682));
#3186=CARTESIAN_POINT('',(5.198505759,14.950139896,6.455318519));
#3187=CARTESIAN_POINT('',(5.230736822,15.018639515,6.478612193));
#3188=CARTESIAN_POINT('',(5.239238446,15.100595947,6.492699635));
#3189=CARTESIAN_POINT('',(5.229803155,15.179107242,6.497618841));
#3190=B_SPLINE_CURVE_WITH_KNOTS('',3,(#3156,#3157,#3158,#3159,#3160,#3161,#3162,#3163,#3164,#3165,#3166,#3167,#3168,#3169,#3170,#3171,#3172,#3173,#3174,#3175,#3176,#3177,#3178,#3179,#3180,#3181,
#3182,#3183,#3184,#3185,#3186,#3187,#3188,#3189),.UNSPECIFIED.,.F.,.F.,(4,3,3,3,3,3,3,3,3,3,3,4),(0.000705219,0.001179399,0.001653578,0.002127758,0.002601938,0.003076117,0.003550297,0.003787387,0.004024477,0.004143022,0.004261567,0.004498656),.UNSPECIFIED.);
#3191=EDGE_CURVE('',#2954,#3155,#3190,.T.);
#3192=ORIENTED_EDGE('',*,*,#3191,.T.);
#3193=CARTESIAN_POINT('',(5.229165125,15.252254717,6.5));
#3194=VERTEX_POINT('',#3193);
#3195=CARTESIAN_POINT('',(5.229803155,15.179107242,6.497618841));
#3196=CARTESIAN_POINT('',(5.229379165,15.203462218,6.499201193));
#3197=CARTESIAN_POINT('',(5.229165126,15.227844532,6.499999997));
#3198=CARTESIAN_POINT('',(5.229165125,15.252254717,6.5));
#3199=B_SPLINE_CURVE_WITH_KNOTS('',3,(#3195,#3196,#3197,#3198),.UNSPECIFIED.,.F.,.F.,(4,4),(0.,0.000073189),.UNSPECIFIED.);
#3200=EDGE_CURVE('',#3155,#3194,#3199,.T.);
#3201=ORIENTED_EDGE('',*,*,#3200,.T.);
#3202=CARTESIAN_POINT('',(5.829191948,15.033237745,6.499999998));
#3203=CARTESIAN_POINT('',(6.314505336,14.845054613,6.499999815));
#3204=CARTESIAN_POINT('',(6.790238083,14.633572107,6.500000026));
#3205=CARTESIAN_POINT('',(7.256342531,14.39867429,6.5));
#3206=CARTESIAN_POINT('',(7.72244698,14.163776474,6.499999974));
#3207=CARTESIAN_POINT('',(8.179680251,13.904906926,6.5));
#3208=CARTESIAN_POINT('',(8.625282604,13.622773014,6.5));
#3209=CARTESIAN_POINT('',(9.516487311,13.05850519,6.499999999));
#3210=CARTESIAN_POINT('',(10.338604223,12.416646193,6.5));
#3211=CARTESIAN_POINT('',(11.094248237,11.700132763,6.5));
#3212=CARTESIAN_POINT('',(11.472070243,11.341876048,6.5));
#3213=CARTESIAN_POINT('',(11.833153495,10.964820359,6.499999999));
#3214=CARTESIAN_POINT('',(12.177102103,10.568521081,6.5));
#3215=CARTESIAN_POINT('',(12.521050711,10.172221803,6.500000001));
#3216=CARTESIAN_POINT('',(12.848340405,9.75550673,6.500000001));
#3217=CARTESIAN_POINT('',(13.15129118,9.328403222,6.5));
#3218=CARTESIAN_POINT('',(13.75719273,8.474196206,6.499999998));
#3219=CARTESIAN_POINT('',(14.274155517,7.570713917,6.499999815));
#3220=CARTESIAN_POINT('',(14.702860331,6.618333375,6.5));
#3221=CARTESIAN_POINT('',(14.917212738,6.142143104,6.500000092));
#3222=CARTESIAN_POINT('',(15.109737793,5.652384337,6.499999999));
#3223=CARTESIAN_POINT('',(15.278283482,5.152621501,6.5));
#3224=CARTESIAN_POINT('',(15.446829171,4.652858665,6.500000001));
#3225=CARTESIAN_POINT('',(15.590329943,4.146590822,6.499999978));
#3226=CARTESIAN_POINT('',(15.708937715,3.633857425,6.5));
#3227=CARTESIAN_POINT('',(15.827545487,3.121124027,6.500000022));
#3228=CARTESIAN_POINT('',(15.921363586,2.600590024,6.499999978));
#3229=CARTESIAN_POINT('',(15.989237263,2.078447341,6.5));
#3230=CARTESIAN_POINT('',(16.05711094,1.556304658,6.500000022));
#3231=CARTESIAN_POINT('',(16.099329213,1.03190231,6.499999979));
#3232=CARTESIAN_POINT('',(16.115840465,0.505235747,6.5));
#3233=CARTESIAN_POINT('',(16.132351717,-0.021430815,6.500000021));
#3234=CARTESIAN_POINT('',(16.122975504,-0.550739963,6.500000004));
#3235=CARTESIAN_POINT('',(16.087745591,-1.076992157,6.5));
#3236=CARTESIAN_POINT('',(16.052515678,-1.60324435,6.499999996));
#3237=CARTESIAN_POINT('',(15.991656999,-2.125929299,6.500000027));
#3238=CARTESIAN_POINT('',(15.905323562,-2.645068435,6.5));
#3239=CARTESIAN_POINT('',(15.818990125,-3.16420757,6.499999973));
#3240=CARTESIAN_POINT('',(15.70656526,-3.681738162,6.50000009));
#3241=CARTESIAN_POINT('',(15.570275915,-4.188389966,6.5));
#3242=CARTESIAN_POINT('',(15.43398657,-4.69504177,6.499999909));
#3243=CARTESIAN_POINT('',(15.273926325,-5.191919025,6.500000193));
#3244=CARTESIAN_POINT('',(15.090539144,-5.679204462,6.499999997));
#3245=CARTESIAN_POINT('',(14.723764783,-6.653775336,6.499999605));
#3246=CARTESIAN_POINT('',(14.264490911,-7.590310885,6.5));
#3247=CARTESIAN_POINT('',(13.709139453,-8.487339945,6.5));
#3248=CARTESIAN_POINT('',(13.431463724,-8.935854475,6.5));
#3249=CARTESIAN_POINT('',(13.133342401,-9.36820648,6.500000007));
#3250=CARTESIAN_POINT('',(12.816679056,-9.783063437,6.5));
#3251=CARTESIAN_POINT('',(12.500015711,-10.197920395,6.499999993));
#3252=CARTESIAN_POINT('',(12.164414948,-10.595915397,6.5));
#3253=CARTESIAN_POINT('',(11.810031444,-10.977186175,6.5));
#3254=CARTESIAN_POINT('',(11.455647941,-11.358456953,6.5));
#3255=CARTESIAN_POINT('',(11.082479642,-11.723001676,6.499999999));
#3256=CARTESIAN_POINT('',(10.690139216,-12.070475462,6.5));
#3257=CARTESIAN_POINT('',(10.29779879,-12.417949248,6.500000001));
#3258=CARTESIAN_POINT('',(9.884278876,-12.749564359,6.500000001));
#3259=CARTESIAN_POINT('',(9.459737526,-13.05713937,6.5));
#3260=CARTESIAN_POINT('',(8.610654824,-13.672289394,6.499999998));
#3261=CARTESIAN_POINT('',(7.712126719,-14.198194057,6.49999981));
#3262=CARTESIAN_POINT('',(6.764813524,-14.636045443,6.499999999));
#3263=CARTESIAN_POINT('',(5.81750033,-15.07389683,6.500000189));
#3264=CARTESIAN_POINT('',(4.814595479,-15.424094654,6.499999954));
#3265=CARTESIAN_POINT('',(3.791792386,-15.671565862,6.5));
#3266=CARTESIAN_POINT('',(3.28039084,-15.795301466,6.500000023));
#3267=CARTESIAN_POINT('',(2.761094138,-15.894320842,6.499999986));
#3268=CARTESIAN_POINT('',(2.239417518,-15.967485348,6.5));
#3269=CARTESIAN_POINT('',(1.717740898,-16.040649855,6.500000014));
#3270=CARTESIAN_POINT('',(1.193801801,-16.088127665,6.499999967));
#3271=CARTESIAN_POINT('',(0.667601541,-16.109933783,6.5));
#3272=CARTESIAN_POINT('',(0.141401281,-16.1317399,6.500000033));
#3273=CARTESIAN_POINT('',(-0.387792872,-16.127719374,6.500000003));
#3274=CARTESIAN_POINT('',(-0.914438045,-16.0978032,6.5));
#3275=CARTESIAN_POINT('',(-1.441083217,-16.067887027,6.499999997));
#3276=CARTESIAN_POINT('',(-1.967501781,-16.011888173,6.500000171));
#3277=CARTESIAN_POINT('',(-2.485694843,-15.931034406,6.499999999));
#3278=CARTESIAN_POINT('',(-3.522080968,-15.769326873,6.499999657));
#3279=CARTESIAN_POINT('',(-4.530323645,-15.509420336,6.500000196));
#3280=CARTESIAN_POINT('',(-5.510853057,-15.152814859,6.499999998));
#3281=CARTESIAN_POINT('',(-6.491382469,-14.796209382,6.499999801));
#3282=CARTESIAN_POINT('',(-7.44978414,-14.338154147,6.500000004));
#3283=CARTESIAN_POINT('',(-8.349639519,-13.793441015,6.5));
#3284=CARTESIAN_POINT('',(-8.574603364,-13.657262732,6.499999999));
#3285=CARTESIAN_POINT('',(-8.796290087,-13.515550962,6.5));
#3286=CARTESIAN_POINT('',(-9.014684561,-13.368280162,6.5));
#3287=CARTESIAN_POINT('',(-9.233079035,-13.221009363,6.5));
#3288=CARTESIAN_POINT('',(-9.448583714,-13.067858794,6.500000001));
#3289=CARTESIAN_POINT('',(-9.659231751,-12.910255543,6.5));
#3290=CARTESIAN_POINT('',(-10.080527826,-12.595049041,6.499999999));
#3291=CARTESIAN_POINT('',(-10.483367935,-12.261565441,6.500000001));
#3292=CARTESIAN_POINT('',(-10.868281156,-11.910328691,6.5));
#3293=CARTESIAN_POINT('',(-11.638107598,-11.207855191,6.499999999));
#3294=CARTESIAN_POINT('',(-12.336731387,-10.434869102,6.499999997));
#3295=CARTESIAN_POINT('',(-12.962189681,-9.589426599,6.5));
#3296=CARTESIAN_POINT('',(-13.118554254,-9.378065973,6.500000001));
#3297=CARTESIAN_POINT('',(-13.270605393,-9.161640613,6.5));
#3298=CARTESIAN_POINT('',(-13.416451655,-8.942835365,6.5));
#3299=CARTESIAN_POINT('',(-13.562297917,-8.724030116,6.5));
#3300=CARTESIAN_POINT('',(-13.702284812,-8.50244374,6.499999998));
#3301=CARTESIAN_POINT('',(-13.836495967,-8.27811593,6.5));
#3302=CARTESIAN_POINT('',(-14.104918276,-7.82946031,6.500000004));
#3303=CARTESIAN_POINT('',(-14.350349787,-7.369892189,6.499999902));
#3304=CARTESIAN_POINT('',(-14.573040785,-6.899530365,6.499999999));
#3305=CARTESIAN_POINT('',(-14.795731783,-6.42916854,6.500000095));
#3306=CARTESIAN_POINT('',(-14.995700346,-5.948021636,6.499999874));
#3307=CARTESIAN_POINT('',(-15.172646572,-5.455947178,6.499999999));
#3308=CARTESIAN_POINT('',(-15.261119685,-5.209909949,6.500000062));
#3309=CARTESIAN_POINT('',(-15.343796269,-4.961121467,6.499999987));
#3310=CARTESIAN_POINT('',(-15.42062556,-4.709557554,6.5));
#3311=CARTESIAN_POINT('',(-15.497454851,-4.457993641,6.500000013));
#3312=CARTESIAN_POINT('',(-15.568460271,-4.203328156,6.499999997));
#3313=CARTESIAN_POINT('',(-15.632967191,-3.947892026,6.5));
#3314=CARTESIAN_POINT('',(-15.761981031,-3.437019766,6.500000006));
#3315=CARTESIAN_POINT('',(-15.865661878,-2.921240223,6.499999976));
#3316=CARTESIAN_POINT('',(-15.944056095,-2.400562371,6.5));
#3317=CARTESIAN_POINT('',(-16.022450313,-1.87988452,6.500000024));
#3318=CARTESIAN_POINT('',(-16.075477236,-1.353797827,6.499999997));
#3319=CARTESIAN_POINT('',(-16.102533212,-0.826974444,6.5));
#3320=CARTESIAN_POINT('',(-16.129589187,-0.30015106,6.500000003));
#3321=CARTESIAN_POINT('',(-16.130772004,0.228576032,6.5));
#3322=CARTESIAN_POINT('',(-16.106028759,0.755830812,6.5));
#3323=CARTESIAN_POINT('',(-16.081285514,1.283085593,6.5));
#3324=CARTESIAN_POINT('',(-16.030755433,1.807607724,6.500000038));
#3325=CARTESIAN_POINT('',(-15.954789659,2.328189912,6.5));
#3326=CARTESIAN_POINT('',(-15.916806772,2.588481005,6.499999981));
#3327=CARTESIAN_POINT('',(-15.872444533,2.847884135,6.500000004));
#3328=CARTESIAN_POINT('',(-15.821688572,3.106397298,6.5));
#3329=CARTESIAN_POINT('',(-15.770932611,3.36491046,6.499999996));
#3330=CARTESIAN_POINT('',(-15.713645793,3.623008946,6.500000016));
#3331=CARTESIAN_POINT('',(-15.650372299,3.878338022,6.5));
#3332=CARTESIAN_POINT('',(-15.523825309,4.388996173,6.499999968));
#3333=CARTESIAN_POINT('',(-15.373321884,4.88980339,6.50000021));
#3334=CARTESIAN_POINT('',(-15.19942706,5.380992168,6.499999998));
#3335=CARTESIAN_POINT('',(-14.851637412,6.363369724,6.499999572));
#3336=CARTESIAN_POINT('',(-14.411121582,7.307618204,6.499999999));
#3337=CARTESIAN_POINT('',(-13.875401147,8.212718694,6.5));
#3338=CARTESIAN_POINT('',(-13.741471038,8.438993817,6.5));
#3339=CARTESIAN_POINT('',(-13.601208722,8.663240433,6.500000002));
#3340=CARTESIAN_POINT('',(-13.456358874,8.882673406,6.5));
#3341=CARTESIAN_POINT('',(-13.311509025,9.102106379,6.499999998));
#3342=CARTESIAN_POINT('',(-13.161811201,9.317222653,6.500000004));
#3343=CARTESIAN_POINT('',(-13.007345069,9.528093173,6.5));
#3344=CARTESIAN_POINT('',(-12.698412807,9.949834215,6.499999991));
#3345=CARTESIAN_POINT('',(-12.370448046,10.354628487,6.5));
#3346=CARTESIAN_POINT('',(-12.023713061,10.742709531,6.5));
#3347=CARTESIAN_POINT('',(-11.676978076,11.130790574,6.5));
#3348=CARTESIAN_POINT('',(-11.311469886,11.502155733,6.5));
#3349=CARTESIAN_POINT('',(-10.926913364,11.85656003,6.5));
#3350=CARTESIAN_POINT('',(-10.734635103,12.033762178,6.5));
#3351=CARTESIAN_POINT('',(-10.537586184,12.206716476,6.5));
#3352=CARTESIAN_POINT('',(-10.335679598,12.375345449,6.5));
#3353=CARTESIAN_POINT('',(-10.133773012,12.543974422,6.5));
#3354=CARTESIAN_POINT('',(-9.926688973,12.70847676,6.5));
#3355=CARTESIAN_POINT('',(-9.716964083,12.866859558,6.5));
#3356=CARTESIAN_POINT('',(-8.878064524,13.500390751,6.499999999));
#3357=CARTESIAN_POINT('',(-7.989336757,14.043984733,6.499999816));
#3358=CARTESIAN_POINT('',(-7.052007594,14.499856017,6.499999999));
#3359=CARTESIAN_POINT('',(-6.583343013,14.727791659,6.500000091));
#3360=CARTESIAN_POINT('',(-6.10242949,14.933618569,6.499999987));
#3361=CARTESIAN_POINT('',(-5.60892942,15.116727514,6.5));
#3362=CARTESIAN_POINT('',(-5.362179385,15.208281987,6.500000006));
#3363=CARTESIAN_POINT('',(-5.112154614,15.294141566,6.499999998));
#3364=CARTESIAN_POINT('',(-4.861010159,15.373551714,6.5));
#3365=CARTESIAN_POINT('',(-4.609865703,15.452961861,6.500000002));
#3366=CARTESIAN_POINT('',(-4.357098642,15.526124766,6.499999989));
#3367=CARTESIAN_POINT('',(-4.102713174,15.593056585,6.5));
#3368=CARTESIAN_POINT('',(-3.593942237,15.726920222,6.500000021));
#3369=CARTESIAN_POINT('',(-3.07787536,15.83604525,6.499999998));
#3370=CARTESIAN_POINT('',(-2.557121842,15.919691996,6.5));
#3371=CARTESIAN_POINT('',(-2.036368325,16.003338741,6.500000002));
#3372=CARTESIAN_POINT('',(-1.513344809,16.06121205,6.49999995));
#3373=CARTESIAN_POINT('',(-0.988064514,16.093462131,6.5));
#3374=CARTESIAN_POINT('',(-0.462784219,16.125712213,6.50000005));
#3375=CARTESIAN_POINT('',(0.065745153,16.132256186,6.5));
#3376=CARTESIAN_POINT('',(0.593183633,16.112838882,6.5));
#3377=CARTESIAN_POINT('',(1.120622114,16.093421577,6.5));
#3378=CARTESIAN_POINT('',(1.646204361,16.048133251,6.500000042));
#3379=CARTESIAN_POINT('',(2.167516429,15.977411125,6.5));
#3380=CARTESIAN_POINT('',(2.688828496,15.906689,6.499999958));
#3381=CARTESIAN_POINT('',(3.207823528,15.810218895,6.50000001));
#3382=CARTESIAN_POINT('',(3.720521752,15.688633692,6.5));
#3383=CARTESIAN_POINT('',(4.233219977,15.567048488,6.49999999));
#3384=CARTESIAN_POINT('',(4.736022306,15.421397322,6.500000212));
#3385=CARTESIAN_POINT('',(5.229190176,15.252315638,6.499999998));
#3386=B_SPLINE_CURVE_WITH_KNOTS('',3,(#3202,#3203,#3204,#3205,#3206,#3207,#3208,#3209,#3210,#3211,#3212,#3213,#3214,#3215,#3216,#3217,#3218,#3219,#3220,#3221,#3222,#3223,#3224,#3225,#3226,#3227,
#3228,#3229,#3230,#3231,#3232,#3233,#3234,#3235,#3236,#3237,#3238,#3239,#3240,#3241,#3242,#3243,#3244,#3245,#3246,#3247,#3248,#3249,#3250,#3251,#3252,
#3253,#3254,#3255,#3256,#3257,#3258,#3259,#3260,#3261,#3262,#3263,#3264,#3265,#3266,#3267,#3268,#3269,#3270,#3271,#3272,#3273,#3274,#3275,#3276,#3277,
#3278,#3279,#3280,#3281,#3282,#3283,#3284,#3285,#3286,#3287,#3288,#3289,#3290,#3291,#3292,#3293,#3294,#3295,#3296,#3297,#3298,#3299,#3300,#3301,#3302,
#3303,#3304,#3305,#3306,#3307,#3308,#3309,#3310,#3311,#3312,#3313,#3314,#3315,#3316,#3317,#3318,#3319,#3320,#3321,#3322,#3323,#3324,#3325,#3326,#3327,
#3328,#3329,#3330,#3331,#3332,#3333,#3334,#3335,#3336,#3337,#3338,#3339,#3340,#3341,#3342,#3343,#3344,#3345,#3346,#3347,#3348,#3349,#3350,#3351,#3352,
#3353,#3354,#3355,#3356,#3357,#3358,#3359,#3360,#3361,#3362,#3363,#3364,#3365,#3366,#3367,#3368,#3369,#3370,#3371,#3372,#3373,#3374,#3375,#3376,#3377,
#3378,#3379,#3380,#3381,#3382,#3383,#3384,#3385),.UNSPECIFIED.,.F.,.F.,(4,3,3,3,3,3,3,3,3,3,3,3,3,3,3,3,3,3,3,3,3,3,3,3,3,3,
3,3,3,3,3,3,3,3,3,3,3,3,3,3,3,3,3,3,3,3,3,3,3,3,3,
3,3,3,3,3,3,3,3,3,3,4),(0.097524929,0.099086173,0.100647416,0.103769904,0.105331147,0.106892391,0.110014878,0.111576121,0.113137365,0.114698608,0.116259852,0.117821095,0.119382339,0.120943583,0.122504826,0.125627313,0.127188557,0.1287498,0.130311044,0.131872287,0.134994774,0.138117261,0.139678505,0.141239749,0.142800992,0.144362236,
0.147484723,0.15060721,0.151387832,0.152168453,0.153729697,0.156852184,0.157632806,0.158413427,0.159974671,0.161535915,0.162316536,0.163097158,0.164658402,0.166219645,0.167780889,0.169342132,0.170122754,0.170903376,0.172464619,0.175587106,0.176367728,0.17714835,0.178709594,0.180270837,0.181051459,
0.181832081,0.184954568,0.186515811,0.187296433,0.188077055,0.189638298,0.191199542,0.192760785,0.194322029,0.195883272,0.197444516),.UNSPECIFIED.);
#3387=EDGE_CURVE('',#2728,#3194,#3386,.T.);
#3388=ORIENTED_EDGE('',*,*,#3387,.F.);
#3389=EDGE_LOOP('',(#2751,#2952,#3153,#3192,#3201,#3388));
#3390=FACE_BOUND('',#3389,.T.);
#3391=ADVANCED_FACE('',(#3390),#2726,.T.);
#3392=CARTESIAN_POINT('',(-14.47,0.,1.41));
#3393=CARTESIAN_POINT('',(-14.47,0.000030272,1.41));
#3394=CARTESIAN_POINT('',(-14.47,0.000060543,1.41));
#3395=CARTESIAN_POINT('',(-14.47,0.000090815,1.41));
#3396=CARTESIAN_POINT('',(-14.469946802,8.47638295,1.41));
#3397=CARTESIAN_POINT('',(-8.476283009,14.47,1.41));
#3398=CARTESIAN_POINT('',(0.,14.47,1.41));
#3399=CARTESIAN_POINT('',(0.000030272,14.47,1.41));
#3400=CARTESIAN_POINT('',(0.000060543,14.47,1.41));
#3401=CARTESIAN_POINT('',(0.000090815,14.47,1.41));
#3402=CARTESIAN_POINT('',(8.47638295,14.469946802,1.41));
#3403=CARTESIAN_POINT('',(14.47,8.476283009,1.41));
#3404=CARTESIAN_POINT('',(14.47,0.,1.41));
#3405=CARTESIAN_POINT('',(14.47,-0.000030272,1.41));
#3406=CARTESIAN_POINT('',(14.47,-0.000060543,1.41));
#3407=CARTESIAN_POINT('',(14.47,-0.000090815,1.41));
#3408=CARTESIAN_POINT('',(14.469946802,-8.47638295,1.41));
#3409=CARTESIAN_POINT('',(8.476283009,-14.47,1.41));
#3410=CARTESIAN_POINT('',(0.,-14.47,1.41));
#3411=CARTESIAN_POINT('',(-0.000030272,-14.47,1.41));
#3412=CARTESIAN_POINT('',(-0.000060543,-14.47,1.41));
#3413=CARTESIAN_POINT('',(-0.000090815,-14.47,1.41));
#3414=CARTESIAN_POINT('',(-8.47638295,-14.469946802,1.41));
#3415=CARTESIAN_POINT('',(-14.47,-8.476283009,1.41));
#3416=CARTESIAN_POINT('',(-14.47,0.,1.41));
#3417=CARTESIAN_POINT('',(-14.619349106,0.,1.48589333));
#3418=CARTESIAN_POINT('',(-14.619349106,0.000030584,1.48589333));
#3419=CARTESIAN_POINT('',(-14.619349106,0.000061168,1.48589333));
#3420=CARTESIAN_POINT('',(-14.619349106,0.000091752,1.48589333));
#3421=CARTESIAN_POINT('',(-14.619295359,8.56387018,1.48589333));
#3422=CARTESIAN_POINT('',(-8.563769207,14.619349106,1.48589333));
#3423=CARTESIAN_POINT('',(0.,14.619349106,1.48589333));
#3424=CARTESIAN_POINT('',(0.000030584,14.619349106,1.48589333));
#3425=CARTESIAN_POINT('',(0.000061168,14.619349106,1.48589333));
#3426=CARTESIAN_POINT('',(0.000091752,14.619349106,1.48589333));
#3427=CARTESIAN_POINT('',(8.56387018,14.619295359,1.48589333));
#3428=CARTESIAN_POINT('',(14.619349106,8.563769207,1.48589333));
#3429=CARTESIAN_POINT('',(14.619349106,0.,1.48589333));
#3430=CARTESIAN_POINT('',(14.619349106,-0.000030584,1.48589333));
#3431=CARTESIAN_POINT('',(14.619349106,-0.000061168,1.48589333));
#3432=CARTESIAN_POINT('',(14.619349106,-0.000091752,1.48589333));
#3433=CARTESIAN_POINT('',(14.619295359,-8.56387018,1.48589333));
#3434=CARTESIAN_POINT('',(8.563769207,-14.619349106,1.48589333));
#3435=CARTESIAN_POINT('',(0.,-14.619349106,1.48589333));
#3436=CARTESIAN_POINT('',(-0.000030584,-14.619349106,1.48589333));
#3437=CARTESIAN_POINT('',(-0.000061168,-14.619349106,1.48589333));
#3438=CARTESIAN_POINT('',(-0.000091752,-14.619349106,1.48589333));
#3439=CARTESIAN_POINT('',(-8.56387018,-14.619295359,1.48589333));
#3440=CARTESIAN_POINT('',(-14.619349106,-8.563769207,1.48589333));
#3441=CARTESIAN_POINT('',(-14.619349106,0.,1.48589333));
#3442=CARTESIAN_POINT('',(-14.906935192,0.,1.653575744));
#3443=CARTESIAN_POINT('',(-14.906935192,0.000031186,1.653575744));
#3444=CARTESIAN_POINT('',(-14.906935192,0.000062371,1.653575744));
#3445=CARTESIAN_POINT('',(-14.906935192,0.000093557,1.653575744));
#3446=CARTESIAN_POINT('',(-14.906880388,8.732335266,1.653575744));
#3447=CARTESIAN_POINT('',(-8.732232307,14.906935192,1.653575744));
#3448=CARTESIAN_POINT('',(0.,14.906935192,1.653575744));
#3449=CARTESIAN_POINT('',(0.000031186,14.906935192,1.653575744));
#3450=CARTESIAN_POINT('',(0.000062371,14.906935192,1.653575744));
#3451=CARTESIAN_POINT('',(0.000093557,14.906935192,1.653575744));
#3452=CARTESIAN_POINT('',(8.732335266,14.906880388,1.653575744));
#3453=CARTESIAN_POINT('',(14.906935192,8.732232307,1.653575744));
#3454=CARTESIAN_POINT('',(14.906935192,0.,1.653575744));
#3455=CARTESIAN_POINT('',(14.906935192,-0.000031186,1.653575744));
#3456=CARTESIAN_POINT('',(14.906935192,-0.000062371,1.653575744));
#3457=CARTESIAN_POINT('',(14.906935192,-0.000093557,1.653575744));
#3458=CARTESIAN_POINT('',(14.906880388,-8.732335266,1.653575744));
#3459=CARTESIAN_POINT('',(8.732232307,-14.906935192,1.653575744));
#3460=CARTESIAN_POINT('',(0.,-14.906935192,1.653575744));
#3461=CARTESIAN_POINT('',(-0.000031186,-14.906935192,1.653575744));
#3462=CARTESIAN_POINT('',(-0.000062371,-14.906935192,1.653575744));
#3463=CARTESIAN_POINT('',(-0.000093557,-14.906935192,1.653575744));
#3464=CARTESIAN_POINT('',(-8.732335266,-14.906880388,1.653575744));
#3465=CARTESIAN_POINT('',(-14.906935192,-8.732232307,1.653575744));
#3466=CARTESIAN_POINT('',(-14.906935192,0.,1.653575744));
#3467=CARTESIAN_POINT('',(-15.278439989,0.,1.932840119));
#3468=CARTESIAN_POINT('',(-15.278439989,0.000031963,1.932840119));
#3469=CARTESIAN_POINT('',(-15.278439989,0.000063926,1.932840119));
#3470=CARTESIAN_POINT('',(-15.278439989,0.000095889,1.932840119));
#3471=CARTESIAN_POINT('',(-15.278383819,8.949959104,1.932840119));
#3472=CARTESIAN_POINT('',(-8.949853578,15.278439989,1.932840119));
#3473=CARTESIAN_POINT('',(0.,15.278439989,1.932840119));
#3474=CARTESIAN_POINT('',(0.000031963,15.278439989,1.932840119));
#3475=CARTESIAN_POINT('',(0.000063926,15.278439989,1.932840119));
#3476=CARTESIAN_POINT('',(0.000095889,15.278439989,1.932840119));
#3477=CARTESIAN_POINT('',(8.949959104,15.278383819,1.932840119));
#3478=CARTESIAN_POINT('',(15.278439989,8.949853578,1.932840119));
#3479=CARTESIAN_POINT('',(15.278439989,0.,1.932840119));
#3480=CARTESIAN_POINT('',(15.278439989,-0.000031963,1.932840119));
#3481=CARTESIAN_POINT('',(15.278439989,-0.000063926,1.932840119));
#3482=CARTESIAN_POINT('',(15.278439989,-0.000095889,1.932840119));
#3483=CARTESIAN_POINT('',(15.278383819,-8.949959104,1.932840119));
#3484=CARTESIAN_POINT('',(8.949853578,-15.278439989,1.932840119));
#3485=CARTESIAN_POINT('',(0.,-15.278439989,1.932840119));
#3486=CARTESIAN_POINT('',(-0.000031963,-15.278439989,1.932840119));
#3487=CARTESIAN_POINT('',(-0.000063926,-15.278439989,1.932840119));
#3488=CARTESIAN_POINT('',(-0.000095889,-15.278439989,1.932840119));
#3489=CARTESIAN_POINT('',(-8.949959104,-15.278383819,1.932840119));
#3490=CARTESIAN_POINT('',(-15.278439989,-8.949853578,1.932840119));
#3491=CARTESIAN_POINT('',(-15.278439989,0.,1.932840119));
#3492=CARTESIAN_POINT('',(-15.629698583,0.,2.298990947));
#3493=CARTESIAN_POINT('',(-15.629698583,0.000032698,2.298990947));
#3494=CARTESIAN_POINT('',(-15.629698583,0.000065395,2.298990947));
#3495=CARTESIAN_POINT('',(-15.629698583,0.000098093,2.298990947));
#3496=CARTESIAN_POINT('',(-15.629641122,9.155722916,2.298990947));
#3497=CARTESIAN_POINT('',(-9.155614964,15.629698583,2.298990947));
#3498=CARTESIAN_POINT('',(0.,15.629698583,2.298990947));
#3499=CARTESIAN_POINT('',(0.000032698,15.629698583,2.298990947));
#3500=CARTESIAN_POINT('',(0.000065395,15.629698583,2.298990947));
#3501=CARTESIAN_POINT('',(0.000098093,15.629698583,2.298990947));
#3502=CARTESIAN_POINT('',(9.155722916,15.629641122,2.298990947));
#3503=CARTESIAN_POINT('',(15.629698583,9.155614964,2.298990947));
#3504=CARTESIAN_POINT('',(15.629698583,0.,2.298990947));
#3505=CARTESIAN_POINT('',(15.629698583,-0.000032698,2.298990947));
#3506=CARTESIAN_POINT('',(15.629698583,-0.000065395,2.298990947));
#3507=CARTESIAN_POINT('',(15.629698583,-0.000098093,2.298990947));
#3508=CARTESIAN_POINT('',(15.629641122,-9.155722916,2.298990947));
#3509=CARTESIAN_POINT('',(9.155614964,-15.629698583,2.298990947));
#3510=CARTESIAN_POINT('',(0.,-15.629698583,2.298990947));
#3511=CARTESIAN_POINT('',(-0.000032698,-15.629698583,2.298990947));
#3512=CARTESIAN_POINT('',(-0.000065395,-15.629698583,2.298990947));
#3513=CARTESIAN_POINT('',(-0.000098093,-15.629698583,2.298990947));
#3514=CARTESIAN_POINT('',(-9.155722916,-15.629641122,2.298990947));
#3515=CARTESIAN_POINT('',(-15.629698583,-9.155614964,2.298990947));
#3516=CARTESIAN_POINT('',(-15.629698583,0.,2.298990947));
#3517=CARTESIAN_POINT('',(-15.916292156,0.,2.919185919));
#3518=CARTESIAN_POINT('',(-15.916292156,0.000033297,2.919185919));
#3519=CARTESIAN_POINT('',(-15.916292156,0.000066594,2.919185919));
#3520=CARTESIAN_POINT('',(-15.916292156,0.000099892,2.919185919));
#3521=CARTESIAN_POINT('',(-15.916233641,9.323606597,2.919185919));
#3522=CARTESIAN_POINT('',(-9.323496666,15.916292156,2.919185919));
#3523=CARTESIAN_POINT('',(0.,15.916292156,2.919185919));
#3524=CARTESIAN_POINT('',(0.000033297,15.916292156,2.919185919));
#3525=CARTESIAN_POINT('',(0.000066594,15.916292156,2.919185919));
#3526=CARTESIAN_POINT('',(0.000099892,15.916292156,2.919185919));
#3527=CARTESIAN_POINT('',(9.323606597,15.916233641,2.919185919));
#3528=CARTESIAN_POINT('',(15.916292156,9.323496666,2.919185919));
#3529=CARTESIAN_POINT('',(15.916292156,0.,2.919185919));
#3530=CARTESIAN_POINT('',(15.916292156,-0.000033297,2.919185919));
#3531=CARTESIAN_POINT('',(15.916292156,-0.000066594,2.919185919));
#3532=CARTESIAN_POINT('',(15.916292156,-0.000099892,2.919185919));
#3533=CARTESIAN_POINT('',(15.916233641,-9.323606597,2.919185919));
#3534=CARTESIAN_POINT('',(9.323496666,-15.916292156,2.919185919));
#3535=CARTESIAN_POINT('',(0.,-15.916292156,2.919185919));
#3536=CARTESIAN_POINT('',(-0.000033297,-15.916292156,2.919185919));
#3537=CARTESIAN_POINT('',(-0.000066594,-15.916292156,2.919185919));
#3538=CARTESIAN_POINT('',(-0.000099892,-15.916292156,2.919185919));
#3539=CARTESIAN_POINT('',(-9.323606597,-15.916233641,2.919185919));
#3540=CARTESIAN_POINT('',(-15.916292156,-9.323496666,2.919185919));
#3541=CARTESIAN_POINT('',(-15.916292156,0.,2.919185919));
#3542=CARTESIAN_POINT('',(-15.974877095,0.,3.561757718));
#3543=CARTESIAN_POINT('',(-15.974877095,0.00003342,3.561757718));
#3544=CARTESIAN_POINT('',(-15.974877094,0.00006684,3.561757718));
#3545=CARTESIAN_POINT('',(-15.974877094,0.000100259,3.561757718));
#3546=CARTESIAN_POINT('',(-15.974818364,9.357925075,3.561757718));
#3547=CARTESIAN_POINT('',(-9.357814739,15.974877095,3.561757718));
#3548=CARTESIAN_POINT('',(0.,15.974877095,3.561757718));
#3549=CARTESIAN_POINT('',(0.00003342,15.974877095,3.561757718));
#3550=CARTESIAN_POINT('',(0.00006684,15.974877094,3.561757718));
#3551=CARTESIAN_POINT('',(0.000100259,15.974877094,3.561757718));
#3552=CARTESIAN_POINT('',(9.357925075,15.974818364,3.561757718));
#3553=CARTESIAN_POINT('',(15.974877095,9.357814739,3.561757718));
#3554=CARTESIAN_POINT('',(15.974877095,0.,3.561757718));
#3555=CARTESIAN_POINT('',(15.974877095,-0.00003342,3.561757718));
#3556=CARTESIAN_POINT('',(15.974877094,-0.00006684,3.561757718));
#3557=CARTESIAN_POINT('',(15.974877094,-0.000100259,3.561757718));
#3558=CARTESIAN_POINT('',(15.974818364,-9.357925075,3.561757718));
#3559=CARTESIAN_POINT('',(9.357814739,-15.974877095,3.561757718));
#3560=CARTESIAN_POINT('',(0.,-15.974877095,3.561757718));
#3561=CARTESIAN_POINT('',(-0.00003342,-15.974877095,3.561757718));
#3562=CARTESIAN_POINT('',(-0.00006684,-15.974877094,3.561757718));
#3563=CARTESIAN_POINT('',(-0.000100259,-15.974877094,3.561757718));
#3564=CARTESIAN_POINT('',(-9.357925075,-15.974818364,3.561757718));
#3565=CARTESIAN_POINT('',(-15.974877095,-9.357814739,3.561757718));
#3566=CARTESIAN_POINT('',(-15.974877095,0.,3.561757718));
#3567=CARTESIAN_POINT('',(-15.855972053,0.,4.055708922));
#3568=CARTESIAN_POINT('',(-15.855972053,0.000033171,4.055708922));
#3569=CARTESIAN_POINT('',(-15.855972053,0.000066342,4.055708922));
#3570=CARTESIAN_POINT('',(-15.855972053,0.000099513,4.055708922));
#3571=CARTESIAN_POINT('',(-15.85591376,9.288271678,4.055708922));
#3572=CARTESIAN_POINT('',(-9.288162163,15.855972053,4.055708922));
#3573=CARTESIAN_POINT('',(0.,15.855972053,4.055708922));
#3574=CARTESIAN_POINT('',(0.000033171,15.855972053,4.055708922));
#3575=CARTESIAN_POINT('',(0.000066342,15.855972053,4.055708922));
#3576=CARTESIAN_POINT('',(0.000099513,15.855972053,4.055708922));
#3577=CARTESIAN_POINT('',(9.288271678,15.85591376,4.055708922));
#3578=CARTESIAN_POINT('',(15.855972053,9.288162163,4.055708922));
#3579=CARTESIAN_POINT('',(15.855972053,0.,4.055708922));
#3580=CARTESIAN_POINT('',(15.855972053,-0.000033171,4.055708922));
#3581=CARTESIAN_POINT('',(15.855972053,-0.000066342,4.055708922));
#3582=CARTESIAN_POINT('',(15.855972053,-0.000099513,4.055708922));
#3583=CARTESIAN_POINT('',(15.85591376,-9.288271678,4.055708922));
#3584=CARTESIAN_POINT('',(9.288162163,-15.855972053,4.055708922));
#3585=CARTESIAN_POINT('',(0.,-15.855972053,4.055708922));
#3586=CARTESIAN_POINT('',(-0.000033171,-15.855972053,4.055708922));
#3587=CARTESIAN_POINT('',(-0.000066342,-15.855972053,4.055708922));
#3588=CARTESIAN_POINT('',(-0.000099513,-15.855972053,4.055708922));
#3589=CARTESIAN_POINT('',(-9.288271678,-15.85591376,4.055708922));
#3590=CARTESIAN_POINT('',(-15.855972053,-9.288162163,4.055708922));
#3591=CARTESIAN_POINT('',(-15.855972053,0.,4.055708922));
#3592=CARTESIAN_POINT('',(-15.624200117,0.,4.507301657));
#3593=CARTESIAN_POINT('',(-15.624200117,0.000032686,4.507301657));
#3594=CARTESIAN_POINT('',(-15.624200117,0.000065372,4.507301657));
#3595=CARTESIAN_POINT('',(-15.624200117,0.000098059,4.507301657));
#3596=CARTESIAN_POINT('',(-15.624142675,9.152501968,4.507301657));
#3597=CARTESIAN_POINT('',(-9.152394055,15.624200117,4.507301657));
#3598=CARTESIAN_POINT('',(0.,15.624200117,4.507301657));
#3599=CARTESIAN_POINT('',(0.000032686,15.624200117,4.507301657));
#3600=CARTESIAN_POINT('',(0.000065372,15.624200117,4.507301657));
#3601=CARTESIAN_POINT('',(0.000098059,15.624200117,4.507301657));
#3602=CARTESIAN_POINT('',(9.152501968,15.624142675,4.507301657));
#3603=CARTESIAN_POINT('',(15.624200117,9.152394055,4.507301657));
#3604=CARTESIAN_POINT('',(15.624200117,0.,4.507301657));
#3605=CARTESIAN_POINT('',(15.624200117,-0.000032686,4.507301657));
#3606=CARTESIAN_POINT('',(15.624200117,-0.000065372,4.507301657));
#3607=CARTESIAN_POINT('',(15.624200117,-0.000098059,4.507301657));
#3608=CARTESIAN_POINT('',(15.624142675,-9.152501968,4.507301657));
#3609=CARTESIAN_POINT('',(9.152394055,-15.624200117,4.507301657));
#3610=CARTESIAN_POINT('',(0.,-15.624200117,4.507301657));
#3611=CARTESIAN_POINT('',(-0.000032686,-15.624200117,4.507301657));
#3612=CARTESIAN_POINT('',(-0.000065372,-15.624200117,4.507301657));
#3613=CARTESIAN_POINT('',(-0.000098059,-15.624200117,4.507301657));
#3614=CARTESIAN_POINT('',(-9.152501968,-15.624142675,4.507301657));
#3615=CARTESIAN_POINT('',(-15.624200117,-9.152394055,4.507301657));
#3616=CARTESIAN_POINT('',(-15.624200117,0.,4.507301657));
#3617=CARTESIAN_POINT('',(-15.286185959,0.,4.878443113));
#3618=CARTESIAN_POINT('',(-15.286185959,0.000031979,4.878443113));
#3619=CARTESIAN_POINT('',(-15.286185959,0.000063958,4.878443113));
#3620=CARTESIAN_POINT('',(-15.286185958,0.000095937,4.878443113));
#3621=CARTESIAN_POINT('',(-15.28612976,8.954496616,4.878443113));
#3622=CARTESIAN_POINT('',(-8.954391037,15.286185959,4.878443113));
#3623=CARTESIAN_POINT('',(0.,15.286185959,4.878443113));
#3624=CARTESIAN_POINT('',(0.000031979,15.286185959,4.878443113));
#3625=CARTESIAN_POINT('',(0.000063958,15.286185959,4.878443113));
#3626=CARTESIAN_POINT('',(0.000095937,15.286185958,4.878443113));
#3627=CARTESIAN_POINT('',(8.954496616,15.28612976,4.878443113));
#3628=CARTESIAN_POINT('',(15.286185959,8.954391037,4.878443113));
#3629=CARTESIAN_POINT('',(15.286185959,0.,4.878443113));
#3630=CARTESIAN_POINT('',(15.286185959,-0.000031979,4.878443113));
#3631=CARTESIAN_POINT('',(15.286185959,-0.000063958,4.878443113));
#3632=CARTESIAN_POINT('',(15.286185958,-0.000095937,4.878443113));
#3633=CARTESIAN_POINT('',(15.28612976,-8.954496616,4.878443113));
#3634=CARTESIAN_POINT('',(8.954391037,-15.286185959,4.878443113));
#3635=CARTESIAN_POINT('',(0.,-15.286185959,4.878443113));
#3636=CARTESIAN_POINT('',(-0.000031979,-15.286185959,4.878443113));
#3637=CARTESIAN_POINT('',(-0.000063958,-15.286185959,4.878443113));
#3638=CARTESIAN_POINT('',(-0.000095937,-15.286185958,4.878443113));
#3639=CARTESIAN_POINT('',(-8.954496616,-15.28612976,4.878443113));
#3640=CARTESIAN_POINT('',(-15.286185959,-8.954391037,4.878443113));
#3641=CARTESIAN_POINT('',(-15.286185959,0.,4.878443113));
#3642=CARTESIAN_POINT('',(-14.922988392,0.,5.169627169));
#3643=CARTESIAN_POINT('',(-14.922988392,0.000031219,5.169627169));
#3644=CARTESIAN_POINT('',(-14.922988392,0.000062438,5.169627169));
#3645=CARTESIAN_POINT('',(-14.922988391,0.000093658,5.169627169));
#3646=CARTESIAN_POINT('',(-14.922933528,8.741739072,5.169627169));
#3647=CARTESIAN_POINT('',(-8.741636001,14.922988392,5.169627169));
#3648=CARTESIAN_POINT('',(0.,14.922988392,5.169627169));
#3649=CARTESIAN_POINT('',(0.000031219,14.922988392,5.169627169));
#3650=CARTESIAN_POINT('',(0.000062438,14.922988392,5.169627169));
#3651=CARTESIAN_POINT('',(0.000093658,14.922988391,5.169627169));
#3652=CARTESIAN_POINT('',(8.741739072,14.922933528,5.169627169));
#3653=CARTESIAN_POINT('',(14.922988392,8.741636001,5.169627169));
#3654=CARTESIAN_POINT('',(14.922988392,0.,5.169627169));
#3655=CARTESIAN_POINT('',(14.922988392,-0.000031219,5.169627169));
#3656=CARTESIAN_POINT('',(14.922988392,-0.000062438,5.169627169));
#3657=CARTESIAN_POINT('',(14.922988391,-0.000093658,5.169627169));
#3658=CARTESIAN_POINT('',(14.922933528,-8.741739072,5.169627169));
#3659=CARTESIAN_POINT('',(8.741636001,-14.922988392,5.169627169));
#3660=CARTESIAN_POINT('',(0.,-14.922988392,5.169627169));
#3661=CARTESIAN_POINT('',(-0.000031219,-14.922988392,5.169627169));
#3662=CARTESIAN_POINT('',(-0.000062438,-14.922988392,5.169627169));
#3663=CARTESIAN_POINT('',(-0.000093658,-14.922988391,5.169627169));
#3664=CARTESIAN_POINT('',(-8.741739072,-14.922933528,5.169627169));
#3665=CARTESIAN_POINT('',(-14.922988392,-8.741636001,5.169627169));
#3666=CARTESIAN_POINT('',(-14.922988392,0.,5.169627169));
#3667=CARTESIAN_POINT('',(-14.611947656,0.,5.362811216));
#3668=CARTESIAN_POINT('',(-14.611947656,0.000030569,5.362811216));
#3669=CARTESIAN_POINT('',(-14.611947656,0.000061137,5.362811216));
#3670=CARTESIAN_POINT('',(-14.611947656,0.000091706,5.362811216));
#3671=CARTESIAN_POINT('',(-14.611893936,8.559534484,5.362811216));
#3672=CARTESIAN_POINT('',(-8.559433562,14.611947656,5.362811216));
#3673=CARTESIAN_POINT('',(0.,14.611947656,5.362811216));
#3674=CARTESIAN_POINT('',(0.000030569,14.611947656,5.362811216));
#3675=CARTESIAN_POINT('',(0.000061137,14.611947656,5.362811216));
#3676=CARTESIAN_POINT('',(0.000091706,14.611947656,5.362811216));
#3677=CARTESIAN_POINT('',(8.559534484,14.611893936,5.362811216));
#3678=CARTESIAN_POINT('',(14.611947656,8.559433562,5.362811216));
#3679=CARTESIAN_POINT('',(14.611947656,0.,5.362811216));
#3680=CARTESIAN_POINT('',(14.611947656,-0.000030569,5.362811216));
#3681=CARTESIAN_POINT('',(14.611947656,-0.000061137,5.362811216));
#3682=CARTESIAN_POINT('',(14.611947656,-0.000091706,5.362811216));
#3683=CARTESIAN_POINT('',(14.611893936,-8.559534484,5.362811216));
#3684=CARTESIAN_POINT('',(8.559433562,-14.611947656,5.362811216));
#3685=CARTESIAN_POINT('',(0.,-14.611947656,5.362811216));
#3686=CARTESIAN_POINT('',(-0.000030569,-14.611947656,5.362811216));
#3687=CARTESIAN_POINT('',(-0.000061137,-14.611947656,5.362811216));
#3688=CARTESIAN_POINT('',(-0.000091706,-14.611947656,5.362811216));
#3689=CARTESIAN_POINT('',(-8.559534484,-14.611893936,5.362811216));
#3690=CARTESIAN_POINT('',(-14.611947656,-8.559433562,5.362811216));
#3691=CARTESIAN_POINT('',(-14.611947656,0.,5.362811216));
#3692=CARTESIAN_POINT('',(-14.168921557,0.,5.589859124));
#3693=CARTESIAN_POINT('',(-14.168921557,0.000029642,5.589859124));
#3694=CARTESIAN_POINT('',(-14.168921557,0.000059283,5.589859124));
#3695=CARTESIAN_POINT('',(-14.168921557,0.000088925,5.589859124));
#3696=CARTESIAN_POINT('',(-14.168869466,8.300014175,5.589859124));
#3697=CARTESIAN_POINT('',(-8.299916313,14.168921557,5.589859124));
#3698=CARTESIAN_POINT('',(0.,14.168921557,5.589859124));
#3699=CARTESIAN_POINT('',(0.000029642,14.168921557,5.589859124));
#3700=CARTESIAN_POINT('',(0.000059283,14.168921557,5.589859124));
#3701=CARTESIAN_POINT('',(0.000088925,14.168921557,5.589859124));
#3702=CARTESIAN_POINT('',(8.300014175,14.168869466,5.589859124));
#3703=CARTESIAN_POINT('',(14.168921557,8.299916313,5.589859124));
#3704=CARTESIAN_POINT('',(14.168921557,0.,5.589859124));
#3705=CARTESIAN_POINT('',(14.168921557,-0.000029642,5.589859124));
#3706=CARTESIAN_POINT('',(14.168921557,-0.000059283,5.589859124));
#3707=CARTESIAN_POINT('',(14.168921557,-0.000088925,5.589859124));
#3708=CARTESIAN_POINT('',(14.168869466,-8.300014175,5.589859124));
#3709=CARTESIAN_POINT('',(8.299916313,-14.168921557,5.589859124));
#3710=CARTESIAN_POINT('',(0.,-14.168921557,5.589859124));
#3711=CARTESIAN_POINT('',(-0.000029642,-14.168921557,5.589859124));
#3712=CARTESIAN_POINT('',(-0.000059283,-14.168921557,5.589859124));
#3713=CARTESIAN_POINT('',(-0.000088925,-14.168921557,5.589859124));
#3714=CARTESIAN_POINT('',(-8.300014175,-14.168869466,5.589859124));
#3715=CARTESIAN_POINT('',(-14.168921557,-8.299916313,5.589859124));
#3716=CARTESIAN_POINT('',(-14.168921557,0.,5.589859124));
#3717=CARTESIAN_POINT('',(-13.70978234,0.,5.779431432));
#3718=CARTESIAN_POINT('',(-13.70978234,0.000028681,5.779431432));
#3719=CARTESIAN_POINT('',(-13.70978234,0.000057362,5.779431432));
#3720=CARTESIAN_POINT('',(-13.70978234,0.000086044,5.779431432));
#3721=CARTESIAN_POINT('',(-13.709731937,8.031054961,5.779431432));
#3722=CARTESIAN_POINT('',(-8.03096027,13.70978234,5.779431432));
#3723=CARTESIAN_POINT('',(0.,13.70978234,5.779431432));
#3724=CARTESIAN_POINT('',(0.000028681,13.70978234,5.779431432));
#3725=CARTESIAN_POINT('',(0.000057362,13.70978234,5.779431432));
#3726=CARTESIAN_POINT('',(0.000086044,13.70978234,5.779431432));
#3727=CARTESIAN_POINT('',(8.031054961,13.709731937,5.779431432));
#3728=CARTESIAN_POINT('',(13.70978234,8.03096027,5.779431432));
#3729=CARTESIAN_POINT('',(13.70978234,0.,5.779431432));
#3730=CARTESIAN_POINT('',(13.70978234,-0.000028681,5.779431432));
#3731=CARTESIAN_POINT('',(13.70978234,-0.000057362,5.779431432));
#3732=CARTESIAN_POINT('',(13.70978234,-0.000086044,5.779431432));
#3733=CARTESIAN_POINT('',(13.709731937,-8.031054961,5.779431432));
#3734=CARTESIAN_POINT('',(8.03096027,-13.70978234,5.779431432));
#3735=CARTESIAN_POINT('',(0.,-13.70978234,5.779431432));
#3736=CARTESIAN_POINT('',(-0.000028681,-13.70978234,5.779431432));
#3737=CARTESIAN_POINT('',(-0.000057362,-13.70978234,5.779431432));
#3738=CARTESIAN_POINT('',(-0.000086044,-13.70978234,5.779431432));
#3739=CARTESIAN_POINT('',(-8.031054961,-13.709731937,5.779431432));
#3740=CARTESIAN_POINT('',(-13.70978234,-8.03096027,5.779431432));
#3741=CARTESIAN_POINT('',(-13.70978234,0.,5.779431432));
#3742=CARTESIAN_POINT('',(-13.236735679,0.,5.929533615));
#3743=CARTESIAN_POINT('',(-13.236735679,0.000027692,5.929533615));
#3744=CARTESIAN_POINT('',(-13.236735679,0.000055383,5.929533615));
#3745=CARTESIAN_POINT('',(-13.236735679,0.000083075,5.929533615));
#3746=CARTESIAN_POINT('',(-13.236687015,7.753948903,5.929533615));
#3747=CARTESIAN_POINT('',(-7.753857479,13.236735679,5.929533615));
#3748=CARTESIAN_POINT('',(0.,13.236735679,5.929533615));
#3749=CARTESIAN_POINT('',(0.000027692,13.236735679,5.929533615));
#3750=CARTESIAN_POINT('',(0.000055383,13.236735679,5.929533615));
#3751=CARTESIAN_POINT('',(0.000083075,13.236735679,5.929533615));
#3752=CARTESIAN_POINT('',(7.753948903,13.236687015,5.929533615));
#3753=CARTESIAN_POINT('',(13.236735679,7.753857479,5.929533615));
#3754=CARTESIAN_POINT('',(13.236735679,0.,5.929533615));
#3755=CARTESIAN_POINT('',(13.236735679,-0.000027692,5.929533615));
#3756=CARTESIAN_POINT('',(13.236735679,-0.000055383,5.929533615));
#3757=CARTESIAN_POINT('',(13.236735679,-0.000083075,5.929533615));
#3758=CARTESIAN_POINT('',(13.236687015,-7.753948903,5.929533615));
#3759=CARTESIAN_POINT('',(7.753857479,-13.236735679,5.929533615));
#3760=CARTESIAN_POINT('',(0.,-13.236735679,5.929533615));
#3761=CARTESIAN_POINT('',(-0.000027692,-13.236735679,5.929533615));
#3762=CARTESIAN_POINT('',(-0.000055383,-13.236735679,5.929533615));
#3763=CARTESIAN_POINT('',(-0.000083075,-13.236735679,5.929533615));
#3764=CARTESIAN_POINT('',(-7.753948903,-13.236687015,5.929533615));
#3765=CARTESIAN_POINT('',(-13.236735679,-7.753857479,5.929533615));
#3766=CARTESIAN_POINT('',(-13.236735679,0.,5.929533615));
#3767=CARTESIAN_POINT('',(-12.757477973,0.,6.061202677));
#3768=CARTESIAN_POINT('',(-12.757477973,0.000026689,6.061202677));
#3769=CARTESIAN_POINT('',(-12.757477973,0.000053378,6.061202677));
#3770=CARTESIAN_POINT('',(-12.757477973,0.000080067,6.061202677));
#3771=CARTESIAN_POINT('',(-12.757431071,7.473204477,6.061202677));
#3772=CARTESIAN_POINT('',(-7.473116363,12.757477973,6.061202677));
#3773=CARTESIAN_POINT('',(0.,12.757477973,6.061202677));
#3774=CARTESIAN_POINT('',(0.000026689,12.757477973,6.061202677));
#3775=CARTESIAN_POINT('',(0.000053378,12.757477973,6.061202677));
#3776=CARTESIAN_POINT('',(0.000080067,12.757477973,6.061202677));
#3777=CARTESIAN_POINT('',(7.473204477,12.757431071,6.061202677));
#3778=CARTESIAN_POINT('',(12.757477973,7.473116363,6.061202677));
#3779=CARTESIAN_POINT('',(12.757477973,0.,6.061202677));
#3780=CARTESIAN_POINT('',(12.757477973,-0.000026689,6.061202677));
#3781=CARTESIAN_POINT('',(12.757477973,-0.000053378,6.061202677));
#3782=CARTESIAN_POINT('',(12.757477973,-0.000080067,6.061202677));
#3783=CARTESIAN_POINT('',(12.757431071,-7.473204477,6.061202677));
#3784=CARTESIAN_POINT('',(7.473116363,-12.757477973,6.061202677));
#3785=CARTESIAN_POINT('',(0.,-12.757477973,6.061202677));
#3786=CARTESIAN_POINT('',(-0.000026689,-12.757477973,6.061202677));
#3787=CARTESIAN_POINT('',(-0.000053378,-12.757477973,6.061202677));
#3788=CARTESIAN_POINT('',(-0.000080067,-12.757477973,6.061202677));
#3789=CARTESIAN_POINT('',(-7.473204477,-12.757431071,6.061202677));
#3790=CARTESIAN_POINT('',(-12.757477973,-7.473116363,6.061202677));
#3791=CARTESIAN_POINT('',(-12.757477973,0.,6.061202677));
#3792=CARTESIAN_POINT('',(-12.274803996,0.,6.17694954));
#3793=CARTESIAN_POINT('',(-12.274803996,0.000025679,6.17694954));
#3794=CARTESIAN_POINT('',(-12.274803996,0.000051358,6.17694954));
#3795=CARTESIAN_POINT('',(-12.274803996,0.000077038,6.17694954));
#3796=CARTESIAN_POINT('',(-12.274758868,7.190458833,6.17694954));
#3797=CARTESIAN_POINT('',(-7.190374053,12.274803996,6.17694954));
#3798=CARTESIAN_POINT('',(0.,12.274803996,6.17694954));
#3799=CARTESIAN_POINT('',(0.000025679,12.274803996,6.17694954));
#3800=CARTESIAN_POINT('',(0.000051358,12.274803996,6.17694954));
#3801=CARTESIAN_POINT('',(0.000077038,12.274803996,6.17694954));
#3802=CARTESIAN_POINT('',(7.190458833,12.274758868,6.17694954));
#3803=CARTESIAN_POINT('',(12.274803996,7.190374053,6.17694954));
#3804=CARTESIAN_POINT('',(12.274803996,0.,6.17694954));
#3805=CARTESIAN_POINT('',(12.274803996,-0.000025679,6.17694954));
#3806=CARTESIAN_POINT('',(12.274803996,-0.000051358,6.17694954));
#3807=CARTESIAN_POINT('',(12.274803996,-0.000077038,6.17694954));
#3808=CARTESIAN_POINT('',(12.274758868,-7.190458833,6.17694954));
#3809=CARTESIAN_POINT('',(7.190374053,-12.274803996,6.17694954));
#3810=CARTESIAN_POINT('',(0.,-12.274803996,6.17694954));
#3811=CARTESIAN_POINT('',(-0.000025679,-12.274803996,6.17694954));
#3812=CARTESIAN_POINT('',(-0.000051358,-12.274803996,6.17694954));
#3813=CARTESIAN_POINT('',(-0.000077038,-12.274803996,6.17694954));
#3814=CARTESIAN_POINT('',(-7.190458833,-12.274758868,6.17694954));
#3815=CARTESIAN_POINT('',(-12.274803996,-7.190374053,6.17694954));
#3816=CARTESIAN_POINT('',(-12.274803996,0.,6.17694954));
#3817=CARTESIAN_POINT('',(-11.822229422,0.,6.274903529));
#3818=CARTESIAN_POINT('',(-11.822229422,0.000024732,6.274903529));
#3819=CARTESIAN_POINT('',(-11.822229422,0.000049465,6.274903529));
#3820=CARTESIAN_POINT('',(-11.822229422,0.000074197,6.274903529));
#3821=CARTESIAN_POINT('',(-11.822185959,6.925345122,6.274903529));
#3822=CARTESIAN_POINT('',(-6.925263468,11.822229422,6.274903529));
#3823=CARTESIAN_POINT('',(0.,11.822229422,6.274903529));
#3824=CARTESIAN_POINT('',(0.000024732,11.822229422,6.274903529));
#3825=CARTESIAN_POINT('',(0.000049465,11.822229422,6.274903529));
#3826=CARTESIAN_POINT('',(0.000074197,11.822229422,6.274903529));
#3827=CARTESIAN_POINT('',(6.925345122,11.822185959,6.274903529));
#3828=CARTESIAN_POINT('',(11.822229422,6.925263468,6.274903529));
#3829=CARTESIAN_POINT('',(11.822229422,0.,6.274903529));
#3830=CARTESIAN_POINT('',(11.822229422,-0.000024732,6.274903529));
#3831=CARTESIAN_POINT('',(11.822229422,-0.000049465,6.274903529));
#3832=CARTESIAN_POINT('',(11.822229422,-0.000074197,6.274903529));
#3833=CARTESIAN_POINT('',(11.822185959,-6.925345122,6.274903529));
#3834=CARTESIAN_POINT('',(6.925263468,-11.822229422,6.274903529));
#3835=CARTESIAN_POINT('',(0.,-11.822229422,6.274903529));
#3836=CARTESIAN_POINT('',(-0.000024732,-11.822229422,6.274903529));
#3837=CARTESIAN_POINT('',(-0.000049465,-11.822229422,6.274903529));
#3838=CARTESIAN_POINT('',(-0.000074197,-11.822229422,6.274903529));
#3839=CARTESIAN_POINT('',(-6.925345122,-11.822185959,6.274903529));
#3840=CARTESIAN_POINT('',(-11.822229422,-6.925263468,6.274903529));
#3841=CARTESIAN_POINT('',(-11.822229422,0.,6.274903529));
#3842=CARTESIAN_POINT('',(-11.463591957,0.,6.342004057));
#3843=CARTESIAN_POINT('',(-11.463591957,0.000023982,6.342004057));
#3844=CARTESIAN_POINT('',(-11.463591957,0.000047964,6.342004057));
#3845=CARTESIAN_POINT('',(-11.463591957,0.000071946,6.342004057));
#3846=CARTESIAN_POINT('',(-11.463549812,6.71525884,6.342004057));
#3847=CARTESIAN_POINT('',(-6.715179663,11.463591957,6.342004057));
#3848=CARTESIAN_POINT('',(0.,11.463591957,6.342004057));
#3849=CARTESIAN_POINT('',(0.000023982,11.463591957,6.342004057));
#3850=CARTESIAN_POINT('',(0.000047964,11.463591957,6.342004057));
#3851=CARTESIAN_POINT('',(0.000071946,11.463591957,6.342004057));
#3852=CARTESIAN_POINT('',(6.71525884,11.463549812,6.342004057));
#3853=CARTESIAN_POINT('',(11.463591957,6.715179663,6.342004057));
#3854=CARTESIAN_POINT('',(11.463591957,0.,6.342004057));
#3855=CARTESIAN_POINT('',(11.463591957,-0.000023982,6.342004057));
#3856=CARTESIAN_POINT('',(11.463591957,-0.000047964,6.342004057));
#3857=CARTESIAN_POINT('',(11.463591957,-0.000071946,6.342004057));
#3858=CARTESIAN_POINT('',(11.463549812,-6.71525884,6.342004057));
#3859=CARTESIAN_POINT('',(6.715179663,-11.463591957,6.342004057));
#3860=CARTESIAN_POINT('',(0.,-11.463591957,6.342004057));
#3861=CARTESIAN_POINT('',(-0.000023982,-11.463591957,6.342004057));
#3862=CARTESIAN_POINT('',(-0.000047964,-11.463591957,6.342004057));
#3863=CARTESIAN_POINT('',(-0.000071946,-11.463591957,6.342004057));
#3864=CARTESIAN_POINT('',(-6.71525884,-11.463549812,6.342004057));
#3865=CARTESIAN_POINT('',(-11.463591957,-6.715179663,6.342004057));
#3866=CARTESIAN_POINT('',(-11.463591957,0.,6.342004057));
#3867=CARTESIAN_POINT('',(-11.004040178,0.,6.415010891));
#3868=CARTESIAN_POINT('',(-11.004040178,0.000023021,6.415010891));
#3869=CARTESIAN_POINT('',(-11.004040178,0.000046041,6.415010891));
#3870=CARTESIAN_POINT('',(-11.004040178,0.000069062,6.415010891));
#3871=CARTESIAN_POINT('',(-11.003999723,6.446057951,6.415010891));
#3872=CARTESIAN_POINT('',(-6.445981948,11.004040178,6.415010891));
#3873=CARTESIAN_POINT('',(0.,11.004040178,6.415010891));
#3874=CARTESIAN_POINT('',(0.000023021,11.004040178,6.415010891));
#3875=CARTESIAN_POINT('',(0.000046041,11.004040178,6.415010891));
#3876=CARTESIAN_POINT('',(0.000069062,11.004040178,6.415010891));
#3877=CARTESIAN_POINT('',(6.446057951,11.003999723,6.415010891));
#3878=CARTESIAN_POINT('',(11.004040178,6.445981948,6.415010891));
#3879=CARTESIAN_POINT('',(11.004040178,0.,6.415010891));
#3880=CARTESIAN_POINT('',(11.004040178,-0.000023021,6.415010891));
#3881=CARTESIAN_POINT('',(11.004040178,-0.000046041,6.415010891));
#3882=CARTESIAN_POINT('',(11.004040178,-0.000069062,6.415010891));
#3883=CARTESIAN_POINT('',(11.003999723,-6.446057951,6.415010891));
#3884=CARTESIAN_POINT('',(6.445981948,-11.004040178,6.415010891));
#3885=CARTESIAN_POINT('',(0.,-11.004040178,6.415010891));
#3886=CARTESIAN_POINT('',(-0.000023021,-11.004040178,6.415010891));
#3887=CARTESIAN_POINT('',(-0.000046041,-11.004040178,6.415010891));
#3888=CARTESIAN_POINT('',(-0.000069062,-11.004040178,6.415010891));
#3889=CARTESIAN_POINT('',(-6.446057951,-11.003999723,6.415010891));
#3890=CARTESIAN_POINT('',(-11.004040178,-6.445981948,6.415010891));
#3891=CARTESIAN_POINT('',(-11.004040178,0.,6.415010891));
#3892=CARTESIAN_POINT('',(-10.643461716,0.,6.465698975));
#3893=CARTESIAN_POINT('',(-10.643461716,0.000022266,6.465698975));
#3894=CARTESIAN_POINT('',(-10.643461716,0.000044533,6.465698975));
#3895=CARTESIAN_POINT('',(-10.643461716,0.000066799,6.465698975));
#3896=CARTESIAN_POINT('',(-10.643422586,6.234834653,6.465698975));
#3897=CARTESIAN_POINT('',(-6.23476114,10.643461716,6.465698975));
#3898=CARTESIAN_POINT('',(0.,10.643461716,6.465698975));
#3899=CARTESIAN_POINT('',(0.000022266,10.643461716,6.465698975));
#3900=CARTESIAN_POINT('',(0.000044533,10.643461716,6.465698975));
#3901=CARTESIAN_POINT('',(0.000066799,10.643461716,6.465698975));
#3902=CARTESIAN_POINT('',(6.234834653,10.643422586,6.465698975));
#3903=CARTESIAN_POINT('',(10.643461716,6.23476114,6.465698975));
#3904=CARTESIAN_POINT('',(10.643461716,0.,6.465698975));
#3905=CARTESIAN_POINT('',(10.643461716,-0.000022266,6.465698975));
#3906=CARTESIAN_POINT('',(10.643461716,-0.000044533,6.465698975));
#3907=CARTESIAN_POINT('',(10.643461716,-0.000066799,6.465698975));
#3908=CARTESIAN_POINT('',(10.643422586,-6.234834653,6.465698975));
#3909=CARTESIAN_POINT('',(6.23476114,-10.643461716,6.465698975));
#3910=CARTESIAN_POINT('',(0.,-10.643461716,6.465698975));
#3911=CARTESIAN_POINT('',(-0.000022266,-10.643461716,6.465698975));
#3912=CARTESIAN_POINT('',(-0.000044533,-10.643461716,6.465698975));
#3913=CARTESIAN_POINT('',(-0.000066799,-10.643461716,6.465698975));
#3914=CARTESIAN_POINT('',(-6.234834653,-10.643422586,6.465698975));
#3915=CARTESIAN_POINT('',(-10.643461716,-6.23476114,6.465698975));
#3916=CARTESIAN_POINT('',(-10.643461716,0.,6.465698975));
#3917=CARTESIAN_POINT('',(-10.185749141,0.,6.526986219));
#3918=CARTESIAN_POINT('',(-10.185749141,0.000021309,6.526986219));
#3919=CARTESIAN_POINT('',(-10.185749141,0.000042618,6.526986219));
#3920=CARTESIAN_POINT('',(-10.185749141,0.000063926,6.526986219));
#3921=CARTESIAN_POINT('',(-10.185711694,5.966711151,6.526986219));
#3922=CARTESIAN_POINT('',(-5.9666408,10.185749141,6.526986219));
#3923=CARTESIAN_POINT('',(0.,10.185749141,6.526986219));
#3924=CARTESIAN_POINT('',(0.000021309,10.185749141,6.526986219));
#3925=CARTESIAN_POINT('',(0.000042618,10.185749141,6.526986219));
#3926=CARTESIAN_POINT('',(0.000063926,10.185749141,6.526986219));
#3927=CARTESIAN_POINT('',(5.966711151,10.185711694,6.526986219));
#3928=CARTESIAN_POINT('',(10.185749141,5.9666408,6.526986219));
#3929=CARTESIAN_POINT('',(10.185749141,0.,6.526986219));
#3930=CARTESIAN_POINT('',(10.185749141,-0.000021309,6.526986219));
#3931=CARTESIAN_POINT('',(10.185749141,-0.000042618,6.526986219));
#3932=CARTESIAN_POINT('',(10.185749141,-0.000063926,6.526986219));
#3933=CARTESIAN_POINT('',(10.185711694,-5.966711151,6.526986219));
#3934=CARTESIAN_POINT('',(5.9666408,-10.185749141,6.526986219));
#3935=CARTESIAN_POINT('',(0.,-10.185749141,6.526986219));
#3936=CARTESIAN_POINT('',(-0.000021309,-10.185749141,6.526986219));
#3937=CARTESIAN_POINT('',(-0.000042618,-10.185749141,6.526986219));
#3938=CARTESIAN_POINT('',(-0.000063926,-10.185749141,6.526986219));
#3939=CARTESIAN_POINT('',(-5.966711151,-10.185711694,6.526986219));
#3940=CARTESIAN_POINT('',(-10.185749141,-5.9666408,6.526986219));
#3941=CARTESIAN_POINT('',(-10.185749141,0.,6.526986219));
#3942=CARTESIAN_POINT('',(-9.823582726,0.,6.574291174));
#3943=CARTESIAN_POINT('',(-9.823582726,0.000020551,6.574291174));
#3944=CARTESIAN_POINT('',(-9.823582726,0.000041102,6.574291174));
#3945=CARTESIAN_POINT('',(-9.823582725,0.000061653,6.574291174));
#3946=CARTESIAN_POINT('',(-9.82354661,5.754557645,6.574291174));
#3947=CARTESIAN_POINT('',(-5.754489795,9.823582726,6.574291174));
#3948=CARTESIAN_POINT('',(0.,9.823582726,6.574291174));
#3949=CARTESIAN_POINT('',(0.000020551,9.823582726,6.574291174));
#3950=CARTESIAN_POINT('',(0.000041102,9.823582726,6.574291174));
#3951=CARTESIAN_POINT('',(0.000061653,9.823582725,6.574291174));
#3952=CARTESIAN_POINT('',(5.754557645,9.82354661,6.574291174));
#3953=CARTESIAN_POINT('',(9.823582726,5.754489795,6.574291174));
#3954=CARTESIAN_POINT('',(9.823582726,0.,6.574291174));
#3955=CARTESIAN_POINT('',(9.823582726,-0.000020551,6.574291174));
#3956=CARTESIAN_POINT('',(9.823582726,-0.000041102,6.574291174));
#3957=CARTESIAN_POINT('',(9.823582725,-0.000061653,6.574291174));
#3958=CARTESIAN_POINT('',(9.82354661,-5.754557645,6.574291174));
#3959=CARTESIAN_POINT('',(5.754489795,-9.823582726,6.574291174));
#3960=CARTESIAN_POINT('',(0.,-9.823582726,6.574291174));
#3961=CARTESIAN_POINT('',(-0.000020551,-9.823582726,6.574291174));
#3962=CARTESIAN_POINT('',(-0.000041102,-9.823582726,6.574291174));
#3963=CARTESIAN_POINT('',(-0.000061653,-9.823582725,6.574291174));
#3964=CARTESIAN_POINT('',(-5.754557645,-9.82354661,6.574291174));
#3965=CARTESIAN_POINT('',(-9.823582726,-5.754489795,6.574291174));
#3966=CARTESIAN_POINT('',(-9.823582726,0.,6.574291174));
#3967=CARTESIAN_POINT('',(-9.359044679,0.,6.63219793));
#3968=CARTESIAN_POINT('',(-9.359044679,0.000019579,6.63219793));
#3969=CARTESIAN_POINT('',(-9.359044679,0.000039159,6.63219793));
#3970=CARTESIAN_POINT('',(-9.359044679,0.000058738,6.63219793));
#3971=CARTESIAN_POINT('',(-9.359010271,5.48243585,6.63219793));
#3972=CARTESIAN_POINT('',(-5.482371209,9.359044679,6.63219793));
#3973=CARTESIAN_POINT('',(0.,9.359044679,6.63219793));
#3974=CARTESIAN_POINT('',(0.000019579,9.359044679,6.63219793));
#3975=CARTESIAN_POINT('',(0.000039159,9.359044679,6.63219793));
#3976=CARTESIAN_POINT('',(0.000058738,9.359044679,6.63219793));
#3977=CARTESIAN_POINT('',(5.48243585,9.359010271,6.63219793));
#3978=CARTESIAN_POINT('',(9.359044679,5.482371209,6.63219793));
#3979=CARTESIAN_POINT('',(9.359044679,0.,6.63219793));
#3980=CARTESIAN_POINT('',(9.359044679,-0.000019579,6.63219793));
#3981=CARTESIAN_POINT('',(9.359044679,-0.000039159,6.63219793));
#3982=CARTESIAN_POINT('',(9.359044679,-0.000058738,6.63219793));
#3983=CARTESIAN_POINT('',(9.359010271,-5.48243585,6.63219793));
#3984=CARTESIAN_POINT('',(5.482371209,-9.359044679,6.63219793));
#3985=CARTESIAN_POINT('',(0.,-9.359044679,6.63219793));
#3986=CARTESIAN_POINT('',(-0.000019579,-9.359044679,6.63219793));
#3987=CARTESIAN_POINT('',(-0.000039159,-9.359044679,6.63219793));
#3988=CARTESIAN_POINT('',(-0.000058738,-9.359044679,6.63219793));
#3989=CARTESIAN_POINT('',(-5.48243585,-9.359010271,6.63219793));
#3990=CARTESIAN_POINT('',(-9.359044679,-5.482371209,6.63219793));
#3991=CARTESIAN_POINT('',(-9.359044679,0.,6.63219793));
#3992=CARTESIAN_POINT('',(-8.995886974,0.,6.672677869));
#3993=CARTESIAN_POINT('',(-8.995886974,0.00001882,6.672677869));
#3994=CARTESIAN_POINT('',(-8.995886974,0.000037639,6.672677869));
#3995=CARTESIAN_POINT('',(-8.995886974,0.000056459,6.672677869));
#3996=CARTESIAN_POINT('',(-8.995853901,5.269701657,6.672677869));
#3997=CARTESIAN_POINT('',(-5.269639524,8.995886974,6.672677869));
#3998=CARTESIAN_POINT('',(0.,8.995886974,6.672677869));
#3999=CARTESIAN_POINT('',(0.00001882,8.995886974,6.672677869));
#4000=CARTESIAN_POINT('',(0.000037639,8.995886974,6.672677869));
#4001=CARTESIAN_POINT('',(0.000056459,8.995886974,6.672677869));
#4002=CARTESIAN_POINT('',(5.269701657,8.995853901,6.672677869));
#4003=CARTESIAN_POINT('',(8.995886974,5.269639524,6.672677869));
#4004=CARTESIAN_POINT('',(8.995886974,0.,6.672677869));
#4005=CARTESIAN_POINT('',(8.995886974,-0.00001882,6.672677869));
#4006=CARTESIAN_POINT('',(8.995886974,-0.000037639,6.672677869));
#4007=CARTESIAN_POINT('',(8.995886974,-0.000056459,6.672677869));
#4008=CARTESIAN_POINT('',(8.995853901,-5.269701657,6.672677869));
#4009=CARTESIAN_POINT('',(5.269639524,-8.995886974,6.672677869));
#4010=CARTESIAN_POINT('',(0.,-8.995886974,6.672677869));
#4011=CARTESIAN_POINT('',(-0.00001882,-8.995886974,6.672677869));
#4012=CARTESIAN_POINT('',(-0.000037639,-8.995886974,6.672677869));
#4013=CARTESIAN_POINT('',(-0.000056459,-8.995886974,6.672677869));
#4014=CARTESIAN_POINT('',(-5.269701657,-8.995853901,6.672677869));
#4015=CARTESIAN_POINT('',(-8.995886974,-5.269639524,6.672677869));
#4016=CARTESIAN_POINT('',(-8.995886974,0.,6.672677869));
#4017=CARTESIAN_POINT('',(-8.537665387,0.,6.716975449));
#4018=CARTESIAN_POINT('',(-8.537665387,0.000017861,6.716975449));
#4019=CARTESIAN_POINT('',(-8.537665387,0.000035722,6.716975449));
#4020=CARTESIAN_POINT('',(-8.537665387,0.000053583,6.716975449));
#4021=CARTESIAN_POINT('',(-8.537633999,5.001279981,6.716975449));
#4022=CARTESIAN_POINT('',(-5.001221013,8.537665387,6.716975449));
#4023=CARTESIAN_POINT('',(0.,8.537665387,6.716975449));
#4024=CARTESIAN_POINT('',(0.000017861,8.537665387,6.716975449));
#4025=CARTESIAN_POINT('',(0.000035722,8.537665387,6.716975449));
#4026=CARTESIAN_POINT('',(0.000053583,8.537665387,6.716975449));
#4027=CARTESIAN_POINT('',(5.001279981,8.537633999,6.716975449));
#4028=CARTESIAN_POINT('',(8.537665387,5.001221013,6.716975449));
#4029=CARTESIAN_POINT('',(8.537665387,0.,6.716975449));
#4030=CARTESIAN_POINT('',(8.537665387,-0.000017861,6.716975449));
#4031=CARTESIAN_POINT('',(8.537665387,-0.000035722,6.716975449));
#4032=CARTESIAN_POINT('',(8.537665387,-0.000053583,6.716975449));
#4033=CARTESIAN_POINT('',(8.537633999,-5.001279981,6.716975449));
#4034=CARTESIAN_POINT('',(5.001221013,-8.537665387,6.716975449));
#4035=CARTESIAN_POINT('',(0.,-8.537665387,6.716975449));
#4036=CARTESIAN_POINT('',(-0.000017861,-8.537665387,6.716975449));
#4037=CARTESIAN_POINT('',(-0.000035722,-8.537665387,6.716975449));
#4038=CARTESIAN_POINT('',(-0.000053583,-8.537665387,6.716975449));
#4039=CARTESIAN_POINT('',(-5.001279981,-8.537633999,6.716975449));
#4040=CARTESIAN_POINT('',(-8.537665387,-5.001221013,6.716975449));
#4041=CARTESIAN_POINT('',(-8.537665387,0.,6.716975449));
#4042=CARTESIAN_POINT('',(-8.175795354,0.,6.749692512));
#4043=CARTESIAN_POINT('',(-8.175795354,0.000017104,6.749692512));
#4044=CARTESIAN_POINT('',(-8.175795354,0.000034208,6.749692512));
#4045=CARTESIAN_POINT('',(-8.175795354,0.000051312,6.749692512));
#4046=CARTESIAN_POINT('',(-8.175765297,4.789300093,6.749692512));
#4047=CARTESIAN_POINT('',(-4.789243624,8.175795354,6.749692512));
#4048=CARTESIAN_POINT('',(0.,8.175795354,6.749692512));
#4049=CARTESIAN_POINT('',(0.000017104,8.175795354,6.749692512));
#4050=CARTESIAN_POINT('',(0.000034208,8.175795354,6.749692512));
#4051=CARTESIAN_POINT('',(0.000051312,8.175795354,6.749692512));
#4052=CARTESIAN_POINT('',(4.789300093,8.175765297,6.749692512));
#4053=CARTESIAN_POINT('',(8.175795354,4.789243624,6.749692512));
#4054=CARTESIAN_POINT('',(8.175795354,0.,6.749692512));
#4055=CARTESIAN_POINT('',(8.175795354,-0.000017104,6.749692512));
#4056=CARTESIAN_POINT('',(8.175795354,-0.000034208,6.749692512));
#4057=CARTESIAN_POINT('',(8.175795354,-0.000051312,6.749692512));
#4058=CARTESIAN_POINT('',(8.175765297,-4.789300093,6.749692512));
#4059=CARTESIAN_POINT('',(4.789243624,-8.175795354,6.749692512));
#4060=CARTESIAN_POINT('',(0.,-8.175795354,6.749692512));
#4061=CARTESIAN_POINT('',(-0.000017104,-8.175795354,6.749692512));
#4062=CARTESIAN_POINT('',(-0.000034208,-8.175795354,6.749692512));
#4063=CARTESIAN_POINT('',(-0.000051312,-8.175795354,6.749692512));
#4064=CARTESIAN_POINT('',(-4.789300093,-8.175765297,6.749692512));
#4065=CARTESIAN_POINT('',(-8.175795354,-4.789243624,6.749692512));
#4066=CARTESIAN_POINT('',(-8.175795354,0.,6.749692512));
#4067=CARTESIAN_POINT('',(-7.710586051,0.,6.790504342));
#4068=CARTESIAN_POINT('',(-7.710586051,0.000016131,6.790504342));
#4069=CARTESIAN_POINT('',(-7.710586051,0.000032261,6.790504342));
#4070=CARTESIAN_POINT('',(-7.710586051,0.000048392,6.790504342));
#4071=CARTESIAN_POINT('',(-7.710557704,4.516785082,6.790504342));
#4072=CARTESIAN_POINT('',(-4.516731827,7.710586051,6.790504342));
#4073=CARTESIAN_POINT('',(0.,7.710586051,6.790504342));
#4074=CARTESIAN_POINT('',(0.000016131,7.710586051,6.790504342));
#4075=CARTESIAN_POINT('',(0.000032261,7.710586051,6.790504342));
#4076=CARTESIAN_POINT('',(0.000048392,7.710586051,6.790504342));
#4077=CARTESIAN_POINT('',(4.516785082,7.710557704,6.790504342));
#4078=CARTESIAN_POINT('',(7.710586051,4.516731827,6.790504342));
#4079=CARTESIAN_POINT('',(7.710586051,0.,6.790504342));
#4080=CARTESIAN_POINT('',(7.710586051,-0.000016131,6.790504342));
#4081=CARTESIAN_POINT('',(7.710586051,-0.000032261,6.790504342));
#4082=CARTESIAN_POINT('',(7.710586051,-0.000048392,6.790504342));
#4083=CARTESIAN_POINT('',(7.710557704,-4.516785082,6.790504342));
#4084=CARTESIAN_POINT('',(4.516731827,-7.710586051,6.790504342));
#4085=CARTESIAN_POINT('',(0.,-7.710586051,6.790504342));
#4086=CARTESIAN_POINT('',(-0.000016131,-7.710586051,6.790504342));
#4087=CARTESIAN_POINT('',(-0.000032261,-7.710586051,6.790504342));
#4088=CARTESIAN_POINT('',(-0.000048392,-7.710586051,6.790504342));
#4089=CARTESIAN_POINT('',(-4.516785082,-7.710557704,6.790504342));
#4090=CARTESIAN_POINT('',(-7.710586051,-4.516731827,6.790504342));
#4091=CARTESIAN_POINT('',(-7.710586051,0.,6.790504342));
#4092=CARTESIAN_POINT('',(-7.346186375,0.,6.818715045));
#4093=CARTESIAN_POINT('',(-7.346186375,0.000015368,6.818715045));
#4094=CARTESIAN_POINT('',(-7.346186375,0.000030737,6.818715045));
#4095=CARTESIAN_POINT('',(-7.346186375,0.000046105,6.818715045));
#4096=CARTESIAN_POINT('',(-7.346159368,4.303323355,6.818715045));
#4097=CARTESIAN_POINT('',(-4.303272616,7.346186375,6.818715045));
#4098=CARTESIAN_POINT('',(0.,7.346186375,6.818715045));
#4099=CARTESIAN_POINT('',(0.000015368,7.346186375,6.818715045));
#4100=CARTESIAN_POINT('',(0.000030737,7.346186375,6.818715045));
#4101=CARTESIAN_POINT('',(0.000046105,7.346186375,6.818715045));
#4102=CARTESIAN_POINT('',(4.303323355,7.346159368,6.818715045));
#4103=CARTESIAN_POINT('',(7.346186375,4.303272616,6.818715045));
#4104=CARTESIAN_POINT('',(7.346186375,0.,6.818715045));
#4105=CARTESIAN_POINT('',(7.346186375,-0.000015368,6.818715045));
#4106=CARTESIAN_POINT('',(7.346186375,-0.000030737,6.818715045));
#4107=CARTESIAN_POINT('',(7.346186375,-0.000046105,6.818715045));
#4108=CARTESIAN_POINT('',(7.346159368,-4.303323355,6.818715045));
#4109=CARTESIAN_POINT('',(4.303272616,-7.346186375,6.818715045));
#4110=CARTESIAN_POINT('',(0.,-7.346186375,6.818715045));
#4111=CARTESIAN_POINT('',(-0.000015368,-7.346186375,6.818715045));
#4112=CARTESIAN_POINT('',(-0.000030737,-7.346186375,6.818715045));
#4113=CARTESIAN_POINT('',(-0.000046105,-7.346186375,6.818715045));
#4114=CARTESIAN_POINT('',(-4.303323355,-7.346159368,6.818715045));
#4115=CARTESIAN_POINT('',(-7.346186375,-4.303272616,6.818715045));
#4116=CARTESIAN_POINT('',(-7.346186375,0.,6.818715045));
#4117=CARTESIAN_POINT('',(-6.886885422,0.,6.850310924));
#4118=CARTESIAN_POINT('',(-6.886885422,0.000014408,6.850310924));
#4119=CARTESIAN_POINT('',(-6.886885422,0.000028815,6.850310924));
#4120=CARTESIAN_POINT('',(-6.886885422,0.000043223,6.850310924));
#4121=CARTESIAN_POINT('',(-6.886860103,4.034269397,6.850310924));
#4122=CARTESIAN_POINT('',(-4.03422183,6.886885422,6.850310924));
#4123=CARTESIAN_POINT('',(0.,6.886885422,6.850310924));
#4124=CARTESIAN_POINT('',(0.000014408,6.886885422,6.850310924));
#4125=CARTESIAN_POINT('',(0.000028815,6.886885422,6.850310924));
#4126=CARTESIAN_POINT('',(0.000043223,6.886885422,6.850310924));
#4127=CARTESIAN_POINT('',(4.034269397,6.886860103,6.850310924));
#4128=CARTESIAN_POINT('',(6.886885422,4.03422183,6.850310924));
#4129=CARTESIAN_POINT('',(6.886885422,0.,6.850310924));
#4130=CARTESIAN_POINT('',(6.886885422,-0.000014408,6.850310924));
#4131=CARTESIAN_POINT('',(6.886885422,-0.000028815,6.850310924));
#4132=CARTESIAN_POINT('',(6.886885422,-0.000043223,6.850310924));
#4133=CARTESIAN_POINT('',(6.886860103,-4.034269397,6.850310924));
#4134=CARTESIAN_POINT('',(4.03422183,-6.886885422,6.850310924));
#4135=CARTESIAN_POINT('',(0.,-6.886885422,6.850310924));
#4136=CARTESIAN_POINT('',(-0.000014408,-6.886885422,6.850310924));
#4137=CARTESIAN_POINT('',(-0.000028815,-6.886885422,6.850310924));
#4138=CARTESIAN_POINT('',(-0.000043223,-6.886885422,6.850310924));
#4139=CARTESIAN_POINT('',(-4.034269397,-6.886860103,6.850310924));
#4140=CARTESIAN_POINT('',(-6.886885422,-4.03422183,6.850310924));
#4141=CARTESIAN_POINT('',(-6.886885422,0.,6.850310924));
#4142=CARTESIAN_POINT('',(-6.525781433,0.,6.877387702));
#4143=CARTESIAN_POINT('',(-6.525781433,0.000013652,6.877387702));
#4144=CARTESIAN_POINT('',(-6.525781433,0.000027304,6.877387702));
#4145=CARTESIAN_POINT('',(-6.525781433,0.000040956,6.877387702));
#4146=CARTESIAN_POINT('',(-6.525757441,3.82273825,6.877387702));
#4147=CARTESIAN_POINT('',(-3.822693177,6.525781433,6.877387702));
#4148=CARTESIAN_POINT('',(0.,6.525781433,6.877387702));
#4149=CARTESIAN_POINT('',(0.000013652,6.525781433,6.877387702));
#4150=CARTESIAN_POINT('',(0.000027304,6.525781433,6.877387702));
#4151=CARTESIAN_POINT('',(0.000040956,6.525781433,6.877387702));
#4152=CARTESIAN_POINT('',(3.82273825,6.525757441,6.877387702));
#4153=CARTESIAN_POINT('',(6.525781433,3.822693177,6.877387702));
#4154=CARTESIAN_POINT('',(6.525781433,0.,6.877387702));
#4155=CARTESIAN_POINT('',(6.525781433,-0.000013652,6.877387702));
#4156=CARTESIAN_POINT('',(6.525781433,-0.000027304,6.877387702));
#4157=CARTESIAN_POINT('',(6.525781433,-0.000040956,6.877387702));
#4158=CARTESIAN_POINT('',(6.525757441,-3.82273825,6.877387702));
#4159=CARTESIAN_POINT('',(3.822693177,-6.525781433,6.877387702));
#4160=CARTESIAN_POINT('',(0.,-6.525781433,6.877387702));
#4161=CARTESIAN_POINT('',(-0.000013652,-6.525781433,6.877387702));
#4162=CARTESIAN_POINT('',(-0.000027304,-6.525781433,6.877387702));
#4163=CARTESIAN_POINT('',(-0.000040956,-6.525781433,6.877387702));
#4164=CARTESIAN_POINT('',(-3.82273825,-6.525757441,6.877387702));
#4165=CARTESIAN_POINT('',(-6.525781433,-3.822693177,6.877387702));
#4166=CARTESIAN_POINT('',(-6.525781433,0.,6.877387702));
#4167=CARTESIAN_POINT('',(-6.062044635,0.,6.914739887));
#4168=CARTESIAN_POINT('',(-6.062044635,0.000012682,6.914739887));
#4169=CARTESIAN_POINT('',(-6.062044635,0.000025364,6.914739887));
#4170=CARTESIAN_POINT('',(-6.062044634,0.000038046,6.914739887));
#4171=CARTESIAN_POINT('',(-6.062022348,3.551085818,6.914739887));
#4172=CARTESIAN_POINT('',(-3.551043948,6.062044635,6.914739887));
#4173=CARTESIAN_POINT('',(0.,6.062044635,6.914739887));
#4174=CARTESIAN_POINT('',(0.000012682,6.062044635,6.914739887));
#4175=CARTESIAN_POINT('',(0.000025364,6.062044635,6.914739887));
#4176=CARTESIAN_POINT('',(0.000038046,6.062044634,6.914739887));
#4177=CARTESIAN_POINT('',(3.551085818,6.062022348,6.914739887));
#4178=CARTESIAN_POINT('',(6.062044635,3.551043948,6.914739887));
#4179=CARTESIAN_POINT('',(6.062044635,0.,6.914739887));
#4180=CARTESIAN_POINT('',(6.062044635,-0.000012682,6.914739887));
#4181=CARTESIAN_POINT('',(6.062044635,-0.000025364,6.914739887));
#4182=CARTESIAN_POINT('',(6.062044634,-0.000038046,6.914739887));
#4183=CARTESIAN_POINT('',(6.062022348,-3.551085818,6.914739887));
#4184=CARTESIAN_POINT('',(3.551043948,-6.062044635,6.914739887));
#4185=CARTESIAN_POINT('',(0.,-6.062044635,6.914739887));
#4186=CARTESIAN_POINT('',(-0.000012682,-6.062044635,6.914739887));
#4187=CARTESIAN_POINT('',(-0.000025364,-6.062044635,6.914739887));
#4188=CARTESIAN_POINT('',(-0.000038046,-6.062044634,6.914739887));
#4189=CARTESIAN_POINT('',(-3.551085818,-6.062022348,6.914739887));
#4190=CARTESIAN_POINT('',(-6.062044635,-3.551043948,6.914739887));
#4191=CARTESIAN_POINT('',(-6.062044635,0.,6.914739887));
#4192=CARTESIAN_POINT('',(-5.69578359,0.,6.938233303));
#4193=CARTESIAN_POINT('',(-5.69578359,0.000011916,6.938233303));
#4194=CARTESIAN_POINT('',(-5.69578359,0.000023831,6.938233303));
#4195=CARTESIAN_POINT('',(-5.69578359,0.000035747,6.938233303));
#4196=CARTESIAN_POINT('',(-5.695762649,3.336533719,6.938233303));
#4197=CARTESIAN_POINT('',(-3.336494379,5.69578359,6.938233303));
#4198=CARTESIAN_POINT('',(0.,5.69578359,6.938233303));
#4199=CARTESIAN_POINT('',(0.000011916,5.69578359,6.938233303));
#4200=CARTESIAN_POINT('',(0.000023831,5.69578359,6.938233303));
#4201=CARTESIAN_POINT('',(0.000035747,5.69578359,6.938233303));
#4202=CARTESIAN_POINT('',(3.336533719,5.695762649,6.938233303));
#4203=CARTESIAN_POINT('',(5.69578359,3.336494379,6.938233303));
#4204=CARTESIAN_POINT('',(5.69578359,0.,6.938233303));
#4205=CARTESIAN_POINT('',(5.69578359,-0.000011916,6.938233303));
#4206=CARTESIAN_POINT('',(5.69578359,-0.000023831,6.938233303));
#4207=CARTESIAN_POINT('',(5.69578359,-0.000035747,6.938233303));
#4208=CARTESIAN_POINT('',(5.695762649,-3.336533719,6.938233303));
#4209=CARTESIAN_POINT('',(3.336494379,-5.69578359,6.938233303));
#4210=CARTESIAN_POINT('',(0.,-5.69578359,6.938233303));
#4211=CARTESIAN_POINT('',(-0.000011916,-5.69578359,6.938233303));
#4212=CARTESIAN_POINT('',(-0.000023831,-5.69578359,6.938233303));
#4213=CARTESIAN_POINT('',(-0.000035747,-5.69578359,6.938233303));
#4214=CARTESIAN_POINT('',(-3.336533719,-5.695762649,6.938233303));
#4215=CARTESIAN_POINT('',(-5.69578359,-3.336494379,6.938233303));
#4216=CARTESIAN_POINT('',(-5.69578359,0.,6.938233303));
#4217=CARTESIAN_POINT('',(-5.230740231,0.,6.957848858));
#4218=CARTESIAN_POINT('',(-5.230740231,0.000010943,6.957848858));
#4219=CARTESIAN_POINT('',(-5.230740231,0.000021886,6.957848858));
#4220=CARTESIAN_POINT('',(-5.230740231,0.000032828,6.957848858));
#4221=CARTESIAN_POINT('',(-5.230721,3.064115916,6.957848858));
#4222=CARTESIAN_POINT('',(-3.064079789,5.230740231,6.957848858));
#4223=CARTESIAN_POINT('',(0.,5.230740231,6.957848858));
#4224=CARTESIAN_POINT('',(0.000010943,5.230740231,6.957848858));
#4225=CARTESIAN_POINT('',(0.000021886,5.230740231,6.957848858));
#4226=CARTESIAN_POINT('',(0.000032828,5.230740231,6.957848858));
#4227=CARTESIAN_POINT('',(3.064115916,5.230721,6.957848858));
#4228=CARTESIAN_POINT('',(5.230740231,3.064079789,6.957848858));
#4229=CARTESIAN_POINT('',(5.230740231,0.,6.957848858));
#4230=CARTESIAN_POINT('',(5.230740231,-0.000010943,6.957848858));
#4231=CARTESIAN_POINT('',(5.230740231,-0.000021886,6.957848858));
#4232=CARTESIAN_POINT('',(5.230740231,-0.000032828,6.957848858));
#4233=CARTESIAN_POINT('',(5.230721,-3.064115916,6.957848858));
#4234=CARTESIAN_POINT('',(3.064079789,-5.230740231,6.957848858));
#4235=CARTESIAN_POINT('',(0.,-5.230740231,6.957848858));
#4236=CARTESIAN_POINT('',(-0.000010943,-5.230740231,6.957848858));
#4237=CARTESIAN_POINT('',(-0.000021886,-5.230740231,6.957848858));
#4238=CARTESIAN_POINT('',(-0.000032828,-5.230740231,6.957848858));
#4239=CARTESIAN_POINT('',(-3.064115916,-5.230721,6.957848858));
#4240=CARTESIAN_POINT('',(-5.230740231,-3.064079789,6.957848858));
#4241=CARTESIAN_POINT('',(-5.230740231,0.,6.957848858));
#4242=CARTESIAN_POINT('',(-4.86784708,0.,6.973808212));
#4243=CARTESIAN_POINT('',(-4.86784708,0.000010184,6.973808212));
#4244=CARTESIAN_POINT('',(-4.86784708,0.000020367,6.973808212));
#4245=CARTESIAN_POINT('',(-4.86784708,0.000030551,6.973808212));
#4246=CARTESIAN_POINT('',(-4.867829184,2.851536696,6.973808212));
#4247=CARTESIAN_POINT('',(-2.851503075,4.86784708,6.973808212));
#4248=CARTESIAN_POINT('',(0.,4.86784708,6.973808212));
#4249=CARTESIAN_POINT('',(0.000010184,4.86784708,6.973808212));
#4250=CARTESIAN_POINT('',(0.000020367,4.86784708,6.973808212));
#4251=CARTESIAN_POINT('',(0.000030551,4.86784708,6.973808212));
#4252=CARTESIAN_POINT('',(2.851536696,4.867829184,6.973808212));
#4253=CARTESIAN_POINT('',(4.86784708,2.851503075,6.973808212));
#4254=CARTESIAN_POINT('',(4.86784708,0.,6.973808212));
#4255=CARTESIAN_POINT('',(4.86784708,-0.000010184,6.973808212));
#4256=CARTESIAN_POINT('',(4.86784708,-0.000020367,6.973808212));
#4257=CARTESIAN_POINT('',(4.86784708,-0.000030551,6.973808212));
#4258=CARTESIAN_POINT('',(4.867829184,-2.851536696,6.973808212));
#4259=CARTESIAN_POINT('',(2.851503075,-4.86784708,6.973808212));
#4260=CARTESIAN_POINT('',(0.,-4.86784708,6.973808212));
#4261=CARTESIAN_POINT('',(-0.000010184,-4.86784708,6.973808212));
#4262=CARTESIAN_POINT('',(-0.000020367,-4.86784708,6.973808212));
#4263=CARTESIAN_POINT('',(-0.000030551,-4.86784708,6.973808212));
#4264=CARTESIAN_POINT('',(-2.851536696,-4.867829184,6.973808212));
#4265=CARTESIAN_POINT('',(-4.86784708,-2.851503075,6.973808212));
#4266=CARTESIAN_POINT('',(-4.86784708,0.,6.973808212));
#4267=CARTESIAN_POINT('',(-4.408249039,0.,6.999378195));
#4268=CARTESIAN_POINT('',(-4.408249039,0.000009222,6.999378195));
#4269=CARTESIAN_POINT('',(-4.408249039,0.000018444,6.999378195));
#4270=CARTESIAN_POINT('',(-4.408249039,0.000027666,6.999378195));
#4271=CARTESIAN_POINT('',(-4.408232833,2.582308708,6.999378195));
#4272=CARTESIAN_POINT('',(-2.582278261,4.408249039,6.999378195));
#4273=CARTESIAN_POINT('',(0.,4.408249039,6.999378195));
#4274=CARTESIAN_POINT('',(0.000009222,4.408249039,6.999378195));
#4275=CARTESIAN_POINT('',(0.000018444,4.408249039,6.999378195));
#4276=CARTESIAN_POINT('',(0.000027666,4.408249039,6.999378195));
#4277=CARTESIAN_POINT('',(2.582308708,4.408232833,6.999378195));
#4278=CARTESIAN_POINT('',(4.408249039,2.582278261,6.999378195));
#4279=CARTESIAN_POINT('',(4.408249039,0.,6.999378195));
#4280=CARTESIAN_POINT('',(4.408249039,-0.000009222,6.999378195));
#4281=CARTESIAN_POINT('',(4.408249039,-0.000018444,6.999378195));
#4282=CARTESIAN_POINT('',(4.408249039,-0.000027666,6.999378195));
#4283=CARTESIAN_POINT('',(4.408232833,-2.582308708,6.999378195));
#4284=CARTESIAN_POINT('',(2.582278261,-4.408249039,6.999378195));
#4285=CARTESIAN_POINT('',(0.,-4.408249039,6.999378195));
#4286=CARTESIAN_POINT('',(-0.000009222,-4.408249039,6.999378195));
#4287=CARTESIAN_POINT('',(-0.000018444,-4.408249039,6.999378195));
#4288=CARTESIAN_POINT('',(-0.000027666,-4.408249039,6.999378195));
#4289=CARTESIAN_POINT('',(-2.582308708,-4.408232833,6.999378195));
#4290=CARTESIAN_POINT('',(-4.408249039,-2.582278261,6.999378195));
#4291=CARTESIAN_POINT('',(-4.408249039,0.,6.999378195));
#4292=CARTESIAN_POINT('',(-4.045880018,0.,7.015815901));
#4293=CARTESIAN_POINT('',(-4.045880018,0.000008464,7.015815901));
#4294=CARTESIAN_POINT('',(-4.045880018,0.000016928,7.015815901));
#4295=CARTESIAN_POINT('',(-4.045880018,0.000025392,7.015815901));
#4296=CARTESIAN_POINT('',(-4.045865143,2.370036517,7.015815901));
#4297=CARTESIAN_POINT('',(-2.370008573,4.045880018,7.015815901));
#4298=CARTESIAN_POINT('',(0.,4.045880018,7.015815901));
#4299=CARTESIAN_POINT('',(0.000008464,4.045880018,7.015815901));
#4300=CARTESIAN_POINT('',(0.000016928,4.045880018,7.015815901));
#4301=CARTESIAN_POINT('',(0.000025392,4.045880018,7.015815901));
#4302=CARTESIAN_POINT('',(2.370036517,4.045865143,7.015815901));
#4303=CARTESIAN_POINT('',(4.045880018,2.370008573,7.015815901));
#4304=CARTESIAN_POINT('',(4.045880018,0.,7.015815901));
#4305=CARTESIAN_POINT('',(4.045880018,-0.000008464,7.015815901));
#4306=CARTESIAN_POINT('',(4.045880018,-0.000016928,7.015815901));
#4307=CARTESIAN_POINT('',(4.045880018,-0.000025392,7.015815901));
#4308=CARTESIAN_POINT('',(4.045865143,-2.370036517,7.015815901));
#4309=CARTESIAN_POINT('',(2.370008573,-4.045880018,7.015815901));
#4310=CARTESIAN_POINT('',(0.,-4.045880018,7.015815901));
#4311=CARTESIAN_POINT('',(-0.000008464,-4.045880018,7.015815901));
#4312=CARTESIAN_POINT('',(-0.000016928,-4.045880018,7.015815901));
#4313=CARTESIAN_POINT('',(-0.000025392,-4.045880018,7.015815901));
#4314=CARTESIAN_POINT('',(-2.370036517,-4.045865143,7.015815901));
#4315=CARTESIAN_POINT('',(-4.045880018,-2.370008573,7.015815901));
#4316=CARTESIAN_POINT('',(-4.045880018,0.,7.015815901));
#4317=CARTESIAN_POINT('',(-3.58123028,0.,7.029408547));
#4318=CARTESIAN_POINT('',(-3.58123028,0.000007492,7.029408547));
#4319=CARTESIAN_POINT('',(-3.58123028,0.000014984,7.029408547));
#4320=CARTESIAN_POINT('',(-3.58123028,0.000022476,7.029408547));
#4321=CARTESIAN_POINT('',(-3.581217113,2.097849294,7.029408547));
#4322=CARTESIAN_POINT('',(-2.097824559,3.58123028,7.029408547));
#4323=CARTESIAN_POINT('',(0.,3.58123028,7.029408547));
#4324=CARTESIAN_POINT('',(0.000007492,3.58123028,7.029408547));
#4325=CARTESIAN_POINT('',(0.000014984,3.58123028,7.029408547));
#4326=CARTESIAN_POINT('',(0.000022476,3.58123028,7.029408547));
#4327=CARTESIAN_POINT('',(2.097849294,3.581217113,7.029408547));
#4328=CARTESIAN_POINT('',(3.58123028,2.097824559,7.029408547));
#4329=CARTESIAN_POINT('',(3.58123028,0.,7.029408547));
#4330=CARTESIAN_POINT('',(3.58123028,-0.000007492,7.029408547));
#4331=CARTESIAN_POINT('',(3.58123028,-0.000014984,7.029408547));
#4332=CARTESIAN_POINT('',(3.58123028,-0.000022476,7.029408547));
#4333=CARTESIAN_POINT('',(3.581217113,-2.097849294,7.029408547));
#4334=CARTESIAN_POINT('',(2.097824559,-3.58123028,7.029408547));
#4335=CARTESIAN_POINT('',(0.,-3.58123028,7.029408547));
#4336=CARTESIAN_POINT('',(-0.000007492,-3.58123028,7.029408547));
#4337=CARTESIAN_POINT('',(-0.000014984,-3.58123028,7.029408547));
#4338=CARTESIAN_POINT('',(-0.000022476,-3.58123028,7.029408547));
#4339=CARTESIAN_POINT('',(-2.097849294,-3.581217113,7.029408547));
#4340=CARTESIAN_POINT('',(-3.58123028,-2.097824559,7.029408547));
#4341=CARTESIAN_POINT('',(-3.58123028,0.,7.029408547));
#4342=CARTESIAN_POINT('',(-3.215615441,0.,7.043167709));
#4343=CARTESIAN_POINT('',(-3.215615441,0.000006727,7.043167709));
#4344=CARTESIAN_POINT('',(-3.215615441,0.000013454,7.043167709));
#4345=CARTESIAN_POINT('',(-3.215615441,0.000020181,7.043167709));
#4346=CARTESIAN_POINT('',(-3.215603619,1.883675736,7.043167709));
#4347=CARTESIAN_POINT('',(-1.883653527,3.215615441,7.043167709));
#4348=CARTESIAN_POINT('',(0.,3.215615441,7.043167709));
#4349=CARTESIAN_POINT('',(0.000006727,3.215615441,7.043167709));
#4350=CARTESIAN_POINT('',(0.000013454,3.215615441,7.043167709));
#4351=CARTESIAN_POINT('',(0.000020181,3.215615441,7.043167709));
#4352=CARTESIAN_POINT('',(1.883675736,3.215603619,7.043167709));
#4353=CARTESIAN_POINT('',(3.215615441,1.883653527,7.043167709));
#4354=CARTESIAN_POINT('',(3.215615441,0.,7.043167709));
#4355=CARTESIAN_POINT('',(3.215615441,-0.000006727,7.043167709));
#4356=CARTESIAN_POINT('',(3.215615441,-0.000013454,7.043167709));
#4357=CARTESIAN_POINT('',(3.215615441,-0.000020181,7.043167709));
#4358=CARTESIAN_POINT('',(3.215603619,-1.883675736,7.043167709));
#4359=CARTESIAN_POINT('',(1.883653527,-3.215615441,7.043167709));
#4360=CARTESIAN_POINT('',(0.,-3.215615441,7.043167709));
#4361=CARTESIAN_POINT('',(-0.000006727,-3.215615441,7.043167709));
#4362=CARTESIAN_POINT('',(-0.000013454,-3.215615441,7.043167709));
#4363=CARTESIAN_POINT('',(-0.000020181,-3.215615441,7.043167709));
#4364=CARTESIAN_POINT('',(-1.883675736,-3.215603619,7.043167709));
#4365=CARTESIAN_POINT('',(-3.215615441,-1.883653527,7.043167709));
#4366=CARTESIAN_POINT('',(-3.215615441,0.,7.043167709));
#4367=CARTESIAN_POINT('',(-2.751758267,0.,7.06560444));
#4368=CARTESIAN_POINT('',(-2.751758267,0.000005757,7.06560444));
#4369=CARTESIAN_POINT('',(-2.751758266,0.000011513,7.06560444));
#4370=CARTESIAN_POINT('',(-2.751758266,0.00001727,7.06560444));
#4371=CARTESIAN_POINT('',(-2.75174815,1.611952789,7.06560444));
#4372=CARTESIAN_POINT('',(-1.611933783,2.751758267,7.06560444));
#4373=CARTESIAN_POINT('',(0.,2.751758267,7.06560444));
#4374=CARTESIAN_POINT('',(0.000005757,2.751758267,7.06560444));
#4375=CARTESIAN_POINT('',(0.000011513,2.751758266,7.06560444));
#4376=CARTESIAN_POINT('',(0.00001727,2.751758266,7.06560444));
#4377=CARTESIAN_POINT('',(1.611952789,2.75174815,7.06560444));
#4378=CARTESIAN_POINT('',(2.751758267,1.611933783,7.06560444));
#4379=CARTESIAN_POINT('',(2.751758267,0.,7.06560444));
#4380=CARTESIAN_POINT('',(2.751758267,-0.000005757,7.06560444));
#4381=CARTESIAN_POINT('',(2.751758266,-0.000011513,7.06560444));
#4382=CARTESIAN_POINT('',(2.751758266,-0.00001727,7.06560444));
#4383=CARTESIAN_POINT('',(2.75174815,-1.611952789,7.06560444));
#4384=CARTESIAN_POINT('',(1.611933783,-2.751758267,7.06560444));
#4385=CARTESIAN_POINT('',(0.,-2.751758267,7.06560444));
#4386=CARTESIAN_POINT('',(-0.000005757,-2.751758267,7.06560444));
#4387=CARTESIAN_POINT('',(-0.000011513,-2.751758266,7.06560444));
#4388=CARTESIAN_POINT('',(-0.00001727,-2.751758266,7.06560444));
#4389=CARTESIAN_POINT('',(-1.611952789,-2.75174815,7.06560444));
#4390=CARTESIAN_POINT('',(-2.751758267,-1.611933783,7.06560444));
#4391=CARTESIAN_POINT('',(-2.751758267,0.,7.06560444));
#4392=CARTESIAN_POINT('',(-2.387532567,0.,7.074983469));
#4393=CARTESIAN_POINT('',(-2.387532567,0.000004995,7.074983469));
#4394=CARTESIAN_POINT('',(-2.387532567,0.00000999,7.074983469));
#4395=CARTESIAN_POINT('',(-2.387532567,0.000014984,7.074983469));
#4396=CARTESIAN_POINT('',(-2.387523789,1.398592975,7.074983469));
#4397=CARTESIAN_POINT('',(-1.398576485,2.387532567,7.074983469));
#4398=CARTESIAN_POINT('',(0.,2.387532567,7.074983469));
#4399=CARTESIAN_POINT('',(0.000004995,2.387532567,7.074983469));
#4400=CARTESIAN_POINT('',(0.00000999,2.387532567,7.074983469));
#4401=CARTESIAN_POINT('',(0.000014984,2.387532567,7.074983469));
#4402=CARTESIAN_POINT('',(1.398592975,2.387523789,7.074983469));
#4403=CARTESIAN_POINT('',(2.387532567,1.398576485,7.074983469));
#4404=CARTESIAN_POINT('',(2.387532567,0.,7.074983469));
#4405=CARTESIAN_POINT('',(2.387532567,-0.000004995,7.074983469));
#4406=CARTESIAN_POINT('',(2.387532567,-0.00000999,7.074983469));
#4407=CARTESIAN_POINT('',(2.387532567,-0.000014984,7.074983469));
#4408=CARTESIAN_POINT('',(2.387523789,-1.398592975,7.074983469));
#4409=CARTESIAN_POINT('',(1.398576485,-2.387532567,7.074983469));
#4410=CARTESIAN_POINT('',(0.,-2.387532567,7.074983469));
#4411=CARTESIAN_POINT('',(-0.000004995,-2.387532567,7.074983469));
#4412=CARTESIAN_POINT('',(-0.00000999,-2.387532567,7.074983469));
#4413=CARTESIAN_POINT('',(-0.000014984,-2.387532567,7.074983469));
#4414=CARTESIAN_POINT('',(-1.398592975,-2.387523789,7.074983469));
#4415=CARTESIAN_POINT('',(-2.387532567,-1.398576485,7.074983469));
#4416=CARTESIAN_POINT('',(-2.387532567,0.,7.074983469));
#4417=CARTESIAN_POINT('',(-1.989563143,0.,7.071728912));
#4418=CARTESIAN_POINT('',(-1.989563143,0.000004162,7.071728912));
#4419=CARTESIAN_POINT('',(-1.989563143,0.000008324,7.071728912));
#4420=CARTESIAN_POINT('',(-1.989563143,0.000012487,7.071728912));
#4421=CARTESIAN_POINT('',(-1.989555828,1.16546642,7.071728912));
#4422=CARTESIAN_POINT('',(-1.165452679,1.989563143,7.071728912));
#4423=CARTESIAN_POINT('',(0.,1.989563143,7.071728912));
#4424=CARTESIAN_POINT('',(0.000004162,1.989563143,7.071728912));
#4425=CARTESIAN_POINT('',(0.000008324,1.989563143,7.071728912));
#4426=CARTESIAN_POINT('',(0.000012487,1.989563143,7.071728912));
#4427=CARTESIAN_POINT('',(1.16546642,1.989555828,7.071728912));
#4428=CARTESIAN_POINT('',(1.989563143,1.165452679,7.071728912));
#4429=CARTESIAN_POINT('',(1.989563143,0.,7.071728912));
#4430=CARTESIAN_POINT('',(1.989563143,-0.000004162,7.071728912));
#4431=CARTESIAN_POINT('',(1.989563143,-0.000008324,7.071728912));
#4432=CARTESIAN_POINT('',(1.989563143,-0.000012487,7.071728912));
#4433=CARTESIAN_POINT('',(1.989555828,-1.16546642,7.071728912));
#4434=CARTESIAN_POINT('',(1.165452679,-1.989563143,7.071728912));
#4435=CARTESIAN_POINT('',(0.,-1.989563143,7.071728912));
#4436=CARTESIAN_POINT('',(-0.000004162,-1.989563143,7.071728912));
#4437=CARTESIAN_POINT('',(-0.000008324,-1.989563143,7.071728912));
#4438=CARTESIAN_POINT('',(-0.000012487,-1.989563143,7.071728912));
#4439=CARTESIAN_POINT('',(-1.16546642,-1.989555828,7.071728912));
#4440=CARTESIAN_POINT('',(-1.989563143,-1.165452679,7.071728912));
#4441=CARTESIAN_POINT('',(-1.989563143,0.,7.071728912));
#4442=CARTESIAN_POINT('',(-1.707570058,0.,7.069144743));
#4443=CARTESIAN_POINT('',(-1.707570058,0.000003572,7.069144743));
#4444=CARTESIAN_POINT('',(-1.707570058,0.000007145,7.069144743));
#4445=CARTESIAN_POINT('',(-1.707570058,0.000010717,7.069144743));
#4446=CARTESIAN_POINT('',(-1.70756378,1.000277659,7.069144743));
#4447=CARTESIAN_POINT('',(-1.000265865,1.707570058,7.069144743));
#4448=CARTESIAN_POINT('',(0.,1.707570058,7.069144743));
#4449=CARTESIAN_POINT('',(0.000003572,1.707570058,7.069144743));
#4450=CARTESIAN_POINT('',(0.000007145,1.707570058,7.069144743));
#4451=CARTESIAN_POINT('',(0.000010717,1.707570058,7.069144743));
#4452=CARTESIAN_POINT('',(1.000277659,1.70756378,7.069144743));
#4453=CARTESIAN_POINT('',(1.707570058,1.000265865,7.069144743));
#4454=CARTESIAN_POINT('',(1.707570058,0.,7.069144743));
#4455=CARTESIAN_POINT('',(1.707570058,-0.000003572,7.069144743));
#4456=CARTESIAN_POINT('',(1.707570058,-0.000007145,7.069144743));
#4457=CARTESIAN_POINT('',(1.707570058,-0.000010717,7.069144743));
#4458=CARTESIAN_POINT('',(1.70756378,-1.000277659,7.069144743));
#4459=CARTESIAN_POINT('',(1.000265865,-1.707570058,7.069144743));
#4460=CARTESIAN_POINT('',(0.,-1.707570058,7.069144743));
#4461=CARTESIAN_POINT('',(-0.000003572,-1.707570058,7.069144743));
#4462=CARTESIAN_POINT('',(-0.000007145,-1.707570058,7.069144743));
#4463=CARTESIAN_POINT('',(-0.000010717,-1.707570058,7.069144743));
#4464=CARTESIAN_POINT('',(-1.000277659,-1.70756378,7.069144743));
#4465=CARTESIAN_POINT('',(-1.707570058,-1.000265865,7.069144743));
#4466=CARTESIAN_POINT('',(-1.707570058,0.,7.069144743));
#4467=CARTESIAN_POINT('',(-1.458835113,0.,7.070182887));
#4468=CARTESIAN_POINT('',(-1.458835113,0.000003052,7.070182887));
#4469=CARTESIAN_POINT('',(-1.458835113,0.000006104,7.070182887));
#4470=CARTESIAN_POINT('',(-1.458835113,0.000009156,7.070182887));
#4471=CARTESIAN_POINT('',(-1.45882975,0.854571187,7.070182887));
#4472=CARTESIAN_POINT('',(-0.854561112,1.458835113,7.070182887));
#4473=CARTESIAN_POINT('',(0.,1.458835113,7.070182887));
#4474=CARTESIAN_POINT('',(0.000003052,1.458835113,7.070182887));
#4475=CARTESIAN_POINT('',(0.000006104,1.458835113,7.070182887));
#4476=CARTESIAN_POINT('',(0.000009156,1.458835113,7.070182887));
#4477=CARTESIAN_POINT('',(0.854571187,1.45882975,7.070182887));
#4478=CARTESIAN_POINT('',(1.458835113,0.854561112,7.070182887));
#4479=CARTESIAN_POINT('',(1.458835113,0.,7.070182887));
#4480=CARTESIAN_POINT('',(1.458835113,-0.000003052,7.070182887));
#4481=CARTESIAN_POINT('',(1.458835113,-0.000006104,7.070182887));
#4482=CARTESIAN_POINT('',(1.458835113,-0.000009156,7.070182887));
#4483=CARTESIAN_POINT('',(1.45882975,-0.854571187,7.070182887));
#4484=CARTESIAN_POINT('',(0.854561112,-1.458835113,7.070182887));
#4485=CARTESIAN_POINT('',(0.,-1.458835113,7.070182887));
#4486=CARTESIAN_POINT('',(-0.000003052,-1.458835113,7.070182887));
#4487=CARTESIAN_POINT('',(-0.000006104,-1.458835113,7.070182887));
#4488=CARTESIAN_POINT('',(-0.000009156,-1.458835113,7.070182887));
#4489=CARTESIAN_POINT('',(-0.854571187,-1.45882975,7.070182887));
#4490=CARTESIAN_POINT('',(-1.458835113,-0.854561112,7.070182887));
#4491=CARTESIAN_POINT('',(-1.458835113,0.,7.070182887));
#4492=CARTESIAN_POINT('',(-1.259880513,0.,7.072178313));
#4493=CARTESIAN_POINT('',(-1.259880513,0.000002636,7.072178313));
#4494=CARTESIAN_POINT('',(-1.259880513,0.000005271,7.072178313));
#4495=CARTESIAN_POINT('',(-1.259880513,0.000007907,7.072178313));
#4496=CARTESIAN_POINT('',(-1.259875881,0.738025549,7.072178313));
#4497=CARTESIAN_POINT('',(-0.738016847,1.259880513,7.072178313));
#4498=CARTESIAN_POINT('',(-0.,1.259880513,7.072178313));
#4499=CARTESIAN_POINT('',(0.000002636,1.259880513,7.072178313));
#4500=CARTESIAN_POINT('',(0.000005271,1.259880513,7.072178313));
#4501=CARTESIAN_POINT('',(0.000007907,1.259880513,7.072178313));
#4502=CARTESIAN_POINT('',(0.738025549,1.259875881,7.072178313));
#4503=CARTESIAN_POINT('',(1.259880513,0.738016847,7.072178313));
#4504=CARTESIAN_POINT('',(1.259880513,0.,7.072178313));
#4505=CARTESIAN_POINT('',(1.259880513,-0.000002636,7.072178313));
#4506=CARTESIAN_POINT('',(1.259880513,-0.000005271,7.072178313));
#4507=CARTESIAN_POINT('',(1.259880513,-0.000007907,7.072178313));
#4508=CARTESIAN_POINT('',(1.259875881,-0.738025549,7.072178313));
#4509=CARTESIAN_POINT('',(0.738016847,-1.259880513,7.072178313));
#4510=CARTESIAN_POINT('',(-0.,-1.259880513,7.072178313));
#4511=CARTESIAN_POINT('',(-0.000002636,-1.259880513,7.072178313));
#4512=CARTESIAN_POINT('',(-0.000005271,-1.259880513,7.072178313));
#4513=CARTESIAN_POINT('',(-0.000007907,-1.259880513,7.072178313));
#4514=CARTESIAN_POINT('',(-0.738025549,-1.259875881,7.072178313));
#4515=CARTESIAN_POINT('',(-1.259880513,-0.738016847,7.072178313));
#4516=CARTESIAN_POINT('',(-1.259880513,0.,7.072178313));
#4517=CARTESIAN_POINT('',(-1.094117769,0.,7.074931026));
#4518=CARTESIAN_POINT('',(-1.094117769,0.000002289,7.074931026));
#4519=CARTESIAN_POINT('',(-1.094117769,0.000004578,7.074931026));
#4520=CARTESIAN_POINT('',(-1.094117769,0.000006867,7.074931026));
#4521=CARTESIAN_POINT('',(-1.094113747,0.640923373,7.074931026));
#4522=CARTESIAN_POINT('',(-0.640915816,1.094117769,7.074931026));
#4523=CARTESIAN_POINT('',(0.,1.094117769,7.074931026));
#4524=CARTESIAN_POINT('',(0.000002289,1.094117769,7.074931026));
#4525=CARTESIAN_POINT('',(0.000004578,1.094117769,7.074931026));
#4526=CARTESIAN_POINT('',(0.000006867,1.094117769,7.074931026));
#4527=CARTESIAN_POINT('',(0.640923373,1.094113747,7.074931026));
#4528=CARTESIAN_POINT('',(1.094117769,0.640915816,7.074931026));
#4529=CARTESIAN_POINT('',(1.094117769,0.,7.074931026));
#4530=CARTESIAN_POINT('',(1.094117769,-0.000002289,7.074931026));
#4531=CARTESIAN_POINT('',(1.094117769,-0.000004578,7.074931026));
#4532=CARTESIAN_POINT('',(1.094117769,-0.000006867,7.074931026));
#4533=CARTESIAN_POINT('',(1.094113747,-0.640923373,7.074931026));
#4534=CARTESIAN_POINT('',(0.640915816,-1.094117769,7.074931026));
#4535=CARTESIAN_POINT('',(0.,-1.094117769,7.074931026));
#4536=CARTESIAN_POINT('',(-0.000002289,-1.094117769,7.074931026));
#4537=CARTESIAN_POINT('',(-0.000004578,-1.094117769,7.074931026));
#4538=CARTESIAN_POINT('',(-0.000006867,-1.094117769,7.074931026));
#4539=CARTESIAN_POINT('',(-0.640923373,-1.094113747,7.074931026));
#4540=CARTESIAN_POINT('',(-1.094117769,-0.640915816,7.074931026));
#4541=CARTESIAN_POINT('',(-1.094117769,0.,7.074931026));
#4542=CARTESIAN_POINT('',(-0.994666752,0.,7.076808437));
#4543=CARTESIAN_POINT('',(-0.994666752,0.000002081,7.076808437));
#4544=CARTESIAN_POINT('',(-0.994666752,0.000004162,7.076808437));
#4545=CARTESIAN_POINT('',(-0.994666752,0.000006243,7.076808437));
#4546=CARTESIAN_POINT('',(-0.994663095,0.58266595,7.076808437));
#4547=CARTESIAN_POINT('',(-0.58265908,0.994666752,7.076808437));
#4548=CARTESIAN_POINT('',(-0.,0.994666752,7.076808437));
#4549=CARTESIAN_POINT('',(0.000002081,0.994666752,7.076808437));
#4550=CARTESIAN_POINT('',(0.000004162,0.994666752,7.076808437));
#4551=CARTESIAN_POINT('',(0.000006243,0.994666752,7.076808437));
#4552=CARTESIAN_POINT('',(0.58266595,0.994663095,7.076808437));
#4553=CARTESIAN_POINT('',(0.994666752,0.58265908,7.076808437));
#4554=CARTESIAN_POINT('',(0.994666752,0.,7.076808437));
#4555=CARTESIAN_POINT('',(0.994666752,-0.000002081,7.076808437));
#4556=CARTESIAN_POINT('',(0.994666752,-0.000004162,7.076808437));
#4557=CARTESIAN_POINT('',(0.994666752,-0.000006243,7.076808437));
#4558=CARTESIAN_POINT('',(0.994663095,-0.58266595,7.076808437));
#4559=CARTESIAN_POINT('',(0.58265908,-0.994666752,7.076808437));
#4560=CARTESIAN_POINT('',(-0.,-0.994666752,7.076808437));
#4561=CARTESIAN_POINT('',(-0.000002081,-0.994666752,7.076808437));
#4562=CARTESIAN_POINT('',(-0.000004162,-0.994666752,7.076808437));
#4563=CARTESIAN_POINT('',(-0.000006243,-0.994666752,7.076808437));
#4564=CARTESIAN_POINT('',(-0.58266595,-0.994663095,7.076808437));
#4565=CARTESIAN_POINT('',(-0.994666752,-0.58265908,7.076808437));
#4566=CARTESIAN_POINT('',(-0.994666752,0.,7.076808437));
#4567=CARTESIAN_POINT('',(-0.746043453,0.,7.081674073));
#4568=CARTESIAN_POINT('',(-0.746043453,0.000001561,7.081674073));
#4569=CARTESIAN_POINT('',(-0.746043453,0.000003121,7.081674073));
#4570=CARTESIAN_POINT('',(-0.746043453,0.000004682,7.081674073));
#4571=CARTESIAN_POINT('',(-0.74604071,0.437024879,7.081674073));
#4572=CARTESIAN_POINT('',(-0.437019726,0.746043453,7.081674073));
#4573=CARTESIAN_POINT('',(-0.,0.746043453,7.081674073));
#4574=CARTESIAN_POINT('',(0.000001561,0.746043453,7.081674073));
#4575=CARTESIAN_POINT('',(0.000003121,0.746043453,7.081674073));
#4576=CARTESIAN_POINT('',(0.000004682,0.746043453,7.081674073));
#4577=CARTESIAN_POINT('',(0.437024879,0.74604071,7.081674073));
#4578=CARTESIAN_POINT('',(0.746043453,0.437019726,7.081674073));
#4579=CARTESIAN_POINT('',(0.746043453,0.,7.081674073));
#4580=CARTESIAN_POINT('',(0.746043453,-0.000001561,7.081674073));
#4581=CARTESIAN_POINT('',(0.746043453,-0.000003121,7.081674073));
#4582=CARTESIAN_POINT('',(0.746043453,-0.000004682,7.081674073));
#4583=CARTESIAN_POINT('',(0.74604071,-0.437024879,7.081674073));
#4584=CARTESIAN_POINT('',(0.437019726,-0.746043453,7.081674073));
#4585=CARTESIAN_POINT('',(-0.,-0.746043453,7.081674073));
#4586=CARTESIAN_POINT('',(-0.000001561,-0.746043453,7.081674073));
#4587=CARTESIAN_POINT('',(-0.000003121,-0.746043453,7.081674073));
#4588=CARTESIAN_POINT('',(-0.000004682,-0.746043453,7.081674073));
#4589=CARTESIAN_POINT('',(-0.437024879,-0.74604071,7.081674073));
#4590=CARTESIAN_POINT('',(-0.746043453,-0.437019726,7.081674073));
#4591=CARTESIAN_POINT('',(-0.746043453,0.,7.081674073));
#4592=CARTESIAN_POINT('',(-0.497404701,0.,7.086169115));
#4593=CARTESIAN_POINT('',(-0.497404701,0.000001041,7.086169115));
#4594=CARTESIAN_POINT('',(-0.497404701,0.000002081,7.086169115));
#4595=CARTESIAN_POINT('',(-0.497404701,0.000003122,7.086169115));
#4596=CARTESIAN_POINT('',(-0.497402872,0.291374757,7.086169115));
#4597=CARTESIAN_POINT('',(-0.291371321,0.497404701,7.086169115));
#4598=CARTESIAN_POINT('',(-0.,0.497404701,7.086169115));
#4599=CARTESIAN_POINT('',(0.000001041,0.497404701,7.086169115));
#4600=CARTESIAN_POINT('',(0.000002081,0.497404701,7.086169115));
#4601=CARTESIAN_POINT('',(0.000003122,0.497404701,7.086169115));
#4602=CARTESIAN_POINT('',(0.291374757,0.497402872,7.086169115));
#4603=CARTESIAN_POINT('',(0.497404701,0.291371321,7.086169115));
#4604=CARTESIAN_POINT('',(0.497404701,0.,7.086169115));
#4605=CARTESIAN_POINT('',(0.497404701,-0.000001041,7.086169115));
#4606=CARTESIAN_POINT('',(0.497404701,-0.000002081,7.086169115));
#4607=CARTESIAN_POINT('',(0.497404701,-0.000003122,7.086169115));
#4608=CARTESIAN_POINT('',(0.497402872,-0.291374757,7.086169115));
#4609=CARTESIAN_POINT('',(0.291371321,-0.497404701,7.086169115));
#4610=CARTESIAN_POINT('',(-0.,-0.497404701,7.086169115));
#4611=CARTESIAN_POINT('',(-0.000001041,-0.497404701,7.086169115));
#4612=CARTESIAN_POINT('',(-0.000002081,-0.497404701,7.086169115));
#4613=CARTESIAN_POINT('',(-0.000003122,-0.497404701,7.086169115));
#4614=CARTESIAN_POINT('',(-0.291374757,-0.497402872,7.086169115));
#4615=CARTESIAN_POINT('',(-0.497404701,-0.291371321,7.086169115));
#4616=CARTESIAN_POINT('',(-0.497404701,0.,7.086169115));
#4617=CARTESIAN_POINT('',(-0.331630067,0.,7.088584007));
#4618=CARTESIAN_POINT('',(-0.331630067,0.000000694,7.088584007));
#4619=CARTESIAN_POINT('',(-0.331630067,0.000001388,7.088584007));
#4620=CARTESIAN_POINT('',(-0.331630067,0.000002081,7.088584007));
#4621=CARTESIAN_POINT('',(-0.331628847,0.194265615,7.088584007));
#4622=CARTESIAN_POINT('',(-0.194263324,0.331630067,7.088584007));
#4623=CARTESIAN_POINT('',(-0.,0.331630067,7.088584007));
#4624=CARTESIAN_POINT('',(0.000000694,0.331630067,7.088584007));
#4625=CARTESIAN_POINT('',(0.000001388,0.331630067,7.088584007));
#4626=CARTESIAN_POINT('',(0.000002081,0.331630067,7.088584007));
#4627=CARTESIAN_POINT('',(0.194265615,0.331628847,7.088584007));
#4628=CARTESIAN_POINT('',(0.331630067,0.194263324,7.088584007));
#4629=CARTESIAN_POINT('',(0.331630067,0.,7.088584007));
#4630=CARTESIAN_POINT('',(0.331630067,-0.000000694,7.088584007));
#4631=CARTESIAN_POINT('',(0.331630067,-0.000001388,7.088584007));
#4632=CARTESIAN_POINT('',(0.331630067,-0.000002081,7.088584007));
#4633=CARTESIAN_POINT('',(0.331628847,-0.194265615,7.088584007));
#4634=CARTESIAN_POINT('',(0.194263324,-0.331630067,7.088584007));
#4635=CARTESIAN_POINT('',(-0.,-0.331630067,7.088584007));
#4636=CARTESIAN_POINT('',(-0.000000694,-0.331630067,7.088584007));
#4637=CARTESIAN_POINT('',(-0.000001388,-0.331630067,7.088584007));
#4638=CARTESIAN_POINT('',(-0.000002081,-0.331630067,7.088584007));
#4639=CARTESIAN_POINT('',(-0.194265615,-0.331628847,7.088584007));
#4640=CARTESIAN_POINT('',(-0.331630067,-0.194263324,7.088584007));
#4641=CARTESIAN_POINT('',(-0.331630067,0.,7.088584007));
#4642=CARTESIAN_POINT('',(-0.165831366,0.,7.09));
#4643=CARTESIAN_POINT('',(-0.165831366,0.000000347,7.09));
#4644=CARTESIAN_POINT('',(-0.165831366,0.000000694,7.09));
#4645=CARTESIAN_POINT('',(-0.165831366,0.000001041,7.09));
#4646=CARTESIAN_POINT('',(-0.165830756,0.097142375,7.09));
#4647=CARTESIAN_POINT('',(-0.097141229,0.165831366,7.09));
#4648=CARTESIAN_POINT('',(-0.,0.165831366,7.09));
#4649=CARTESIAN_POINT('',(0.000000347,0.165831366,7.09));
#4650=CARTESIAN_POINT('',(0.000000694,0.165831366,7.09));
#4651=CARTESIAN_POINT('',(0.000001041,0.165831366,7.09));
#4652=CARTESIAN_POINT('',(0.097142375,0.165830756,7.09));
#4653=CARTESIAN_POINT('',(0.165831366,0.097141229,7.09));
#4654=CARTESIAN_POINT('',(0.165831366,0.,7.09));
#4655=CARTESIAN_POINT('',(0.165831366,-0.000000347,7.09));
#4656=CARTESIAN_POINT('',(0.165831366,-0.000000694,7.09));
#4657=CARTESIAN_POINT('',(0.165831366,-0.000001041,7.09));
#4658=CARTESIAN_POINT('',(0.165830756,-0.097142375,7.09));
#4659=CARTESIAN_POINT('',(0.097141229,-0.165831366,7.09));
#4660=CARTESIAN_POINT('',(-0.,-0.165831366,7.09));
#4661=CARTESIAN_POINT('',(-0.000000347,-0.165831366,7.09));
#4662=CARTESIAN_POINT('',(-0.000000694,-0.165831366,7.09));
#4663=CARTESIAN_POINT('',(-0.000001041,-0.165831366,7.09));
#4664=CARTESIAN_POINT('',(-0.097142375,-0.165830756,7.09));
#4665=CARTESIAN_POINT('',(-0.165831366,-0.097141229,7.09));
#4666=CARTESIAN_POINT('',(-0.165831366,0.,7.09));
#4667=CARTESIAN_POINT('',(0.,0.,7.09));
#4668=CARTESIAN_POINT('',(0.,0.,7.09));
#4669=CARTESIAN_POINT('',(0.,0.,7.09));
#4670=CARTESIAN_POINT('',(0.,0.,7.09));
#4671=CARTESIAN_POINT('',(0.,0.,7.09));
#4672=CARTESIAN_POINT('',(-0.,0.,7.09));
#4673=CARTESIAN_POINT('',(0.,0.,7.09));
#4674=CARTESIAN_POINT('',(0.,0.,7.09));
#4675=CARTESIAN_POINT('',(0.,0.,7.09));
#4676=CARTESIAN_POINT('',(0.,0.,7.09));
#4677=CARTESIAN_POINT('',(0.,0.,7.09));
#4678=CARTESIAN_POINT('',(-0.,0.,7.09));
#4679=CARTESIAN_POINT('',(0.,0.,7.09));
#4680=CARTESIAN_POINT('',(0.,0.,7.09));
#4681=CARTESIAN_POINT('',(0.,0.,7.09));
#4682=CARTESIAN_POINT('',(-0.,0.,7.09));
#4683=CARTESIAN_POINT('',(0.,0.,7.09));
#4684=CARTESIAN_POINT('',(0.,0.,7.09));
#4685=CARTESIAN_POINT('',(0.,0.,7.09));
#4686=CARTESIAN_POINT('',(0.,0.,7.09));
#4687=CARTESIAN_POINT('',(0.,0.,7.09));
#4688=CARTESIAN_POINT('',(0.,0.,7.09));
#4689=CARTESIAN_POINT('',(0.,0.,7.09));
#4690=CARTESIAN_POINT('',(0.,0.,7.09));
#4691=CARTESIAN_POINT('',(0.,0.,7.09));
#4692=(BOUNDED_SURFACE()
B_SPLINE_SURFACE(5,3,((#3392,#3393,#3394,#3395,#3396,#3397,#3398,#3399,#3400,#3401,#3402,#3403,#3404,#3405,#3406,#3407,#3408,#3409,#3410,#3411,#3412,#3413,#3414,#3415,#3416),(#3417,#3418,#3419,#3420,#3421,#3422,#3423,#3424,#3425,#3426,#3427,#3428,#3429,#3430,#3431,#3432,#3433,#3434,#3435,#3436,#3437,#3438,#3439,#3440,#3441),(#3442,#3443,#3444,#3445,#3446,#3447,#3448,#3449,#3450,#3451,#3452,#3453,#3454,#3455,#3456,#3457,#3458,#3459,#3460,#3461,#3462,#3463,#3464,#3465,#3466),(#3467,#3468,#3469,#3470,#3471,#3472,#3473,#3474,#3475,#3476,#3477,#3478,#3479,#3480,#3481,#3482,#3483,#3484,#3485,#3486,#3487,#3488,#3489,#3490,#3491),(#3492,#3493,#3494,#3495,#3496,#3497,#3498,#3499,#3500,#3501,#3502,#3503,#3504,#3505,#3506,#3507,#3508,#3509,#3510,#3511,#3512,#3513,#3514,#3515,#3516),(#3517,#3518,#3519,#3520,#3521,#3522,#3523,#3524,#3525,#3526,#3527,#3528,#3529,#3530,#3531,#3532,#3533,#3534,#3535,#3536,#3537,#3538,#3539,#3540,#3541),(#3542,#3543,#3544,#3545,#3546,#3547,#3548,#3549,#3550,#3551,#3552,#3553,#3554,#3555,#3556,#3557,#3558,#3559,#3560,#3561,#3562,#3563,#3564,#3565,#3566),(#3567,#3568,#3569,#3570,#3571,#3572,#3573,#3574,#3575,#3576,#3577,#3578,#3579,#3580,#3581,#3582,#3583,#3584,#3585,#3586,#3587,#3588,#3589,#3590,#3591),(#3592,#3593,#3594,#3595,#3596,#3597,#3598,#3599,#3600,#3601,#3602,#3603,#3604,#3605,#3606,#3607,#3608,#3609,#3610,#3611,#3612,#3613,#3614,#3615,#3616),(#3617,#3618,#3619,#3620,#3621,#3622,#3623,#3624,#3625,#3626,#3627,#3628,#3629,#3630,#3631,#3632,#3633,#3634,#3635,#3636,#3637,#3638,#3639,#3640,#3641),(#3642,#3643,#3644,#3645,#3646,#3647,#3648,#3649,#3650,#3651,#3652,#3653,#3654,#3655,#3656,#3657,#3658,#3659,#3660,#3661,#3662,#3663,#3664,#3665,#3666),(#3667,#3668,#3669,#3670,#3671,#3672,#3673,#3674,#3675,#3676,#3677,#3678,#3679,#3680,#3681,#3682,#3683,#3684,#3685,#3686,#3687,#3688,#3689,#3690,#3691),(#3692,#3693,#3694,#3695,#3696,#3697,#3698,#3699,#3700,#3701,#3702,#3703,#3704,#3705,#3706,#3707,#3708,#3709,#3710,#3711,#3712,#3713,#3714,#3715,#3716),(#3717,#3718,#3719,#3720,#3721,#3722,#3723,#3724,#3725,#3726,#3727,#3728,#3729,#3730,#3731,#3732,#3733,#3734,#3735,#3736,#3737,#3738,#3739,#3740,#3741),(#3742,#3743,#3744,#3745,#3746,#3747,#3748,#3749,#3750,#3751,#3752,#3753,#3754,#3755,#3756,#3757,#3758,#3759,#3760,#3761,#3762,#3763,#3764,#3765,#3766),(#3767,#3768,#3769,#3770,#3771,#3772,#3773,#3774,#3775,#3776,#3777,#3778,#3779,#3780,#3781,#3782,#3783,#3784,#3785,#3786,#3787,#3788,#3789,#3790,#3791),(#3792,#3793,#3794,#3795,#3796,#3797,#3798,#3799,#3800,#3801,#3802,#3803,#3804,#3805,#3806,#3807,#3808,#3809,#3810,#3811,#3812,#3813,#3814,#3815,#3816),(#3817,#3818,#3819,#3820,#3821,#3822,#3823,#3824,#3825,#3826,#3827,#3828,#3829,#3830,#3831,#3832,#3833,#3834,#3835,#3836,#3837,#3838,#3839,#3840,#3841),(#3842,#3843,#3844,#3845,#3846,#3847,#3848,#3849,#3850,#3851,#3852,#3853,#3854,#3855,#3856,#3857,#3858,#3859,#3860,#3861,#3862,#3863,#3864,#3865,#3866),(#3867,#3868,#3869,#3870,#3871,#3872,#3873,#3874,#3875,#3876,#3877,#3878,#3879,#3880,#3881,#3882,#3883,#3884,#3885,#3886,#3887,#3888,#3889,#3890,#3891),(#3892,#3893,#3894,#3895,#3896,#3897,#3898,#3899,#3900,#3901,#3902,#3903,#3904,#3905,#3906,#3907,#3908,#3909,#3910,#3911,#3912,#3913,#3914,#3915,#3916),(#3917,#3918,#3919,#3920,#3921,#3922,#3923,#3924,#3925,#3926,#3927,#3928,#3929,#3930,#3931,#3932,#3933,#3934,#3935,#3936,#3937,#3938,#3939,#3940,#3941),(#3942,#3943,#3944,#3945,#3946,#3947,#3948,#3949,#3950,#3951,#3952,#3953,#3954,#3955,#3956,#3957,#3958,#3959,#3960,#3961,#3962,#3963,#3964,#3965,#3966),(#3967,#3968,#3969,#3970,#3971,#3972,#3973,#3974,#3975,#3976,#3977,#3978,#3979,#3980,#3981,#3982,#3983,#3984,#3985,#3986,#3987,#3988,#3989,#3990,#3991),(#3992,#3993,#3994,#3995,#3996,#3997,#3998,#3999,#4000,#4001,#4002,#4003,#4004,#4005,#4006,#4007,#4008,#4009,#4010,#4011,#4012,#4013,#4014,#4015,#4016),(#4017,#4018,#4019,#4020,#4021,#4022,#4023,#4024,#4025,#4026,#4027,#4028,#4029,#4030,#4031,#4032,#4033,#4034,#4035,#4036,#4037,#4038,#4039,#4040,#4041),
(#4042,#4043,#4044,#4045,#4046,#4047,#4048,#4049,#4050,#4051,#4052,#4053,#4054,#4055,#4056,#4057,#4058,#4059,#4060,#4061,#4062,#4063,#4064,#4065,#4066),(#4067,#4068,#4069,#4070,#4071,#4072,#4073,#4074,#4075,#4076,#4077,#4078,#4079,#4080,#4081,#4082,#4083,#4084,#4085,#4086,#4087,#4088,#4089,#4090,#4091),(#4092,#4093,#4094,#4095,#4096,#4097,#4098,#4099,#4100,#4101,#4102,#4103,#4104,#4105,#4106,#4107,#4108,#4109,#4110,#4111,#4112,#4113,#4114,#4115,#4116),(#4117,#4118,#4119,#4120,#4121,#4122,#4123,#4124,#4125,#4126,#4127,#4128,#4129,#4130,#4131,#4132,#4133,#4134,#4135,#4136,#4137,#4138,#4139,#4140,#4141),(#4142,#4143,#4144,#4145,#4146,#4147,#4148,#4149,#4150,#4151,#4152,#4153,#4154,#4155,#4156,#4157,#4158,#4159,#4160,#4161,#4162,#4163,#4164,#4165,#4166),(#4167,#4168,#4169,#4170,#4171,#4172,#4173,#4174,#4175,#4176,#4177,#4178,#4179,#4180,#4181,#4182,#4183,#4184,#4185,#4186,#4187,#4188,#4189,#4190,#4191),(#4192,#4193,#4194,#4195,#4196,#4197,#4198,#4199,#4200,#4201,#4202,#4203,#4204,#4205,#4206,#4207,#4208,#4209,#4210,#4211,#4212,#4213,#4214,#4215,#4216),(#4217,#4218,#4219,#4220,#4221,#4222,#4223,#4224,#4225,#4226,#4227,#4228,#4229,#4230,#4231,#4232,#4233,#4234,#4235,#4236,#4237,#4238,#4239,#4240,#4241),(#4242,#4243,#4244,#4245,#4246,#4247,#4248,#4249,#4250,#4251,#4252,#4253,#4254,#4255,#4256,#4257,#4258,#4259,#4260,#4261,#4262,#4263,#4264,#4265,#4266),(#4267,#4268,#4269,#4270,#4271,#4272,#4273,#4274,#4275,#4276,#4277,#4278,#4279,#4280,#4281,#4282,#4283,#4284,#4285,#4286,#4287,#4288,#4289,#4290,#4291),(#4292,#4293,#4294,#4295,#4296,#4297,#4298,#4299,#4300,#4301,#4302,#4303,#4304,#4305,#4306,#4307,#4308,#4309,#4310,#4311,#4312,#4313,#4314,#4315,#4316),(#4317,#4318,#4319,#4320,#4321,#4322,#4323,#4324,#4325,#4326,#4327,#4328,#4329,#4330,#4331,#4332,#4333,#4334,#4335,#4336,#4337,#4338,#4339,#4340,#4341),(#4342,#4343,#4344,#4345,#4346,#4347,#4348,#4349,#4350,#4351,#4352,#4353,#4354,#4355,#4356,#4357,#4358,#4359,#4360,#4361,#4362,#4363,#4364,#4365,#4366),(#4367,#4368,#4369,#4370,#4371,#4372,#4373,#4374,#4375,#4376,#4377,#4378,#4379,#4380,#4381,#4382,#4383,#4384,#4385,#4386,#4387,#4388,#4389,#4390,#4391),(#4392,#4393,#4394,#4395,#4396,#4397,#4398,#4399,#4400,#4401,#4402,#4403,#4404,#4405,#4406,#4407,#4408,#4409,#4410,#4411,#4412,#4413,#4414,#4415,#4416),(#4417,#4418,#4419,#4420,#4421,#4422,#4423,#4424,#4425,#4426,#4427,#4428,#4429,#4430,#4431,#4432,#4433,#4434,#4435,#4436,#4437,#4438,#4439,#4440,#4441),(#4442,#4443,#4444,#4445,#4446,#4447,#4448,#4449,#4450,#4451,#4452,#4453,#4454,#4455,#4456,#4457,#4458,#4459,#4460,#4461,#4462,#4463,#4464,#4465,#4466),(#4467,#4468,#4469,#4470,#4471,#4472,#4473,#4474,#4475,#4476,#4477,#4478,#4479,#4480,#4481,#4482,#4483,#4484,#4485,#4486,#4487,#4488,#4489,#4490,#4491),(#4492,#4493,#4494,#4495,#4496,#4497,#4498,#4499,#4500,#4501,#4502,#4503,#4504,#4505,#4506,#4507,#4508,#4509,#4510,#4511,#4512,#4513,#4514,#4515,#4516),(#4517,#4518,#4519,#4520,#4521,#4522,#4523,#4524,#4525,#4526,#4527,#4528,#4529,#4530,#4531,#4532,#4533,#4534,#4535,#4536,#4537,#4538,#4539,#4540,#4541),(#4542,#4543,#4544,#4545,#4546,#4547,#4548,#4549,#4550,#4551,#4552,#4553,#4554,#4555,#4556,#4557,#4558,#4559,#4560,#4561,#4562,#4563,#4564,#4565,#4566),(#4567,#4568,#4569,#4570,#4571,#4572,#4573,#4574,#4575,#4576,#4577,#4578,#4579,#4580,#4581,#4582,#4583,#4584,#4585,#4586,#4587,#4588,#4589,#4590,#4591),(#4592,#4593,#4594,#4595,#4596,#4597,#4598,#4599,#4600,#4601,#4602,#4603,#4604,#4605,#4606,#4607,#4608,#4609,#4610,#4611,#4612,#4613,#4614,#4615,#4616),(#4617,#4618,#4619,#4620,#4621,#4622,#4623,#4624,#4625,#4626,#4627,#4628,#4629,#4630,#4631,#4632,#4633,#4634,#4635,#4636,#4637,#4638,#4639,#4640,#4641),(#4642,#4643,#4644,#4645,#4646,#4647,#4648,#4649,#4650,#4651,#4652,#4653,#4654,#4655,#4656,#4657,#4658,#4659,#4660,#4661,#4662,#4663,#4664,#4665,#4666),
(#4667,#4668,#4669,#4670,#4671,#4672,#4673,#4674,#4675,#4676,#4677,#4678,#4679,#4680,#4681,#4682,#4683,#4684,#4685,#4686,#4687,#4688,#4689,#4690,#4691)),.UNSPECIFIED.,.F.,.T.,.U.)
B_SPLINE_SURFACE_WITH_KNOTS((6,1,1,1,1,1,1,1,1,1,1,1,1,1,1,1,1,1,1,1,1,1,1,1,1,1,
1,1,1,1,1,1,1,1,1,1,1,1,1,1,1,1,2,3,6),(4,3,3,3,3,3,3,3,4),(-1.,-0.958333333,-0.916666667,-0.883333333,-0.875,-0.833333333,-0.8,-0.791666667,-0.758333333,-0.75,-0.716666667,-0.708333333,-0.666666667,-0.633333333,-0.625,-0.591666667,-0.583333333,-0.55,-0.541666667,-0.508333333,-0.5,-0.466666667,-0.458333333,-0.425,-0.416666667,-0.383333333,
-0.375,-0.341666667,-0.333333333,-0.3,-0.291666667,-0.258333333,-0.25,-0.216666667,-0.208333333,-0.175,-0.166666667,-0.133333333,-0.125,-0.091666667,-0.083333333,-0.066666667,-0.0625,-0.041666667,0.),(0.,0.000006971,1.570796327,1.570803298,3.141592654,3.141599625,4.71238898,4.712395951,6.283185307),.UNSPECIFIED.)
GEOMETRIC_REPRESENTATION_ITEM()
RATIONAL_B_SPLINE_SURFACE(((1.,0.999999133,0.999998267,0.9999974,0.804737854,0.804738721,1.,0.999999133,0.999998267,0.9999974,0.804737854,0.804738721,1.,0.999999133,0.999998267,0.9999974,0.804737854,0.804738721,1.,0.999999133,0.999998267,0.9999974,0.804737854,0.804738721,1.),(1.,0.999999133,0.999998267,0.9999974,0.804737854,0.804738721,1.,0.999999133,0.999998267,0.9999974,0.804737854,0.804738721,1.,0.999999133,0.999998267,0.9999974,0.804737854,0.804738721,1.,0.999999133,0.999998267,0.9999974,0.804737854,0.804738721,1.),(1.,0.999999133,0.999998267,0.9999974,0.804737854,0.804738721,1.,0.999999133,0.999998267,0.9999974,0.804737854,0.804738721,1.,0.999999133,0.999998267,0.9999974,0.804737854,0.804738721,1.,0.999999133,0.999998267,0.9999974,0.804737854,0.804738721,1.),(1.,0.999999133,0.999998267,0.9999974,0.804737854,0.804738721,1.,0.999999133,0.999998267,0.9999974,0.804737854,0.804738721,1.,0.999999133,0.999998267,0.9999974,0.804737854,0.804738721,1.,0.999999133,0.999998267,0.9999974,0.804737854,0.804738721,1.),(1.,0.999999133,0.999998267,0.9999974,0.804737854,0.804738721,1.,0.999999133,0.999998267,0.9999974,0.804737854,0.804738721,1.,0.999999133,0.999998267,0.9999974,0.804737854,0.804738721,1.,0.999999133,0.999998267,0.9999974,0.804737854,0.804738721,1.),(1.,0.999999133,0.999998267,0.9999974,0.804737854,0.804738721,1.,0.999999133,0.999998267,0.9999974,0.804737854,0.804738721,1.,0.999999133,0.999998267,0.9999974,0.804737854,0.804738721,1.,0.999999133,0.999998267,0.9999974,0.804737854,0.804738721,1.),(1.,0.999999133,0.999998267,0.9999974,0.804737854,0.804738721,1.,0.999999133,0.999998267,0.9999974,0.804737854,0.804738721,1.,0.999999133,0.999998267,0.9999974,0.804737854,0.804738721,1.,0.999999133,0.999998267,0.9999974,0.804737854,0.804738721,1.),(1.,0.999999133,0.999998267,0.9999974,0.804737854,0.804738721,1.,0.999999133,0.999998267,0.9999974,0.804737854,0.804738721,1.,0.999999133,0.999998267,0.9999974,0.804737854,0.804738721,1.,0.999999133,0.999998267,0.9999974,0.804737854,0.804738721,1.),(1.,0.999999133,0.999998267,0.9999974,0.804737854,0.804738721,1.,0.999999133,0.999998267,0.9999974,0.804737854,0.804738721,1.,0.999999133,0.999998267,0.9999974,0.804737854,0.804738721,1.,0.999999133,0.999998267,0.9999974,0.804737854,0.804738721,1.),(1.,0.999999133,0.999998267,0.9999974,0.804737854,0.804738721,1.,0.999999133,0.999998267,0.9999974,0.804737854,0.804738721,1.,0.999999133,0.999998267,0.9999974,0.804737854,0.804738721,1.,0.999999133,0.999998267,0.9999974,0.804737854,0.804738721,1.),(1.,0.999999133,0.999998267,0.9999974,0.804737854,0.804738721,1.,0.999999133,0.999998267,0.9999974,0.804737854,0.804738721,1.,0.999999133,0.999998267,0.9999974,0.804737854,0.804738721,1.,0.999999133,0.999998267,0.9999974,0.804737854,0.804738721,1.),(1.,0.999999133,0.999998267,0.9999974,0.804737854,0.804738721,1.,0.999999133,0.999998267,0.9999974,0.804737854,0.804738721,1.,0.999999133,0.999998267,0.9999974,0.804737854,0.804738721,1.,0.999999133,0.999998267,0.9999974,0.804737854,0.804738721,1.),(1.,0.999999133,0.999998267,0.9999974,0.804737854,0.804738721,1.,0.999999133,0.999998267,0.9999974,0.804737854,0.804738721,1.,0.999999133,0.999998267,0.9999974,0.804737854,0.804738721,1.,0.999999133,0.999998267,0.9999974,0.804737854,0.804738721,1.),(1.,0.999999133,0.999998267,0.9999974,0.804737854,0.804738721,1.,0.999999133,0.999998267,0.9999974,0.804737854,0.804738721,1.,0.999999133,0.999998267,0.9999974,0.804737854,0.804738721,1.,0.999999133,0.999998267,0.9999974,0.804737854,0.804738721,1.),(1.,0.999999133,0.999998267,0.9999974,0.804737854,0.804738721,1.,0.999999133,0.999998267,0.9999974,0.804737854,0.804738721,1.,0.999999133,0.999998267,0.9999974,0.804737854,0.804738721,1.,0.999999133,0.999998267,0.9999974,0.804737854,0.804738721,1.),(1.,0.999999133,0.999998267,0.9999974,0.804737854,0.804738721,1.,0.999999133,0.999998267,0.9999974,0.804737854,0.804738721,1.,0.999999133,0.999998267,0.9999974,0.804737854,0.804738721,1.,0.999999133,0.999998267,0.9999974,0.804737854,0.804738721,1.),(1.,0.999999133,0.999998267,0.9999974,0.804737854,0.804738721,1.,0.999999133,0.999998267,0.9999974,0.804737854,0.804738721,1.,0.999999133,0.999998267,0.9999974,0.804737854,0.804738721,1.,0.999999133,0.999998267,0.9999974,0.804737854,0.804738721,1.),(1.,0.999999133,0.999998267,0.9999974,0.804737854,0.804738721,1.,0.999999133,0.999998267,0.9999974,0.804737854,0.804738721,1.,0.999999133,0.999998267,0.9999974,0.804737854,0.804738721,1.,0.999999133,0.999998267,0.9999974,0.804737854,0.804738721,1.),(1.,0.999999133,0.999998267,0.9999974,0.804737854,0.804738721,1.,0.999999133,0.999998267,0.9999974,0.804737854,0.804738721,1.,0.999999133,0.999998267,0.9999974,0.804737854,0.804738721,1.,0.999999133,0.999998267,0.9999974,0.804737854,0.804738721,1.),(1.,0.999999133,0.999998267,0.9999974,0.804737854,0.804738721,1.,0.999999133,0.999998267,0.9999974,0.804737854,0.804738721,1.,0.999999133,0.999998267,0.9999974,0.804737854,0.804738721,1.,0.999999133,0.999998267,0.9999974,0.804737854,0.804738721,1.),(1.,0.999999133,0.999998267,0.9999974,0.804737854,0.804738721,1.,0.999999133,0.999998267,0.9999974,0.804737854,0.804738721,1.,0.999999133,0.999998267,0.9999974,0.804737854,0.804738721,1.,0.999999133,0.999998267,0.9999974,0.804737854,0.804738721,1.),(1.,0.999999133,0.999998267,0.9999974,0.804737854,0.804738721,1.,0.999999133,0.999998267,0.9999974,0.804737854,0.804738721,1.,0.999999133,0.999998267,0.9999974,0.804737854,0.804738721,1.,0.999999133,0.999998267,0.9999974,0.804737854,0.804738721,1.),(1.,0.999999133,0.999998267,0.9999974,0.804737854,0.804738721,1.,0.999999133,0.999998267,0.9999974,0.804737854,0.804738721,1.,0.999999133,0.999998267,0.9999974,0.804737854,0.804738721,1.,0.999999133,0.999998267,0.9999974,0.804737854,0.804738721,1.),(1.,0.999999133,0.999998267,0.9999974,0.804737854,0.804738721,1.,0.999999133,0.999998267,0.9999974,0.804737854,0.804738721,1.,0.999999133,0.999998267,0.9999974,0.804737854,0.804738721,1.,0.999999133,0.999998267,0.9999974,0.804737854,0.804738721,1.),(1.,0.999999133,0.999998267,0.9999974,0.804737854,0.804738721,1.,0.999999133,0.999998267,0.9999974,0.804737854,0.804738721,1.,0.999999133,0.999998267,0.9999974,0.804737854,0.804738721,1.,0.999999133,0.999998267,0.9999974,0.804737854,0.804738721,1.),(1.,0.999999133,0.999998267,0.9999974,0.804737854,0.804738721,1.,0.999999133,0.999998267,0.9999974,0.804737854,0.804738721,1.,0.999999133,0.999998267,0.9999974,0.804737854,0.804738721,1.,0.999999133,0.999998267,0.9999974,0.804737854,0.804738721,1.),
(1.,0.999999133,0.999998267,0.9999974,0.804737854,0.804738721,1.,0.999999133,0.999998267,0.9999974,0.804737854,0.804738721,1.,0.999999133,0.999998267,0.9999974,0.804737854,0.804738721,1.,0.999999133,0.999998267,0.9999974,0.804737854,0.804738721,1.),(1.,0.999999133,0.999998267,0.9999974,0.804737854,0.804738721,1.,0.999999133,0.999998267,0.9999974,0.804737854,0.804738721,1.,0.999999133,0.999998267,0.9999974,0.804737854,0.804738721,1.,0.999999133,0.999998267,0.9999974,0.804737854,0.804738721,1.),(1.,0.999999133,0.999998267,0.9999974,0.804737854,0.804738721,1.,0.999999133,0.999998267,0.9999974,0.804737854,0.804738721,1.,0.999999133,0.999998267,0.9999974,0.804737854,0.804738721,1.,0.999999133,0.999998267,0.9999974,0.804737854,0.804738721,1.),(1.,0.999999133,0.999998267,0.9999974,0.804737854,0.804738721,1.,0.999999133,0.999998267,0.9999974,0.804737854,0.804738721,1.,0.999999133,0.999998267,0.9999974,0.804737854,0.804738721,1.,0.999999133,0.999998267,0.9999974,0.804737854,0.804738721,1.),(1.,0.999999133,0.999998267,0.9999974,0.804737854,0.804738721,1.,0.999999133,0.999998267,0.9999974,0.804737854,0.804738721,1.,0.999999133,0.999998267,0.9999974,0.804737854,0.804738721,1.,0.999999133,0.999998267,0.9999974,0.804737854,0.804738721,1.),(1.,0.999999133,0.999998267,0.9999974,0.804737854,0.804738721,1.,0.999999133,0.999998267,0.9999974,0.804737854,0.804738721,1.,0.999999133,0.999998267,0.9999974,0.804737854,0.804738721,1.,0.999999133,0.999998267,0.9999974,0.804737854,0.804738721,1.),(1.,0.999999133,0.999998267,0.9999974,0.804737854,0.804738721,1.,0.999999133,0.999998267,0.9999974,0.804737854,0.804738721,1.,0.999999133,0.999998267,0.9999974,0.804737854,0.804738721,1.,0.999999133,0.999998267,0.9999974,0.804737854,0.804738721,1.),(1.,0.999999133,0.999998267,0.9999974,0.804737854,0.804738721,1.,0.999999133,0.999998267,0.9999974,0.804737854,0.804738721,1.,0.999999133,0.999998267,0.9999974,0.804737854,0.804738721,1.,0.999999133,0.999998267,0.9999974,0.804737854,0.804738721,1.),(1.,0.999999133,0.999998267,0.9999974,0.804737854,0.804738721,1.,0.999999133,0.999998267,0.9999974,0.804737854,0.804738721,1.,0.999999133,0.999998267,0.9999974,0.804737854,0.804738721,1.,0.999999133,0.999998267,0.9999974,0.804737854,0.804738721,1.),(1.,0.999999133,0.999998267,0.9999974,0.804737854,0.804738721,1.,0.999999133,0.999998267,0.9999974,0.804737854,0.804738721,1.,0.999999133,0.999998267,0.9999974,0.804737854,0.804738721,1.,0.999999133,0.999998267,0.9999974,0.804737854,0.804738721,1.),(1.,0.999999133,0.999998267,0.9999974,0.804737854,0.804738721,1.,0.999999133,0.999998267,0.9999974,0.804737854,0.804738721,1.,0.999999133,0.999998267,0.9999974,0.804737854,0.804738721,1.,0.999999133,0.999998267,0.9999974,0.804737854,0.804738721,1.),(1.,0.999999133,0.999998267,0.9999974,0.804737854,0.804738721,1.,0.999999133,0.999998267,0.9999974,0.804737854,0.804738721,1.,0.999999133,0.999998267,0.9999974,0.804737854,0.804738721,1.,0.999999133,0.999998267,0.9999974,0.804737854,0.804738721,1.),(1.,0.999999133,0.999998267,0.9999974,0.804737854,0.804738721,1.,0.999999133,0.999998267,0.9999974,0.804737854,0.804738721,1.,0.999999133,0.999998267,0.9999974,0.804737854,0.804738721,1.,0.999999133,0.999998267,0.9999974,0.804737854,0.804738721,1.),(1.,0.999999133,0.999998267,0.9999974,0.804737854,0.804738721,1.,0.999999133,0.999998267,0.9999974,0.804737854,0.804738721,1.,0.999999133,0.999998267,0.9999974,0.804737854,0.804738721,1.,0.999999133,0.999998267,0.9999974,0.804737854,0.804738721,1.),(1.,0.999999133,0.999998267,0.9999974,0.804737854,0.804738721,1.,0.999999133,0.999998267,0.9999974,0.804737854,0.804738721,1.,0.999999133,0.999998267,0.9999974,0.804737854,0.804738721,1.,0.999999133,0.999998267,0.9999974,0.804737854,0.804738721,1.),(1.,0.999999133,0.999998267,0.9999974,0.804737854,0.804738721,1.,0.999999133,0.999998267,0.9999974,0.804737854,0.804738721,1.,0.999999133,0.999998267,0.9999974,0.804737854,0.804738721,1.,0.999999133,0.999998267,0.9999974,0.804737854,0.804738721,1.),(1.,0.999999133,0.999998267,0.9999974,0.804737854,0.804738721,1.,0.999999133,0.999998267,0.9999974,0.804737854,0.804738721,1.,0.999999133,0.999998267,0.9999974,0.804737854,0.804738721,1.,0.999999133,0.999998267,0.9999974,0.804737854,0.804738721,1.),(1.,0.999999133,0.999998267,0.9999974,0.804737854,0.804738721,1.,0.999999133,0.999998267,0.9999974,0.804737854,0.804738721,1.,0.999999133,0.999998267,0.9999974,0.804737854,0.804738721,1.,0.999999133,0.999998267,0.9999974,0.804737854,0.804738721,1.),(1.,0.999999133,0.999998267,0.9999974,0.804737854,0.804738721,1.,0.999999133,0.999998267,0.9999974,0.804737854,0.804738721,1.,0.999999133,0.999998267,0.9999974,0.804737854,0.804738721,1.,0.999999133,0.999998267,0.9999974,0.804737854,0.804738721,1.),(1.,0.999999133,0.999998267,0.9999974,0.804737854,0.804738721,1.,0.999999133,0.999998267,0.9999974,0.804737854,0.804738721,1.,0.999999133,0.999998267,0.9999974,0.804737854,0.804738721,1.,0.999999133,0.999998267,0.9999974,0.804737854,0.804738721,1.),(1.,0.999999133,0.999998267,0.9999974,0.804737854,0.804738721,1.,0.999999133,0.999998267,0.9999974,0.804737854,0.804738721,1.,0.999999133,0.999998267,0.9999974,0.804737854,0.804738721,1.,0.999999133,0.999998267,0.9999974,0.804737854,0.804738721,1.),(1.,0.999999133,0.999998267,0.9999974,0.804737854,0.804738721,1.,0.999999133,0.999998267,0.9999974,0.804737854,0.804738721,1.,0.999999133,0.999998267,0.9999974,0.804737854,0.804738721,1.,0.999999133,0.999998267,0.9999974,0.804737854,0.804738721,1.),(1.,0.999999133,0.999998267,0.9999974,0.804737854,0.804738721,1.,0.999999133,0.999998267,0.9999974,0.804737854,0.804738721,1.,0.999999133,0.999998267,0.9999974,0.804737854,0.804738721,1.,0.999999133,0.999998267,0.9999974,0.804737854,0.804738721,1.),(1.,0.999999133,0.999998267,0.9999974,0.804737854,0.804738721,1.,0.999999133,0.999998267,0.9999974,0.804737854,0.804738721,1.,0.999999133,0.999998267,0.9999974,0.804737854,0.804738721,1.,0.999999133,0.999998267,0.9999974,0.804737854,0.804738721,1.),(1.,0.999999133,0.999998267,0.9999974,0.804737854,0.804738721,1.,0.999999133,0.999998267,0.9999974,0.804737854,0.804738721,1.,0.999999133,0.999998267,0.9999974,0.804737854,0.804738721,1.,0.999999133,0.999998267,0.9999974,0.804737854,0.804738721,1.),
(1.,0.999999133,0.999998267,0.9999974,0.804737854,0.804738721,1.,0.999999133,0.999998267,0.9999974,0.804737854,0.804738721,1.,0.999999133,0.999998267,0.9999974,0.804737854,0.804738721,1.,0.999999133,0.999998267,0.9999974,0.804737854,0.804738721,1.)))
REPRESENTATION_ITEM('')
SURFACE()
);
#4693=OFFSET_SURFACE('',#4692,0.05,.F.);
#4694=CARTESIAN_POINT('',(-14.577612393,0.,1.41));
#4695=VERTEX_POINT('',#4694);
#4696=CARTESIAN_POINT('',(-15.396199137,0.,4.813819742));
#4697=CARTESIAN_POINT('',(-15.487985179,0.,4.71644414));
#4698=CARTESIAN_POINT('',(-15.572223972,0.,4.611609176));
#4699=CARTESIAN_POINT('',(-15.646339629,0.,4.49955419));
#4700=CARTESIAN_POINT('',(-15.763588347,0.,4.322286605));
#4701=CARTESIAN_POINT('',(-15.855336112,-0.,4.127297074));
#4702=CARTESIAN_POINT('',(-15.913094127,-0.,3.92229174));
#4703=CARTESIAN_POINT('',(-15.970852143,-0.,3.717286407));
#4704=CARTESIAN_POINT('',(-15.994308975,-0.,3.502280774));
#4705=CARTESIAN_POINT('',(-15.980034484,-0.,3.288822949));
#4706=CARTESIAN_POINT('',(-15.965759993,0.,3.075365123));
#4707=CARTESIAN_POINT('',(-15.913705891,0.,2.863933598));
#4708=CARTESIAN_POINT('',(-15.82906635,0.,2.66759283));
#4709=CARTESIAN_POINT('',(-15.744426809,0.,2.471252061));
#4710=CARTESIAN_POINT('',(-15.627484224,-0.,2.290727299));
#4711=CARTESIAN_POINT('',(-15.49020642,-0.,2.129735831));
#4712=CARTESIAN_POINT('',(-15.352928616,-0.000000001,1.968744364));
#4713=CARTESIAN_POINT('',(-15.196199171,-0.,1.826348428));
#4714=CARTESIAN_POINT('',(-15.028550312,-0.,1.699567981));
#4715=CARTESIAN_POINT('',(-14.944725883,0.,1.636177757));
#4716=CARTESIAN_POINT('',(-14.858000535,0.,1.576712497));
#4717=CARTESIAN_POINT('',(-14.768641299,0.,1.521043328));
#4718=CARTESIAN_POINT('',(-14.706431208,0.,1.48228758));
#4719=CARTESIAN_POINT('',(-14.642317143,0.,1.445060193));
#4720=CARTESIAN_POINT('',(-14.577605875,0.,1.410012033));
#4721=B_SPLINE_CURVE_WITH_KNOTS('',3,(#4696,#4697,#4698,#4699,#4700,#4701,#4702,#4703,#4704,#4705,#4706,#4707,#4708,#4709,#4710,#4711,#4712,#4713,#4714,#4715,#4716,#4717,#4718,#4719,#4720),.UNSPECIFIED.,.F.,.F.,(4,3,3,3,3,3,3,3,4),(-0.207253856,-0.1875,-0.15625,-0.125,-0.09375,-0.0625,-0.03125,-0.015625,-0.004747191),.UNSPECIFIED.);
#4722=EDGE_CURVE('',#2753,#4695,#4721,.T.);
#4723=ORIENTED_EDGE('',*,*,#4722,.F.);
#4724=ORIENTED_EDGE('',*,*,#2951,.T.);
#4725=CARTESIAN_POINT('',(2.908714242,15.119010067,4.813876897));
#4726=VERTEX_POINT('',#4725);
#4727=CARTESIAN_POINT('',(2.271627519,15.227763866,4.813876897));
#4728=CARTESIAN_POINT('',(1.77490798,15.301862847,4.813876897));
#4729=CARTESIAN_POINT('',(1.274561433,15.351693014,4.813876897));
#4730=CARTESIAN_POINT('',(0.771307964,15.376936235,4.813876897));
#4731=CARTESIAN_POINT('',(0.268054494,15.402179457,4.813876897));
#4732=CARTESIAN_POINT('',(-0.236791481,15.402649492,4.813876897));
#4733=CARTESIAN_POINT('',(-0.738803419,15.378532227,4.813876897));
#4734=CARTESIAN_POINT('',(-1.240815358,15.354414962,4.813876897));
#4735=CARTESIAN_POINT('',(-1.740669004,15.305822553,4.813876897));
#4736=CARTESIAN_POINT('',(-2.238363814,15.232688909,4.813876897));
#4737=CARTESIAN_POINT('',(-2.736058623,15.159555265,4.813876897));
#4738=CARTESIAN_POINT('',(-3.230866699,15.061832804,4.813876897));
#4739=CARTESIAN_POINT('',(-3.718219451,14.940546445,4.813876897));
#4740=CARTESIAN_POINT('',(-4.205572203,14.819260086,4.813876897));
#4741=CARTESIAN_POINT('',(-4.687277373,14.674061076,4.813876897));
#4742=CARTESIAN_POINT('',(-5.16167727,14.505246352,4.813876897));
#4743=CARTESIAN_POINT('',(-5.636077167,14.336431627,4.813876897));
#4744=CARTESIAN_POINT('',(-6.098380698,14.145767002,4.813876897));
#4745=CARTESIAN_POINT('',(-6.548976362,13.933986959,4.813876897));
#4746=CARTESIAN_POINT('',(-7.450167691,13.510426873,4.813876897));
#4747=CARTESIAN_POINT('',(-8.304874034,13.002980956,4.813876897));
#4748=CARTESIAN_POINT('',(-9.112276438,12.410137069,4.813876897));
#4749=CARTESIAN_POINT('',(-9.51597764,12.113715125,4.813876897));
#4750=CARTESIAN_POINT('',(-9.908568272,11.794714001,4.813876897));
#4751=CARTESIAN_POINT('',(-10.280705683,11.460897636,4.813876897));
#4752=CARTESIAN_POINT('',(-10.652843094,11.12708127,4.813876897));
#4753=CARTESIAN_POINT('',(-11.006724744,10.77700983,4.813876897));
#4754=CARTESIAN_POINT('',(-11.342686402,10.410982142,4.813876897));
#4755=CARTESIAN_POINT('',(-11.678648059,10.044954454,4.813876897));
#4756=CARTESIAN_POINT('',(-11.99668851,9.662970413,4.813876897));
#4757=CARTESIAN_POINT('',(-12.296633884,9.264873398,4.813876897));
#4758=CARTESIAN_POINT('',(-12.446606571,9.06582489,4.813876897));
#4759=CARTESIAN_POINT('',(-12.592047629,8.862741124,4.813876897));
#4760=CARTESIAN_POINT('',(-12.732885782,8.655559117,4.813876897));
#4761=CARTESIAN_POINT('',(-12.873723934,8.448377111,4.813876897));
#4762=CARTESIAN_POINT('',(-13.010278623,8.236564605,4.813876897));
#4763=CARTESIAN_POINT('',(-13.14132758,8.02188216,4.813876897));
#4764=CARTESIAN_POINT('',(-13.665523411,7.163152377,4.813876897));
#4765=CARTESIAN_POINT('',(-14.098242336,6.266826297,4.813876897));
#4766=CARTESIAN_POINT('',(-14.442698066,5.334187524,4.813876897));
#4767=CARTESIAN_POINT('',(-14.614925931,4.867868137,4.813876897));
#4768=CARTESIAN_POINT('',(-14.764930256,4.392398091,4.813876897));
#4769=CARTESIAN_POINT('',(-14.892145093,3.907569382,4.813876897));
#4770=CARTESIAN_POINT('',(-15.019359931,3.422740673,4.813876897));
#4771=CARTESIAN_POINT('',(-15.123602413,2.928145334,4.813876897));
#4772=CARTESIAN_POINT('',(-15.202950341,2.432156426,4.813876897));
#4773=CARTESIAN_POINT('',(-15.282298269,1.936167518,4.813876897));
#4774=CARTESIAN_POINT('',(-15.337353964,1.436794713,4.813876897));
#4775=CARTESIAN_POINT('',(-15.367911404,0.934014478,4.813876897));
#4776=CARTESIAN_POINT('',(-15.398468843,0.431234243,4.813876897));
#4777=CARTESIAN_POINT('',(-15.404330727,-0.073546076,4.813876897));
#4778=CARTESIAN_POINT('',(-15.385456128,-0.576908745,4.813876897));
#4779=CARTESIAN_POINT('',(-15.366581528,-1.080271414,4.813876897));
#4780=CARTESIAN_POINT('',(-15.322932082,-1.582977714,4.813876897));
#4781=CARTESIAN_POINT('',(-15.254937995,-2.081333885,4.813876897));
#4782=CARTESIAN_POINT('',(-15.186943907,-2.579690055,4.813876897));
#4783=CARTESIAN_POINT('',(-15.094772973,-3.073362706,4.813876897));
#4784=CARTESIAN_POINT('',(-14.978473357,-3.562361555,4.813876897));
#4785=CARTESIAN_POINT('',(-14.862173741,-4.051360404,4.813876897));
#4786=CARTESIAN_POINT('',(-14.721248227,-4.536500199,4.813876897));
#4787=CARTESIAN_POINT('',(-14.558605109,-5.009201655,4.813876897));
#4788=CARTESIAN_POINT('',(-14.395961992,-5.481903112,4.813876897));
#4789=CARTESIAN_POINT('',(-14.211238465,-5.944125597,4.813876897));
#4790=CARTESIAN_POINT('',(-14.004839213,-6.396058362,4.813876897));
#4791=CARTESIAN_POINT('',(-13.798439961,-6.847991126,4.813876897));
#4792=CARTESIAN_POINT('',(-13.570367963,-7.289626901,4.813876897));
#4793=CARTESIAN_POINT('',(-13.320401203,-7.720880504,4.813876897));
#4794=CARTESIAN_POINT('',(-13.195417823,-7.936507305,4.813876897));
#4795=CARTESIAN_POINT('',(-13.064952727,-8.149531268,4.813876897));
#4796=CARTESIAN_POINT('',(-12.928918735,-8.359912936,4.813876897));
#4797=CARTESIAN_POINT('',(-12.792884743,-8.570294604,4.813876897));
#4798=CARTESIAN_POINT('',(-12.650910401,-8.778542311,4.813876897));
#4799=CARTESIAN_POINT('',(-12.50417182,-8.982804186,4.813876897));
#4800=CARTESIAN_POINT('',(-11.917217496,-9.799851688,4.813876897));
#4801=CARTESIAN_POINT('',(-11.260001866,-10.547318739,4.813876897));
#4802=CARTESIAN_POINT('',(-10.534967361,-11.227624266,4.813876897));
#4803=CARTESIAN_POINT('',(-10.172450108,-11.56777703,4.813876897));
#4804=CARTESIAN_POINT('',(-9.792856182,-11.891018398,4.813876897));
#4805=CARTESIAN_POINT('',(-9.395753971,-12.196921385,4.813876897));
#4806=CARTESIAN_POINT('',(-8.998651761,-12.502824371,4.813876897));
#4807=CARTESIAN_POINT('',(-8.583635264,-12.791343439,4.813876897));
#4808=CARTESIAN_POINT('',(-8.157747695,-13.057420745,4.813876897));
#4809=CARTESIAN_POINT('',(-7.731860126,-13.32349805,4.813876897));
#4810=CARTESIAN_POINT('',(-7.293479479,-13.56848066,4.813876897));
#4811=CARTESIAN_POINT('',(-6.84251293,-13.792211598,4.813876897));
#4812=CARTESIAN_POINT('',(-6.39154638,-14.015942537,4.813876897));
#4813=CARTESIAN_POINT('',(-5.930972511,-14.216792124,4.813876897));
#4814=CARTESIAN_POINT('',(-5.464906887,-14.393744359,4.813876897));
#4815=CARTESIAN_POINT('',(-4.532775641,-14.747648829,4.813876897));
#4816=CARTESIAN_POINT('',(-3.574133454,-15.008993765,4.813876897));
#4817=CARTESIAN_POINT('',(-2.588745261,-15.177070927,4.813876897));
#4818=CARTESIAN_POINT('',(-2.096051165,-15.261109509,4.813876897));
#4819=CARTESIAN_POINT('',(-1.59490685,-15.321712356,4.813876897));
#4820=CARTESIAN_POINT('',(-1.092675286,-15.357445903,4.813876897));
#4821=CARTESIAN_POINT('',(-0.590443722,-15.393179451,4.813876897));
#4822=CARTESIAN_POINT('',(-0.085477861,-15.404249638,4.813876897));
#4823=CARTESIAN_POINT('',(0.417456855,-15.390607971,4.813876897));
#4824=CARTESIAN_POINT('',(0.920391571,-15.376966305,4.813876897));
#4825=CARTESIAN_POINT('',(1.421164471,-15.338771821,4.813876897));
#4826=CARTESIAN_POINT('',(1.919781466,-15.276109553,4.813876897));
#4827=CARTESIAN_POINT('',(2.418398461,-15.213447285,4.813876897));
#4828=CARTESIAN_POINT('',(2.915713966,-15.126008611,4.813876897));
#4829=CARTESIAN_POINT('',(3.405702097,-15.014868537,4.813876897));
#4830=CARTESIAN_POINT('',(3.895690229,-14.903728462,4.813876897));
#4831=CARTESIAN_POINT('',(4.379505722,-14.768830026,4.813876897));
#4832=CARTESIAN_POINT('',(4.857119286,-14.610047098,4.813876897));
#4833=CARTESIAN_POINT('',(5.095926068,-14.530655634,4.813876897));
#4834=CARTESIAN_POINT('',(5.333164875,-14.445251434,4.813876897));
#4835=CARTESIAN_POINT('',(5.566907241,-14.354603015,4.813876897));
#4836=CARTESIAN_POINT('',(5.800649607,-14.263954596,4.813876897));
#4837=CARTESIAN_POINT('',(6.03140312,-14.167901406,4.813876897));
#4838=CARTESIAN_POINT('',(6.259207314,-14.06653503,4.813876897));
#4839=CARTESIAN_POINT('',(7.170424093,-13.661069525,4.813876897));
#4840=CARTESIAN_POINT('',(8.034930563,-13.171311486,4.813876897));
#4841=CARTESIAN_POINT('',(8.85247572,-12.596775682,4.813876897));
#4842=CARTESIAN_POINT('',(9.056862009,-12.453141731,4.813876897));
#4843=CARTESIAN_POINT('',(9.258286981,-12.304162674,4.813876897));
#4844=CARTESIAN_POINT('',(9.45669278,-12.149734385,4.813876897));
#4845=CARTESIAN_POINT('',(9.65509858,-11.995306095,4.813876897));
#4846=CARTESIAN_POINT('',(9.850228959,-11.83557663,4.813876897));
#4847=CARTESIAN_POINT('',(10.040213391,-11.672154858,4.813876897));
#4848=CARTESIAN_POINT('',(10.420182254,-11.345311313,4.813876897));
#4849=CARTESIAN_POINT('',(10.781755283,-11.002088113,4.813876897));
#4850=CARTESIAN_POINT('',(11.125380789,-10.642884301,4.813876897));
#4851=CARTESIAN_POINT('',(11.812631802,-9.924476678,4.813876897));
#4852=CARTESIAN_POINT('',(12.42860642,-9.142604367,4.813876897));
#4853=CARTESIAN_POINT('',(12.97069664,-8.294945005,4.813876897));
#4854=CARTESIAN_POINT('',(13.106219195,-8.083030164,4.813876897));
#4855=CARTESIAN_POINT('',(13.236713797,-7.867480025,4.813876897));
#4856=CARTESIAN_POINT('',(13.361182023,-7.650091431,4.813876897));
#4857=CARTESIAN_POINT('',(13.485650249,-7.432702837,4.813876897));
#4858=CARTESIAN_POINT('',(13.604418974,-7.212972656,4.813876897));
#4859=CARTESIAN_POINT('',(13.717577474,-6.990933571,4.813876897));
#4860=CARTESIAN_POINT('',(13.943894475,-6.5468554,4.813876897));
#4861=CARTESIAN_POINT('',(14.147800603,-6.093576369,4.813876897));
#4862=CARTESIAN_POINT('',(14.32951935,-5.631159663,4.813876897));
#4863=CARTESIAN_POINT('',(14.511238097,-5.168742957,4.813876897));
#4864=CARTESIAN_POINT('',(14.670765909,-4.697197482,4.813876897));
#4865=CARTESIAN_POINT('',(14.807680831,-4.216357712,4.813876897));
#4866=CARTESIAN_POINT('',(14.944595754,-3.735517941,4.813876897));
#4867=CARTESIAN_POINT('',(15.05914506,-3.243433289,4.813876897));
#4868=CARTESIAN_POINT('',(15.148883926,-2.748890641,4.813876897));
#4869=CARTESIAN_POINT('',(15.238622791,-2.254347992,4.813876897));
#4870=CARTESIAN_POINT('',(15.304022034,-1.756417551,4.813876897));
#4871=CARTESIAN_POINT('',(15.345026202,-1.255091562,4.813876897));
#4872=CARTESIAN_POINT('',(15.386030369,-0.753765574,4.813876897));
#4873=CARTESIAN_POINT('',(15.402490896,-0.248679779,4.813876897));
#4874=CARTESIAN_POINT('',(15.39416124,0.254722737,4.813876897));
#4875=CARTESIAN_POINT('',(15.385831584,0.758125253,4.813876897));
#4876=CARTESIAN_POINT('',(15.352897571,1.259363187,4.813876897));
#4877=CARTESIAN_POINT('',(15.295520668,1.758445745,4.813876897));
#4878=CARTESIAN_POINT('',(15.238143766,2.257528303,4.813876897));
#4879=CARTESIAN_POINT('',(15.155984772,2.755692996,4.813876897));
#4880=CARTESIAN_POINT('',(15.049982522,3.247015558,4.813876897));
#4881=CARTESIAN_POINT('',(14.943980273,3.73833812,4.813876897));
#4882=CARTESIAN_POINT('',(14.814192028,4.223481446,4.813876897));
#4883=CARTESIAN_POINT('',(14.660565944,4.702434493,4.813876897));
#4884=CARTESIAN_POINT('',(14.583752902,4.941911017,4.813876897));
#4885=CARTESIAN_POINT('',(14.500794765,5.180258336,4.813876897));
#4886=CARTESIAN_POINT('',(14.412482872,5.415295137,4.813876897));
#4887=CARTESIAN_POINT('',(14.324170979,5.650331937,4.813876897));
#4888=CARTESIAN_POINT('',(14.230429806,5.882367074,4.813876897));
#4889=CARTESIAN_POINT('',(14.131360162,6.111443687,4.813876897));
#4890=CARTESIAN_POINT('',(13.735081586,7.027750139,4.813876897));
#4891=CARTESIAN_POINT('',(13.254263285,7.89721038,4.813876897));
#4892=CARTESIAN_POINT('',(12.688937982,8.719858762,4.813876897));
#4893=CARTESIAN_POINT('',(12.547606657,8.925520858,4.813876897));
#4894=CARTESIAN_POINT('',(12.400947301,9.128231011,4.813876897));
#4895=CARTESIAN_POINT('',(12.248864644,9.327936476,4.813876897));
#4896=CARTESIAN_POINT('',(12.096781986,9.52764194,4.813876897));
#4897=CARTESIAN_POINT('',(11.938936052,9.724704363,4.813876897));
#4898=CARTESIAN_POINT('',(11.777288326,9.916681081,4.813876897));
#4899=CARTESIAN_POINT('',(11.453992873,10.300634515,4.813876897));
#4900=CARTESIAN_POINT('',(11.114246006,10.666111624,4.813876897));
#4901=CARTESIAN_POINT('',(10.758498399,11.013618667,4.813876897));
#4902=CARTESIAN_POINT('',(10.047003185,11.708632754,4.813876897));
#4903=CARTESIAN_POINT('',(9.271957352,12.332274034,4.813876897));
#4904=CARTESIAN_POINT('',(8.431440841,12.882386786,4.813876897));
#4905=CARTESIAN_POINT('',(8.221311714,13.019914973,4.813876897));
#4906=CARTESIAN_POINT('',(8.006753587,13.152943056,4.813876897));
#4907=CARTESIAN_POINT('',(7.790378298,13.279875373,4.813876897));
#4908=CARTESIAN_POINT('',(7.574003009,13.406807691,4.813876897));
#4909=CARTESIAN_POINT('',(7.355275467,13.528016329,4.813876897));
#4910=CARTESIAN_POINT('',(7.13423332,13.643599191,4.813876897));
#4911=CARTESIAN_POINT('',(6.692149026,13.874764916,4.813876897));
#4912=CARTESIAN_POINT('',(6.240838008,14.083459161,4.813876897));
#4913=CARTESIAN_POINT('',(5.780393147,14.269973336,4.813876897));
#4914=CARTESIAN_POINT('',(5.319948287,14.456487512,4.813876897));
#4915=CARTESIAN_POINT('',(4.850381147,14.620816459,4.813876897));
#4916=CARTESIAN_POINT('',(4.371547362,14.762610122,4.813876897));
#4917=CARTESIAN_POINT('',(4.13213047,14.833506954,4.813876897));
#4918=CARTESIAN_POINT('',(3.890381302,14.898763159,4.813876897));
#4919=CARTESIAN_POINT('',(3.646279364,14.958266302,4.813876897));
#4920=CARTESIAN_POINT('',(3.402177425,15.017769445,4.813876897));
#4921=CARTESIAN_POINT('',(3.155620022,15.071508374,4.813876897));
#4922=CARTESIAN_POINT('',(2.908715086,15.119009905,4.813876897));
#4923=B_SPLINE_CURVE_WITH_KNOTS('',3,(#4727,#4728,#4729,#4730,#4731,#4732,#4733,#4734,#4735,#4736,#4737,#4738,#4739,#4740,#4741,#4742,#4743,#4744,#4745,#4746,#4747,#4748,#4749,#4750,#4751,#4752,
#4753,#4754,#4755,#4756,#4757,#4758,#4759,#4760,#4761,#4762,#4763,#4764,#4765,#4766,#4767,#4768,#4769,#4770,#4771,#4772,#4773,#4774,#4775,#4776,#4777,
#4778,#4779,#4780,#4781,#4782,#4783,#4784,#4785,#4786,#4787,#4788,#4789,#4790,#4791,#4792,#4793,#4794,#4795,#4796,#4797,#4798,#4799,#4800,#4801,#4802,
#4803,#4804,#4805,#4806,#4807,#4808,#4809,#4810,#4811,#4812,#4813,#4814,#4815,#4816,#4817,#4818,#4819,#4820,#4821,#4822,#4823,#4824,#4825,#4826,#4827,
#4828,#4829,#4830,#4831,#4832,#4833,#4834,#4835,#4836,#4837,#4838,#4839,#4840,#4841,#4842,#4843,#4844,#4845,#4846,#4847,#4848,#4849,#4850,#4851,#4852,
#4853,#4854,#4855,#4856,#4857,#4858,#4859,#4860,#4861,#4862,#4863,#4864,#4865,#4866,#4867,#4868,#4869,#4870,#4871,#4872,#4873,#4874,#4875,#4876,#4877,
#4878,#4879,#4880,#4881,#4882,#4883,#4884,#4885,#4886,#4887,#4888,#4889,#4890,#4891,#4892,#4893,#4894,#4895,#4896,#4897,#4898,#4899,#4900,#4901,#4902,
#4903,#4904,#4905,#4906,#4907,#4908,#4909,#4910,#4911,#4912,#4913,#4914,#4915,#4916,#4917,#4918,#4919,#4920,#4921,#4922),.UNSPECIFIED.,.F.,.F.,(4,3,3,3,3,3,3,3,3,3,3,3,3,3,3,3,3,3,3,3,3,3,3,3,3,3,
3,3,3,3,3,3,3,3,3,3,3,3,3,3,3,3,3,3,3,3,3,3,3,3,3,
3,3,3,3,3,3,3,3,3,3,3,3,3,3,4),(0.094644716,0.096205475,0.097766235,0.099326994,0.100887753,0.102448512,0.104009271,0.10713079,0.108691549,0.110252308,0.111813067,0.112593447,0.113373827,0.116495345,0.118056104,0.119616863,0.121177623,0.122738382,0.124299141,0.1258599,0.127420659,0.128981419,0.130542178,0.131322557,0.132102937,0.135224455,
0.136785215,0.138345974,0.139906733,0.141467492,0.144589011,0.14614977,0.147710529,0.149271288,0.150832047,0.152392807,0.153173186,0.153953566,0.157075084,0.157855464,0.158635843,0.160196603,0.163318121,0.164098501,0.16487888,0.166439639,0.168000399,0.169561158,0.171121917,0.172682676,0.174243435,
0.175804195,0.177364954,0.178145333,0.178925713,0.182047231,0.182827611,0.183607991,0.18516875,0.188290268,0.189070648,0.189851027,0.191411787,0.192972546,0.193752925,0.194533305),.UNSPECIFIED.);
#4924=EDGE_CURVE('',#2730,#4726,#4923,.T.);
#4925=ORIENTED_EDGE('',*,*,#4924,.T.);
#4926=CARTESIAN_POINT('',(-2.986973486,14.268317456,1.41));
#4927=VERTEX_POINT('',#4926);
#4928=CARTESIAN_POINT('',(-2.986973486,14.268317456,1.41));
#4929=CARTESIAN_POINT('',(-2.806592479,14.502616303,1.514143023));
#4930=CARTESIAN_POINT('',(-2.609339966,14.712634101,1.628026814));
#4931=CARTESIAN_POINT('',(-2.397799075,14.902088421,1.750160005));
#4932=CARTESIAN_POINT('',(-2.29202863,14.996815582,1.8112266));
#4933=CARTESIAN_POINT('',(-2.182610052,15.086292442,1.874399445));
#4934=CARTESIAN_POINT('',(-2.069406219,15.170321657,1.939757708));
#4935=CARTESIAN_POINT('',(-1.956202386,15.254350872,2.005115972));
#4936=CARTESIAN_POINT('',(-1.838554943,15.333270922,2.073039755));
#4937=CARTESIAN_POINT('',(-1.718811472,15.405150247,2.14217368));
#4938=CARTESIAN_POINT('',(-1.479324529,15.548908895,2.280441531));
#4939=CARTESIAN_POINT('',(-1.231346269,15.664967736,2.423611846));
#4940=CARTESIAN_POINT('',(-0.975198809,15.754377557,2.571498651));
#4941=CARTESIAN_POINT('',(-0.71905135,15.843787377,2.719385456));
#4942=CARTESIAN_POINT('',(-0.453120102,15.90693375,2.872920933));
#4943=CARTESIAN_POINT('',(-0.183927246,15.942884195,3.028339501));
#4944=CARTESIAN_POINT('',(0.08526561,15.97883464,3.183758069));
#4945=CARTESIAN_POINT('',(0.358094482,15.987616747,3.341275892));
#4946=CARTESIAN_POINT('',(0.627664323,15.969884026,3.496912112));
#4947=CARTESIAN_POINT('',(0.897234164,15.952151304,3.652548332));
#4948=CARTESIAN_POINT('',(1.162670974,15.908386252,3.805798346));
#4949=CARTESIAN_POINT('',(1.424065997,15.839163578,3.956714833));
#4950=CARTESIAN_POINT('',(1.554763509,15.804552241,4.032173076));
#4951=CARTESIAN_POINT('',(1.684444279,15.763536851,4.107044304));
#4952=CARTESIAN_POINT('',(1.813077234,15.715921689,4.181310575));
#4953=CARTESIAN_POINT('',(1.941710189,15.668306526,4.255576847));
#4954=CARTESIAN_POINT('',(2.069187951,15.614060658,4.329176167));
#4955=CARTESIAN_POINT('',(2.193589732,15.553911859,4.400999568));
#4956=CARTESIAN_POINT('',(2.442393293,15.433614262,4.544646371));
#4957=CARTESIAN_POINT('',(2.680965881,15.289114788,4.682386319));
#4958=CARTESIAN_POINT('',(2.908714242,15.119010067,4.813876897));
#4959=B_SPLINE_CURVE_WITH_KNOTS('',3,(#4928,#4929,#4930,#4931,#4932,#4933,#4934,#4935,#4936,#4937,#4938,#4939,#4940,#4941,#4942,#4943,#4944,#4945,#4946,#4947,#4948,#4949,#4950,#4951,#4952,#4953,
#4954,#4955,#4956,#4957,#4958),.UNSPECIFIED.,.F.,.F.,(4,3,3,3,3,3,3,3,3,3,4),(0.,0.000927253,0.001390879,0.001854505,0.002781758,0.003709011,0.004636264,0.005563516,0.006027143,0.006490769,0.007418022),.UNSPECIFIED.);
#4960=EDGE_CURVE('',#4927,#4726,#4959,.T.);
#4961=ORIENTED_EDGE('',*,*,#4960,.F.);
#4962=CARTESIAN_POINT('',(-2.986973486,14.268317456,1.41));
#4963=CARTESIAN_POINT('',(-2.520827613,14.365901907,1.41));
#4964=CARTESIAN_POINT('',(-2.048586925,14.4407955,1.41));
#4965=CARTESIAN_POINT('',(-1.575566979,14.492221443,1.41));
#4966=CARTESIAN_POINT('',(-1.102547033,14.543647385,1.41));
#4967=CARTESIAN_POINT('',(-0.627487754,14.57191876,1.41));
#4968=CARTESIAN_POINT('',(-0.150371971,14.576840601,1.41));
#4969=CARTESIAN_POINT('',(0.326743812,14.581762442,1.41));
#4970=CARTESIAN_POINT('',(0.804900299,14.563169477,1.41));
#4971=CARTESIAN_POINT('',(1.279375627,14.521366728,1.41));
#4972=CARTESIAN_POINT('',(1.753850955,14.479563979,1.41));
#4973=CARTESIAN_POINT('',(2.22511155,14.414665541,1.41));
#4974=CARTESIAN_POINT('',(2.693158752,14.326681039,1.41));
#4975=CARTESIAN_POINT('',(3.161205954,14.238696536,1.41));
#4976=CARTESIAN_POINT('',(3.626300103,14.127307798,1.41));
#4977=CARTESIAN_POINT('',(4.080637651,13.994830832,1.41));
#4978=CARTESIAN_POINT('',(4.534975199,13.862353865,1.41));
#4979=CARTESIAN_POINT('',(4.980519943,13.708493475,1.41));
#4980=CARTESIAN_POINT('',(5.417418149,13.533605368,1.41));
#4981=CARTESIAN_POINT('',(5.854316354,13.358717261,1.41));
#4982=CARTESIAN_POINT('',(6.28256863,13.162802916,1.41));
#4983=CARTESIAN_POINT('',(6.702075365,12.945620087,1.41));
#4984=CARTESIAN_POINT('',(6.911828732,12.837028673,1.41));
#4985=CARTESIAN_POINT('',(7.119391979,12.723111052,1.41));
#4986=CARTESIAN_POINT('',(7.324728776,12.603778878,1.41));
#4987=CARTESIAN_POINT('',(7.530065573,12.484446703,1.41));
#4988=CARTESIAN_POINT('',(7.733728393,12.359328464,1.41));
#4989=CARTESIAN_POINT('',(7.933427085,12.229784476,1.41));
#4990=CARTESIAN_POINT('',(8.732221854,11.711608525,1.41));
#4991=CARTESIAN_POINT('',(9.468857805,11.12362327,1.41));
#4992=CARTESIAN_POINT('',(10.145300264,10.468035929,1.41));
#4993=CARTESIAN_POINT('',(10.483521493,10.140242258,1.41));
#4994=CARTESIAN_POINT('',(10.806586672,9.795427135,1.41));
#4995=CARTESIAN_POINT('',(11.114086883,9.433131314,1.41));
#4996=CARTESIAN_POINT('',(11.267836989,9.251983404,1.41));
#4997=CARTESIAN_POINT('',(11.418063015,9.065943781,1.41));
#4998=CARTESIAN_POINT('',(11.562947534,8.877225804,1.41));
#4999=CARTESIAN_POINT('',(11.707832052,8.688507827,1.41));
#5000=CARTESIAN_POINT('',(11.847568023,8.496937371,1.41));
#5001=CARTESIAN_POINT('',(11.982248878,8.302566198,1.41));
#5002=CARTESIAN_POINT('',(12.520972297,7.525081506,1.41));
#5003=CARTESIAN_POINT('',(12.979520604,6.703176921,1.41));
#5004=CARTESIAN_POINT('',(13.358036052,5.836931256,1.41));
#5005=CARTESIAN_POINT('',(13.452664914,5.620369839,1.41));
#5006=CARTESIAN_POINT('',(13.542247302,5.401012495,1.41));
#5007=CARTESIAN_POINT('',(13.626695012,5.178810355,1.41));
#5008=CARTESIAN_POINT('',(13.711142722,4.956608215,1.41));
#5009=CARTESIAN_POINT('',(13.790568352,4.731162319,1.41));
#5010=CARTESIAN_POINT('',(13.864198756,4.504540655,1.41));
#5011=CARTESIAN_POINT('',(14.011459563,4.051297327,1.41));
#5012=CARTESIAN_POINT('',(14.136114746,3.592182569,1.41));
#5013=CARTESIAN_POINT('',(14.238237846,3.127215482,1.41));
#5014=CARTESIAN_POINT('',(14.340360947,2.662248395,1.41));
#5015=CARTESIAN_POINT('',(14.419939243,2.19060468,1.41));
#5016=CARTESIAN_POINT('',(14.476027954,1.717995438,1.41));
#5017=CARTESIAN_POINT('',(14.532116664,1.245386196,1.41));
#5018=CARTESIAN_POINT('',(14.565033351,0.770736032,1.41));
#5019=CARTESIAN_POINT('',(14.574650521,0.294033717,1.41));
#5020=CARTESIAN_POINT('',(14.584267692,-0.182668598,1.41));
#5021=CARTESIAN_POINT('',(14.570408234,-0.661226499,1.41));
#5022=CARTESIAN_POINT('',(14.533258534,-1.136349429,1.41));
#5023=CARTESIAN_POINT('',(14.496108834,-1.611472359,1.41));
#5024=CARTESIAN_POINT('',(14.435825631,-2.083375346,1.41));
#5025=CARTESIAN_POINT('',(14.352485405,-2.552069034,1.41));
#5026=CARTESIAN_POINT('',(14.269145178,-3.020762722,1.41));
#5027=CARTESIAN_POINT('',(14.1622535,-3.487397607,1.41));
#5028=CARTESIAN_POINT('',(14.034088422,-3.943508059,1.41));
#5029=CARTESIAN_POINT('',(13.905923344,-4.399618511,1.41));
#5030=CARTESIAN_POINT('',(13.756304847,-4.846907434,1.41));
#5031=CARTESIAN_POINT('',(13.585650247,-5.285546424,1.41));
#5032=CARTESIAN_POINT('',(13.414995648,-5.724185415,1.41));
#5033=CARTESIAN_POINT('',(13.223305963,-6.154174892,1.41));
#5034=CARTESIAN_POINT('',(13.010399035,-6.575439954,1.41));
#5035=CARTESIAN_POINT('',(12.797492108,-6.996705016,1.41));
#5036=CARTESIAN_POINT('',(12.562838152,-7.410083892,1.41));
#5037=CARTESIAN_POINT('',(12.307297088,-7.812639248,1.41));
#5038=CARTESIAN_POINT('',(11.796214961,-8.617749961,1.41));
#5039=CARTESIAN_POINT('',(11.215001042,-9.360414991,1.41));
#5040=CARTESIAN_POINT('',(10.566263263,-10.042956452,1.41));
#5041=CARTESIAN_POINT('',(10.241894374,-10.384227182,1.41));
#5042=CARTESIAN_POINT('',(9.900522155,-10.710358067,1.41));
#5043=CARTESIAN_POINT('',(9.541738337,-11.02098558,1.41));
#5044=CARTESIAN_POINT('',(9.182954519,-11.331613093,1.41));
#5045=CARTESIAN_POINT('',(8.805817415,-11.627063716,1.41));
#5046=CARTESIAN_POINT('',(8.419329834,-11.900494897,1.41));
#5047=CARTESIAN_POINT('',(7.646354674,-12.447357258,1.41));
#5048=CARTESIAN_POINT('',(6.828822448,-12.913797345,1.41));
#5049=CARTESIAN_POINT('',(5.967065225,-13.300414514,1.41));
#5050=CARTESIAN_POINT('',(5.751625919,-13.397068806,1.41));
#5051=CARTESIAN_POINT('',(5.533397939,-13.488689743,1.41));
#5052=CARTESIAN_POINT('',(5.312336748,-13.575196939,1.41));
#5053=CARTESIAN_POINT('',(5.091275556,-13.661704134,1.41));
#5054=CARTESIAN_POINT('',(4.86677058,-13.743295048,1.41));
#5055=CARTESIAN_POINT('',(4.64100068,-13.819117422,1.41));
#5056=CARTESIAN_POINT('',(4.189460882,-13.970762171,1.41));
#5057=CARTESIAN_POINT('',(3.733965012,-14.09916924,1.41));
#5058=CARTESIAN_POINT('',(3.27463544,-14.205057423,1.41));
#5059=CARTESIAN_POINT('',(2.355976298,-14.416833788,1.41));
#5060=CARTESIAN_POINT('',(1.422087657,-14.539153177,1.41));
#5061=CARTESIAN_POINT('',(0.472618348,-14.569952833,1.41));
#5062=CARTESIAN_POINT('',(-0.002116307,-14.58535266,1.41));
#5063=CARTESIAN_POINT('',(-0.481058821,-14.57748927,1.41));
#5064=CARTESIAN_POINT('',(-0.957226293,-14.546154525,1.41));
#5065=CARTESIAN_POINT('',(-1.433393764,-14.51481978,1.41));
#5066=CARTESIAN_POINT('',(-1.906697137,-14.460161015,1.41));
#5067=CARTESIAN_POINT('',(-2.374543006,-14.382921788,1.41));
#5068=CARTESIAN_POINT('',(-2.842388876,-14.305682561,1.41));
#5069=CARTESIAN_POINT('',(-3.305602859,-14.205815481,1.41));
#5070=CARTESIAN_POINT('',(-3.764170402,-14.083249441,1.41));
#5071=CARTESIAN_POINT('',(-3.993454173,-14.021966422,1.41));
#5072=CARTESIAN_POINT('',(-4.221574341,-13.954998928,1.41));
#5073=CARTESIAN_POINT('',(-4.448516442,-13.882276294,1.41));
#5074=CARTESIAN_POINT('',(-4.675458542,-13.80955366,1.41));
#5075=CARTESIAN_POINT('',(-4.900996671,-13.731113598,1.41));
#5076=CARTESIAN_POINT('',(-5.123242688,-13.647683979,1.41));
#5077=CARTESIAN_POINT('',(-6.012226758,-13.313965504,1.41));
#5078=CARTESIAN_POINT('',(-6.857394342,-12.898532173,1.41));
#5079=CARTESIAN_POINT('',(-7.659657909,-12.403085679,1.41));
#5080=CARTESIAN_POINT('',(-8.060789693,-12.155362432,1.41));
#5081=CARTESIAN_POINT('',(-8.45112046,-11.887496,1.41));
#5082=CARTESIAN_POINT('',(-8.8302961,-11.598825994,1.41));
#5083=CARTESIAN_POINT('',(-9.209471741,-11.310155987,1.41));
#5084=CARTESIAN_POINT('',(-9.57349582,-11.003544139,1.41));
#5085=CARTESIAN_POINT('',(-9.919470342,-10.682275122,1.41));
#5086=CARTESIAN_POINT('',(-10.611419386,-10.039737088,1.41));
#5087=CARTESIAN_POINT('',(-11.236105517,-9.335629929,1.41));
#5088=CARTESIAN_POINT('',(-11.792904117,-8.569381899,1.41));
#5089=CARTESIAN_POINT('',(-12.071303417,-8.186257884,1.41));
#5090=CARTESIAN_POINT('',(-12.333733808,-7.785302938,1.41));
#5091=CARTESIAN_POINT('',(-12.573766197,-7.376130236,1.41));
#5092=CARTESIAN_POINT('',(-12.813798587,-6.966957534,1.41));
#5093=CARTESIAN_POINT('',(-13.032418042,-6.548633938,1.41));
#5094=CARTESIAN_POINT('',(-13.230108431,-6.121366232,1.41));
#5095=CARTESIAN_POINT('',(-13.62548921,-5.26683082,1.41));
#5096=CARTESIAN_POINT('',(-13.937756321,-4.376776487,1.41));
#5097=CARTESIAN_POINT('',(-14.163545196,-3.449765373,1.41));
#5098=CARTESIAN_POINT('',(-14.389334071,-2.522754258,1.41));
#5099=CARTESIAN_POINT('',(-14.523379779,-1.577797846,1.41));
#5100=CARTESIAN_POINT('',(-14.564248324,-0.624150954,1.41));
#5101=CARTESIAN_POINT('',(-14.584682596,-0.147327507,1.41));
#5102=CARTESIAN_POINT('',(-14.581682851,0.330574233,1.41));
#5103=CARTESIAN_POINT('',(-14.55525126,0.807189191,1.41));
#5104=CARTESIAN_POINT('',(-14.52881967,1.283804148,1.41));
#5105=CARTESIAN_POINT('',(-14.479141972,1.757183383,1.41));
#5106=CARTESIAN_POINT('',(-14.406448749,2.227358992,1.41));
#5107=CARTESIAN_POINT('',(-14.370102138,2.462446796,1.41));
#5108=CARTESIAN_POINT('',(-14.327991357,2.696732261,1.41));
#5109=CARTESIAN_POINT('',(-14.280082598,2.930210682,1.41));
#5110=CARTESIAN_POINT('',(-14.232173839,3.163689102,1.41));
#5111=CARTESIAN_POINT('',(-14.17840407,3.396497365,1.41));
#5112=CARTESIAN_POINT('',(-14.119301107,3.626600323,1.41));
#5113=CARTESIAN_POINT('',(-14.001095179,4.086806241,1.41));
#5114=CARTESIAN_POINT('',(-13.861250172,4.538114173,1.41));
#5115=CARTESIAN_POINT('',(-13.700327498,4.980754973,1.41));
#5116=CARTESIAN_POINT('',(-13.378482148,5.866036572,1.41));
#5117=CARTESIAN_POINT('',(-12.972932348,6.716898917,1.41));
#5118=CARTESIAN_POINT('',(-12.480899909,7.532199619,1.41));
#5119=CARTESIAN_POINT('',(-12.3578918,7.736024794,1.41));
#5120=CARTESIAN_POINT('',(-12.229416102,7.937547871,1.41));
#5121=CARTESIAN_POINT('',(-12.096904721,8.134604466,1.41));
#5122=CARTESIAN_POINT('',(-11.96439334,8.331661061,1.41));
#5123=CARTESIAN_POINT('',(-11.827511125,8.524825809,1.41));
#5124=CARTESIAN_POINT('',(-11.686328773,8.714161661,1.41));
#5125=CARTESIAN_POINT('',(-11.403964069,9.092833365,1.41));
#5126=CARTESIAN_POINT('',(-11.104428794,9.456216171,1.41));
#5127=CARTESIAN_POINT('',(-10.787913314,9.804479587,1.41));
#5128=CARTESIAN_POINT('',(-10.471397835,10.152743002,1.41));
#5129=CARTESIAN_POINT('',(-10.137902648,10.485887469,1.41));
#5130=CARTESIAN_POINT('',(-9.787134453,10.803651829,1.41));
#5131=CARTESIAN_POINT('',(-9.611750355,10.962534009,1.41));
#5132=CARTESIAN_POINT('',(-9.432040454,11.117564438,1.41));
#5133=CARTESIAN_POINT('',(-9.247919964,11.268667622,1.41));
#5134=CARTESIAN_POINT('',(-9.063799474,11.419770807,1.41));
#5135=CARTESIAN_POINT('',(-8.8755076,11.566702226,1.41));
#5136=CARTESIAN_POINT('',(-8.684866711,11.708116153,1.41));
#5137=CARTESIAN_POINT('',(-7.922303157,12.273771863,1.41));
#5138=CARTESIAN_POINT('',(-7.114818322,12.75834706,1.41));
#5139=CARTESIAN_POINT('',(-6.263328385,13.163495401,1.41));
#5140=CARTESIAN_POINT('',(-5.837583417,13.366069572,1.41));
#5141=CARTESIAN_POINT('',(-5.400759865,13.548647491,1.41));
#5142=CARTESIAN_POINT('',(-4.952492224,13.710569442,1.41));
#5143=CARTESIAN_POINT('',(-4.504224584,13.872491393,1.41));
#5144=CARTESIAN_POINT('',(-4.048062408,14.012365517,1.41));
#5145=CARTESIAN_POINT('',(-3.586973547,14.129420173,1.41));
#5146=B_SPLINE_CURVE_WITH_KNOTS('',3,(#4962,#4963,#4964,#4965,#4966,#4967,#4968,#4969,#4970,#4971,#4972,#4973,#4974,#4975,#4976,#4977,#4978,#4979,#4980,#4981,#4982,#4983,#4984,#4985,#4986,#4987,
#4988,#4989,#4990,#4991,#4992,#4993,#4994,#4995,#4996,#4997,#4998,#4999,#5000,#5001,#5002,#5003,#5004,#5005,#5006,#5007,#5008,#5009,#5010,#5011,#5012,
#5013,#5014,#5015,#5016,#5017,#5018,#5019,#5020,#5021,#5022,#5023,#5024,#5025,#5026,#5027,#5028,#5029,#5030,#5031,#5032,#5033,#5034,#5035,#5036,#5037,
#5038,#5039,#5040,#5041,#5042,#5043,#5044,#5045,#5046,#5047,#5048,#5049,#5050,#5051,#5052,#5053,#5054,#5055,#5056,#5057,#5058,#5059,#5060,#5061,#5062,
#5063,#5064,#5065,#5066,#5067,#5068,#5069,#5070,#5071,#5072,#5073,#5074,#5075,#5076,#5077,#5078,#5079,#5080,#5081,#5082,#5083,#5084,#5085,#5086,#5087,
#5088,#5089,#5090,#5091,#5092,#5093,#5094,#5095,#5096,#5097,#5098,#5099,#5100,#5101,#5102,#5103,#5104,#5105,#5106,#5107,#5108,#5109,#5110,#5111,#5112,
#5113,#5114,#5115,#5116,#5117,#5118,#5119,#5120,#5121,#5122,#5123,#5124,#5125,#5126,#5127,#5128,#5129,#5130,#5131,#5132,#5133,#5134,#5135,#5136,#5137,
#5138,#5139,#5140,#5141,#5142,#5143,#5144,#5145),.UNSPECIFIED.,.F.,.F.,(4,3,3,3,3,3,3,3,3,3,3,3,3,3,3,3,3,3,3,3,3,3,3,3,3,3,
3,3,3,3,3,3,3,3,3,3,3,3,3,3,3,3,3,3,3,3,3,3,3,3,3,
3,3,3,3,3,3,3,3,3,3,4),(0.043105934,0.044538003,0.045970072,0.047402141,0.04883421,0.05026628,0.051698349,0.053130418,0.053846452,0.054562487,0.057426625,0.058858694,0.059574729,0.060290764,0.063154902,0.063870936,0.064586971,0.06601904,0.067451109,0.068883178,0.070315248,0.071747317,0.073179386,0.074611455,0.076043524,0.077475593,
0.080339731,0.081771801,0.08320387,0.086068008,0.086784043,0.087500077,0.088932146,0.091796285,0.093228354,0.094660423,0.096092492,0.096808527,0.097524561,0.100388699,0.101820769,0.103252838,0.106116976,0.107549045,0.108981114,0.111845253,0.114709391,0.11614146,0.117573529,0.118289564,0.119005598,
0.120437667,0.123301806,0.12401784,0.124733875,0.126165944,0.127598013,0.128314048,0.129030082,0.131894221,0.13332629,0.134758359),.UNSPECIFIED.);
#5147=EDGE_CURVE('',#4927,#4695,#5146,.T.);
#5148=ORIENTED_EDGE('',*,*,#5147,.T.);
#5149=EDGE_LOOP('',(#4723,#4724,#4925,#4961,#5148));
#5150=FACE_BOUND('',#5149,.T.);
#5151=ADVANCED_FACE('',(#5150),#4693,.F.);
#5152=CARTESIAN_POINT('',(0.,0.,1.41));
#5153=DIRECTION('',(0.,0.,-1.));
#5154=DIRECTION('',(-1.,0.,0.));
#5155=AXIS2_PLACEMENT_3D('',#5152,#5153,#5154);
#5156=PLANE('',#5155);
#5157=CARTESIAN_POINT('',(-2.986973486,12.420894267,1.41));
#5158=VERTEX_POINT('',#5157);
#5159=CARTESIAN_POINT('',(0.,0.,1.41));
#5160=DIRECTION('',(0.,0.,-1.));
#5161=DIRECTION('',(-1.,0.,0.));
#5162=AXIS2_PLACEMENT_3D('',#5159,#5160,#5161);
#5163=CIRCLE('',#5162,12.775);
#5164=EDGE_CURVE('',#5158,#342,#5163,.T.);
#5165=ORIENTED_EDGE('',*,*,#5164,.T.);
#5166=ORIENTED_EDGE('',*,*,#381,.T.);
#5167=CARTESIAN_POINT('',(-3.586973486,14.129420188,1.41));
#5168=VERTEX_POINT('',#5167);
#5169=CARTESIAN_POINT('',(-3.586973486,12.261086665,1.41));
#5170=DIRECTION('',(0.,1.,0.));
#5171=VECTOR('',#5170,1.868333523);
#5172=LINE('',#5169,#5171);
#5173=EDGE_CURVE('',#368,#5168,#5172,.T.);
#5174=ORIENTED_EDGE('',*,*,#5173,.T.);
#5175=CARTESIAN_POINT('',(-2.986973486,14.268317456,1.41));
#5176=CARTESIAN_POINT('',(-2.520827613,14.365901907,1.41));
#5177=CARTESIAN_POINT('',(-2.048586925,14.4407955,1.41));
#5178=CARTESIAN_POINT('',(-1.575566979,14.492221443,1.41));
#5179=CARTESIAN_POINT('',(-1.102547033,14.543647385,1.41));
#5180=CARTESIAN_POINT('',(-0.627487754,14.57191876,1.41));
#5181=CARTESIAN_POINT('',(-0.150371971,14.576840601,1.41));
#5182=CARTESIAN_POINT('',(0.326743812,14.581762442,1.41));
#5183=CARTESIAN_POINT('',(0.804900299,14.563169477,1.41));
#5184=CARTESIAN_POINT('',(1.279375627,14.521366728,1.41));
#5185=CARTESIAN_POINT('',(1.753850955,14.479563979,1.41));
#5186=CARTESIAN_POINT('',(2.22511155,14.414665541,1.41));
#5187=CARTESIAN_POINT('',(2.693158752,14.326681039,1.41));
#5188=CARTESIAN_POINT('',(3.161205954,14.238696536,1.41));
#5189=CARTESIAN_POINT('',(3.626300103,14.127307798,1.41));
#5190=CARTESIAN_POINT('',(4.080637651,13.994830832,1.41));
#5191=CARTESIAN_POINT('',(4.534975199,13.862353865,1.41));
#5192=CARTESIAN_POINT('',(4.980519943,13.708493475,1.41));
#5193=CARTESIAN_POINT('',(5.417418149,13.533605368,1.41));
#5194=CARTESIAN_POINT('',(5.854316354,13.358717261,1.41));
#5195=CARTESIAN_POINT('',(6.28256863,13.162802916,1.41));
#5196=CARTESIAN_POINT('',(6.702075365,12.945620087,1.41));
#5197=CARTESIAN_POINT('',(6.911828732,12.837028673,1.41));
#5198=CARTESIAN_POINT('',(7.119391979,12.723111052,1.41));
#5199=CARTESIAN_POINT('',(7.324728776,12.603778878,1.41));
#5200=CARTESIAN_POINT('',(7.530065573,12.484446703,1.41));
#5201=CARTESIAN_POINT('',(7.733728393,12.359328464,1.41));
#5202=CARTESIAN_POINT('',(7.933427085,12.229784476,1.41));
#5203=CARTESIAN_POINT('',(8.732221854,11.711608525,1.41));
#5204=CARTESIAN_POINT('',(9.468857805,11.12362327,1.41));
#5205=CARTESIAN_POINT('',(10.145300264,10.468035929,1.41));
#5206=CARTESIAN_POINT('',(10.483521493,10.140242258,1.41));
#5207=CARTESIAN_POINT('',(10.806586672,9.795427135,1.41));
#5208=CARTESIAN_POINT('',(11.114086883,9.433131314,1.41));
#5209=CARTESIAN_POINT('',(11.267836989,9.251983404,1.41));
#5210=CARTESIAN_POINT('',(11.418063015,9.065943781,1.41));
#5211=CARTESIAN_POINT('',(11.562947534,8.877225804,1.41));
#5212=CARTESIAN_POINT('',(11.707832052,8.688507827,1.41));
#5213=CARTESIAN_POINT('',(11.847568023,8.496937371,1.41));
#5214=CARTESIAN_POINT('',(11.982248878,8.302566198,1.41));
#5215=CARTESIAN_POINT('',(12.520972297,7.525081506,1.41));
#5216=CARTESIAN_POINT('',(12.979520604,6.703176921,1.41));
#5217=CARTESIAN_POINT('',(13.358036052,5.836931256,1.41));
#5218=CARTESIAN_POINT('',(13.452664914,5.620369839,1.41));
#5219=CARTESIAN_POINT('',(13.542247302,5.401012495,1.41));
#5220=CARTESIAN_POINT('',(13.626695012,5.178810355,1.41));
#5221=CARTESIAN_POINT('',(13.711142722,4.956608215,1.41));
#5222=CARTESIAN_POINT('',(13.790568352,4.731162319,1.41));
#5223=CARTESIAN_POINT('',(13.864198756,4.504540655,1.41));
#5224=CARTESIAN_POINT('',(14.011459563,4.051297327,1.41));
#5225=CARTESIAN_POINT('',(14.136114746,3.592182569,1.41));
#5226=CARTESIAN_POINT('',(14.238237846,3.127215482,1.41));
#5227=CARTESIAN_POINT('',(14.340360947,2.662248395,1.41));
#5228=CARTESIAN_POINT('',(14.419939243,2.19060468,1.41));
#5229=CARTESIAN_POINT('',(14.476027954,1.717995438,1.41));
#5230=CARTESIAN_POINT('',(14.532116664,1.245386196,1.41));
#5231=CARTESIAN_POINT('',(14.565033351,0.770736032,1.41));
#5232=CARTESIAN_POINT('',(14.574650521,0.294033717,1.41));
#5233=CARTESIAN_POINT('',(14.584267692,-0.182668598,1.41));
#5234=CARTESIAN_POINT('',(14.570408234,-0.661226499,1.41));
#5235=CARTESIAN_POINT('',(14.533258534,-1.136349429,1.41));
#5236=CARTESIAN_POINT('',(14.496108834,-1.611472359,1.41));
#5237=CARTESIAN_POINT('',(14.435825631,-2.083375346,1.41));
#5238=CARTESIAN_POINT('',(14.352485405,-2.552069034,1.41));
#5239=CARTESIAN_POINT('',(14.269145178,-3.020762722,1.41));
#5240=CARTESIAN_POINT('',(14.1622535,-3.487397607,1.41));
#5241=CARTESIAN_POINT('',(14.034088422,-3.943508059,1.41));
#5242=CARTESIAN_POINT('',(13.905923344,-4.399618511,1.41));
#5243=CARTESIAN_POINT('',(13.756304847,-4.846907434,1.41));
#5244=CARTESIAN_POINT('',(13.585650247,-5.285546424,1.41));
#5245=CARTESIAN_POINT('',(13.414995648,-5.724185415,1.41));
#5246=CARTESIAN_POINT('',(13.223305963,-6.154174892,1.41));
#5247=CARTESIAN_POINT('',(13.010399035,-6.575439954,1.41));
#5248=CARTESIAN_POINT('',(12.797492108,-6.996705016,1.41));
#5249=CARTESIAN_POINT('',(12.562838152,-7.410083892,1.41));
#5250=CARTESIAN_POINT('',(12.307297088,-7.812639248,1.41));
#5251=CARTESIAN_POINT('',(11.796214961,-8.617749961,1.41));
#5252=CARTESIAN_POINT('',(11.215001042,-9.360414991,1.41));
#5253=CARTESIAN_POINT('',(10.566263263,-10.042956452,1.41));
#5254=CARTESIAN_POINT('',(10.241894374,-10.384227182,1.41));
#5255=CARTESIAN_POINT('',(9.900522155,-10.710358067,1.41));
#5256=CARTESIAN_POINT('',(9.541738337,-11.02098558,1.41));
#5257=CARTESIAN_POINT('',(9.182954519,-11.331613093,1.41));
#5258=CARTESIAN_POINT('',(8.805817415,-11.627063716,1.41));
#5259=CARTESIAN_POINT('',(8.419329834,-11.900494897,1.41));
#5260=CARTESIAN_POINT('',(7.646354674,-12.447357258,1.41));
#5261=CARTESIAN_POINT('',(6.828822448,-12.913797345,1.41));
#5262=CARTESIAN_POINT('',(5.967065225,-13.300414514,1.41));
#5263=CARTESIAN_POINT('',(5.751625919,-13.397068806,1.41));
#5264=CARTESIAN_POINT('',(5.533397939,-13.488689743,1.41));
#5265=CARTESIAN_POINT('',(5.312336748,-13.575196939,1.41));
#5266=CARTESIAN_POINT('',(5.091275556,-13.661704134,1.41));
#5267=CARTESIAN_POINT('',(4.86677058,-13.743295048,1.41));
#5268=CARTESIAN_POINT('',(4.64100068,-13.819117422,1.41));
#5269=CARTESIAN_POINT('',(4.189460882,-13.970762171,1.41));
#5270=CARTESIAN_POINT('',(3.733965012,-14.09916924,1.41));
#5271=CARTESIAN_POINT('',(3.27463544,-14.205057423,1.41));
#5272=CARTESIAN_POINT('',(2.355976298,-14.416833788,1.41));
#5273=CARTESIAN_POINT('',(1.422087657,-14.539153177,1.41));
#5274=CARTESIAN_POINT('',(0.472618348,-14.569952833,1.41));
#5275=CARTESIAN_POINT('',(-0.002116307,-14.58535266,1.41));
#5276=CARTESIAN_POINT('',(-0.481058821,-14.57748927,1.41));
#5277=CARTESIAN_POINT('',(-0.957226293,-14.546154525,1.41));
#5278=CARTESIAN_POINT('',(-1.433393764,-14.51481978,1.41));
#5279=CARTESIAN_POINT('',(-1.906697137,-14.460161015,1.41));
#5280=CARTESIAN_POINT('',(-2.374543006,-14.382921788,1.41));
#5281=CARTESIAN_POINT('',(-2.842388876,-14.305682561,1.41));
#5282=CARTESIAN_POINT('',(-3.305602859,-14.205815481,1.41));
#5283=CARTESIAN_POINT('',(-3.764170402,-14.083249441,1.41));
#5284=CARTESIAN_POINT('',(-3.993454173,-14.021966422,1.41));
#5285=CARTESIAN_POINT('',(-4.221574341,-13.954998928,1.41));
#5286=CARTESIAN_POINT('',(-4.448516442,-13.882276294,1.41));
#5287=CARTESIAN_POINT('',(-4.675458542,-13.80955366,1.41));
#5288=CARTESIAN_POINT('',(-4.900996671,-13.731113598,1.41));
#5289=CARTESIAN_POINT('',(-5.123242688,-13.647683979,1.41));
#5290=CARTESIAN_POINT('',(-6.012226758,-13.313965504,1.41));
#5291=CARTESIAN_POINT('',(-6.857394342,-12.898532173,1.41));
#5292=CARTESIAN_POINT('',(-7.659657909,-12.403085679,1.41));
#5293=CARTESIAN_POINT('',(-8.060789693,-12.155362432,1.41));
#5294=CARTESIAN_POINT('',(-8.45112046,-11.887496,1.41));
#5295=CARTESIAN_POINT('',(-8.8302961,-11.598825994,1.41));
#5296=CARTESIAN_POINT('',(-9.209471741,-11.310155987,1.41));
#5297=CARTESIAN_POINT('',(-9.57349582,-11.003544139,1.41));
#5298=CARTESIAN_POINT('',(-9.919470342,-10.682275122,1.41));
#5299=CARTESIAN_POINT('',(-10.611419386,-10.039737088,1.41));
#5300=CARTESIAN_POINT('',(-11.236105517,-9.335629929,1.41));
#5301=CARTESIAN_POINT('',(-11.792904117,-8.569381899,1.41));
#5302=CARTESIAN_POINT('',(-12.071303417,-8.186257884,1.41));
#5303=CARTESIAN_POINT('',(-12.333733808,-7.785302938,1.41));
#5304=CARTESIAN_POINT('',(-12.573766197,-7.376130236,1.41));
#5305=CARTESIAN_POINT('',(-12.813798587,-6.966957534,1.41));
#5306=CARTESIAN_POINT('',(-13.032418042,-6.548633938,1.41));
#5307=CARTESIAN_POINT('',(-13.230108431,-6.121366232,1.41));
#5308=CARTESIAN_POINT('',(-13.62548921,-5.26683082,1.41));
#5309=CARTESIAN_POINT('',(-13.937756321,-4.376776487,1.41));
#5310=CARTESIAN_POINT('',(-14.163545196,-3.449765373,1.41));
#5311=CARTESIAN_POINT('',(-14.389334071,-2.522754258,1.41));
#5312=CARTESIAN_POINT('',(-14.523379779,-1.577797846,1.41));
#5313=CARTESIAN_POINT('',(-14.564248324,-0.624150954,1.41));
#5314=CARTESIAN_POINT('',(-14.584682596,-0.147327507,1.41));
#5315=CARTESIAN_POINT('',(-14.581682851,0.330574233,1.41));
#5316=CARTESIAN_POINT('',(-14.55525126,0.807189191,1.41));
#5317=CARTESIAN_POINT('',(-14.52881967,1.283804148,1.41));
#5318=CARTESIAN_POINT('',(-14.479141972,1.757183383,1.41));
#5319=CARTESIAN_POINT('',(-14.406448749,2.227358992,1.41));
#5320=CARTESIAN_POINT('',(-14.370102138,2.462446796,1.41));
#5321=CARTESIAN_POINT('',(-14.327991357,2.696732261,1.41));
#5322=CARTESIAN_POINT('',(-14.280082598,2.930210682,1.41));
#5323=CARTESIAN_POINT('',(-14.232173839,3.163689102,1.41));
#5324=CARTESIAN_POINT('',(-14.17840407,3.396497365,1.41));
#5325=CARTESIAN_POINT('',(-14.119301107,3.626600323,1.41));
#5326=CARTESIAN_POINT('',(-14.001095179,4.086806241,1.41));
#5327=CARTESIAN_POINT('',(-13.861250172,4.538114173,1.41));
#5328=CARTESIAN_POINT('',(-13.700327498,4.980754973,1.41));
#5329=CARTESIAN_POINT('',(-13.378482148,5.866036572,1.41));
#5330=CARTESIAN_POINT('',(-12.972932348,6.716898917,1.41));
#5331=CARTESIAN_POINT('',(-12.480899909,7.532199619,1.41));
#5332=CARTESIAN_POINT('',(-12.3578918,7.736024794,1.41));
#5333=CARTESIAN_POINT('',(-12.229416102,7.937547871,1.41));
#5334=CARTESIAN_POINT('',(-12.096904721,8.134604466,1.41));
#5335=CARTESIAN_POINT('',(-11.96439334,8.331661061,1.41));
#5336=CARTESIAN_POINT('',(-11.827511125,8.524825809,1.41));
#5337=CARTESIAN_POINT('',(-11.686328773,8.714161661,1.41));
#5338=CARTESIAN_POINT('',(-11.403964069,9.092833365,1.41));
#5339=CARTESIAN_POINT('',(-11.104428794,9.456216171,1.41));
#5340=CARTESIAN_POINT('',(-10.787913314,9.804479587,1.41));
#5341=CARTESIAN_POINT('',(-10.471397835,10.152743002,1.41));
#5342=CARTESIAN_POINT('',(-10.137902648,10.485887469,1.41));
#5343=CARTESIAN_POINT('',(-9.787134453,10.803651829,1.41));
#5344=CARTESIAN_POINT('',(-9.611750355,10.962534009,1.41));
#5345=CARTESIAN_POINT('',(-9.432040454,11.117564438,1.41));
#5346=CARTESIAN_POINT('',(-9.247919964,11.268667622,1.41));
#5347=CARTESIAN_POINT('',(-9.063799474,11.419770807,1.41));
#5348=CARTESIAN_POINT('',(-8.8755076,11.566702226,1.41));
#5349=CARTESIAN_POINT('',(-8.684866711,11.708116153,1.41));
#5350=CARTESIAN_POINT('',(-7.922303157,12.273771863,1.41));
#5351=CARTESIAN_POINT('',(-7.114818322,12.75834706,1.41));
#5352=CARTESIAN_POINT('',(-6.263328385,13.163495401,1.41));
#5353=CARTESIAN_POINT('',(-5.837583417,13.366069572,1.41));
#5354=CARTESIAN_POINT('',(-5.400759865,13.548647491,1.41));
#5355=CARTESIAN_POINT('',(-4.952492224,13.710569442,1.41));
#5356=CARTESIAN_POINT('',(-4.504224584,13.872491393,1.41));
#5357=CARTESIAN_POINT('',(-4.048062408,14.012365517,1.41));
#5358=CARTESIAN_POINT('',(-3.586973547,14.129420173,1.41));
#5359=B_SPLINE_CURVE_WITH_KNOTS('',3,(#5175,#5176,#5177,#5178,#5179,#5180,#5181,#5182,#5183,#5184,#5185,#5186,#5187,#5188,#5189,#5190,#5191,#5192,#5193,#5194,#5195,#5196,#5197,#5198,#5199,#5200,
#5201,#5202,#5203,#5204,#5205,#5206,#5207,#5208,#5209,#5210,#5211,#5212,#5213,#5214,#5215,#5216,#5217,#5218,#5219,#5220,#5221,#5222,#5223,#5224,#5225,
#5226,#5227,#5228,#5229,#5230,#5231,#5232,#5233,#5234,#5235,#5236,#5237,#5238,#5239,#5240,#5241,#5242,#5243,#5244,#5245,#5246,#5247,#5248,#5249,#5250,
#5251,#5252,#5253,#5254,#5255,#5256,#5257,#5258,#5259,#5260,#5261,#5262,#5263,#5264,#5265,#5266,#5267,#5268,#5269,#5270,#5271,#5272,#5273,#5274,#5275,
#5276,#5277,#5278,#5279,#5280,#5281,#5282,#5283,#5284,#5285,#5286,#5287,#5288,#5289,#5290,#5291,#5292,#5293,#5294,#5295,#5296,#5297,#5298,#5299,#5300,
#5301,#5302,#5303,#5304,#5305,#5306,#5307,#5308,#5309,#5310,#5311,#5312,#5313,#5314,#5315,#5316,#5317,#5318,#5319,#5320,#5321,#5322,#5323,#5324,#5325,
#5326,#5327,#5328,#5329,#5330,#5331,#5332,#5333,#5334,#5335,#5336,#5337,#5338,#5339,#5340,#5341,#5342,#5343,#5344,#5345,#5346,#5347,#5348,#5349,#5350,
#5351,#5352,#5353,#5354,#5355,#5356,#5357,#5358),.UNSPECIFIED.,.F.,.F.,(4,3,3,3,3,3,3,3,3,3,3,3,3,3,3,3,3,3,3,3,3,3,3,3,3,3,
3,3,3,3,3,3,3,3,3,3,3,3,3,3,3,3,3,3,3,3,3,3,3,3,3,
3,3,3,3,3,3,3,3,3,3,4),(0.043105934,0.044538003,0.045970072,0.047402141,0.04883421,0.05026628,0.051698349,0.053130418,0.053846452,0.054562487,0.057426625,0.058858694,0.059574729,0.060290764,0.063154902,0.063870936,0.064586971,0.06601904,0.067451109,0.068883178,0.070315248,0.071747317,0.073179386,0.074611455,0.076043524,0.077475593,
0.080339731,0.081771801,0.08320387,0.086068008,0.086784043,0.087500077,0.088932146,0.091796285,0.093228354,0.094660423,0.096092492,0.096808527,0.097524561,0.100388699,0.101820769,0.103252838,0.106116976,0.107549045,0.108981114,0.111845253,0.114709391,0.11614146,0.117573529,0.118289564,0.119005598,
0.120437667,0.123301806,0.12401784,0.124733875,0.126165944,0.127598013,0.128314048,0.129030082,0.131894221,0.13332629,0.134758359),.UNSPECIFIED.);
#5360=EDGE_CURVE('',#4695,#5168,#5359,.T.);
#5361=ORIENTED_EDGE('',*,*,#5360,.F.);
#5362=ORIENTED_EDGE('',*,*,#5147,.F.);
#5363=CARTESIAN_POINT('',(-2.986973486,12.420894267,1.41));
#5364=DIRECTION('',(0.,1.,0.));
#5365=VECTOR('',#5364,1.847423189);
#5366=LINE('',#5363,#5365);
#5367=EDGE_CURVE('',#5158,#4927,#5366,.T.);
#5368=ORIENTED_EDGE('',*,*,#5367,.F.);
#5369=EDGE_LOOP('',(#5165,#5166,#5174,#5361,#5362,#5368));
#5370=FACE_BOUND('',#5369,.T.);
#5371=ADVANCED_FACE('',(#5370),#5156,.F.);
#5372=CARTESIAN_POINT('',(-4.943223435,17.898729157,0.568788895));
#5373=CARTESIAN_POINT('',(-4.826346102,18.024235331,0.658652589));
#5374=CARTESIAN_POINT('',(-4.714811948,18.169023532,0.728486432));
#5375=CARTESIAN_POINT('',(-4.511720152,18.48510423,0.822277837));
#5376=CARTESIAN_POINT('',(-4.420186494,18.656359398,0.846224323));
#5377=CARTESIAN_POINT('',(-4.264767887,19.011035107,0.846224323));
#5378=CARTESIAN_POINT('',(-4.200901292,19.194413762,0.822277837));
#5379=CARTESIAN_POINT('',(-4.106173237,19.55797857,0.728486432));
#5380=CARTESIAN_POINT('',(-4.075322965,19.738121789,0.658652589));
#5381=CARTESIAN_POINT('',(-4.06227127,19.909123483,0.568788895));
#5382=CARTESIAN_POINT('',(-4.879870938,17.868193216,0.522490245));
#5383=CARTESIAN_POINT('',(-4.762911205,17.994490556,0.613510803));
#5384=CARTESIAN_POINT('',(-4.651300909,18.140305411,0.68427214));
#5385=CARTESIAN_POINT('',(-4.44817983,18.458689558,0.779317245));
#5386=CARTESIAN_POINT('',(-4.356693581,18.631220403,0.803589539));
#5387=CARTESIAN_POINT('',(-4.201575411,18.988429058,0.803589539));
#5388=CARTESIAN_POINT('',(-4.137962226,19.173063733,0.779317245));
#5389=CARTESIAN_POINT('',(-4.043985903,19.538843693,0.68427214));
#5390=CARTESIAN_POINT('',(-4.013634118,19.719944806,0.613510803));
#5391=CARTESIAN_POINT('',(-4.001197175,19.891630665,0.522490245));
#5392=CARTESIAN_POINT('',(-4.81624093,17.837912963,0.476590573));
#5393=CARTESIAN_POINT('',(-4.699225608,17.965016735,0.568796974));
#5394=CARTESIAN_POINT('',(-4.587564535,18.111878543,0.640510033));
#5395=CARTESIAN_POINT('',(-4.384462196,18.432609526,0.736841873));
#5396=CARTESIAN_POINT('',(-4.293046025,18.60643908,0.761448756));
#5397=CARTESIAN_POINT('',(-4.138270634,18.966220731,0.761448756));
#5398=CARTESIAN_POINT('',(-4.074930539,19.152128384,0.736841873));
#5399=CARTESIAN_POINT('',(-3.981741168,19.520142912,0.640510033));
#5400=CARTESIAN_POINT('',(-3.95190341,19.702204325,0.568796974));
#5401=CARTESIAN_POINT('',(-3.94009363,19.874566324,0.476590574));
#5402=CARTESIAN_POINT('',(-4.464940514,17.673002155,0.226675503));
#5403=CARTESIAN_POINT('',(-4.347786939,17.804625292,0.325565761));
#5404=CARTESIAN_POINT('',(-4.236005086,17.957356824,0.402649118));
#5405=CARTESIAN_POINT('',(-4.033303322,18.291231814,0.506243351));
#5406=CARTESIAN_POINT('',(-3.942411673,18.472328866,0.532739862));
#5407=CARTESIAN_POINT('',(-3.789776588,18.846474465,0.532739862));
#5408=CARTESIAN_POINT('',(-3.728054453,19.039471003,0.506243351));
#5409=CARTESIAN_POINT('',(-3.639394112,19.41986611,0.402649118));
#5410=CARTESIAN_POINT('',(-3.612468315,19.60721178,0.325565761));
#5411=CARTESIAN_POINT('',(-3.604170812,19.783235382,0.226675502));
#5412=CARTESIAN_POINT('',(-4.171653904,17.543556384,0.030733706));
#5413=CARTESIAN_POINT('',(-4.054991746,17.67920134,0.135710571));
#5414=CARTESIAN_POINT('',(-3.943682996,17.837165329,0.217706018));
#5415=CARTESIAN_POINT('',(-3.74238679,18.182708585,0.327949163));
#5416=CARTESIAN_POINT('',(-3.652430508,18.37023467,0.356179956));
#5417=CARTESIAN_POINT('',(-3.502482729,18.756962268,0.356179957));
#5418=CARTESIAN_POINT('',(-3.442514484,18.956104247,0.327949165));
#5419=CARTESIAN_POINT('',(-3.358315622,19.347001667,0.21770602));
#5420=CARTESIAN_POINT('',(-3.334098114,19.538696881,0.135710574));
#5421=CARTESIAN_POINT('',(-3.3289239,19.717516257,0.03073371));
#5422=CARTESIAN_POINT('',(-3.745820213,17.371243025,-0.229827435));
#5423=CARTESIAN_POINT('',(-3.631520434,17.513060005,-0.115289707));
#5424=CARTESIAN_POINT('',(-3.522463484,17.679051324,-0.025528979));
#5425=CARTESIAN_POINT('',(-3.326019096,18.042367227,0.095239419));
#5426=CARTESIAN_POINT('',(-3.238666983,18.239626535,0.126225401));
#5427=CARTESIAN_POINT('',(-3.094661423,18.645127357,0.1262254));
#5428=CARTESIAN_POINT('',(-3.038033878,18.853296013,0.095239419));
#5429=CARTESIAN_POINT('',(-2.961337787,19.259130253,-0.02552898));
#5430=CARTESIAN_POINT('',(-2.941283046,19.456722909,-0.115289708));
#5431=CARTESIAN_POINT('',(-2.940551081,19.638862572,-0.229827437));
#5432=CARTESIAN_POINT('',(-3.620018671,17.322162582,-0.304009115));
#5433=CARTESIAN_POINT('',(-3.506609218,17.465844096,-0.186558206));
#5434=CARTESIAN_POINT('',(-3.398400077,17.634260079,-0.094425903));
#5435=CARTESIAN_POINT('',(-3.203717476,18.002929558,0.029558572));
#5436=CARTESIAN_POINT('',(-3.117280566,18.203113932,0.06138751));
#5437=CARTESIAN_POINT('',(-2.975270332,18.614224709,0.06138751));
#5438=CARTESIAN_POINT('',(-2.919723674,18.825074027,0.029558571));
#5439=CARTESIAN_POINT('',(-2.845367003,19.235285753,-0.094425904));
#5440=CARTESIAN_POINT('',(-2.826570961,19.434571234,-0.186558208));
#5441=CARTESIAN_POINT('',(-2.827142643,19.617603268,-0.304009117));
#5442=CARTESIAN_POINT('',(-3.492594681,17.274568284,-0.375914344));
#5443=CARTESIAN_POINT('',(-3.380343244,17.420166851,-0.255444173));
#5444=CARTESIAN_POINT('',(-3.273236485,17.591074324,-0.160847615));
#5445=CARTESIAN_POINT('',(-3.080768884,17.965227411,-0.03351954));
#5446=CARTESIAN_POINT('',(-2.995445758,18.168399722,-0.000812968));
#5447=CARTESIAN_POINT('',(-2.855747222,18.585205206,-0.000812968));
#5448=CARTESIAN_POINT('',(-2.801399188,18.79875672,-0.03351954));
#5449=CARTESIAN_POINT('',(-2.729518524,19.213316461,-0.160847616));
#5450=CARTESIAN_POINT('',(-2.711999978,19.414243468,-0.255444174));
#5451=CARTESIAN_POINT('',(-2.713839849,19.598072341,-0.375914346));
#5452=B_SPLINE_SURFACE_WITH_KNOTS('',3,3,((#5372,#5373,#5374,#5375,#5376,#5377,#5378,#5379,#5380,#5381),(#5382,#5383,#5384,#5385,#5386,#5387,#5388,#5389,#5390,#5391),(#5392,#5393,#5394,#5395,#5396,#5397,#5398,#5399,#5400,#5401),(#5402,#5403,#5404,#5405,#5406,#5407,#5408,#5409,#5410,#5411),(#5412,#5413,#5414,#5415,#5416,#5417,#5418,#5419,#5420,#5421),(#5422,#5423,#5424,#5425,#5426,#5427,#5428,#5429,#5430,#5431),(#5432,#5433,#5434,#5435,#5436,#5437,#5438,#5439,#5440,#5441),(#5442,#5443,#5444,#5445,#5446,#5447,#5448,#5449,#5450,#5451)),.UNSPECIFIED.,.F.,.F.,.U.,(4,2,2,4),(4,2,2,2,4),(0.01247763,0.012735759,0.013896776,0.01437606),(0.,0.25,0.5,0.75,1.),.UNSPECIFIED.);
#5453=CARTESIAN_POINT('',(-4.567009593,17.722085868,0.301090244));
#5454=VERTEX_POINT('',#5453);
#5455=CARTESIAN_POINT('',(-4.115508965,17.523201362,0.));
#5456=VERTEX_POINT('',#5455);
#5457=CARTESIAN_POINT('',(-4.567009622,17.72208581,0.301090196));
#5458=CARTESIAN_POINT('',(-4.418276631,17.654154839,0.198192309));
#5459=CARTESIAN_POINT('',(-4.267875352,17.587770948,0.097696173));
#5460=CARTESIAN_POINT('',(-4.115509027,17.523201244,-0.0000001));
#5461=B_SPLINE_CURVE_WITH_KNOTS('',3,(#5457,#5458,#5459,#5460),.UNSPECIFIED.,.F.,.F.,(4,4),(0.012984196,0.013579571),.UNSPECIFIED.);
#5462=EDGE_CURVE('',#5454,#5456,#5461,.T.);
#5463=ORIENTED_EDGE('',*,*,#5462,.F.);
#5464=CARTESIAN_POINT('',(-4.062227075,19.909105458,0.568755717));
#5465=VERTEX_POINT('',#5464);
#5466=CARTESIAN_POINT('',(-4.567016111,17.722080196,0.301081881));
#5467=CARTESIAN_POINT('',(-4.281139577,17.970153059,0.469966493));
#5468=CARTESIAN_POINT('',(-4.08150956,18.333983562,0.583872503));
#5469=CARTESIAN_POINT('',(-3.999624844,18.727160787,0.625465646));
#5470=CARTESIAN_POINT('',(-3.99450705,18.751734363,0.628065217));
#5471=CARTESIAN_POINT('',(-3.991241723,18.769085184,0.629713887));
#5472=CARTESIAN_POINT('',(-3.987485941,18.790509752,0.631594364));
#5473=CARTESIAN_POINT('',(-3.983730159,18.811934321,0.633474842));
#5474=CARTESIAN_POINT('',(-3.980268886,18.833663554,0.635188404));
#5475=CARTESIAN_POINT('',(-3.977114507,18.855685634,0.636722111));
#5476=CARTESIAN_POINT('',(-3.970805748,18.899729794,0.639789526));
#5477=CARTESIAN_POINT('',(-3.965724147,18.9449464,0.642136925));
#5478=CARTESIAN_POINT('',(-3.961973772,18.991228129,0.643667538));
#5479=CARTESIAN_POINT('',(-3.954473021,19.083791587,0.646728765));
#5480=CARTESIAN_POINT('',(-3.952290698,19.180631426,0.646511726));
#5481=CARTESIAN_POINT('',(-3.956338305,19.280691252,0.64236505));
#5482=CARTESIAN_POINT('',(-3.964433518,19.480810904,0.6340717));
#5483=CARTESIAN_POINT('',(-3.997532593,19.693964214,0.609693706));
#5484=CARTESIAN_POINT('',(-4.06227127,19.909123483,0.568788895));
#5485=B_SPLINE_CURVE_WITH_KNOTS('',3,(#5466,#5467,#5468,#5469,#5470,#5471,#5472,#5473,#5474,#5475,#5476,#5477,#5478,#5479,#5480,#5481,#5482,#5483,#5484),.UNSPECIFIED.,.F.,.F.,(4,3,3,3,3,3,4),(0.,0.5,0.53125,0.5625,0.625,0.75,1.),.UNSPECIFIED.);
#5486=EDGE_CURVE('',#5454,#5465,#5485,.T.);
#5487=ORIENTED_EDGE('',*,*,#5486,.T.);
#5488=CARTESIAN_POINT('',(-3.279408051,19.709698091,0.));
#5489=VERTEX_POINT('',#5488);
#5490=CARTESIAN_POINT('',(-3.279408062,19.709698282,-0.0000001));
#5491=CARTESIAN_POINT('',(-3.540443566,19.767666145,0.180819425));
#5492=CARTESIAN_POINT('',(-3.801595595,19.834467031,0.37117825));
#5493=CARTESIAN_POINT('',(-4.062227074,19.909105466,0.568755712));
#5494=B_SPLINE_CURVE_WITH_KNOTS('',3,(#5490,#5491,#5492,#5493),.UNSPECIFIED.,.F.,.F.,(4,4),(0.01247763,0.013579571),.UNSPECIFIED.);
#5495=EDGE_CURVE('',#5489,#5465,#5494,.T.);
#5496=ORIENTED_EDGE('',*,*,#5495,.F.);
#5497=CARTESIAN_POINT('',(-4.115508965,17.523201362,0.));
#5498=CARTESIAN_POINT('',(-3.995200539,17.551457076,0.));
#5499=CARTESIAN_POINT('',(-3.877472577,17.586621429,0.));
#5500=CARTESIAN_POINT('',(-3.763011388,17.630531871,0.));
#5501=CARTESIAN_POINT('',(-3.648550199,17.674442313,0.));
#5502=CARTESIAN_POINT('',(-3.536408579,17.72752158,0.));
#5503=CARTESIAN_POINT('',(-3.431206062,17.792048807,0.));
#5504=CARTESIAN_POINT('',(-3.326003546,17.856576034,0.));
#5505=CARTESIAN_POINT('',(-3.228271834,17.9319672,0.));
#5506=CARTESIAN_POINT('',(-3.143377069,18.022515607,0.));
#5507=CARTESIAN_POINT('',(-3.100929686,18.067789811,0.));
#5508=CARTESIAN_POINT('',(-3.06263239,18.115973427,0.));
#5509=CARTESIAN_POINT('',(-3.029075325,18.167480178,0.));
#5510=CARTESIAN_POINT('',(-2.99551826,18.218986929,0.));
#5511=CARTESIAN_POINT('',(-2.966451446,18.274549256,0.));
#5512=CARTESIAN_POINT('',(-2.943701468,18.331946805,0.));
#5513=CARTESIAN_POINT('',(-2.92095149,18.389344355,0.));
#5514=CARTESIAN_POINT('',(-2.904404718,18.448367012,0.));
#5515=CARTESIAN_POINT('',(-2.893821716,18.508952051,0.));
#5516=CARTESIAN_POINT('',(-2.883238713,18.569537089,0.));
#5517=CARTESIAN_POINT('',(-2.878724472,18.632181805,0.));
#5518=CARTESIAN_POINT('',(-2.879748188,18.693738121,0.));
#5519=CARTESIAN_POINT('',(-2.881795618,18.816850752,0.));
#5520=CARTESIAN_POINT('',(-2.905412616,18.939262518,0.));
#5521=CARTESIAN_POINT('',(-2.942228014,19.056822935,0.));
#5522=CARTESIAN_POINT('',(-2.979043411,19.174383352,0.));
#5523=CARTESIAN_POINT('',(-3.028400717,19.286408327,0.));
#5524=CARTESIAN_POINT('',(-3.085743754,19.394908754,0.));
#5525=CARTESIAN_POINT('',(-3.143086792,19.50340918,0.));
#5526=CARTESIAN_POINT('',(-3.208708111,19.608465147,0.));
#5527=CARTESIAN_POINT('',(-3.279408051,19.709698091,0.));
#5528=B_SPLINE_CURVE_WITH_KNOTS('',3,(#5497,#5498,#5499,#5500,#5501,#5502,#5503,#5504,#5505,#5506,#5507,#5508,#5509,#5510,#5511,#5512,#5513,#5514,#5515,#5516,#5517,#5518,#5519,#5520,#5521,#5522,
#5523,#5524,#5525,#5526,#5527),.UNSPECIFIED.,.F.,.F.,(4,3,3,3,3,3,3,3,3,3,4),(0.,0.00036777,0.00073554,0.00110331,0.001287195,0.00147108,0.001654965,0.00183885,0.00220662,0.002574391,0.002942161),.UNSPECIFIED.);
#5529=EDGE_CURVE('',#5456,#5489,#5528,.T.);
#5530=ORIENTED_EDGE('',*,*,#5529,.F.);
#5531=EDGE_LOOP('',(#5463,#5487,#5496,#5530));
#5532=FACE_BOUND('',#5531,.T.);
#5533=ADVANCED_FACE('',(#5532),#5452,.F.);
#5534=CARTESIAN_POINT('',(0.,22.,2.));
#5535=DIRECTION('',(0.,0.,1.));
#5536=DIRECTION('',(1.,0.,-0.));
#5537=AXIS2_PLACEMENT_3D('',#5534,#5535,#5536);
#5538=CONICAL_SURFACE('',#5537,6.,45.);
#5539=CARTESIAN_POINT('',(5.707106781,22.,1.707106781));
#5540=VERTEX_POINT('',#5539);
#5541=CARTESIAN_POINT('',(4.,22.,0.));
#5542=VERTEX_POINT('',#5541);
#5543=CARTESIAN_POINT('',(5.707106781,22.,1.707106781));
#5544=DIRECTION('',(-0.707106781,-0.,-0.707106781));
#5545=VECTOR('',#5544,2.414213562);
#5546=LINE('',#5543,#5545);
#5547=EDGE_CURVE('',#5540,#5542,#5546,.T.);
#5548=ORIENTED_EDGE('',*,*,#5547,.T.);
#5549=CARTESIAN_POINT('',(0.,22.,0.));
#5550=DIRECTION('',(-0.,-0.,-1.));
#5551=DIRECTION('',(1.,0.,-0.));
#5552=AXIS2_PLACEMENT_3D('',#5549,#5550,#5551);
#5553=CIRCLE('',#5552,4.);
#5554=EDGE_CURVE('',#5489,#5542,#5553,.T.);
#5555=ORIENTED_EDGE('',*,*,#5554,.F.);
#5556=ORIENTED_EDGE('',*,*,#5495,.T.);
#5557=CARTESIAN_POINT('',(-2.123311753,27.297415881,1.707106781));
#5558=VERTEX_POINT('',#5557);
#5559=CARTESIAN_POINT('',(-4.062227075,19.909105458,0.568755717));
#5560=CARTESIAN_POINT('',(-4.267322903,20.570111223,0.448603195));
#5561=CARTESIAN_POINT('',(-4.373763827,21.238521919,0.386336887));
#5562=CARTESIAN_POINT('',(-4.381271933,21.923847108,0.381933707));
#5563=CARTESIAN_POINT('',(-4.385025985,22.266509702,0.379732116));
#5564=CARTESIAN_POINT('',(-4.363300069,22.60577092,0.392094321));
#5565=CARTESIAN_POINT('',(-4.317316041,22.942614873,0.419020321));
#5566=CARTESIAN_POINT('',(-4.294324027,23.11103685,0.432483321));
#5567=CARTESIAN_POINT('',(-4.265226473,23.278858099,0.449587269));
#5568=CARTESIAN_POINT('',(-4.229947695,23.446171557,0.470332167));
#5569=CARTESIAN_POINT('',(-4.212308307,23.529828287,0.480704615));
#5570=CARTESIAN_POINT('',(-4.193121384,23.61335734,0.491987301));
#5571=CARTESIAN_POINT('',(-4.172364961,23.696764605,0.504180224));
#5572=CARTESIAN_POINT('',(-4.161986749,23.738468238,0.510276686));
#5573=CARTESIAN_POINT('',(-4.151216039,23.780141352,0.516600706));
#5574=CARTESIAN_POINT('',(-4.140049378,23.821784223,0.523152286));
#5575=CARTESIAN_POINT('',(-4.128882716,23.863427094,0.529703867));
#5576=CARTESIAN_POINT('',(-4.116268839,23.90869398,0.537098755));
#5577=CARTESIAN_POINT('',(-4.105357638,23.946622039,0.543489705));
#5578=CARTESIAN_POINT('',(-3.930778415,24.553470996,0.645744896));
#5579=CARTESIAN_POINT('',(-3.677025534,25.137906137,0.793840581));
#5580=CARTESIAN_POINT('',(-3.346398539,25.698585383,0.987776761));
#5581=CARTESIAN_POINT('',(-3.015771544,26.259264628,1.18171294));
#5582=CARTESIAN_POINT('',(-2.607372061,26.796114882,1.421489614));
#5583=CARTESIAN_POINT('',(-2.120022568,27.298733068,1.707106781));
#5584=B_SPLINE_CURVE_WITH_KNOTS('',3,(#5559,#5560,#5561,#5562,#5563,#5564,#5565,#5566,#5567,#5568,#5569,#5570,#5571,#5572,#5573,#5574,#5575,#5576,#5577,#5578,#5579,#5580,#5581,#5582,#5583),.UNSPECIFIED.,.F.,.F.,(4,3,3,3,3,3,3,3,4),(0.,0.25,0.375,0.4375,0.46875,0.484375,0.5,0.75,1.),.UNSPECIFIED.);
#5585=EDGE_CURVE('',#5465,#5558,#5584,.T.);
#5586=ORIENTED_EDGE('',*,*,#5585,.T.);
#5587=CARTESIAN_POINT('',(0.,22.,1.707106781));
#5588=DIRECTION('',(-0.,-0.,-1.));
#5589=DIRECTION('',(1.,0.,-0.));
#5590=AXIS2_PLACEMENT_3D('',#5587,#5588,#5589);
#5591=CIRCLE('',#5590,5.707106781);
#5592=EDGE_CURVE('',#5558,#5540,#5591,.T.);
#5593=ORIENTED_EDGE('',*,*,#5592,.T.);
#5594=EDGE_LOOP('',(#5548,#5555,#5556,#5586,#5593));
#5595=FACE_BOUND('',#5594,.T.);
#5596=ADVANCED_FACE('',(#5595),#5538,.T.);
#5597=CARTESIAN_POINT('',(6.462694602,18.698432848,4.716254166));
#5598=CARTESIAN_POINT('',(6.351537293,18.807135015,4.64982531));
#5599=CARTESIAN_POINT('',(6.245366282,18.930232886,4.598640249));
#5600=CARTESIAN_POINT('',(6.049760189,19.197379834,4.530017176));
#5601=CARTESIAN_POINT('',(5.960338549,19.341410564,4.512583874));
#5602=CARTESIAN_POINT('',(5.803954535,19.641213126,4.512583873));
#5603=CARTESIAN_POINT('',(5.737002909,19.796964367,4.530017175));
#5604=CARTESIAN_POINT('',(5.629845634,20.110246648,4.598640246));
#5605=CARTESIAN_POINT('',(5.589647352,20.267756169,4.649825306));
#5606=CARTESIAN_POINT('',(5.564109997,20.421117788,4.716254162));
#5607=CARTESIAN_POINT('',(6.244008855,18.574625785,4.904707555));
#5608=CARTESIAN_POINT('',(6.131662293,18.685452537,4.83547786));
#5609=CARTESIAN_POINT('',(6.024373975,18.81127246,4.782081148));
#5610=CARTESIAN_POINT('',(5.827005741,19.084586678,4.710478067));
#5611=CARTESIAN_POINT('',(5.736940419,19.232060795,4.692276974));
#5612=CARTESIAN_POINT('',(5.580001618,19.538901183,4.692276973));
#5613=CARTESIAN_POINT('',(5.51313975,19.698244798,4.710478065));
#5614=CARTESIAN_POINT('',(5.407052909,20.018252391,4.782081145));
#5615=CARTESIAN_POINT('',(5.367835794,20.178892736,4.835477856));
#5616=CARTESIAN_POINT('',(5.343743044,20.334862722,4.90470755));
#5617=CARTESIAN_POINT('',(6.022292709,18.452499455,5.090445704));
#5618=CARTESIAN_POINT('',(5.908843542,18.565597708,5.018152212));
#5619=CARTESIAN_POINT('',(5.800519705,18.694337859,4.962329659));
#5620=CARTESIAN_POINT('',(5.601566594,18.974261062,4.887456127));
#5621=CARTESIAN_POINT('',(5.510953228,19.125421769,4.868411113));
#5622=CARTESIAN_POINT('',(5.353680724,19.439761583,4.868411112));
#5623=CARTESIAN_POINT('',(5.287034168,19.602915599,4.887456125));
#5624=CARTESIAN_POINT('',(5.182302999,19.92998782,4.962329655));
#5625=CARTESIAN_POINT('',(5.144226776,20.093879911,5.018152208));
#5626=CARTESIAN_POINT('',(5.121750545,20.252499616,5.090445699));
#5627=CARTESIAN_POINT('',(5.575643253,18.214614628,5.45192355));
#5628=CARTESIAN_POINT('',(5.460317033,18.332565054,5.372918897));
#5629=CARTESIAN_POINT('',(5.350231793,18.467563931,5.311764188));
#5630=CARTESIAN_POINT('',(5.148730491,18.761624181,5.229696797));
#5631=CARTESIAN_POINT('',(5.057333334,18.920658002,5.208791793));
#5632=CARTESIAN_POINT('',(4.900044305,19.250912816,5.208791794));
#5633=CARTESIAN_POINT('',(4.834167196,19.422102866,5.229696798));
#5634=CARTESIAN_POINT('',(4.732849705,19.763883911,5.311764191));
#5635=CARTESIAN_POINT('',(4.697418844,19.934442876,5.372918901));
#5636=CARTESIAN_POINT('',(4.678535621,20.09833064,5.451923555));
#5637=CARTESIAN_POINT('',(5.350484728,18.098646905,5.627987561));
#5638=CARTESIAN_POINT('',(5.234384575,18.219177104,5.545338306));
#5639=CARTESIAN_POINT('',(5.123573953,18.357512919,5.481279444));
#5640=CARTESIAN_POINT('',(4.92110956,18.659097301,5.395291545));
#5641=CARTESIAN_POINT('',(4.829476374,18.822315273,5.373371214));
#5642=CARTESIAN_POINT('',(4.672502575,19.160980775,5.373371214));
#5643=CARTESIAN_POINT('',(4.607177932,19.336393946,5.395291545));
#5644=CARTESIAN_POINT('',(4.507913362,19.685814835,5.481279444));
#5645=CARTESIAN_POINT('',(4.473983551,19.859787092,5.545338306));
#5646=CARTESIAN_POINT('',(4.457072485,20.026292171,5.627987561));
#5647=CARTESIAN_POINT('',(5.081218423,17.96580763,5.82949065));
#5648=CARTESIAN_POINT('',(4.9645616,18.089607083,5.742113095));
#5649=CARTESIAN_POINT('',(4.853232124,18.232181195,5.674270992));
#5650=CARTESIAN_POINT('',(4.650276426,18.543291005,5.583171416));
#5651=CARTESIAN_POINT('',(4.558673015,18.711791739,5.55992418));
#5652=CARTESIAN_POINT('',(4.402660384,19.060989969,5.55992418));
#5653=CARTESIAN_POINT('',(4.338268699,19.24164822,5.583171416));
#5654=CARTESIAN_POINT('',(4.241948278,19.600399961,5.674270992));
#5655=CARTESIAN_POINT('',(4.210030368,19.778453132,5.742113095));
#5656=CARTESIAN_POINT('',(4.195651953,19.947947903,5.82949065));
#5657=CARTESIAN_POINT('',(5.040899884,17.946067141,5.859430161));
#5658=CARTESIAN_POINT('',(4.924169128,18.070360879,5.771335055));
#5659=CARTESIAN_POINT('',(4.812770863,18.21357602,5.70291845));
#5660=CARTESIAN_POINT('',(4.609758487,18.526125767,5.611042539));
#5661=CARTESIAN_POINT('',(4.518167523,18.695424737,5.587593707));
#5662=CARTESIAN_POINT('',(4.36231381,19.046212375,5.587593707));
#5663=CARTESIAN_POINT('',(4.298068831,19.227661048,5.611042539));
#5664=CARTESIAN_POINT('',(4.202201898,19.587815005,5.70291845));
#5665=CARTESIAN_POINT('',(4.170590874,19.766479225,5.771335055));
#5666=CARTESIAN_POINT('',(4.156596243,19.936418049,5.859430161));
#5667=CARTESIAN_POINT('',(5.00047079,17.926429536,5.889209002));
#5668=CARTESIAN_POINT('',(4.883676526,18.051223738,5.800384631));
#5669=CARTESIAN_POINT('',(4.772219332,18.195088134,5.731383744));
#5670=CARTESIAN_POINT('',(4.569169009,18.509095442,5.638718166));
#5671=CARTESIAN_POINT('',(4.477599374,18.679202025,5.615064195));
#5672=CARTESIAN_POINT('',(4.321921297,19.031595454,5.615064195));
#5673=CARTESIAN_POINT('',(4.257830868,19.21384153,5.638718166));
#5674=CARTESIAN_POINT('',(4.162431639,19.575405874,5.731383744));
#5675=CARTESIAN_POINT('',(4.131133878,19.754682311,5.80038463));
#5676=CARTESIAN_POINT('',(4.117528254,19.925062162,5.889209002));
#5677=B_SPLINE_SURFACE_WITH_KNOTS('',3,3,((#5597,#5598,#5599,#5600,#5601,#5602,#5603,#5604,#5605,#5606),(#5607,#5608,#5609,#5610,#5611,#5612,#5613,#5614,#5615,#5616),(#5617,#5618,#5619,#5620,#5621,#5622,#5623,#5624,#5625,#5626),(#5627,#5628,#5629,#5630,#5631,#5632,#5633,#5634,#5635,#5636),(#5637,#5638,#5639,#5640,#5641,#5642,#5643,#5644,#5645,#5646),(#5647,#5648,#5649,#5650,#5651,#5652,#5653,#5654,#5655,#5656),(#5657,#5658,#5659,#5660,#5661,#5662,#5663,#5664,#5665,#5666),(#5667,#5668,#5669,#5670,#5671,#5672,#5673,#5674,#5675,#5676)),.UNSPECIFIED.,.F.,.F.,.U.,(4,2,2,4),(4,2,2,2,4),(0.01033435,0.011293345,0.012234457,0.012399681),(0.,0.25,0.5,0.75,1.),.UNSPECIFIED.);
#5678=CARTESIAN_POINT('',(4.557728026,20.060373428,5.546714626));
#5679=VERTEX_POINT('',#5678);
#5680=CARTESIAN_POINT('',(5.547209629,20.414533919,4.730664045));
#5681=VERTEX_POINT('',#5680);
#5682=CARTESIAN_POINT('',(4.557728026,20.06037344,5.546714631));
#5683=CARTESIAN_POINT('',(4.891251999,20.168348848,5.282106498));
#5684=CARTESIAN_POINT('',(5.221024052,20.287208798,5.00930146));
#5685=CARTESIAN_POINT('',(5.547208712,20.414540248,4.730666666));
#5686=B_SPLINE_CURVE_WITH_KNOTS('',3,(#5682,#5683,#5684,#5685),.UNSPECIFIED.,.F.,.F.,(4,4),(0.010358871,0.011777831),.UNSPECIFIED.);
#5687=EDGE_CURVE('',#5679,#5681,#5686,.T.);
#5688=ORIENTED_EDGE('',*,*,#5687,.F.);
#5689=CARTESIAN_POINT('',(5.050134706,17.950632099,5.852505442));
#5690=VERTEX_POINT('',#5689);
#5691=CARTESIAN_POINT('',(4.559084352,20.060815103,5.545639777));
#5692=CARTESIAN_POINT('',(4.440001562,19.622195149,5.48354043));
#5693=CARTESIAN_POINT('',(4.445847309,19.212271628,5.494512107));
#5694=CARTESIAN_POINT('',(4.512919975,18.8989589,5.537660847));
#5695=CARTESIAN_POINT('',(4.517112016,18.879376855,5.540357643));
#5696=CARTESIAN_POINT('',(4.523431427,18.851961537,5.544365223));
#5697=CARTESIAN_POINT('',(4.529310493,18.828697922,5.548037226));
#5698=CARTESIAN_POINT('',(4.535189559,18.805434306,5.551709229));
#5699=CARTESIAN_POINT('',(4.541482275,18.78233318,5.555595041));
#5700=CARTESIAN_POINT('',(4.548182673,18.759412135,5.559695799));
#5701=CARTESIAN_POINT('',(4.561583471,18.713570044,5.567897315));
#5702=CARTESIAN_POINT('',(4.576615208,18.668448125,5.576959276));
#5703=CARTESIAN_POINT('',(4.593227507,18.624189434,5.586882842));
#5704=CARTESIAN_POINT('',(4.626452104,18.535672052,5.606729972));
#5705=CARTESIAN_POINT('',(4.666001674,18.450607958,5.630033909));
#5706=CARTESIAN_POINT('',(4.711436341,18.37015572,5.656677844));
#5707=CARTESIAN_POINT('',(4.802305675,18.209251244,5.709965713));
#5708=CARTESIAN_POINT('',(4.916714516,18.066922685,5.776738691));
#5709=CARTESIAN_POINT('',(5.049917466,17.950834629,5.85236982));
#5710=B_SPLINE_CURVE_WITH_KNOTS('',3,(#5691,#5692,#5693,#5694,#5695,#5696,#5697,#5698,#5699,#5700,#5701,#5702,#5703,#5704,#5705,#5706,#5707,#5708,#5709),.UNSPECIFIED.,.F.,.F.,(4,3,3,3,3,3,4),(0.,0.5,0.53125,0.5625,0.625,0.75,1.),.UNSPECIFIED.);
#5711=EDGE_CURVE('',#5679,#5690,#5710,.T.);
#5712=ORIENTED_EDGE('',*,*,#5711,.T.);
#5713=CARTESIAN_POINT('',(6.462645834,18.698460226,4.716213558));
#5714=VERTEX_POINT('',#5713);
#5715=CARTESIAN_POINT('',(6.462646397,18.698457134,4.716216296));
#5716=CARTESIAN_POINT('',(6.234881049,18.569512632,4.912489678));
#5717=CARTESIAN_POINT('',(6.00388825,18.442360572,5.105865237));
#5718=CARTESIAN_POINT('',(5.768776102,18.317498303,5.295585877));
#5719=CARTESIAN_POINT('',(5.533663954,18.192636035,5.485306517));
#5720=CARTESIAN_POINT('',(5.293994811,18.069845497,5.671704625));
#5721=CARTESIAN_POINT('',(5.050134707,17.950632098,5.852505443));
#5722=B_SPLINE_CURVE_WITH_KNOTS('',3,(#5715,#5716,#5717,#5718,#5719,#5720,#5721),.UNSPECIFIED.,.F.,.F.,(4,3,4),(0.01033435,0.01133315,0.01233195),.UNSPECIFIED.);
#5723=EDGE_CURVE('',#5714,#5690,#5722,.T.);
#5724=ORIENTED_EDGE('',*,*,#5723,.F.);
#5725=CARTESIAN_POINT('',(6.462646397,18.698457133,4.716216296));
#5726=CARTESIAN_POINT('',(6.306203322,18.781562039,4.688773945));
#5727=CARTESIAN_POINT('',(6.163126829,18.885002653,4.667623337));
#5728=CARTESIAN_POINT('',(6.04007732,19.004921484,4.653872697));
#5729=CARTESIAN_POINT('',(5.917027812,19.124840314,4.640122057));
#5730=CARTESIAN_POINT('',(5.811395226,19.264481809,4.633573751));
#5731=CARTESIAN_POINT('',(5.731228068,19.414630937,4.63488661));
#5732=CARTESIAN_POINT('',(5.691144489,19.4897055,4.635543039));
#5733=CARTESIAN_POINT('',(5.657080566,19.567564548,4.638098864));
#5734=CARTESIAN_POINT('',(5.629060909,19.648222312,4.642556423));
#5735=CARTESIAN_POINT('',(5.601041252,19.728880076,4.647013981));
#5736=CARTESIAN_POINT('',(5.57900077,19.813006441,4.653451007));
#5737=CARTESIAN_POINT('',(5.563649807,19.897634889,4.661619115));
#5738=CARTESIAN_POINT('',(5.532947881,20.066891784,4.67795533));
#5739=CARTESIAN_POINT('',(5.527870818,20.239228004,4.701083432));
#5740=CARTESIAN_POINT('',(5.54720872,20.414530204,4.730663898));
#5741=B_SPLINE_CURVE_WITH_KNOTS('',3,(#5725,#5726,#5727,#5728,#5729,#5730,#5731,#5732,#5733,#5734,#5735,#5736,#5737,#5738,#5739,#5740),.UNSPECIFIED.,.F.,.F.,(4,3,3,3,3,4),(0.,0.000765583,0.001531165,0.001913956,0.002296748,0.00306233),.UNSPECIFIED.);
#5742=EDGE_CURVE('',#5714,#5681,#5741,.T.);
#5743=ORIENTED_EDGE('',*,*,#5742,.T.);
#5744=EDGE_LOOP('',(#5688,#5712,#5724,#5743));
#5745=FACE_BOUND('',#5744,.T.);
#5746=ADVANCED_FACE('',(#5745),#5677,.F.);
#5747=CARTESIAN_POINT('',(0.,22.,6.5));
#5748=DIRECTION('',(0.,0.,-1.));
#5749=DIRECTION('',(-1.,0.,0.));
#5750=AXIS2_PLACEMENT_3D('',#5747,#5748,#5749);
#5751=CONICAL_SURFACE('',#5750,4.,45.);
#5752=CARTESIAN_POINT('',(5.611981673,20.962344222,4.792893219));
#5753=VERTEX_POINT('',#5752);
#5754=CARTESIAN_POINT('',(5.707106781,22.,4.792893219));
#5755=VERTEX_POINT('',#5754);
#5756=CARTESIAN_POINT('',(0.,22.,4.792893219));
#5757=DIRECTION('',(-0.,-0.,1.));
#5758=DIRECTION('',(-1.,0.,0.));
#5759=AXIS2_PLACEMENT_3D('',#5756,#5757,#5758);
#5760=CIRCLE('',#5759,5.707106781);
#5761=EDGE_CURVE('',#5753,#5755,#5760,.T.);
#5762=ORIENTED_EDGE('',*,*,#5761,.T.);
#5763=CARTESIAN_POINT('',(3.236870218,26.70039775,4.792893219));
#5764=VERTEX_POINT('',#5763);
#5765=CARTESIAN_POINT('',(0.,22.,4.792893219));
#5766=DIRECTION('',(-0.,-0.,1.));
#5767=DIRECTION('',(-1.,0.,0.));
#5768=AXIS2_PLACEMENT_3D('',#5765,#5766,#5767);
#5769=CIRCLE('',#5768,5.707106781);
#5770=EDGE_CURVE('',#5755,#5764,#5769,.T.);
#5771=ORIENTED_EDGE('',*,*,#5770,.T.);
#5772=CARTESIAN_POINT('',(3.236870218,26.70039775,4.792893219));
#5773=CARTESIAN_POINT('',(3.943244283,25.726125449,5.194677563));
#5774=CARTESIAN_POINT('',(4.412892314,24.677559943,5.462156461));
#5775=CARTESIAN_POINT('',(4.646529241,23.570208484,5.595329913));
#5776=CARTESIAN_POINT('',(4.661131549,23.500999017,5.603653253));
#5777=CARTESIAN_POINT('',(4.676177651,23.424425723,5.612241438));
#5778=CARTESIAN_POINT('',(4.68936735,23.351452432,5.619775638));
#5779=CARTESIAN_POINT('',(4.702557049,23.27847914,5.627309838));
#5780=CARTESIAN_POINT('',(4.7146616,23.205450428,5.634229664));
#5781=CARTESIAN_POINT('',(4.725690936,23.1323622,5.640535114));
#5782=CARTESIAN_POINT('',(4.747749608,22.986185742,5.653146015));
#5783=CARTESIAN_POINT('',(4.765511385,22.839772122,5.663299417));
#5784=CARTESIAN_POINT('',(4.779009858,22.693073584,5.670995319));
#5785=CARTESIAN_POINT('',(4.806006803,22.399676508,5.686387123));
#5786=CARTESIAN_POINT('',(4.816018649,22.105132981,5.691948928));
#5787=CARTESIAN_POINT('',(4.80852734,21.808998627,5.687680735));
#5788=CARTESIAN_POINT('',(4.793544724,21.216729921,5.679144349));
#5789=CARTESIAN_POINT('',(4.710541678,20.637046648,5.631800303));
#5790=CARTESIAN_POINT('',(4.559188556,20.060846339,5.545555812));
#5791=B_SPLINE_CURVE_WITH_KNOTS('',3,(#5772,#5773,#5774,#5775,#5776,#5777,#5778,#5779,#5780,#5781,#5782,#5783,#5784,#5785,#5786,#5787,#5788,#5789,#5790),.UNSPECIFIED.,.F.,.F.,(4,3,3,3,3,3,4),(0.,0.5,0.53125,0.5625,0.625,0.75,1.),.UNSPECIFIED.);
#5792=EDGE_CURVE('',#5764,#5679,#5791,.T.);
#5793=ORIENTED_EDGE('',*,*,#5792,.T.);
#5794=ORIENTED_EDGE('',*,*,#5687,.T.);
#5795=CARTESIAN_POINT('',(5.547209629,20.414533919,4.730664045));
#5796=CARTESIAN_POINT('',(5.556501315,20.594712697,4.77124487));
#5797=CARTESIAN_POINT('',(5.577795799,20.777455841,4.792893219));
#5798=CARTESIAN_POINT('',(5.611981673,20.962344222,4.792893219));
#5799=B_SPLINE_CURVE_WITH_KNOTS('',3,(#5795,#5796,#5797,#5798),.UNSPECIFIED.,.F.,.F.,(4,4),(0.,0.000488553),.UNSPECIFIED.);
#5800=EDGE_CURVE('',#5681,#5753,#5799,.T.);
#5801=ORIENTED_EDGE('',*,*,#5800,.T.);
#5802=EDGE_LOOP('',(#5762,#5771,#5793,#5794,#5801));
#5803=FACE_BOUND('',#5802,.T.);
#5804=ADVANCED_FACE('',(#5803),#5751,.T.);
#5805=CARTESIAN_POINT('',(0.,22.,6.5));
#5806=DIRECTION('',(0.,0.,-1.));
#5807=DIRECTION('',(-1.,0.,0.));
#5808=AXIS2_PLACEMENT_3D('',#5805,#5806,#5807);
#5809=CYLINDRICAL_SURFACE('',#5808,6.);
#5810=CARTESIAN_POINT('',(-0.849857482,27.939506904,2.414213562));
#5811=VERTEX_POINT('',#5810);
#5812=CARTESIAN_POINT('',(0.,22.,2.414213562));
#5813=DIRECTION('',(-0.,-0.,1.));
#5814=DIRECTION('',(-1.,0.,0.));
#5815=AXIS2_PLACEMENT_3D('',#5812,#5813,#5814);
#5816=CIRCLE('',#5815,6.);
#5817=EDGE_CURVE('',#278,#5811,#5816,.T.);
#5818=ORIENTED_EDGE('',*,*,#5817,.T.);
#5819=CARTESIAN_POINT('',(2.041574478,27.641983131,4.085786438));
#5820=VERTEX_POINT('',#5819);
#5821=CARTESIAN_POINT('',(-0.848626059,27.939682972,2.414213562));
#5822=CARTESIAN_POINT('',(0.118906987,28.077918255,2.971498924));
#5823=CARTESIAN_POINT('',(1.118550777,27.976023232,3.54968502));
#5824=CARTESIAN_POINT('',(2.04179189,27.641904455,4.085786438));
#5825=B_SPLINE_CURVE_WITH_KNOTS('',3,(#5821,#5822,#5823,#5824),.UNSPECIFIED.,.F.,.F.,(4,4),(0.,1.),.UNSPECIFIED.);
#5826=EDGE_CURVE('',#5811,#5820,#5825,.T.);
#5827=ORIENTED_EDGE('',*,*,#5826,.T.);
#5828=CARTESIAN_POINT('',(6.,22.,4.085786438));
#5829=VERTEX_POINT('',#5828);
#5830=CARTESIAN_POINT('',(0.,22.,4.085786438));
#5831=DIRECTION('',(-0.,-0.,-1.));
#5832=DIRECTION('',(1.,0.,-0.));
#5833=AXIS2_PLACEMENT_3D('',#5830,#5831,#5832);
#5834=CIRCLE('',#5833,6.);
#5835=EDGE_CURVE('',#5820,#5829,#5834,.T.);
#5836=ORIENTED_EDGE('',*,*,#5835,.T.);
#5837=CARTESIAN_POINT('',(0.,22.,4.085786438));
#5838=DIRECTION('',(-0.,-0.,-1.));
#5839=DIRECTION('',(1.,0.,-0.));
#5840=AXIS2_PLACEMENT_3D('',#5837,#5838,#5839);
#5841=CIRCLE('',#5840,6.);
#5842=EDGE_CURVE('',#5829,#287,#5841,.T.);
#5843=ORIENTED_EDGE('',*,*,#5842,.T.);
#5844=ORIENTED_EDGE('',*,*,#292,.T.);
#5845=EDGE_LOOP('',(#5818,#5827,#5836,#5843,#5844));
#5846=FACE_BOUND('',#5845,.T.);
#5847=ADVANCED_FACE('',(#5846),#5809,.T.);
#5848=CARTESIAN_POINT('',(0.,22.,6.5));
#5849=DIRECTION('',(0.,0.,-1.));
#5850=DIRECTION('',(-1.,0.,0.));
#5851=AXIS2_PLACEMENT_3D('',#5848,#5849,#5850);
#5852=CYLINDRICAL_SURFACE('',#5851,2.);
#5853=CARTESIAN_POINT('',(-2.,22.,0.2));
#5854=VERTEX_POINT('',#5853);
#5855=CARTESIAN_POINT('',(-2.,22.,1.979829408));
#5856=VERTEX_POINT('',#5855);
#5857=CARTESIAN_POINT('',(-2.,22.,0.2));
#5858=DIRECTION('',(-0.,-0.,1.));
#5859=VECTOR('',#5858,1.779829408);
#5860=LINE('',#5857,#5859);
#5861=EDGE_CURVE('',#5854,#5856,#5860,.T.);
#5862=ORIENTED_EDGE('',*,*,#5861,.F.);
#5863=CARTESIAN_POINT('',(2.,22.,0.2));
#5864=VERTEX_POINT('',#5863);
#5865=CARTESIAN_POINT('',(0.,22.,0.2));
#5866=DIRECTION('',(-0.,-0.,-1.));
#5867=DIRECTION('',(1.,0.,-0.));
#5868=AXIS2_PLACEMENT_3D('',#5865,#5866,#5867);
#5869=CIRCLE('',#5868,2.);
#5870=EDGE_CURVE('',#5854,#5864,#5869,.T.);
#5871=ORIENTED_EDGE('',*,*,#5870,.T.);
#5872=CARTESIAN_POINT('',(0.,22.,0.2));
#5873=DIRECTION('',(-0.,-0.,-1.));
#5874=DIRECTION('',(1.,0.,-0.));
#5875=AXIS2_PLACEMENT_3D('',#5872,#5873,#5874);
#5876=CIRCLE('',#5875,2.);
#5877=EDGE_CURVE('',#5864,#5854,#5876,.T.);
#5878=ORIENTED_EDGE('',*,*,#5877,.T.);
#5879=ORIENTED_EDGE('',*,*,#5861,.T.);
#5880=CARTESIAN_POINT('',(0.,22.,3.134529946));
#5881=DIRECTION('',(-0.5,0.,0.866025404));
#5882=DIRECTION('',(-0.866025404,0.,-0.5));
#5883=AXIS2_PLACEMENT_3D('',#5880,#5881,#5882);
#5884=ELLIPSE('',#5883,2.309401077,2.);
#5885=EDGE_CURVE('',#5856,#5856,#5884,.T.);
#5886=ORIENTED_EDGE('',*,*,#5885,.T.);
#5887=EDGE_LOOP('',(#5862,#5871,#5878,#5879,#5886));
#5888=FACE_BOUND('',#5887,.T.);
#5889=ADVANCED_FACE('',(#5888),#5852,.F.);
#5890=CARTESIAN_POINT('',(0.,0.,0.));
#5891=DIRECTION('',(0.,0.,1.));
#5892=DIRECTION('',(1.,0.,0.));
#5893=AXIS2_PLACEMENT_3D('',#5890,#5891,#5892);
#5894=PLANE('',#5893);
#5895=CARTESIAN_POINT('',(2.2,22.,0.));
#5896=VERTEX_POINT('',#5895);
#5897=CARTESIAN_POINT('',(-2.2,22.,0.));
#5898=VERTEX_POINT('',#5897);
#5899=CARTESIAN_POINT('',(0.,22.,0.));
#5900=DIRECTION('',(0.,0.,1.));
#5901=DIRECTION('',(1.,0.,-0.));
#5902=AXIS2_PLACEMENT_3D('',#5899,#5900,#5901);
#5903=CIRCLE('',#5902,2.2);
#5904=EDGE_CURVE('',#5896,#5898,#5903,.T.);
#5905=ORIENTED_EDGE('',*,*,#5904,.T.);
#5906=CARTESIAN_POINT('',(0.,22.,0.));
#5907=DIRECTION('',(0.,0.,1.));
#5908=DIRECTION('',(1.,0.,-0.));
#5909=AXIS2_PLACEMENT_3D('',#5906,#5907,#5908);
#5910=CIRCLE('',#5909,2.2);
#5911=EDGE_CURVE('',#5898,#5896,#5910,.T.);
#5912=ORIENTED_EDGE('',*,*,#5911,.T.);
#5913=EDGE_LOOP('',(#5905,#5912));
#5914=FACE_BOUND('',#5913,.T.);
#5915=ORIENTED_EDGE('',*,*,#356,.F.);
#5916=CARTESIAN_POINT('',(-5.229165125,11.655747814,0.));
#5917=VERTEX_POINT('',#5916);
#5918=CARTESIAN_POINT('',(0.,0.,0.));
#5919=DIRECTION('',(-0.,-0.,-1.));
#5920=DIRECTION('',(1.,0.,-0.));
#5921=AXIS2_PLACEMENT_3D('',#5918,#5919,#5920);
#5922=CIRCLE('',#5921,12.775);
#5923=EDGE_CURVE('',#5917,#340,#5922,.T.);
#5924=ORIENTED_EDGE('',*,*,#5923,.F.);
#5925=CARTESIAN_POINT('',(-5.229203762,17.117175034,-0.000336438));
#5926=VERTEX_POINT('',#5925);
#5927=CARTESIAN_POINT('',(-5.229165125,11.655747814,0.));
#5928=DIRECTION('',(0.,1.,0.));
#5929=VECTOR('',#5928,5.461389021);
#5930=LINE('',#5927,#5929);
#5931=EDGE_CURVE('',#5917,#5926,#5930,.T.);
#5932=ORIENTED_EDGE('',*,*,#5931,.T.);
#5933=CARTESIAN_POINT('',(-5.085685631,17.266609443,0.));
#5934=VERTEX_POINT('',#5933);
#5935=CARTESIAN_POINT('',(-5.229164679,17.117137302,0.));
#5936=CARTESIAN_POINT('',(-5.157738114,17.192013535,0.));
#5937=CARTESIAN_POINT('',(-5.085685672,17.266609582,0.));
#5938=B_SPLINE_CURVE_WITH_KNOTS('',2,(#5935,#5936,#5937),.UNSPECIFIED.,.F.,.F.,(3,3),(0.584844709,1.),.UNSPECIFIED.);
#5939=EDGE_CURVE('',#5926,#5934,#5938,.T.);
#5940=ORIENTED_EDGE('',*,*,#5939,.T.);
#5941=CARTESIAN_POINT('',(0.,0.,0.));
#5942=DIRECTION('',(-0.,-0.,-1.));
#5943=DIRECTION('',(1.,0.,-0.));
#5944=AXIS2_PLACEMENT_3D('',#5941,#5942,#5943);
#5945=CIRCLE('',#5944,18.);
#5946=EDGE_CURVE('',#5934,#5456,#5945,.T.);
#5947=ORIENTED_EDGE('',*,*,#5946,.T.);
#5948=ORIENTED_EDGE('',*,*,#5529,.T.);
#5949=ORIENTED_EDGE('',*,*,#5554,.T.);
#5950=CARTESIAN_POINT('',(0.,22.,0.));
#5951=DIRECTION('',(-0.,-0.,-1.));
#5952=DIRECTION('',(1.,0.,-0.));
#5953=AXIS2_PLACEMENT_3D('',#5950,#5951,#5952);
#5954=CIRCLE('',#5953,4.);
#5955=EDGE_CURVE('',#5542,#151,#5954,.T.);
#5956=ORIENTED_EDGE('',*,*,#5955,.T.);
#5957=ORIENTED_EDGE('',*,*,#227,.T.);
#5958=CARTESIAN_POINT('',(18.,-0.,0.));
#5959=VERTEX_POINT('',#5958);
#5960=CARTESIAN_POINT('',(0.,0.,0.));
#5961=DIRECTION('',(-0.,-0.,-1.));
#5962=DIRECTION('',(1.,0.,-0.));
#5963=AXIS2_PLACEMENT_3D('',#5960,#5961,#5962);
#5964=CIRCLE('',#5963,18.);
#5965=EDGE_CURVE('',#184,#5959,#5964,.T.);
#5966=ORIENTED_EDGE('',*,*,#5965,.T.);
#5967=CARTESIAN_POINT('',(-6.177622688,16.90671399,0.));
#5968=VERTEX_POINT('',#5967);
#5969=CARTESIAN_POINT('',(0.,0.,0.));
#5970=DIRECTION('',(-0.,-0.,-1.));
#5971=DIRECTION('',(1.,0.,-0.));
#5972=AXIS2_PLACEMENT_3D('',#5969,#5970,#5971);
#5973=CIRCLE('',#5972,18.);
#5974=EDGE_CURVE('',#5959,#5968,#5973,.T.);
#5975=ORIENTED_EDGE('',*,*,#5974,.T.);
#5976=CARTESIAN_POINT('',(-5.829165125,16.770511761,0.));
#5977=VERTEX_POINT('',#5976);
#5978=CARTESIAN_POINT('',(-6.177623038,16.906714949,0.));
#5979=CARTESIAN_POINT('',(-5.829165127,16.770511761,0.));
#5980=B_SPLINE_CURVE_WITH_KNOTS('',1,(#5978,#5979),.UNSPECIFIED.,.F.,.F.,(2,2),(0.,1.),.UNSPECIFIED.);
#5981=EDGE_CURVE('',#5968,#5977,#5980,.T.);
#5982=ORIENTED_EDGE('',*,*,#5981,.T.);
#5983=CARTESIAN_POINT('',(-5.829165125,16.770511761,0.));
#5984=DIRECTION('',(0.,-1.,0.));
#5985=VECTOR('',#5984,5.402950063);
#5986=LINE('',#5983,#5985);
#5987=EDGE_CURVE('',#5977,#350,#5986,.T.);
#5988=ORIENTED_EDGE('',*,*,#5987,.T.);
#5989=EDGE_LOOP('',(#5915,#5924,#5932,#5940,#5947,#5948,#5949,#5956,#5957,#5966,#5975,#5982,#5988));
#5990=FACE_BOUND('',#5989,.T.);
#5991=ADVANCED_FACE('',(#5914,#5990),#5894,.F.);
#5992=CARTESIAN_POINT('',(0.,0.,6.5));
#5993=DIRECTION('',(0.,0.,1.));
#5994=DIRECTION('',(1.,0.,0.));
#5995=AXIS2_PLACEMENT_3D('',#5992,#5993,#5994);
#5996=PLANE('',#5995);
#5997=CARTESIAN_POINT('',(2.2,22.,6.5));
#5998=VERTEX_POINT('',#5997);
#5999=CARTESIAN_POINT('',(0.,22.,6.5));
#6000=DIRECTION('',(-0.,-0.,-1.));
#6001=DIRECTION('',(1.,0.,-0.));
#6002=AXIS2_PLACEMENT_3D('',#5999,#6000,#6001);
#6003=CIRCLE('',#6002,2.2);
#6004=EDGE_CURVE('',#5998,#5998,#6003,.T.);
#6005=ORIENTED_EDGE('',*,*,#6004,.T.);
#6006=EDGE_LOOP('',(#6005));
#6007=FACE_BOUND('',#6006,.T.);
#6008=CARTESIAN_POINT('',(5.829165125,15.033172513,6.5));
#6009=VERTEX_POINT('',#6008);
#6010=CARTESIAN_POINT('',(5.829191948,15.033237745,6.499999998));
#6011=CARTESIAN_POINT('',(6.314505336,14.845054613,6.499999815));
#6012=CARTESIAN_POINT('',(6.790238083,14.633572107,6.500000026));
#6013=CARTESIAN_POINT('',(7.256342531,14.39867429,6.5));
#6014=CARTESIAN_POINT('',(7.72244698,14.163776474,6.499999974));
#6015=CARTESIAN_POINT('',(8.179680251,13.904906926,6.5));
#6016=CARTESIAN_POINT('',(8.625282604,13.622773014,6.5));
#6017=CARTESIAN_POINT('',(9.516487311,13.05850519,6.499999999));
#6018=CARTESIAN_POINT('',(10.338604223,12.416646193,6.5));
#6019=CARTESIAN_POINT('',(11.094248237,11.700132763,6.5));
#6020=CARTESIAN_POINT('',(11.472070243,11.341876048,6.5));
#6021=CARTESIAN_POINT('',(11.833153495,10.964820359,6.499999999));
#6022=CARTESIAN_POINT('',(12.177102103,10.568521081,6.5));
#6023=CARTESIAN_POINT('',(12.521050711,10.172221803,6.500000001));
#6024=CARTESIAN_POINT('',(12.848340405,9.75550673,6.500000001));
#6025=CARTESIAN_POINT('',(13.15129118,9.328403222,6.5));
#6026=CARTESIAN_POINT('',(13.75719273,8.474196206,6.499999998));
#6027=CARTESIAN_POINT('',(14.274155517,7.570713917,6.499999815));
#6028=CARTESIAN_POINT('',(14.702860331,6.618333375,6.5));
#6029=CARTESIAN_POINT('',(14.917212738,6.142143104,6.500000092));
#6030=CARTESIAN_POINT('',(15.109737793,5.652384337,6.499999999));
#6031=CARTESIAN_POINT('',(15.278283482,5.152621501,6.5));
#6032=CARTESIAN_POINT('',(15.446829171,4.652858665,6.500000001));
#6033=CARTESIAN_POINT('',(15.590329943,4.146590822,6.499999978));
#6034=CARTESIAN_POINT('',(15.708937715,3.633857425,6.5));
#6035=CARTESIAN_POINT('',(15.827545487,3.121124027,6.500000022));
#6036=CARTESIAN_POINT('',(15.921363586,2.600590024,6.499999978));
#6037=CARTESIAN_POINT('',(15.989237263,2.078447341,6.5));
#6038=CARTESIAN_POINT('',(16.05711094,1.556304658,6.500000022));
#6039=CARTESIAN_POINT('',(16.099329213,1.03190231,6.499999979));
#6040=CARTESIAN_POINT('',(16.115840465,0.505235747,6.5));
#6041=CARTESIAN_POINT('',(16.132351717,-0.021430815,6.500000021));
#6042=CARTESIAN_POINT('',(16.122975504,-0.550739963,6.500000004));
#6043=CARTESIAN_POINT('',(16.087745591,-1.076992157,6.5));
#6044=CARTESIAN_POINT('',(16.052515678,-1.60324435,6.499999996));
#6045=CARTESIAN_POINT('',(15.991656999,-2.125929299,6.500000027));
#6046=CARTESIAN_POINT('',(15.905323562,-2.645068435,6.5));
#6047=CARTESIAN_POINT('',(15.818990125,-3.16420757,6.499999973));
#6048=CARTESIAN_POINT('',(15.70656526,-3.681738162,6.50000009));
#6049=CARTESIAN_POINT('',(15.570275915,-4.188389966,6.5));
#6050=CARTESIAN_POINT('',(15.43398657,-4.69504177,6.499999909));
#6051=CARTESIAN_POINT('',(15.273926325,-5.191919025,6.500000193));
#6052=CARTESIAN_POINT('',(15.090539144,-5.679204462,6.499999997));
#6053=CARTESIAN_POINT('',(14.723764783,-6.653775336,6.499999605));
#6054=CARTESIAN_POINT('',(14.264490911,-7.590310885,6.5));
#6055=CARTESIAN_POINT('',(13.709139453,-8.487339945,6.5));
#6056=CARTESIAN_POINT('',(13.431463724,-8.935854475,6.5));
#6057=CARTESIAN_POINT('',(13.133342401,-9.36820648,6.500000007));
#6058=CARTESIAN_POINT('',(12.816679056,-9.783063437,6.5));
#6059=CARTESIAN_POINT('',(12.500015711,-10.197920395,6.499999993));
#6060=CARTESIAN_POINT('',(12.164414948,-10.595915397,6.5));
#6061=CARTESIAN_POINT('',(11.810031444,-10.977186175,6.5));
#6062=CARTESIAN_POINT('',(11.455647941,-11.358456953,6.5));
#6063=CARTESIAN_POINT('',(11.082479642,-11.723001676,6.499999999));
#6064=CARTESIAN_POINT('',(10.690139216,-12.070475462,6.5));
#6065=CARTESIAN_POINT('',(10.29779879,-12.417949248,6.500000001));
#6066=CARTESIAN_POINT('',(9.884278876,-12.749564359,6.500000001));
#6067=CARTESIAN_POINT('',(9.459737526,-13.05713937,6.5));
#6068=CARTESIAN_POINT('',(8.610654824,-13.672289394,6.499999998));
#6069=CARTESIAN_POINT('',(7.712126719,-14.198194057,6.49999981));
#6070=CARTESIAN_POINT('',(6.764813524,-14.636045443,6.499999999));
#6071=CARTESIAN_POINT('',(5.81750033,-15.07389683,6.500000189));
#6072=CARTESIAN_POINT('',(4.814595479,-15.424094654,6.499999954));
#6073=CARTESIAN_POINT('',(3.791792386,-15.671565862,6.5));
#6074=CARTESIAN_POINT('',(3.28039084,-15.795301466,6.500000023));
#6075=CARTESIAN_POINT('',(2.761094138,-15.894320842,6.499999986));
#6076=CARTESIAN_POINT('',(2.239417518,-15.967485348,6.5));
#6077=CARTESIAN_POINT('',(1.717740898,-16.040649855,6.500000014));
#6078=CARTESIAN_POINT('',(1.193801801,-16.088127665,6.499999967));
#6079=CARTESIAN_POINT('',(0.667601541,-16.109933783,6.5));
#6080=CARTESIAN_POINT('',(0.141401281,-16.1317399,6.500000033));
#6081=CARTESIAN_POINT('',(-0.387792872,-16.127719374,6.500000003));
#6082=CARTESIAN_POINT('',(-0.914438045,-16.0978032,6.5));
#6083=CARTESIAN_POINT('',(-1.441083217,-16.067887027,6.499999997));
#6084=CARTESIAN_POINT('',(-1.967501781,-16.011888173,6.500000171));
#6085=CARTESIAN_POINT('',(-2.485694843,-15.931034406,6.499999999));
#6086=CARTESIAN_POINT('',(-3.522080968,-15.769326873,6.499999657));
#6087=CARTESIAN_POINT('',(-4.530323645,-15.509420336,6.500000196));
#6088=CARTESIAN_POINT('',(-5.510853057,-15.152814859,6.499999998));
#6089=CARTESIAN_POINT('',(-6.491382469,-14.796209382,6.499999801));
#6090=CARTESIAN_POINT('',(-7.44978414,-14.338154147,6.500000004));
#6091=CARTESIAN_POINT('',(-8.349639519,-13.793441015,6.5));
#6092=CARTESIAN_POINT('',(-8.574603364,-13.657262732,6.499999999));
#6093=CARTESIAN_POINT('',(-8.796290087,-13.515550962,6.5));
#6094=CARTESIAN_POINT('',(-9.014684561,-13.368280162,6.5));
#6095=CARTESIAN_POINT('',(-9.233079035,-13.221009363,6.5));
#6096=CARTESIAN_POINT('',(-9.448583714,-13.067858794,6.500000001));
#6097=CARTESIAN_POINT('',(-9.659231751,-12.910255543,6.5));
#6098=CARTESIAN_POINT('',(-10.080527826,-12.595049041,6.499999999));
#6099=CARTESIAN_POINT('',(-10.483367935,-12.261565441,6.500000001));
#6100=CARTESIAN_POINT('',(-10.868281156,-11.910328691,6.5));
#6101=CARTESIAN_POINT('',(-11.638107598,-11.207855191,6.499999999));
#6102=CARTESIAN_POINT('',(-12.336731387,-10.434869102,6.499999997));
#6103=CARTESIAN_POINT('',(-12.962189681,-9.589426599,6.5));
#6104=CARTESIAN_POINT('',(-13.118554254,-9.378065973,6.500000001));
#6105=CARTESIAN_POINT('',(-13.270605393,-9.161640613,6.5));
#6106=CARTESIAN_POINT('',(-13.416451655,-8.942835365,6.5));
#6107=CARTESIAN_POINT('',(-13.562297917,-8.724030116,6.5));
#6108=CARTESIAN_POINT('',(-13.702284812,-8.50244374,6.499999998));
#6109=CARTESIAN_POINT('',(-13.836495967,-8.27811593,6.5));
#6110=CARTESIAN_POINT('',(-14.104918276,-7.82946031,6.500000004));
#6111=CARTESIAN_POINT('',(-14.350349787,-7.369892189,6.499999902));
#6112=CARTESIAN_POINT('',(-14.573040785,-6.899530365,6.499999999));
#6113=CARTESIAN_POINT('',(-14.795731783,-6.42916854,6.500000095));
#6114=CARTESIAN_POINT('',(-14.995700346,-5.948021636,6.499999874));
#6115=CARTESIAN_POINT('',(-15.172646572,-5.455947178,6.499999999));
#6116=CARTESIAN_POINT('',(-15.261119685,-5.209909949,6.500000062));
#6117=CARTESIAN_POINT('',(-15.343796269,-4.961121467,6.499999987));
#6118=CARTESIAN_POINT('',(-15.42062556,-4.709557554,6.5));
#6119=CARTESIAN_POINT('',(-15.497454851,-4.457993641,6.500000013));
#6120=CARTESIAN_POINT('',(-15.568460271,-4.203328156,6.499999997));
#6121=CARTESIAN_POINT('',(-15.632967191,-3.947892026,6.5));
#6122=CARTESIAN_POINT('',(-15.761981031,-3.437019766,6.500000006));
#6123=CARTESIAN_POINT('',(-15.865661878,-2.921240223,6.499999976));
#6124=CARTESIAN_POINT('',(-15.944056095,-2.400562371,6.5));
#6125=CARTESIAN_POINT('',(-16.022450313,-1.87988452,6.500000024));
#6126=CARTESIAN_POINT('',(-16.075477236,-1.353797827,6.499999997));
#6127=CARTESIAN_POINT('',(-16.102533212,-0.826974444,6.5));
#6128=CARTESIAN_POINT('',(-16.129589187,-0.30015106,6.500000003));
#6129=CARTESIAN_POINT('',(-16.130772004,0.228576032,6.5));
#6130=CARTESIAN_POINT('',(-16.106028759,0.755830812,6.5));
#6131=CARTESIAN_POINT('',(-16.081285514,1.283085593,6.5));
#6132=CARTESIAN_POINT('',(-16.030755433,1.807607724,6.500000038));
#6133=CARTESIAN_POINT('',(-15.954789659,2.328189912,6.5));
#6134=CARTESIAN_POINT('',(-15.916806772,2.588481005,6.499999981));
#6135=CARTESIAN_POINT('',(-15.872444533,2.847884135,6.500000004));
#6136=CARTESIAN_POINT('',(-15.821688572,3.106397298,6.5));
#6137=CARTESIAN_POINT('',(-15.770932611,3.36491046,6.499999996));
#6138=CARTESIAN_POINT('',(-15.713645793,3.623008946,6.500000016));
#6139=CARTESIAN_POINT('',(-15.650372299,3.878338022,6.5));
#6140=CARTESIAN_POINT('',(-15.523825309,4.388996173,6.499999968));
#6141=CARTESIAN_POINT('',(-15.373321884,4.88980339,6.50000021));
#6142=CARTESIAN_POINT('',(-15.19942706,5.380992168,6.499999998));
#6143=CARTESIAN_POINT('',(-14.851637412,6.363369724,6.499999572));
#6144=CARTESIAN_POINT('',(-14.411121582,7.307618204,6.499999999));
#6145=CARTESIAN_POINT('',(-13.875401147,8.212718694,6.5));
#6146=CARTESIAN_POINT('',(-13.741471038,8.438993817,6.5));
#6147=CARTESIAN_POINT('',(-13.601208722,8.663240433,6.500000002));
#6148=CARTESIAN_POINT('',(-13.456358874,8.882673406,6.5));
#6149=CARTESIAN_POINT('',(-13.311509025,9.102106379,6.499999998));
#6150=CARTESIAN_POINT('',(-13.161811201,9.317222653,6.500000004));
#6151=CARTESIAN_POINT('',(-13.007345069,9.528093173,6.5));
#6152=CARTESIAN_POINT('',(-12.698412807,9.949834215,6.499999991));
#6153=CARTESIAN_POINT('',(-12.370448046,10.354628487,6.5));
#6154=CARTESIAN_POINT('',(-12.023713061,10.742709531,6.5));
#6155=CARTESIAN_POINT('',(-11.676978076,11.130790574,6.5));
#6156=CARTESIAN_POINT('',(-11.311469886,11.502155733,6.5));
#6157=CARTESIAN_POINT('',(-10.926913364,11.85656003,6.5));
#6158=CARTESIAN_POINT('',(-10.734635103,12.033762178,6.5));
#6159=CARTESIAN_POINT('',(-10.537586184,12.206716476,6.5));
#6160=CARTESIAN_POINT('',(-10.335679598,12.375345449,6.5));
#6161=CARTESIAN_POINT('',(-10.133773012,12.543974422,6.5));
#6162=CARTESIAN_POINT('',(-9.926688973,12.70847676,6.5));
#6163=CARTESIAN_POINT('',(-9.716964083,12.866859558,6.5));
#6164=CARTESIAN_POINT('',(-8.878064524,13.500390751,6.499999999));
#6165=CARTESIAN_POINT('',(-7.989336757,14.043984733,6.499999816));
#6166=CARTESIAN_POINT('',(-7.052007594,14.499856017,6.499999999));
#6167=CARTESIAN_POINT('',(-6.583343013,14.727791659,6.500000091));
#6168=CARTESIAN_POINT('',(-6.10242949,14.933618569,6.499999987));
#6169=CARTESIAN_POINT('',(-5.60892942,15.116727514,6.5));
#6170=CARTESIAN_POINT('',(-5.362179385,15.208281987,6.500000006));
#6171=CARTESIAN_POINT('',(-5.112154614,15.294141566,6.499999998));
#6172=CARTESIAN_POINT('',(-4.861010159,15.373551714,6.5));
#6173=CARTESIAN_POINT('',(-4.609865703,15.452961861,6.500000002));
#6174=CARTESIAN_POINT('',(-4.357098642,15.526124766,6.499999989));
#6175=CARTESIAN_POINT('',(-4.102713174,15.593056585,6.5));
#6176=CARTESIAN_POINT('',(-3.593942237,15.726920222,6.500000021));
#6177=CARTESIAN_POINT('',(-3.07787536,15.83604525,6.499999998));
#6178=CARTESIAN_POINT('',(-2.557121842,15.919691996,6.5));
#6179=CARTESIAN_POINT('',(-2.036368325,16.003338741,6.500000002));
#6180=CARTESIAN_POINT('',(-1.513344809,16.06121205,6.49999995));
#6181=CARTESIAN_POINT('',(-0.988064514,16.093462131,6.5));
#6182=CARTESIAN_POINT('',(-0.462784219,16.125712213,6.50000005));
#6183=CARTESIAN_POINT('',(0.065745153,16.132256186,6.5));
#6184=CARTESIAN_POINT('',(0.593183633,16.112838882,6.5));
#6185=CARTESIAN_POINT('',(1.120622114,16.093421577,6.5));
#6186=CARTESIAN_POINT('',(1.646204361,16.048133251,6.500000042));
#6187=CARTESIAN_POINT('',(2.167516429,15.977411125,6.5));
#6188=CARTESIAN_POINT('',(2.688828496,15.906689,6.499999958));
#6189=CARTESIAN_POINT('',(3.207823528,15.810218895,6.50000001));
#6190=CARTESIAN_POINT('',(3.720521752,15.688633692,6.5));
#6191=CARTESIAN_POINT('',(4.233219977,15.567048488,6.49999999));
#6192=CARTESIAN_POINT('',(4.736022306,15.421397322,6.500000212));
#6193=CARTESIAN_POINT('',(5.229190176,15.252315638,6.499999998));
#6194=B_SPLINE_CURVE_WITH_KNOTS('',3,(#6010,#6011,#6012,#6013,#6014,#6015,#6016,#6017,#6018,#6019,#6020,#6021,#6022,#6023,#6024,#6025,#6026,#6027,#6028,#6029,#6030,#6031,#6032,#6033,#6034,#6035,
#6036,#6037,#6038,#6039,#6040,#6041,#6042,#6043,#6044,#6045,#6046,#6047,#6048,#6049,#6050,#6051,#6052,#6053,#6054,#6055,#6056,#6057,#6058,#6059,#6060,
#6061,#6062,#6063,#6064,#6065,#6066,#6067,#6068,#6069,#6070,#6071,#6072,#6073,#6074,#6075,#6076,#6077,#6078,#6079,#6080,#6081,#6082,#6083,#6084,#6085,
#6086,#6087,#6088,#6089,#6090,#6091,#6092,#6093,#6094,#6095,#6096,#6097,#6098,#6099,#6100,#6101,#6102,#6103,#6104,#6105,#6106,#6107,#6108,#6109,#6110,
#6111,#6112,#6113,#6114,#6115,#6116,#6117,#6118,#6119,#6120,#6121,#6122,#6123,#6124,#6125,#6126,#6127,#6128,#6129,#6130,#6131,#6132,#6133,#6134,#6135,
#6136,#6137,#6138,#6139,#6140,#6141,#6142,#6143,#6144,#6145,#6146,#6147,#6148,#6149,#6150,#6151,#6152,#6153,#6154,#6155,#6156,#6157,#6158,#6159,#6160,
#6161,#6162,#6163,#6164,#6165,#6166,#6167,#6168,#6169,#6170,#6171,#6172,#6173,#6174,#6175,#6176,#6177,#6178,#6179,#6180,#6181,#6182,#6183,#6184,#6185,
#6186,#6187,#6188,#6189,#6190,#6191,#6192,#6193),.UNSPECIFIED.,.F.,.F.,(4,3,3,3,3,3,3,3,3,3,3,3,3,3,3,3,3,3,3,3,3,3,3,3,3,3,
3,3,3,3,3,3,3,3,3,3,3,3,3,3,3,3,3,3,3,3,3,3,3,3,3,
3,3,3,3,3,3,3,3,3,3,4),(0.097524929,0.099086173,0.100647416,0.103769904,0.105331147,0.106892391,0.110014878,0.111576121,0.113137365,0.114698608,0.116259852,0.117821095,0.119382339,0.120943583,0.122504826,0.125627313,0.127188557,0.1287498,0.130311044,0.131872287,0.134994774,0.138117261,0.139678505,0.141239749,0.142800992,0.144362236,
0.147484723,0.15060721,0.151387832,0.152168453,0.153729697,0.156852184,0.157632806,0.158413427,0.159974671,0.161535915,0.162316536,0.163097158,0.164658402,0.166219645,0.167780889,0.169342132,0.170122754,0.170903376,0.172464619,0.175587106,0.176367728,0.17714835,0.178709594,0.180270837,0.181051459,
0.181832081,0.184954568,0.186515811,0.187296433,0.188077055,0.189638298,0.191199542,0.192760785,0.194322029,0.195883272,0.197444516),.UNSPECIFIED.);
#6195=EDGE_CURVE('',#6009,#2728,#6194,.T.);
#6196=ORIENTED_EDGE('',*,*,#6195,.T.);
#6197=ORIENTED_EDGE('',*,*,#3387,.T.);
#6198=CARTESIAN_POINT('',(5.229203765,17.117175032,6.500336463));
#6199=VERTEX_POINT('',#6198);
#6200=CARTESIAN_POINT('',(5.229165125,15.252254717,6.5));
#6201=DIRECTION('',(0.,1.,0.));
#6202=VECTOR('',#6201,1.864882113);
#6203=LINE('',#6200,#6202);
#6204=EDGE_CURVE('',#3194,#6199,#6203,.T.);
#6205=ORIENTED_EDGE('',*,*,#6204,.T.);
#6206=CARTESIAN_POINT('',(5.085686603,17.266609157,6.5));
#6207=VERTEX_POINT('',#6206);
#6208=CARTESIAN_POINT('',(5.22916468,17.117137297,6.5));
#6209=CARTESIAN_POINT('',(5.157738513,17.19201311,6.5));
#6210=CARTESIAN_POINT('',(5.085686442,17.266608778,6.5));
#6211=B_SPLINE_CURVE_WITH_KNOTS('',2,(#6208,#6209,#6210),.UNSPECIFIED.,.F.,.F.,(3,3),(0.584846149,1.),.UNSPECIFIED.);
#6212=EDGE_CURVE('',#6199,#6207,#6211,.T.);
#6213=ORIENTED_EDGE('',*,*,#6212,.T.);
#6214=CARTESIAN_POINT('',(4.115508965,17.523201362,6.5));
#6215=VERTEX_POINT('',#6214);
#6216=CARTESIAN_POINT('',(0.,0.,6.5));
#6217=DIRECTION('',(0.,0.,1.));
#6218=DIRECTION('',(1.,0.,-0.));
#6219=AXIS2_PLACEMENT_3D('',#6216,#6217,#6218);
#6220=CIRCLE('',#6219,18.);
#6221=EDGE_CURVE('',#6207,#6215,#6220,.T.);
#6222=ORIENTED_EDGE('',*,*,#6221,.T.);
#6223=CARTESIAN_POINT('',(3.279408051,19.709698091,6.5));
#6224=VERTEX_POINT('',#6223);
#6225=CARTESIAN_POINT('',(4.115508965,17.523201362,6.5));
#6226=CARTESIAN_POINT('',(3.995194629,17.551458464,6.5));
#6227=CARTESIAN_POINT('',(3.877569357,17.586603533,6.5));
#6228=CARTESIAN_POINT('',(3.763325969,17.63041121,6.5));
#6229=CARTESIAN_POINT('',(3.64908258,17.674218888,6.5));
#6230=CARTESIAN_POINT('',(3.538018785,17.726631334,6.5));
#6231=CARTESIAN_POINT('',(3.432167455,17.791459566,6.5));
#6232=CARTESIAN_POINT('',(3.326316124,17.856287797,6.5));
#6233=CARTESIAN_POINT('',(3.228749789,17.931507103,6.5));
#6234=CARTESIAN_POINT('',(3.14359078,18.022287727,6.5));
#6235=CARTESIAN_POINT('',(3.05843177,18.11306835,6.5));
#6236=CARTESIAN_POINT('',(2.990363187,18.214855221,6.5));
#6237=CARTESIAN_POINT('',(2.944320147,18.330390146,6.5));
#6238=CARTESIAN_POINT('',(2.898277108,18.445925072,6.5));
#6239=CARTESIAN_POINT('',(2.877741744,18.568784711,6.5));
#6240=CARTESIAN_POINT('',(2.879738306,18.693133456,6.5));
#6241=CARTESIAN_POINT('',(2.881734868,18.8174822,6.5));
#6242=CARTESIAN_POINT('',(2.905094967,18.938148083,6.5));
#6243=CARTESIAN_POINT('',(2.942114177,19.05645927,6.5));
#6244=CARTESIAN_POINT('',(2.979133387,19.174770457,6.5));
#6245=CARTESIAN_POINT('',(3.028947967,19.287561061,6.5));
#6246=CARTESIAN_POINT('',(3.086253832,19.395873395,6.5));
#6247=CARTESIAN_POINT('',(3.143559698,19.504185729,6.5));
#6248=CARTESIAN_POINT('',(3.208671906,19.608413305,6.5));
#6249=CARTESIAN_POINT('',(3.279408051,19.709698091,6.5));
#6250=B_SPLINE_CURVE_WITH_KNOTS('',3,(#6225,#6226,#6227,#6228,#6229,#6230,#6231,#6232,#6233,#6234,#6235,#6236,#6237,#6238,#6239,#6240,#6241,#6242,#6243,#6244,#6245,#6246,#6247,#6248,#6249),.UNSPECIFIED.,.F.,.F.,(4,3,3,3,3,3,3,3,4),(0.,0.000367057,0.000734115,0.001101172,0.001468229,0.001835287,0.002202344,0.002569401,0.002936458),.UNSPECIFIED.);
#6251=EDGE_CURVE('',#6215,#6224,#6250,.T.);
#6252=ORIENTED_EDGE('',*,*,#6251,.T.);
#6253=CARTESIAN_POINT('',(-4.,22.,6.5));
#6254=VERTEX_POINT('',#6253);
#6255=CARTESIAN_POINT('',(0.,22.,6.5));
#6256=DIRECTION('',(0.,0.,1.));
#6257=DIRECTION('',(1.,0.,-0.));
#6258=AXIS2_PLACEMENT_3D('',#6255,#6256,#6257);
#6259=CIRCLE('',#6258,4.);
#6260=EDGE_CURVE('',#6224,#6254,#6259,.T.);
#6261=ORIENTED_EDGE('',*,*,#6260,.T.);
#6262=CARTESIAN_POINT('',(-3.279408051,19.709698091,6.5));
#6263=VERTEX_POINT('',#6262);
#6264=CARTESIAN_POINT('',(0.,22.,6.5));
#6265=DIRECTION('',(0.,0.,1.));
#6266=DIRECTION('',(1.,0.,-0.));
#6267=AXIS2_PLACEMENT_3D('',#6264,#6265,#6266);
#6268=CIRCLE('',#6267,4.);
#6269=EDGE_CURVE('',#6254,#6263,#6268,.T.);
#6270=ORIENTED_EDGE('',*,*,#6269,.T.);
#6271=CARTESIAN_POINT('',(-4.115508965,17.523201362,6.5));
#6272=VERTEX_POINT('',#6271);
#6273=CARTESIAN_POINT('',(-3.279408051,19.709698091,6.5));
#6274=CARTESIAN_POINT('',(-3.208688775,19.60843711,6.5));
#6275=CARTESIAN_POINT('',(-3.143546475,19.504178249,6.5));
#6276=CARTESIAN_POINT('',(-3.086182346,19.395738263,6.5));
#6277=CARTESIAN_POINT('',(-3.028818217,19.287298278,6.5));
#6278=CARTESIAN_POINT('',(-2.978766254,19.173736063,6.5));
#6279=CARTESIAN_POINT('',(-2.941950502,19.055935863,6.5));
#6280=CARTESIAN_POINT('',(-2.90513475,18.938135664,6.5));
#6281=CARTESIAN_POINT('',(-2.881625614,18.816055898,6.5));
#6282=CARTESIAN_POINT('',(-2.879726587,18.692387128,6.5));
#6283=CARTESIAN_POINT('',(-2.878777073,18.630552742,6.5));
#6284=CARTESIAN_POINT('',(-2.883261842,18.569272681,6.5));
#6285=CARTESIAN_POINT('',(-2.893880085,18.508618266,6.5));
#6286=CARTESIAN_POINT('',(-2.904498329,18.447963851,6.5));
#6287=CARTESIAN_POINT('',(-2.921574645,18.387449722,6.5));
#6288=CARTESIAN_POINT('',(-2.94435141,18.330311711,6.5));
#6289=CARTESIAN_POINT('',(-2.967128174,18.2731737,6.5));
#6290=CARTESIAN_POINT('',(-2.995599713,18.218794255,6.5));
#6291=CARTESIAN_POINT('',(-3.029393109,18.166992735,6.5));
#6292=CARTESIAN_POINT('',(-3.063186504,18.115191214,6.5));
#6293=CARTESIAN_POINT('',(-3.102116847,18.066436818,6.5));
#6294=CARTESIAN_POINT('',(-3.144144098,18.021698298,6.5));
#6295=CARTESIAN_POINT('',(-3.228198599,17.932221257,6.5));
#6296=CARTESIAN_POINT('',(-3.32714859,17.855802882,6.5));
#6297=CARTESIAN_POINT('',(-3.431907097,17.791619053,6.5));
#6298=CARTESIAN_POINT('',(-3.536665604,17.727435224,6.5));
#6299=CARTESIAN_POINT('',(-3.647201622,17.675030713,6.5));
#6300=CARTESIAN_POINT('',(-3.761836463,17.630982975,6.5));
#6301=CARTESIAN_POINT('',(-3.876471304,17.586935238,6.5));
#6302=CARTESIAN_POINT('',(-3.99527074,17.551440459,6.5));
#6303=CARTESIAN_POINT('',(-4.115508965,17.523201362,6.5));
#6304=B_SPLINE_CURVE_WITH_KNOTS('',3,(#6273,#6274,#6275,#6276,#6277,#6278,#6279,#6280,#6281,#6282,#6283,#6284,#6285,#6286,#6287,#6288,#6289,#6290,#6291,#6292,#6293,#6294,#6295,#6296,#6297,#6298,
#6299,#6300,#6301,#6302,#6303),.UNSPECIFIED.,.F.,.F.,(4,3,3,3,3,3,3,3,3,3,4),(0.,0.000368026,0.000736051,0.001104077,0.00128809,0.001472102,0.001656115,0.001840128,0.002208154,0.002576179,0.002944205),.UNSPECIFIED.);
#6305=EDGE_CURVE('',#6263,#6272,#6304,.T.);
#6306=ORIENTED_EDGE('',*,*,#6305,.T.);
#6307=CARTESIAN_POINT('',(-18.,0.,6.5));
#6308=VERTEX_POINT('',#6307);
#6309=CARTESIAN_POINT('',(0.,0.,6.5));
#6310=DIRECTION('',(0.,0.,1.));
#6311=DIRECTION('',(1.,0.,-0.));
#6312=AXIS2_PLACEMENT_3D('',#6309,#6310,#6311);
#6313=CIRCLE('',#6312,18.);
#6314=EDGE_CURVE('',#6272,#6308,#6313,.T.);
#6315=ORIENTED_EDGE('',*,*,#6314,.T.);
#6316=CARTESIAN_POINT('',(6.177622597,16.906714023,6.5));
#6317=VERTEX_POINT('',#6316);
#6318=CARTESIAN_POINT('',(0.,0.,6.5));
#6319=DIRECTION('',(0.,0.,1.));
#6320=DIRECTION('',(1.,0.,-0.));
#6321=AXIS2_PLACEMENT_3D('',#6318,#6319,#6320);
#6322=CIRCLE('',#6321,18.);
#6323=EDGE_CURVE('',#6308,#6317,#6322,.T.);
#6324=ORIENTED_EDGE('',*,*,#6323,.T.);
#6325=CARTESIAN_POINT('',(5.829165125,16.770511753,6.5));
#6326=VERTEX_POINT('',#6325);
#6327=CARTESIAN_POINT('',(6.177622918,16.906714902,6.5));
#6328=CARTESIAN_POINT('',(5.829165126,16.770511758,6.5));
#6329=B_SPLINE_CURVE_WITH_KNOTS('',1,(#6327,#6328),.UNSPECIFIED.,.F.,.F.,(2,2),(0.,1.),.UNSPECIFIED.);
#6330=EDGE_CURVE('',#6317,#6326,#6329,.T.);
#6331=ORIENTED_EDGE('',*,*,#6330,.T.);
#6332=CARTESIAN_POINT('',(5.829165125,16.770511753,6.5));
#6333=DIRECTION('',(0.,-1.,0.));
#6334=VECTOR('',#6333,1.73733924);
#6335=LINE('',#6332,#6334);
#6336=EDGE_CURVE('',#6326,#6009,#6335,.T.);
#6337=ORIENTED_EDGE('',*,*,#6336,.T.);
#6338=EDGE_LOOP('',(#6196,#6197,#6205,#6213,#6222,#6252,#6261,#6270,#6306,#6315,#6324,#6331,#6337));
#6339=FACE_BOUND('',#6338,.T.);
#6340=ADVANCED_FACE('',(#6007,#6339),#5996,.T.);
#6341=CARTESIAN_POINT('',(0.,0.,6.5));
#6342=DIRECTION('',(0.,0.,-1.));
#6343=DIRECTION('',(-1.,0.,0.));
#6344=AXIS2_PLACEMENT_3D('',#6341,#6342,#6343);
#6345=CONICAL_SURFACE('',#6344,18.,45.);
#6346=CARTESIAN_POINT('',(-19.707106781,-0.,4.792893219));
#6347=VERTEX_POINT('',#6346);
#6348=CARTESIAN_POINT('',(-19.707106781,0.,4.792893219));
#6349=DIRECTION('',(0.707106781,-0.,0.707106781));
#6350=VECTOR('',#6349,2.414213562);
#6351=LINE('',#6348,#6350);
#6352=EDGE_CURVE('',#6347,#6308,#6351,.T.);
#6353=ORIENTED_EDGE('',*,*,#6352,.T.);
#6354=ORIENTED_EDGE('',*,*,#6314,.F.);
#6355=CARTESIAN_POINT('',(-6.462645834,18.698460226,4.716213558));
#6356=VERTEX_POINT('',#6355);
#6357=CARTESIAN_POINT('',(-4.115509166,17.523199795,6.500001479));
#6358=CARTESIAN_POINT('',(-4.536950906,17.701798372,6.229775574));
#6359=CARTESIAN_POINT('',(-4.938459216,17.891785572,5.941891855));
#6360=CARTESIAN_POINT('',(-5.327761444,18.088744955,5.642965873));
#6361=CARTESIAN_POINT('',(-5.717063671,18.285704338,5.344039892));
#6362=CARTESIAN_POINT('',(-6.09397035,18.489742655,5.033913928));
#6363=CARTESIAN_POINT('',(-6.462645859,18.698460202,4.716213572));
#6364=B_SPLINE_CURVE_WITH_KNOTS('',3,(#6357,#6358,#6359,#6360,#6361,#6362,#6363),.UNSPECIFIED.,.F.,.F.,(4,3,4),(0.013685389,0.015303366,0.016921343),.UNSPECIFIED.);
#6365=EDGE_CURVE('',#6272,#6356,#6364,.T.);
#6366=ORIENTED_EDGE('',*,*,#6365,.T.);
#6367=CARTESIAN_POINT('',(-7.046775272,18.404157573,4.792893219));
#6368=VERTEX_POINT('',#6367);
#6369=CARTESIAN_POINT('',(-6.462645834,18.698460226,4.716213558));
#6370=CARTESIAN_POINT('',(-6.644530469,18.582389408,4.766501686));
#6371=CARTESIAN_POINT('',(-6.838881396,18.483758142,4.792893219));
#6372=CARTESIAN_POINT('',(-7.046775272,18.404157573,4.792893219));
#6373=B_SPLINE_CURVE_WITH_KNOTS('',3,(#6369,#6370,#6371,#6372),.UNSPECIFIED.,.F.,.F.,(4,4),(0.,0.000635627),.UNSPECIFIED.);
#6374=EDGE_CURVE('',#6356,#6368,#6373,.T.);
#6375=ORIENTED_EDGE('',*,*,#6374,.T.);
#6376=CARTESIAN_POINT('',(0.,0.,4.792893219));
#6377=DIRECTION('',(-0.,-0.,1.));
#6378=DIRECTION('',(-1.,0.,0.));
#6379=AXIS2_PLACEMENT_3D('',#6376,#6377,#6378);
#6380=CIRCLE('',#6379,19.707106781);
#6381=EDGE_CURVE('',#6368,#6347,#6380,.T.);
#6382=ORIENTED_EDGE('',*,*,#6381,.T.);
#6383=EDGE_LOOP('',(#6353,#6354,#6366,#6375,#6382));
#6384=FACE_BOUND('',#6383,.T.);
#6385=ADVANCED_FACE('',(#6384),#6345,.T.);
#6386=CARTESIAN_POINT('',(0.,0.,2.));
#6387=DIRECTION('',(0.,0.,1.));
#6388=DIRECTION('',(1.,0.,-0.));
#6389=AXIS2_PLACEMENT_3D('',#6386,#6387,#6388);
#6390=CONICAL_SURFACE('',#6389,20.,45.);
#6391=ORIENTED_EDGE('',*,*,#5946,.F.);
#6392=CARTESIAN_POINT('',(-5.085685646,17.266609464,0.000000024));
#6393=CARTESIAN_POINT('',(-4.915517873,17.419708887,0.098782699));
#6394=CARTESIAN_POINT('',(-4.742625807,17.5715545,0.199146105));
#6395=CARTESIAN_POINT('',(-4.567009593,17.722085868,0.301090244));
#6396=B_SPLINE_CURVE_WITH_KNOTS('',3,(#6392,#6393,#6394,#6395),.UNSPECIFIED.,.F.,.F.,(4,4),(0.,1.),.UNSPECIFIED.);
#6397=EDGE_CURVE('',#5934,#5454,#6396,.T.);
#6398=ORIENTED_EDGE('',*,*,#6397,.T.);
#6399=ORIENTED_EDGE('',*,*,#5462,.T.);
#6400=EDGE_LOOP('',(#6391,#6398,#6399));
#6401=FACE_BOUND('',#6400,.T.);
#6402=ADVANCED_FACE('',(#6401),#6390,.T.);
#6403=CARTESIAN_POINT('',(0.,0.,2.));
#6404=DIRECTION('',(0.,0.,1.));
#6405=DIRECTION('',(1.,0.,-0.));
#6406=AXIS2_PLACEMENT_3D('',#6403,#6404,#6405);
#6407=CONICAL_SURFACE('',#6406,20.,45.);
#6408=CARTESIAN_POINT('',(19.707106781,-0.,1.707106781));
#6409=VERTEX_POINT('',#6408);
#6410=CARTESIAN_POINT('',(19.707106781,0.,1.707106781));
#6411=DIRECTION('',(-0.707106781,-0.,-0.707106781));
#6412=VECTOR('',#6411,2.414213562);
#6413=LINE('',#6410,#6412);
#6414=EDGE_CURVE('',#6409,#5959,#6413,.T.);
#6415=ORIENTED_EDGE('',*,*,#6414,.T.);
#6416=ORIENTED_EDGE('',*,*,#5965,.F.);
#6417=ORIENTED_EDGE('',*,*,#193,.T.);
#6418=CARTESIAN_POINT('',(7.046775272,18.404157573,1.707106781));
#6419=VERTEX_POINT('',#6418);
#6420=CARTESIAN_POINT('',(6.462645834,18.698460226,1.783786442));
#6421=CARTESIAN_POINT('',(6.644530469,18.582389408,1.733498314));
#6422=CARTESIAN_POINT('',(6.838881396,18.483758142,1.707106781));
#6423=CARTESIAN_POINT('',(7.046775272,18.404157573,1.707106781));
#6424=B_SPLINE_CURVE_WITH_KNOTS('',3,(#6420,#6421,#6422,#6423),.UNSPECIFIED.,.F.,.F.,(4,4),(0.,0.000635627),.UNSPECIFIED.);
#6425=EDGE_CURVE('',#163,#6419,#6424,.T.);
#6426=ORIENTED_EDGE('',*,*,#6425,.T.);
#6427=CARTESIAN_POINT('',(0.,0.,1.707106781));
#6428=DIRECTION('',(-0.,-0.,-1.));
#6429=DIRECTION('',(1.,0.,-0.));
#6430=AXIS2_PLACEMENT_3D('',#6427,#6428,#6429);
#6431=CIRCLE('',#6430,19.707106781);
#6432=EDGE_CURVE('',#6419,#6409,#6431,.T.);
#6433=ORIENTED_EDGE('',*,*,#6432,.T.);
#6434=EDGE_LOOP('',(#6415,#6416,#6417,#6426,#6433));
#6435=FACE_BOUND('',#6434,.T.);
#6436=ADVANCED_FACE('',(#6435),#6407,.T.);
#6437=CARTESIAN_POINT('',(0.,0.,4.9));
#6438=DIRECTION('',(0.,0.,-1.));
#6439=DIRECTION('',(-1.,0.,0.));
#6440=AXIS2_PLACEMENT_3D('',#6437,#6438,#6439);
#6441=CYLINDRICAL_SURFACE('',#6440,20.);
#6442=CARTESIAN_POINT('',(-20.,-0.,2.414213562));
#6443=VERTEX_POINT('',#6442);
#6444=CARTESIAN_POINT('',(-20.,0.,4.085786438));
#6445=VERTEX_POINT('',#6444);
#6446=CARTESIAN_POINT('',(-20.,0.,2.414213562));
#6447=DIRECTION('',(-0.,-0.,1.));
#6448=VECTOR('',#6447,1.671572875);
#6449=LINE('',#6446,#6448);
#6450=EDGE_CURVE('',#6443,#6445,#6449,.T.);
#6451=ORIENTED_EDGE('',*,*,#6450,.T.);
#6452=CARTESIAN_POINT('',(-7.151506662,18.67768595,4.085786438));
#6453=VERTEX_POINT('',#6452);
#6454=CARTESIAN_POINT('',(0.,0.,4.085786438));
#6455=DIRECTION('',(-0.,-0.,-1.));
#6456=DIRECTION('',(1.,0.,-0.));
#6457=AXIS2_PLACEMENT_3D('',#6454,#6455,#6456);
#6458=CIRCLE('',#6457,20.);
#6459=EDGE_CURVE('',#6445,#6453,#6458,.T.);
#6460=ORIENTED_EDGE('',*,*,#6459,.T.);
#6461=CARTESIAN_POINT('',(-7.151506662,18.67768595,2.414213562));
#6462=VERTEX_POINT('',#6461);
#6463=CARTESIAN_POINT('',(-7.151506662,18.67768595,4.085786438));
#6464=DIRECTION('',(0.,0.,-1.));
#6465=VECTOR('',#6464,1.671572875);
#6466=LINE('',#6463,#6465);
#6467=EDGE_CURVE('',#6453,#6462,#6466,.T.);
#6468=ORIENTED_EDGE('',*,*,#6467,.T.);
#6469=CARTESIAN_POINT('',(0.,0.,2.414213562));
#6470=DIRECTION('',(-0.,-0.,1.));
#6471=DIRECTION('',(-1.,0.,0.));
#6472=AXIS2_PLACEMENT_3D('',#6469,#6470,#6471);
#6473=CIRCLE('',#6472,20.);
#6474=EDGE_CURVE('',#6462,#6443,#6473,.T.);
#6475=ORIENTED_EDGE('',*,*,#6474,.T.);
#6476=EDGE_LOOP('',(#6451,#6460,#6468,#6475));
#6477=FACE_BOUND('',#6476,.T.);
#6478=ADVANCED_FACE('',(#6477),#6441,.T.);
#6479=CARTESIAN_POINT('',(0.05,0.,3.16339746));
#6480=DIRECTION('',(-0.5,0.,0.866025404));
#6481=DIRECTION('',(0.866025404,0.,0.5));
#6482=AXIS2_PLACEMENT_3D('',#6479,#6480,#6481);
#6483=PLANE('',#6482);
#6484=CARTESIAN_POINT('',(-4.603166091,17.645565365,0.476890764));
#6485=VERTEX_POINT('',#6484);
#6486=CARTESIAN_POINT('',(-5.255960083,17.065633934,0.099999978));
#6487=VERTEX_POINT('',#6486);
#6488=CARTESIAN_POINT('',(-4.603166091,17.645565365,0.476890764));
#6489=CARTESIAN_POINT('',(-4.935034242,17.359651176,0.285286598));
#6490=CARTESIAN_POINT('',(-5.255960127,17.065633999,0.099999952));
#6491=B_SPLINE_CURVE_WITH_KNOTS('',2,(#6488,#6489,#6490),.UNSPECIFIED.,.F.,.F.,(3,3),(0.,0.786717062),.UNSPECIFIED.);
#6492=EDGE_CURVE('',#6485,#6487,#6491,.T.);
#6493=ORIENTED_EDGE('',*,*,#6492,.T.);
#6494=CARTESIAN_POINT('',(-5.255960044,11.643689665,0.1));
#6495=VERTEX_POINT('',#6494);
#6496=CARTESIAN_POINT('',(-5.255960044,17.065634075,0.1));
#6497=DIRECTION('',(0.,-1.,0.));
#6498=VECTOR('',#6497,5.42194441);
#6499=LINE('',#6496,#6498);
#6500=EDGE_CURVE('',#6487,#6495,#6499,.T.);
#6501=ORIENTED_EDGE('',*,*,#6500,.T.);
#6502=CARTESIAN_POINT('',(0.,0.,3.134529946));
#6503=DIRECTION('',(0.5,-0.,-0.866025404));
#6504=DIRECTION('',(-0.866025404,0.,-0.5));
#6505=AXIS2_PLACEMENT_3D('',#6502,#6503,#6504);
#6506=ELLIPSE('',#6505,14.751299378,12.775);
#6507=EDGE_CURVE('',#6495,#5158,#6506,.T.);
#6508=ORIENTED_EDGE('',*,*,#6507,.T.);
#6509=ORIENTED_EDGE('',*,*,#5367,.T.);
#6510=ORIENTED_EDGE('',*,*,#4960,.T.);
#6511=CARTESIAN_POINT('',(5.829165125,15.033172513,6.5));
#6512=CARTESIAN_POINT('',(5.829165116,14.992805404,6.499999995));
#6513=CARTESIAN_POINT('',(5.825506867,14.953182336,6.497887904));
#6514=CARTESIAN_POINT('',(5.817704311,14.91440217,6.493383096));
#6515=CARTESIAN_POINT('',(5.809901755,14.875622003,6.488878288));
#6516=CARTESIAN_POINT('',(5.797638072,14.837219159,6.481797848));
#6517=CARTESIAN_POINT('',(5.781618275,14.801976871,6.472548814));
#6518=CARTESIAN_POINT('',(5.74957868,14.731492295,6.454050745));
#6519=CARTESIAN_POINT('',(5.70119534,14.671003254,6.426116611));
#6520=CARTESIAN_POINT('',(5.645644709,14.623838039,6.394044438));
#6521=CARTESIAN_POINT('',(5.590094077,14.576672823,6.361972266));
#6522=CARTESIAN_POINT('',(5.526710943,14.541136595,6.325377997));
#6523=CARTESIAN_POINT('',(5.46198012,14.514389505,6.288005639));
#6524=CARTESIAN_POINT('',(5.397249298,14.487642416,6.250633281));
#6525=CARTESIAN_POINT('',(5.329603199,14.468892622,6.211577788));
#6526=CARTESIAN_POINT('',(5.26154426,14.455691308,6.172283941));
#6527=CARTESIAN_POINT('',(5.12542638,14.429288682,6.093696247));
#6528=CARTESIAN_POINT('',(4.988536983,14.4241467,6.014663116));
#6529=CARTESIAN_POINT('',(4.851253686,14.429859358,5.935402568));
#6530=CARTESIAN_POINT('',(4.71397039,14.435572016,5.85614202));
#6531=CARTESIAN_POINT('',(4.576561082,14.452874459,5.776808719));
#6532=CARTESIAN_POINT('',(4.441714173,14.477713801,5.69895482));
#6533=CARTESIAN_POINT('',(4.172020354,14.527392486,5.543247021));
#6534=CARTESIAN_POINT('',(3.908645731,14.606404759,5.391187611));
#6535=CARTESIAN_POINT('',(3.650842041,14.711277201,5.242344581));
#6536=CARTESIAN_POINT('',(3.521940196,14.763713421,5.167923066));
#6537=CARTESIAN_POINT('',(3.393993049,14.823231331,5.094052747));
#6538=CARTESIAN_POINT('',(3.269678198,14.890487234,5.022279534));
#6539=CARTESIAN_POINT('',(3.145363347,14.957743137,4.950506321));
#6540=CARTESIAN_POINT('',(3.024440604,15.03257431,4.880691543));
#6541=CARTESIAN_POINT('',(2.908714242,15.119010067,4.813876897));
#6542=B_SPLINE_CURVE_WITH_KNOTS('',3,(#6511,#6512,#6513,#6514,#6515,#6516,#6517,#6518,#6519,#6520,#6521,#6522,#6523,#6524,#6525,#6526,#6527,#6528,#6529,#6530,#6531,#6532,#6533,#6534,#6535,#6536,
#6537,#6538,#6539,#6540,#6541),.UNSPECIFIED.,.F.,.F.,(4,3,3,3,3,3,3,3,3,3,4),(0.,0.000119265,0.000238531,0.000477061,0.000715592,0.000954123,0.001431184,0.001908246,0.002862369,0.00333943,0.003816492),.UNSPECIFIED.);
#6543=EDGE_CURVE('',#6009,#4726,#6542,.T.);
#6544=ORIENTED_EDGE('',*,*,#6543,.F.);
#6545=ORIENTED_EDGE('',*,*,#6336,.F.);
#6546=CARTESIAN_POINT('',(4.805171804,17.70949657,5.908797181));
#6547=VERTEX_POINT('',#6546);
#6548=CARTESIAN_POINT('',(5.829165128,16.770511753,6.500000002));
#6549=CARTESIAN_POINT('',(5.33111213,17.250078062,6.212448969));
#6550=CARTESIAN_POINT('',(4.805171804,17.70949657,5.908797181));
#6551=B_SPLINE_CURVE_WITH_KNOTS('',2,(#6548,#6549,#6550),.UNSPECIFIED.,.F.,.F.,(3,3),(0.,1.),.UNSPECIFIED.);
#6552=EDGE_CURVE('',#6326,#6547,#6551,.T.);
#6553=ORIENTED_EDGE('',*,*,#6552,.T.);
#6554=CARTESIAN_POINT('',(4.249983517,20.135214757,5.588259074));
#6555=VERTEX_POINT('',#6554);
#6556=CARTESIAN_POINT('',(4.805171804,17.70949657,5.908797181));
#6557=CARTESIAN_POINT('',(4.566179263,17.915287485,5.770814773));
#6558=CARTESIAN_POINT('',(4.404682863,18.203238039,5.677574783));
#6559=CARTESIAN_POINT('',(4.246058783,18.486067205,5.585993127));
#6560=CARTESIAN_POINT('',(4.177037763,18.823891405,5.546143823));
#6561=CARTESIAN_POINT('',(4.111905701,19.142681055,5.50853981));
#6562=CARTESIAN_POINT('',(4.133519692,19.488831492,5.521018653));
#6563=CARTESIAN_POINT('',(4.153936318,19.815805992,5.532806197));
#6564=CARTESIAN_POINT('',(4.249983517,20.135214757,5.588259074));
#6565=B_SPLINE_CURVE_WITH_KNOTS('',2,(#6556,#6557,#6558,#6559,#6560,#6561,#6562,#6563,#6564),.UNSPECIFIED.,.F.,.F.,(3,2,2,2,3),(0.,0.25,0.5,0.75,1.),.UNSPECIFIED.);
#6566=EDGE_CURVE('',#6547,#6555,#6565,.T.);
#6567=ORIENTED_EDGE('',*,*,#6566,.T.);
#6568=CARTESIAN_POINT('',(2.957662825,26.519936684,4.842137375));
#6569=VERTEX_POINT('',#6568);
#6570=CARTESIAN_POINT('',(4.249983517,20.135214757,5.588259074));
#6571=CARTESIAN_POINT('',(4.471998051,20.966067066,5.716439225));
#6572=CARTESIAN_POINT('',(4.493952206,21.81631585,5.729114462));
#6573=CARTESIAN_POINT('',(4.515961735,22.668709182,5.74182167));
#6574=CARTESIAN_POINT('',(4.335427465,23.510009416,5.63759016));
#6575=CARTESIAN_POINT('',(4.161508118,24.320483719,5.537177778));
#6576=CARTESIAN_POINT('',(3.798741243,25.102339401,5.327734226));
#6577=CARTESIAN_POINT('',(3.453308694,25.846835166,5.12829865));
#6578=CARTESIAN_POINT('',(2.957662825,26.519936684,4.842137375));
#6579=B_SPLINE_CURVE_WITH_KNOTS('',2,(#6570,#6571,#6572,#6573,#6574,#6575,#6576,#6577,#6578),.UNSPECIFIED.,.F.,.F.,(3,2,2,2,3),(0.,0.25,0.5,0.75,1.),.UNSPECIFIED.);
#6580=EDGE_CURVE('',#6555,#6569,#6579,.T.);
#6581=ORIENTED_EDGE('',*,*,#6580,.T.);
#6582=CARTESIAN_POINT('',(1.900263687,27.483530484,4.231647697));
#6583=VERTEX_POINT('',#6582);
#6584=CARTESIAN_POINT('',(2.957662825,26.519936684,4.842137375));
#6585=CARTESIAN_POINT('',(2.767394984,26.840525385,4.732286185));
#6586=CARTESIAN_POINT('',(2.491573751,27.090857861,4.573040722));
#6587=CARTESIAN_POINT('',(2.219895687,27.337430041,4.416187319));
#6588=CARTESIAN_POINT('',(1.900263687,27.483530484,4.231647697));
#6589=B_SPLINE_CURVE_WITH_KNOTS('',2,(#6584,#6585,#6586,#6587,#6588),.UNSPECIFIED.,.F.,.F.,(3,2,3),(0.,0.5,1.),.UNSPECIFIED.);
#6590=EDGE_CURVE('',#6569,#6583,#6589,.T.);
#6591=ORIENTED_EDGE('',*,*,#6590,.T.);
#6592=CARTESIAN_POINT('',(-0.925602673,27.727159861,2.600132994));
#6593=VERTEX_POINT('',#6592);
#6594=CARTESIAN_POINT('',(1.900263687,27.483530484,4.231647697));
#6595=CARTESIAN_POINT('',(1.218559442,27.717777536,3.838065568));
#6596=CARTESIAN_POINT('',(0.499047281,27.779444226,3.422655028));
#6597=CARTESIAN_POINT('',(-0.216626468,27.840781941,3.009460597));
#6598=CARTESIAN_POINT('',(-0.925602673,27.727159861,2.600132994));
#6599=B_SPLINE_CURVE_WITH_KNOTS('',2,(#6594,#6595,#6596,#6597,#6598),.UNSPECIFIED.,.F.,.F.,(3,2,3),(0.,0.5,1.),.UNSPECIFIED.);
#6600=EDGE_CURVE('',#6583,#6593,#6599,.T.);
#6601=ORIENTED_EDGE('',*,*,#6600,.T.);
#6602=CARTESIAN_POINT('',(-2.149744287,27.220350006,1.893374504));
#6603=VERTEX_POINT('',#6602);
#6604=CARTESIAN_POINT('',(-0.925602673,27.727159861,2.600132994));
#6605=CARTESIAN_POINT('',(-1.25216585,27.710512885,2.411591655));
#6606=CARTESIAN_POINT('',(-1.569303433,27.578829153,2.228492187));
#6607=CARTESIAN_POINT('',(-1.8837515,27.448262177,2.046945511));
#6608=CARTESIAN_POINT('',(-2.149744287,27.220350006,1.893374504));
#6609=B_SPLINE_CURVE_WITH_KNOTS('',2,(#6604,#6605,#6606,#6607,#6608),.UNSPECIFIED.,.F.,.F.,(3,2,3),(0.,0.5,1.),.UNSPECIFIED.);
#6610=EDGE_CURVE('',#6593,#6603,#6609,.T.);
#6611=ORIENTED_EDGE('',*,*,#6610,.T.);
#6612=CARTESIAN_POINT('',(-4.043296237,19.956701671,0.800131776));
#6613=VERTEX_POINT('',#6612);
#6614=CARTESIAN_POINT('',(-2.149744287,27.220350006,1.893374504));
#6615=CARTESIAN_POINT('',(-2.826831479,26.510077693,1.502458031));
#6616=CARTESIAN_POINT('',(-3.307417357,25.70107241,1.224991645));
#6617=CARTESIAN_POINT('',(-3.820675241,24.837067959,0.928662067));
#6618=CARTESIAN_POINT('',(-4.084810722,23.901813668,0.776163376));
#6619=CARTESIAN_POINT('',(-4.360182423,22.926774027,0.61717745));
#6620=CARTESIAN_POINT('',(-4.349506414,21.925732882,0.623341247));
#6621=CARTESIAN_POINT('',(-4.338856903,20.927176312,0.629489745));
#6622=CARTESIAN_POINT('',(-4.043296237,19.956701671,0.800131776));
#6623=B_SPLINE_CURVE_WITH_KNOTS('',2,(#6614,#6615,#6616,#6617,#6618,#6619,#6620,#6621,#6622),.UNSPECIFIED.,.F.,.F.,(3,2,2,2,3),(0.,0.25,0.5,0.75,1.),.UNSPECIFIED.);
#6624=EDGE_CURVE('',#6603,#6613,#6623,.T.);
#6625=ORIENTED_EDGE('',*,*,#6624,.T.);
#6626=CARTESIAN_POINT('',(-4.043296237,19.956701671,0.800131776));
#6627=CARTESIAN_POINT('',(-3.960772441,19.649652146,0.847776911));
#6628=CARTESIAN_POINT('',(-3.948299135,19.337211726,0.854978377));
#6629=CARTESIAN_POINT('',(-3.935183277,19.00867618,0.862550822));
#6630=CARTESIAN_POINT('',(-4.001860669,18.705169146,0.824054612));
#6631=CARTESIAN_POINT('',(-4.071773251,18.386935936,0.783690564));
#6632=CARTESIAN_POINT('',(-4.22412119,18.1171584,0.69573244));
#6633=CARTESIAN_POINT('',(-4.377882835,17.844877476,0.606958113));
#6634=CARTESIAN_POINT('',(-4.603166091,17.645565365,0.476890764));
#6635=B_SPLINE_CURVE_WITH_KNOTS('',2,(#6626,#6627,#6628,#6629,#6630,#6631,#6632,#6633,#6634),.UNSPECIFIED.,.F.,.F.,(3,2,2,2,3),(0.,0.25,0.5,0.75,1.),.UNSPECIFIED.);
#6636=EDGE_CURVE('',#6613,#6485,#6635,.T.);
#6637=ORIENTED_EDGE('',*,*,#6636,.T.);
#6638=EDGE_LOOP('',(#6493,#6501,#6508,#6509,#6510,#6544,#6545,#6553,#6567,#6581,#6591,#6601,#6611,#6625,#6637));
#6639=FACE_BOUND('',#6638,.T.);
#6640=ORIENTED_EDGE('',*,*,#5885,.F.);
#6641=EDGE_LOOP('',(#6640));
#6642=FACE_BOUND('',#6641,.T.);
#6643=ADVANCED_FACE('',(#6639,#6642),#6483,.T.);
#6644=CARTESIAN_POINT('',(0.,0.,6.5));
#6645=DIRECTION('',(0.,0.,-1.));
#6646=DIRECTION('',(-1.,0.,0.));
#6647=AXIS2_PLACEMENT_3D('',#6644,#6645,#6646);
#6648=CONICAL_SURFACE('',#6647,18.,45.);
#6649=ORIENTED_EDGE('',*,*,#6221,.F.);
#6650=CARTESIAN_POINT('',(4.567009593,17.722085868,6.198909756));
#6651=VERTEX_POINT('',#6650);
#6652=CARTESIAN_POINT('',(5.085686473,17.266608717,6.500000459));
#6653=CARTESIAN_POINT('',(4.915518529,17.419708304,6.401217686));
#6654=CARTESIAN_POINT('',(4.742626193,17.57155417,6.300854119));
#6655=CARTESIAN_POINT('',(4.567009593,17.722085868,6.198909756));
#6656=B_SPLINE_CURVE_WITH_KNOTS('',3,(#6652,#6653,#6654,#6655),.UNSPECIFIED.,.F.,.F.,(4,4),(0.,1.),.UNSPECIFIED.);
#6657=EDGE_CURVE('',#6207,#6651,#6656,.T.);
#6658=ORIENTED_EDGE('',*,*,#6657,.T.);
#6659=CARTESIAN_POINT('',(4.567009622,17.72208581,6.198909804));
#6660=CARTESIAN_POINT('',(4.418276631,17.654154839,6.301807691));
#6661=CARTESIAN_POINT('',(4.267875352,17.587770948,6.402303827));
#6662=CARTESIAN_POINT('',(4.115509027,17.523201244,6.5000001));
#6663=B_SPLINE_CURVE_WITH_KNOTS('',3,(#6659,#6660,#6661,#6662),.UNSPECIFIED.,.F.,.F.,(4,4),(0.012984196,0.013579571),.UNSPECIFIED.);
#6664=EDGE_CURVE('',#6651,#6215,#6663,.T.);
#6665=ORIENTED_EDGE('',*,*,#6664,.T.);
#6666=EDGE_LOOP('',(#6649,#6658,#6665));
#6667=FACE_BOUND('',#6666,.T.);
#6668=ADVANCED_FACE('',(#6667),#6648,.T.);
#6669=CARTESIAN_POINT('',(0.,22.,6.5));
#6670=DIRECTION('',(0.,0.,-1.));
#6671=DIRECTION('',(-1.,0.,0.));
#6672=AXIS2_PLACEMENT_3D('',#6669,#6670,#6671);
#6673=CYLINDRICAL_SURFACE('',#6672,6.);
#6674=CARTESIAN_POINT('',(-6.,22.,2.414213562));
#6675=VERTEX_POINT('',#6674);
#6676=CARTESIAN_POINT('',(-6.,22.,4.085786438));
#6677=VERTEX_POINT('',#6676);
#6678=CARTESIAN_POINT('',(-6.,22.,2.414213562));
#6679=DIRECTION('',(-0.,-0.,1.));
#6680=VECTOR('',#6679,1.671572875);
#6681=LINE('',#6678,#6680);
#6682=EDGE_CURVE('',#6675,#6677,#6681,.T.);
#6683=ORIENTED_EDGE('',*,*,#6682,.T.);
#6684=CARTESIAN_POINT('',(0.849857482,27.939506904,4.085786438));
#6685=VERTEX_POINT('',#6684);
#6686=CARTESIAN_POINT('',(0.,22.,4.085786438));
#6687=DIRECTION('',(-0.,-0.,-1.));
#6688=DIRECTION('',(1.,0.,-0.));
#6689=AXIS2_PLACEMENT_3D('',#6686,#6687,#6688);
#6690=CIRCLE('',#6689,6.);
#6691=EDGE_CURVE('',#6677,#6685,#6690,.T.);
#6692=ORIENTED_EDGE('',*,*,#6691,.T.);
#6693=CARTESIAN_POINT('',(-2.041572128,27.641983982,2.414213562));
#6694=VERTEX_POINT('',#6693);
#6695=CARTESIAN_POINT('',(0.848626059,27.939682972,4.085786438));
#6696=CARTESIAN_POINT('',(-0.118871107,28.077913129,3.528521743));
#6697=CARTESIAN_POINT('',(-1.118575023,27.976055132,2.950265924));
#6698=CARTESIAN_POINT('',(-2.042011643,27.641824922,2.414213562));
#6699=B_SPLINE_CURVE_WITH_KNOTS('',3,(#6695,#6696,#6697,#6698),.UNSPECIFIED.,.F.,.F.,(4,4),(0.,1.),.UNSPECIFIED.);
#6700=EDGE_CURVE('',#6685,#6694,#6699,.T.);
#6701=ORIENTED_EDGE('',*,*,#6700,.T.);
#6702=CARTESIAN_POINT('',(0.,22.,2.414213562));
#6703=DIRECTION('',(-0.,-0.,1.));
#6704=DIRECTION('',(-1.,0.,0.));
#6705=AXIS2_PLACEMENT_3D('',#6702,#6703,#6704);
#6706=CIRCLE('',#6705,6.);
#6707=EDGE_CURVE('',#6694,#6675,#6706,.T.);
#6708=ORIENTED_EDGE('',*,*,#6707,.T.);
#6709=EDGE_LOOP('',(#6683,#6692,#6701,#6708));
#6710=FACE_BOUND('',#6709,.T.);
#6711=ADVANCED_FACE('',(#6710),#6673,.T.);
#6712=CARTESIAN_POINT('',(0.,22.,6.5));
#6713=DIRECTION('',(0.,0.,-1.));
#6714=DIRECTION('',(-1.,0.,0.));
#6715=AXIS2_PLACEMENT_3D('',#6712,#6713,#6714);
#6716=CYLINDRICAL_SURFACE('',#6715,2.);
#6717=CARTESIAN_POINT('',(-2.,22.,2.210769515));
#6718=VERTEX_POINT('',#6717);
#6719=CARTESIAN_POINT('',(-2.,22.,6.3));
#6720=VERTEX_POINT('',#6719);
#6721=CARTESIAN_POINT('',(-2.,22.,2.210769515));
#6722=DIRECTION('',(-0.,-0.,1.));
#6723=VECTOR('',#6722,4.089230485);
#6724=LINE('',#6721,#6723);
#6725=EDGE_CURVE('',#6718,#6720,#6724,.T.);
#6726=ORIENTED_EDGE('',*,*,#6725,.F.);
#6727=CARTESIAN_POINT('',(0.,22.,3.365470054));
#6728=DIRECTION('',(-0.5,0.,0.866025404));
#6729=DIRECTION('',(-0.866025404,0.,-0.5));
#6730=AXIS2_PLACEMENT_3D('',#6727,#6728,#6729);
#6731=ELLIPSE('',#6730,2.309401077,2.);
#6732=EDGE_CURVE('',#6718,#6718,#6731,.T.);
#6733=ORIENTED_EDGE('',*,*,#6732,.F.);
#6734=ORIENTED_EDGE('',*,*,#6725,.T.);
#6735=CARTESIAN_POINT('',(2.,22.,6.3));
#6736=VERTEX_POINT('',#6735);
#6737=CARTESIAN_POINT('',(0.,22.,6.3));
#6738=DIRECTION('',(0.,0.,1.));
#6739=DIRECTION('',(1.,0.,-0.));
#6740=AXIS2_PLACEMENT_3D('',#6737,#6738,#6739);
#6741=CIRCLE('',#6740,2.);
#6742=EDGE_CURVE('',#6720,#6736,#6741,.T.);
#6743=ORIENTED_EDGE('',*,*,#6742,.T.);
#6744=CARTESIAN_POINT('',(0.,22.,6.3));
#6745=DIRECTION('',(0.,0.,1.));
#6746=DIRECTION('',(1.,0.,-0.));
#6747=AXIS2_PLACEMENT_3D('',#6744,#6745,#6746);
#6748=CIRCLE('',#6747,2.);
#6749=EDGE_CURVE('',#6736,#6720,#6748,.T.);
#6750=ORIENTED_EDGE('',*,*,#6749,.T.);
#6751=EDGE_LOOP('',(#6726,#6733,#6734,#6743,#6750));
#6752=FACE_BOUND('',#6751,.T.);
#6753=ADVANCED_FACE('',(#6752),#6716,.F.);
#6754=CARTESIAN_POINT('',(0.,22.,6.5));
#6755=DIRECTION('',(0.,0.,-1.));
#6756=DIRECTION('',(-1.,0.,0.));
#6757=AXIS2_PLACEMENT_3D('',#6754,#6755,#6756);
#6758=CONICAL_SURFACE('',#6757,4.,45.);
#6759=CARTESIAN_POINT('',(-5.707106781,22.,4.792893219));
#6760=VERTEX_POINT('',#6759);
#6761=CARTESIAN_POINT('',(-5.707106781,22.,4.792893219));
#6762=DIRECTION('',(0.707106781,-0.,0.707106781));
#6763=VECTOR('',#6762,2.414213562);
#6764=LINE('',#6761,#6763);
#6765=EDGE_CURVE('',#6760,#6254,#6764,.T.);
#6766=ORIENTED_EDGE('',*,*,#6765,.T.);
#6767=ORIENTED_EDGE('',*,*,#6260,.F.);
#6768=CARTESIAN_POINT('',(4.061875893,19.909004893,5.9315105));
#6769=VERTEX_POINT('',#6768);
#6770=CARTESIAN_POINT('',(3.279408062,19.709698282,6.5000001));
#6771=CARTESIAN_POINT('',(3.540326324,19.767640109,6.319261788));
#6772=CARTESIAN_POINT('',(3.801361018,19.834407006,6.128992683));
#6773=CARTESIAN_POINT('',(4.061875892,19.909004901,5.931510505));
#6774=B_SPLINE_CURVE_WITH_KNOTS('',3,(#6770,#6771,#6772,#6773),.UNSPECIFIED.,.F.,.F.,(4,4),(0.012478125,0.013579571),.UNSPECIFIED.);
#6775=EDGE_CURVE('',#6224,#6769,#6774,.T.);
#6776=ORIENTED_EDGE('',*,*,#6775,.T.);
#6777=CARTESIAN_POINT('',(2.122045906,27.297923082,4.792893219));
#6778=VERTEX_POINT('',#6777);
#6779=CARTESIAN_POINT('',(4.061875893,19.909004893,5.9315105));
#6780=CARTESIAN_POINT('',(4.267218394,20.570013547,6.051482343));
#6781=CARTESIAN_POINT('',(4.373757364,21.238413473,6.113659322));
#6782=CARTESIAN_POINT('',(4.381271346,21.923793607,6.11806595));
#6783=CARTESIAN_POINT('',(4.385028337,22.266483674,6.120269264));
#6784=CARTESIAN_POINT('',(4.36330123,22.605771691,6.107906474));
#6785=CARTESIAN_POINT('',(4.317312265,22.942642006,6.080977581));
#6786=CARTESIAN_POINT('',(4.294317782,23.111077164,6.067513134));
#6787=CARTESIAN_POINT('',(4.265216808,23.278911487,6.050407161));
#6788=CARTESIAN_POINT('',(4.229933637,23.446237932,6.029659663));
#6789=CARTESIAN_POINT('',(4.212292052,23.529901155,6.019285914));
#6790=CARTESIAN_POINT('',(4.193102687,23.61343668,6.008001783));
#6791=CARTESIAN_POINT('',(4.172343572,23.696850394,5.99580727));
#6792=CARTESIAN_POINT('',(4.161964015,23.738557252,5.989710014));
#6793=CARTESIAN_POINT('',(4.151191896,23.780233586,5.983385163));
#6794=CARTESIAN_POINT('',(4.140023762,23.82187967,5.976832716));
#6795=CARTESIAN_POINT('',(4.128855627,23.863525755,5.970280269));
#6796=CARTESIAN_POINT('',(4.116238874,23.908800296,5.962883693));
#6797=CARTESIAN_POINT('',(4.10532741,23.946727111,5.956492589));
#6798=CARTESIAN_POINT('',(3.930743993,24.553556142,5.854234929));
#6799=CARTESIAN_POINT('',(3.677031924,25.137886297,5.706139485));
#6800=CARTESIAN_POINT('',(3.346590675,25.698434437,5.512206256));
#6801=CARTESIAN_POINT('',(3.016149425,26.258982578,5.318273028));
#6802=CARTESIAN_POINT('',(2.608081591,26.795675503,5.078502015));
#6803=CARTESIAN_POINT('',(2.121288361,27.298226449,4.792893219));
#6804=B_SPLINE_CURVE_WITH_KNOTS('',3,(#6779,#6780,#6781,#6782,#6783,#6784,#6785,#6786,#6787,#6788,#6789,#6790,#6791,#6792,#6793,#6794,#6795,#6796,#6797,#6798,#6799,#6800,#6801,#6802,#6803),.UNSPECIFIED.,.F.,.F.,(4,3,3,3,3,3,3,3,4),(0.,0.25,0.375,0.4375,0.46875,0.484375,0.5,0.75,1.),.UNSPECIFIED.);
#6805=EDGE_CURVE('',#6769,#6778,#6804,.T.);
#6806=ORIENTED_EDGE('',*,*,#6805,.T.);
#6807=CARTESIAN_POINT('',(0.,22.,4.792893219));
#6808=DIRECTION('',(-0.,-0.,1.));
#6809=DIRECTION('',(-1.,0.,0.));
#6810=AXIS2_PLACEMENT_3D('',#6807,#6808,#6809);
#6811=CIRCLE('',#6810,5.707106781);
#6812=EDGE_CURVE('',#6778,#6760,#6811,.T.);
#6813=ORIENTED_EDGE('',*,*,#6812,.T.);
#6814=EDGE_LOOP('',(#6766,#6767,#6776,#6806,#6813));
#6815=FACE_BOUND('',#6814,.T.);
#6816=ADVANCED_FACE('',(#6815),#6758,.T.);
#6817=CARTESIAN_POINT('',(0.,22.,2.));
#6818=DIRECTION('',(0.,0.,1.));
#6819=DIRECTION('',(1.,0.,-0.));
#6820=AXIS2_PLACEMENT_3D('',#6817,#6818,#6819);
#6821=CONICAL_SURFACE('',#6820,6.,45.);
#6822=CARTESIAN_POINT('',(-5.611981673,20.962344222,1.707106781));
#6823=VERTEX_POINT('',#6822);
#6824=CARTESIAN_POINT('',(-5.707106781,22.,1.707106781));
#6825=VERTEX_POINT('',#6824);
#6826=CARTESIAN_POINT('',(0.,22.,1.707106781));
#6827=DIRECTION('',(-0.,-0.,-1.));
#6828=DIRECTION('',(1.,0.,-0.));
#6829=AXIS2_PLACEMENT_3D('',#6826,#6827,#6828);
#6830=CIRCLE('',#6829,5.707106781);
#6831=EDGE_CURVE('',#6823,#6825,#6830,.T.);
#6832=ORIENTED_EDGE('',*,*,#6831,.T.);
#6833=CARTESIAN_POINT('',(-3.236870218,26.70039775,1.707106781));
#6834=VERTEX_POINT('',#6833);
#6835=CARTESIAN_POINT('',(0.,22.,1.707106781));
#6836=DIRECTION('',(-0.,-0.,-1.));
#6837=DIRECTION('',(1.,0.,-0.));
#6838=AXIS2_PLACEMENT_3D('',#6835,#6836,#6837);
#6839=CIRCLE('',#6838,5.707106781);
#6840=EDGE_CURVE('',#6825,#6834,#6839,.T.);
#6841=ORIENTED_EDGE('',*,*,#6840,.T.);
#6842=CARTESIAN_POINT('',(-4.55953856,20.060959691,0.954721909));
#6843=VERTEX_POINT('',#6842);
#6844=CARTESIAN_POINT('',(-3.236870218,26.70039775,1.707106781));
#6845=CARTESIAN_POINT('',(-3.943286549,25.726067154,1.305298396));
#6846=CARTESIAN_POINT('',(-4.412948207,24.677436447,1.037811698));
#6847=CARTESIAN_POINT('',(-4.646570298,23.570013882,0.904646687));
#6848=CARTESIAN_POINT('',(-4.661171679,23.500799972,0.896323874));
#6849=CARTESIAN_POINT('',(-4.676211581,23.424247542,0.887739228));
#6850=CARTESIAN_POINT('',(-4.689398097,23.351282492,0.880206848));
#6851=CARTESIAN_POINT('',(-4.702584613,23.278317442,0.872674469));
#6852=CARTESIAN_POINT('',(-4.714686233,23.205296994,0.865756322));
#6853=CARTESIAN_POINT('',(-4.725712885,23.13221705,0.859452409));
#6854=CARTESIAN_POINT('',(-4.747766189,22.986057162,0.846844583));
#6855=CARTESIAN_POINT('',(-4.765523588,22.839660199,0.83669369));
#6856=CARTESIAN_POINT('',(-4.779018655,22.69297842,0.82899973));
#6857=CARTESIAN_POINT('',(-4.806008789,22.399614862,0.81361181));
#6858=CARTESIAN_POINT('',(-4.816017681,22.105105263,0.808051623));
#6859=CARTESIAN_POINT('',(-4.808527512,21.8090054,0.812319167));
#6860=CARTESIAN_POINT('',(-4.793547172,21.216805676,0.820854257));
#6861=CARTESIAN_POINT('',(-4.710542262,20.637048872,0.868199364));
#6862=CARTESIAN_POINT('',(-4.559188556,20.060846339,0.954444188));
#6863=B_SPLINE_CURVE_WITH_KNOTS('',3,(#6844,#6845,#6846,#6847,#6848,#6849,#6850,#6851,#6852,#6853,#6854,#6855,#6856,#6857,#6858,#6859,#6860,#6861,#6862),.UNSPECIFIED.,.F.,.F.,(4,3,3,3,3,3,4),(0.,0.5,0.53125,0.5625,0.625,0.75,1.),.UNSPECIFIED.);
#6864=EDGE_CURVE('',#6834,#6843,#6863,.T.);
#6865=ORIENTED_EDGE('',*,*,#6864,.T.);
#6866=CARTESIAN_POINT('',(-5.547209629,20.414533919,1.769335955));
#6867=VERTEX_POINT('',#6866);
#6868=CARTESIAN_POINT('',(-4.55953856,20.060959703,0.954721905));
#6869=CARTESIAN_POINT('',(-4.892445514,20.168779161,1.218881195));
#6870=CARTESIAN_POINT('',(-5.221614295,20.287439209,1.49120274));
#6871=CARTESIAN_POINT('',(-5.547208712,20.414540248,1.769333334));
#6872=B_SPLINE_CURVE_WITH_KNOTS('',3,(#6868,#6869,#6870,#6871),.UNSPECIFIED.,.F.,.F.,(4,4),(0.010358871,0.011775263),.UNSPECIFIED.);
#6873=EDGE_CURVE('',#6843,#6867,#6872,.T.);
#6874=ORIENTED_EDGE('',*,*,#6873,.T.);
#6875=CARTESIAN_POINT('',(-5.547209629,20.414533919,1.769335955));
#6876=CARTESIAN_POINT('',(-5.556501315,20.594712697,1.72875513));
#6877=CARTESIAN_POINT('',(-5.577795799,20.777455841,1.707106781));
#6878=CARTESIAN_POINT('',(-5.611981673,20.962344222,1.707106781));
#6879=B_SPLINE_CURVE_WITH_KNOTS('',3,(#6875,#6876,#6877,#6878),.UNSPECIFIED.,.F.,.F.,(4,4),(0.,0.000488553),.UNSPECIFIED.);
#6880=EDGE_CURVE('',#6867,#6823,#6879,.T.);
#6881=ORIENTED_EDGE('',*,*,#6880,.T.);
#6882=EDGE_LOOP('',(#6832,#6841,#6865,#6874,#6881));
#6883=FACE_BOUND('',#6882,.T.);
#6884=ADVANCED_FACE('',(#6883),#6821,.T.);
#6885=CARTESIAN_POINT('',(4.943213145,17.898724477,5.931218232));
#6886=CARTESIAN_POINT('',(4.826335947,18.024230749,5.841354403));
#6887=CARTESIAN_POINT('',(4.714801923,18.169019072,5.771520449));
#6888=CARTESIAN_POINT('',(4.511710355,18.485100029,5.677728893));
#6889=CARTESIAN_POINT('',(4.420176797,18.656355337,5.653782366));
#6890=CARTESIAN_POINT('',(4.264758343,19.011031309,5.653782366));
#6891=CARTESIAN_POINT('',(4.200891803,19.194410087,5.677728893));
#6892=CARTESIAN_POINT('',(4.106163803,19.557975097,5.771520449));
#6893=CARTESIAN_POINT('',(4.075313532,19.738118394,5.841354403));
#6894=CARTESIAN_POINT('',(4.062261811,19.909120135,5.931218232));
#6895=CARTESIAN_POINT('',(4.885512697,17.870912896,5.973386205));
#6896=CARTESIAN_POINT('',(4.768560466,17.997139749,5.882468722));
#6897=CARTESIAN_POINT('',(4.656957107,18.142863132,5.811790019));
#6898=CARTESIAN_POINT('',(4.453838896,18.461042033,5.71685661));
#6899=CARTESIAN_POINT('',(4.362348528,18.633459205,5.692613343));
#6900=CARTESIAN_POINT('',(4.207203723,18.990442137,5.692613343));
#6901=CARTESIAN_POINT('',(4.143567989,19.174964874,5.71685661));
#6902=CARTESIAN_POINT('',(4.049524657,19.540547397,5.811790019));
#6903=CARTESIAN_POINT('',(4.019128397,19.721563121,5.882468721));
#6904=CARTESIAN_POINT('',(4.006636575,19.893187979,5.973386205));
#6905=CARTESIAN_POINT('',(4.82758287,17.843313724,6.015222737));
#6906=CARTESIAN_POINT('',(4.710577803,17.97027382,5.923227562));
#6907=CARTESIAN_POINT('',(4.598926109,18.1169491,5.851684016));
#6908=CARTESIAN_POINT('',(4.395821018,18.437261936,5.755581355));
#6909=CARTESIAN_POINT('',(4.304392615,18.61086008,5.731034063));
#6910=CARTESIAN_POINT('',(4.149556546,18.970183205,5.731034063));
#6911=CARTESIAN_POINT('',(4.086167935,19.155863974,5.755581355));
#6912=CARTESIAN_POINT('',(3.992838494,19.523480135,5.851684016));
#6913=CARTESIAN_POINT('',(3.962909151,19.705370294,5.923227562));
#6914=CARTESIAN_POINT('',(3.950987553,19.877611625,6.015222737));
#6915=CARTESIAN_POINT('',(4.479417271,17.679475097,6.263523803));
#6916=CARTESIAN_POINT('',(4.362244965,17.810902563,6.164928255));
#6917=CARTESIAN_POINT('',(4.250444972,17.963379634,6.088082539));
#6918=CARTESIAN_POINT('',(4.047683751,18.296686736,5.984809917));
#6919=CARTESIAN_POINT('',(3.956750646,18.477470685,5.958397255));
#6920=CARTESIAN_POINT('',(3.803991823,18.85100231,5.958397255));
#6921=CARTESIAN_POINT('',(3.742187312,19.043698337,5.984809917));
#6922=CARTESIAN_POINT('',(3.653314373,19.423577557,6.08808254));
#6923=CARTESIAN_POINT('',(3.626258317,19.6107082,6.164928256));
#6924=CARTESIAN_POINT('',(3.617809416,19.786591249,6.263523804));
#6925=CARTESIAN_POINT('',(4.183439532,17.548545997,6.461717255));
#6926=CARTESIAN_POINT('',(4.066735558,17.684024634,6.356995141));
#6927=CARTESIAN_POINT('',(3.955386857,17.841772264,6.275205958));
#6928=CARTESIAN_POINT('',(3.753996474,18.186834782,6.165242202));
#6929=CARTESIAN_POINT('',(3.663985849,18.37409679,6.137084418));
#6930=CARTESIAN_POINT('',(3.513902473,18.760311338,6.137084417));
#6931=CARTESIAN_POINT('',(3.453852895,18.959204677,6.165242201));
#6932=CARTESIAN_POINT('',(3.369460434,19.349683889,6.275205956));
#6933=CARTESIAN_POINT('',(3.345130634,19.541209857,6.356995138));
#6934=CARTESIAN_POINT('',(3.339831727,19.719926907,6.461717251));
#6935=CARTESIAN_POINT('',(3.751849945,17.37359516,6.726272306));
#6936=CARTESIAN_POINT('',(3.637507335,17.515322953,6.611873883));
#6937=CARTESIAN_POINT('',(3.528409595,17.681198294,6.522226554));
#6938=CARTESIAN_POINT('',(3.331880543,18.044258103,6.401611933));
#6939=CARTESIAN_POINT('',(3.244484498,18.241377478,6.370666256));
#6940=CARTESIAN_POINT('',(3.10038331,18.646609877,6.370666257));
#6941=CARTESIAN_POINT('',(3.043704032,18.854650245,6.401611934));
#6942=CARTESIAN_POINT('',(2.96689611,19.260274896,6.522226555));
#6943=CARTESIAN_POINT('',(2.946781263,19.457786443,6.611873885));
#6944=CARTESIAN_POINT('',(2.945987091,19.639883244,6.726272308));
#6945=CARTESIAN_POINT('',(3.62305461,17.323294547,6.802298924));
#6946=CARTESIAN_POINT('',(3.509617183,17.46693058,6.684919618));
#6947=CARTESIAN_POINT('',(3.401381407,17.635287456,6.592845752));
#6948=CARTESIAN_POINT('',(3.206645438,18.003826839,6.468940566));
#6949=CARTESIAN_POINT('',(3.12018177,18.203940322,6.437132439));
#6950=CARTESIAN_POINT('',(2.978116244,18.614915962,6.43713244));
#6951=CARTESIAN_POINT('',(2.922541038,18.825701143,6.468940567));
#6952=CARTESIAN_POINT('',(2.848125648,19.235809612,6.592845753));
#6953=CARTESIAN_POINT('',(2.829299434,19.435056074,6.684919619));
#6954=CARTESIAN_POINT('',(2.829841271,19.6180691,6.802298926));
#6955=CARTESIAN_POINT('',(3.492557259,17.274552941,6.875937499));
#6956=CARTESIAN_POINT('',(3.380305871,17.420152245,6.755466137));
#6957=CARTESIAN_POINT('',(3.273199156,17.591060679,6.660868603));
#6958=CARTESIAN_POINT('',(3.080731763,17.965215871,6.533539204));
#6959=CARTESIAN_POINT('',(2.995408802,18.168389324,6.500832284));
#6960=CARTESIAN_POINT('',(2.85571081,18.585196958,6.500832284));
#6961=CARTESIAN_POINT('',(2.801363154,18.798749477,6.533539204));
#6962=CARTESIAN_POINT('',(2.729483476,19.213310774,6.660868604));
#6963=CARTESIAN_POINT('',(2.711965536,19.414238331,6.755466138));
#6964=CARTESIAN_POINT('',(2.713806095,19.598067398,6.8759375));
#6965=B_SPLINE_SURFACE_WITH_KNOTS('',3,3,((#6885,#6886,#6887,#6888,#6889,#6890,#6891,#6892,#6893,#6894),(#6895,#6896,#6897,#6898,#6899,#6900,#6901,#6902,#6903,#6904),(#6905,#6906,#6907,#6908,#6909,#6910,#6911,#6912,#6913,#6914),(#6915,#6916,#6917,#6918,#6919,#6920,#6921,#6922,#6923,#6924),(#6925,#6926,#6927,#6928,#6929,#6930,#6931,#6932,#6933,#6934),(#6935,#6936,#6937,#6938,#6939,#6940,#6941,#6942,#6943,#6944),(#6945,#6946,#6947,#6948,#6949,#6950,#6951,#6952,#6953,#6954),(#6955,#6956,#6957,#6958,#6959,#6960,#6961,#6962,#6963,#6964)),.UNSPECIFIED.,.F.,.F.,.U.,(4,2,2,4),(4,2,2,2,4),(0.01247763,0.01271274,0.013885267,0.014376109),(0.,0.25,0.5,0.75,1.),.UNSPECIFIED.);
#6966=ORIENTED_EDGE('',*,*,#6664,.F.);
#6967=CARTESIAN_POINT('',(4.56701713,17.722079311,6.198919427));
#6968=CARTESIAN_POINT('',(4.281142546,17.97014998,6.030036202));
#6969=CARTESIAN_POINT('',(4.081512898,18.333976087,5.916130712));
#6970=CARTESIAN_POINT('',(3.999626715,18.727148915,5.874536499));
#6971=CARTESIAN_POINT('',(3.994508829,18.751722217,5.871936861));
#6972=CARTESIAN_POINT('',(3.991243274,18.769073678,5.870288059));
#6973=CARTESIAN_POINT('',(3.987487343,18.79049844,5.868407485));
#6974=CARTESIAN_POINT('',(3.983731412,18.811923202,5.86652691));
#6975=CARTESIAN_POINT('',(3.980269997,18.833652635,5.864813252));
#6976=CARTESIAN_POINT('',(3.977115485,18.855674921,5.863279451));
#6977=CARTESIAN_POINT('',(3.97080646,18.899719493,5.860211848));
#6978=CARTESIAN_POINT('',(3.965724626,18.944936536,5.857864268));
#6979=CARTESIAN_POINT('',(3.961974055,18.991218722,5.856333477));
#6980=CARTESIAN_POINT('',(3.954472914,19.083783092,5.853271895));
#6981=CARTESIAN_POINT('',(3.952290358,19.180623921,5.853488599));
#6982=CARTESIAN_POINT('',(3.956337907,19.280684737,5.857634908));
#6983=CARTESIAN_POINT('',(3.964433005,19.480806368,5.865927524));
#6984=CARTESIAN_POINT('',(3.997525882,19.693959555,5.890310214));
#6985=CARTESIAN_POINT('',(4.062261811,19.909120135,5.931218232));
#6986=B_SPLINE_CURVE_WITH_KNOTS('',3,(#6967,#6968,#6969,#6970,#6971,#6972,#6973,#6974,#6975,#6976,#6977,#6978,#6979,#6980,#6981,#6982,#6983,#6984,#6985),.UNSPECIFIED.,.F.,.F.,(4,3,3,3,3,3,4),(0.,0.5,0.53125,0.5625,0.625,0.75,1.),.UNSPECIFIED.);
#6987=EDGE_CURVE('',#6651,#6769,#6986,.T.);
#6988=ORIENTED_EDGE('',*,*,#6987,.T.);
#6989=ORIENTED_EDGE('',*,*,#6775,.F.);
#6990=ORIENTED_EDGE('',*,*,#6251,.F.);
#6991=EDGE_LOOP('',(#6966,#6988,#6989,#6990));
#6992=FACE_BOUND('',#6991,.T.);
#6993=ADVANCED_FACE('',(#6992),#6965,.F.);
#6994=CARTESIAN_POINT('',(-5.564115434,20.421138008,4.716220725));
#6995=CARTESIAN_POINT('',(-5.58965399,20.267780388,4.649789238));
#6996=CARTESIAN_POINT('',(-5.629851858,20.11027352,4.598601799));
#6997=CARTESIAN_POINT('',(-5.737005559,19.796994189,4.529975433));
#6998=CARTESIAN_POINT('',(-5.803954027,19.641243255,4.512541222));
#6999=CARTESIAN_POINT('',(-5.960329573,19.341439826,4.512541222));
#7000=CARTESIAN_POINT('',(-6.049745904,19.197407934,4.529975433));
#7001=CARTESIAN_POINT('',(-6.245339897,18.930258259,4.598601799));
#7002=CARTESIAN_POINT('',(-6.351504117,18.807158835,4.649789238));
#7003=CARTESIAN_POINT('',(-6.462654259,18.698455387,4.716220725));
#7004=CARTESIAN_POINT('',(-5.455400961,20.378586837,4.809188652));
#7005=CARTESIAN_POINT('',(-5.480226979,20.223942778,4.741375199));
#7006=CARTESIAN_POINT('',(-5.519940788,20.064891612,4.68909648));
#7007=CARTESIAN_POINT('',(-5.626566118,19.748294741,4.6189997));
#7008=CARTESIAN_POINT('',(-5.693470031,19.590771609,4.601186636));
#7009=CARTESIAN_POINT('',(-5.85011852,19.287496134,4.601186636));
#7010=CARTESIAN_POINT('',(-5.939851924,19.141765414,4.6189997));
#7011=CARTESIAN_POINT('',(-6.136314145,18.871573,4.68909648));
#7012=CARTESIAN_POINT('',(-6.243028952,18.747130568,4.741375199));
#7013=CARTESIAN_POINT('',(-6.354765143,18.637378882,4.809188652));
#7014=CARTESIAN_POINT('',(-5.346299207,20.33698373,4.901492371));
#7015=CARTESIAN_POINT('',(-5.370370755,20.181042756,4.832233418));
#7016=CARTESIAN_POINT('',(-5.409561731,20.020417649,4.778811694));
#7017=CARTESIAN_POINT('',(-5.515589786,19.700420558,4.707174371));
#7018=CARTESIAN_POINT('',(-5.582419004,19.541072278,4.688964077));
#7019=CARTESIAN_POINT('',(-5.739287713,19.234212829,4.688964077));
#7020=CARTESIAN_POINT('',(-5.829315579,19.08672439,4.707174371));
#7021=CARTESIAN_POINT('',(-6.026604391,18.813382352,4.778811694));
#7022=CARTESIAN_POINT('',(-6.133850719,18.687549,4.832233417));
#7023=CARTESIAN_POINT('',(-6.246152753,18.576713579,4.901492371));
#7024=CARTESIAN_POINT('',(-4.939125341,20.186090917,5.242013696));
#7025=CARTESIAN_POINT('',(-4.9602237,20.025300826,5.167117727));
#7026=CARTESIAN_POINT('',(-4.99731112,19.858714983,5.109231751));
#7027=CARTESIAN_POINT('',(-5.100827147,19.525756467,5.031575569));
#7028=CARTESIAN_POINT('',(-5.167246919,19.359412091,5.011811943));
#7029=CARTESIAN_POINT('',(-5.32469614,19.038777981,5.011811943));
#7030=CARTESIAN_POINT('',(-5.415712176,18.884515488,5.031575569));
#7031=CARTESIAN_POINT('',(-5.615871641,18.599027811,5.109231752));
#7032=CARTESIAN_POINT('',(-5.724998032,18.467826882,5.167117727));
#7033=CARTESIAN_POINT('',(-5.839301993,18.352816606,5.242013696));
#7034=CARTESIAN_POINT('',(-4.638519688,20.083354043,5.48558957));
#7035=CARTESIAN_POINT('',(-4.657106579,19.918962977,5.406051952));
#7036=CARTESIAN_POINT('',(-4.69233691,19.747801716,5.344477186));
#7037=CARTESIAN_POINT('',(-4.793437279,19.404731039,5.261844052));
#7038=CARTESIAN_POINT('',(-4.859297688,19.232854034,5.240793453));
#7039=CARTESIAN_POINT('',(-5.016704405,18.901256897,5.240793453));
#7040=CARTESIAN_POINT('',(-5.108235772,18.741568071,5.261844052));
#7041=CARTESIAN_POINT('',(-5.310102908,18.446337651,5.344477186));
#7042=CARTESIAN_POINT('',(-5.42041954,18.310823929,5.406051952));
#7043=CARTESIAN_POINT('',(-5.535991725,18.192473332,5.48558957));
#7044=CARTESIAN_POINT('',(-4.031346846,19.896785669,5.957953846));
#7045=CARTESIAN_POINT('',(-4.044192328,19.725384199,5.867726285));
#7046=CARTESIAN_POINT('',(-4.074914431,19.544781691,5.797607817));
#7047=CARTESIAN_POINT('',(-4.169533005,19.180255986,5.703433694));
#7048=CARTESIAN_POINT('',(-4.233418206,18.996375931,5.679389149));
#7049=CARTESIAN_POINT('',(-4.388993999,18.640731264,5.679389149));
#7050=CARTESIAN_POINT('',(-4.480666113,18.469008724,5.703433694));
#7051=CARTESIAN_POINT('',(-4.684113418,18.152096393,5.797607817));
#7052=CARTESIAN_POINT('',(-4.795864469,18.00694409,5.867726285));
#7053=CARTESIAN_POINT('',(-4.91297215,17.881153948,5.957953846));
#7054=CARTESIAN_POINT('',(-3.724792494,19.812989885,6.186798366));
#7055=CARTESIAN_POINT('',(-3.734394044,19.638174679,6.090516472));
#7056=CARTESIAN_POINT('',(-3.762455863,19.452700084,6.015538448));
#7057=CARTESIAN_POINT('',(-3.85300046,19.076817549,5.914794092));
#7058=CARTESIAN_POINT('',(-3.91547111,18.88645937,5.889041018));
#7059=CARTESIAN_POINT('',(-4.069270126,18.51771538,5.889041066));
#7060=CARTESIAN_POINT('',(-4.160577987,18.339378337,5.914794189));
#7061=CARTESIAN_POINT('',(-4.363924294,18.010514692,6.015538638));
#7062=CARTESIAN_POINT('',(-4.475935674,17.860031573,6.090516706));
#7063=CARTESIAN_POINT('',(-4.593327495,17.730138733,6.18679864));
#7064=CARTESIAN_POINT('',(-3.260565208,19.704518744,6.514128814));
#7065=CARTESIAN_POINT('',(-3.26496313,19.525157303,6.407410591));
#7066=CARTESIAN_POINT('',(-3.288431283,19.332442897,6.323997807));
#7067=CARTESIAN_POINT('',(-3.371237028,18.93891667,6.211832688));
#7068=CARTESIAN_POINT('',(-3.430561412,18.73816746,6.183098179));
#7069=CARTESIAN_POINT('',(-3.579319994,18.348078637,6.183098154));
#7070=CARTESIAN_POINT('',(-3.66873049,18.158801077,6.211832639));
#7071=CARTESIAN_POINT('',(-3.868975672,17.810052861,6.323997712));
#7072=CARTESIAN_POINT('',(-3.979778462,17.650637681,6.407410474));
#7073=CARTESIAN_POINT('',(-4.09590947,17.513876671,6.514128678));
#7074=CARTESIAN_POINT('',(-3.105089362,19.671226453,6.620556222));
#7075=CARTESIAN_POINT('',(-3.107700727,19.49044846,6.510134231));
#7076=CARTESIAN_POINT('',(-3.129539509,19.295335326,6.423719458));
#7077=CARTESIAN_POINT('',(-3.209495379,18.895832201,6.307487167));
#7078=CARTESIAN_POINT('',(-3.267598935,18.691509594,6.277689227));
#7079=CARTESIAN_POINT('',(-3.41427571,18.294027507,6.277689227));
#7080=CARTESIAN_POINT('',(-3.502824137,18.100935053,6.307487167));
#7081=CARTESIAN_POINT('',(-3.701533049,17.745234968,6.423719459));
#7082=CARTESIAN_POINT('',(-3.811659961,17.582687315,6.510134233));
#7083=CARTESIAN_POINT('',(-3.927082689,17.443518334,6.620556224));
#7084=CARTESIAN_POINT('',(-2.870677905,19.625919802,6.775302541));
#7085=CARTESIAN_POINT('',(-2.870613023,19.443238939,6.658962463));
#7086=CARTESIAN_POINT('',(-2.889892585,19.244608648,6.56773391));
#7087=CARTESIAN_POINT('',(-2.965136456,18.836082374,6.444974841));
#7088=CARTESIAN_POINT('',(-3.021086863,18.626261807,6.413466979));
#7089=CARTESIAN_POINT('',(-3.163831088,18.217300507,6.413466979));
#7090=CARTESIAN_POINT('',(-3.250598542,18.018235265,6.444974841));
#7091=CARTESIAN_POINT('',(-3.445909329,17.651612732,6.56773391));
#7092=CARTESIAN_POINT('',(-3.554416592,17.484123114,6.658962462));
#7093=CARTESIAN_POINT('',(-3.668139132,17.341153836,6.77530254));
#7094=CARTESIAN_POINT('',(-2.792202013,19.61157354,6.826145345));
#7095=CARTESIAN_POINT('',(-2.7912443,19.428295307,6.707767766));
#7096=CARTESIAN_POINT('',(-2.809649918,19.228504694,6.614879183));
#7097=CARTESIAN_POINT('',(-2.883246453,18.816956357,6.489868568));
#7098=CARTESIAN_POINT('',(-2.938423365,18.605276877,6.457770296));
#7099=CARTESIAN_POINT('',(-3.079717186,18.192417011,6.457770296));
#7100=CARTESIAN_POINT('',(-3.165807217,17.991315113,6.489868568));
#7101=CARTESIAN_POINT('',(-3.359797806,17.62096185,6.614879182));
#7102=CARTESIAN_POINT('',(-3.467661466,17.45178089,6.707767766));
#7103=CARTESIAN_POINT('',(-3.580708077,17.307510742,6.826145344));
#7104=CARTESIAN_POINT('',(-2.713812643,19.598058218,6.875887404));
#7105=CARTESIAN_POINT('',(-2.711978482,19.414228462,6.755421959));
#7106=CARTESIAN_POINT('',(-2.72950097,19.213302291,6.660829324));
#7107=CARTESIAN_POINT('',(-2.801385266,18.798746553,6.53350659));
#7108=CARTESIAN_POINT('',(-2.855732994,18.585198197,6.500801433));
#7109=CARTESIAN_POINT('',(-2.995427058,18.168399938,6.500801433));
#7110=CARTESIAN_POINT('',(-3.080746029,17.965231685,6.53350659));
#7111=CARTESIAN_POINT('',(-3.273202823,17.591086192,6.660829324));
#7112=CARTESIAN_POINT('',(-3.380302944,17.420182247,6.755421958));
#7113=CARTESIAN_POINT('',(-3.492547498,17.274586364,6.875887403));
#7114=B_SPLINE_SURFACE_WITH_KNOTS('',3,3,((#6994,#6995,#6996,#6997,#6998,#6999,#7000,#7001,#7002,#7003),(#7004,#7005,#7006,#7007,#7008,#7009,#7010,#7011,#7012,#7013),(#7014,#7015,#7016,#7017,#7018,#7019,#7020,#7021,#7022,#7023),(#7024,#7025,#7026,#7027,#7028,#7029,#7030,#7031,#7032,#7033),(#7034,#7035,#7036,#7037,#7038,#7039,#7040,#7041,#7042,#7043),(#7044,#7045,#7046,#7047,#7048,#7049,#7050,#7051,#7052,#7053),(#7054,#7055,#7056,#7057,#7058,#7059,#7060,#7061,#7062,#7063),(#7064,#7065,#7066,#7067,#7068,#7069,#7070,#7071,#7072,#7073),(#7074,#7075,#7076,#7077,#7078,#7079,#7080,#7081,#7082,#7083),(#7084,#7085,#7086,#7087,#7088,#7089,#7090,#7091,#7092,#7093),(#7094,#7095,#7096,#7097,#7098,#7099,#7100,#7101,#7102,#7103),(#7104,#7105,#7106,#7107,#7108,#7109,#7110,#7111,#7112,#7113)),.UNSPECIFIED.,.F.,.F.,.U.,(4,2,2,2,2,4),(4,2,2,2,4),(0.013685389,0.014158864,0.015446034,0.016733203,0.017376788,0.017698873),(0.,0.25,0.5,0.75,1.),.UNSPECIFIED.);
#7115=CARTESIAN_POINT('',(-5.547209629,20.414533919,4.730664045));
#7116=VERTEX_POINT('',#7115);
#7117=CARTESIAN_POINT('',(-5.547209606,20.414533887,4.730664059));
#7118=CARTESIAN_POINT('',(-5.17838578,20.270557981,5.045721833));
#7119=CARTESIAN_POINT('',(-4.805071316,20.137448797,5.353277162));
#7120=CARTESIAN_POINT('',(-4.427106586,20.018710063,5.649764693));
#7121=CARTESIAN_POINT('',(-4.049141855,19.899971329,5.946252223));
#7122=CARTESIAN_POINT('',(-3.666555249,19.795676021,6.231824691));
#7123=CARTESIAN_POINT('',(-3.279409357,19.709702543,6.500001479));
#7124=B_SPLINE_CURVE_WITH_KNOTS('',3,(#7117,#7118,#7119,#7120,#7121,#7122,#7123),.UNSPECIFIED.,.F.,.F.,(4,3,4),(0.01370993,0.015315636,0.016921343),.UNSPECIFIED.);
#7125=EDGE_CURVE('',#7116,#6263,#7124,.T.);
#7126=ORIENTED_EDGE('',*,*,#7125,.F.);
#7127=CARTESIAN_POINT('',(-5.547209528,20.414533903,4.730664138));
#7128=CARTESIAN_POINT('',(-5.527865735,20.239178469,4.701073887));
#7129=CARTESIAN_POINT('',(-5.533302546,20.063629417,4.677582626));
#7130=CARTESIAN_POINT('',(-5.564065002,19.895351195,4.661399622));
#7131=CARTESIAN_POINT('',(-5.594827458,19.727072973,4.645216619));
#7132=CARTESIAN_POINT('',(-5.652152686,19.562105219,4.636092754));
#7133=CARTESIAN_POINT('',(-5.732579833,19.412103073,4.634865705));
#7134=CARTESIAN_POINT('',(-5.772793406,19.337101999,4.634252181));
#7135=CARTESIAN_POINT('',(-5.818720281,19.265455914,4.635543365));
#7136=CARTESIAN_POINT('',(-5.870345212,19.197161034,4.638741475));
#7137=CARTESIAN_POINT('',(-5.921970143,19.128866154,4.641939585));
#7138=CARTESIAN_POINT('',(-5.979811939,19.063493584,4.647114775));
#7139=CARTESIAN_POINT('',(-6.0417573,19.003286786,4.654060547));
#7140=CARTESIAN_POINT('',(-6.165648022,18.88287319,4.667952092));
#7141=CARTESIAN_POINT('',(-6.30624049,18.781545012,4.688778716));
#7142=CARTESIAN_POINT('',(-6.462645764,18.698460213,4.716213593));
#7143=B_SPLINE_CURVE_WITH_KNOTS('',3,(#7127,#7128,#7129,#7130,#7131,#7132,#7133,#7134,#7135,#7136,#7137,#7138,#7139,#7140,#7141,#7142),.UNSPECIFIED.,.F.,.F.,(4,3,3,3,3,4),(0.,0.000765595,0.001531191,0.001913989,0.002296786,0.003062382),.UNSPECIFIED.);
#7144=EDGE_CURVE('',#7116,#6356,#7143,.T.);
#7145=ORIENTED_EDGE('',*,*,#7144,.T.);
#7146=ORIENTED_EDGE('',*,*,#6365,.F.);
#7147=ORIENTED_EDGE('',*,*,#6305,.F.);
#7148=EDGE_LOOP('',(#7126,#7145,#7146,#7147));
#7149=FACE_BOUND('',#7148,.T.);
#7150=ADVANCED_FACE('',(#7149),#7114,.F.);
#7151=CARTESIAN_POINT('',(-7.866657328,20.545454545,4.9));
#7152=DIRECTION('',(0.,0.,-1.));
#7153=DIRECTION('',(-1.,0.,0.));
#7154=AXIS2_PLACEMENT_3D('',#7151,#7152,#7153);
#7155=CYLINDRICAL_SURFACE('',#7154,2.);
#7156=CARTESIAN_POINT('',(-5.899992996,20.909090909,2.414213562));
#7157=VERTEX_POINT('',#7156);
#7158=CARTESIAN_POINT('',(-5.899992996,20.909090909,4.085786438));
#7159=VERTEX_POINT('',#7158);
#7160=CARTESIAN_POINT('',(-5.899992996,20.909090909,2.414213562));
#7161=DIRECTION('',(-0.,-0.,1.));
#7162=VECTOR('',#7161,1.671572875);
#7163=LINE('',#7160,#7162);
#7164=EDGE_CURVE('',#7157,#7159,#7163,.T.);
#7165=ORIENTED_EDGE('',*,*,#7164,.F.);
#7166=CARTESIAN_POINT('',(-5.867103978,20.587720384,2.476442736));
#7167=VERTEX_POINT('',#7166);
#7168=CARTESIAN_POINT('',(-5.899992996,20.909090909,2.414213562));
#7169=CARTESIAN_POINT('',(-5.880026152,20.801103688,2.414213562));
#7170=CARTESIAN_POINT('',(-5.869351084,20.694028622,2.435861911));
#7171=CARTESIAN_POINT('',(-5.867103978,20.587720384,2.476442736));
#7172=B_SPLINE_CURVE_WITH_KNOTS('',3,(#7168,#7169,#7170,#7171),.UNSPECIFIED.,.F.,.F.,(4,4),(0.,0.000488553),.UNSPECIFIED.);
#7173=EDGE_CURVE('',#7157,#7167,#7172,.T.);
#7174=ORIENTED_EDGE('',*,*,#7173,.T.);
#7175=CARTESIAN_POINT('',(-6.776658898,18.868581437,2.490893224));
#7176=VERTEX_POINT('',#7175);
#7177=CARTESIAN_POINT('',(-5.867103978,20.587720384,2.476442736));
#7178=CARTESIAN_POINT('',(-5.863571362,20.420601865,2.540236534));
#7179=CARTESIAN_POINT('',(-5.881220377,20.251350139,2.590344747));
#7180=CARTESIAN_POINT('',(-5.919876709,20.087147637,2.624216571));
#7181=CARTESIAN_POINT('',(-5.958533041,19.922945135,2.658088396));
#7182=CARTESIAN_POINT('',(-6.019540759,19.759879545,2.676237492));
#7183=CARTESIAN_POINT('',(-6.099192235,19.60946996,2.677132871));
#7184=CARTESIAN_POINT('',(-6.139017973,19.534265168,2.677580561));
#7185=CARTESIAN_POINT('',(-6.183479042,19.461865586,2.673868625));
#7186=CARTESIAN_POINT('',(-6.232587579,19.392278039,2.666018989));
#7187=CARTESIAN_POINT('',(-6.281696116,19.322690492,2.658169352));
#7188=CARTESIAN_POINT('',(-6.335928313,19.255463106,2.646029738));
#7189=CARTESIAN_POINT('',(-6.393348228,19.192916082,2.630099511));
#7190=CARTESIAN_POINT('',(-6.508188057,19.067822034,2.598239057));
#7191=CARTESIAN_POINT('',(-6.636115597,18.959937333,2.551543647));
#7192=CARTESIAN_POINT('',(-6.776658898,18.868581437,2.490893224));
#7193=B_SPLINE_CURVE_WITH_KNOTS('',3,(#7177,#7178,#7179,#7180,#7181,#7182,#7183,#7184,#7185,#7186,#7187,#7188,#7189,#7190,#7191,#7192),.UNSPECIFIED.,.F.,.F.,(4,3,3,3,3,4),(0.,0.000765606,0.001531212,0.001914015,0.002296818,0.003062424),.UNSPECIFIED.);
#7194=EDGE_CURVE('',#7167,#7176,#7193,.T.);
#7195=ORIENTED_EDGE('',*,*,#7194,.T.);
#7196=CARTESIAN_POINT('',(-6.776658898,18.868581437,2.490893224));
#7197=CARTESIAN_POINT('',(-6.89318998,18.792834086,2.440605096));
#7198=CARTESIAN_POINT('',(-7.017883677,18.728848909,2.414213562));
#7199=CARTESIAN_POINT('',(-7.151506662,18.67768595,2.414213562));
#7200=B_SPLINE_CURVE_WITH_KNOTS('',3,(#7196,#7197,#7198,#7199),.UNSPECIFIED.,.F.,.F.,(4,4),(0.,0.000635627),.UNSPECIFIED.);
#7201=EDGE_CURVE('',#7176,#6462,#7200,.T.);
#7202=ORIENTED_EDGE('',*,*,#7201,.T.);
#7203=ORIENTED_EDGE('',*,*,#6467,.F.);
#7204=CARTESIAN_POINT('',(-6.776658898,18.868581437,4.009106776));
#7205=VERTEX_POINT('',#7204);
#7206=CARTESIAN_POINT('',(-7.151506662,18.67768595,4.085786438));
#7207=CARTESIAN_POINT('',(-7.017883677,18.728848909,4.085786438));
#7208=CARTESIAN_POINT('',(-6.89318998,18.792834086,4.059394904));
#7209=CARTESIAN_POINT('',(-6.776658898,18.868581437,4.009106776));
#7210=B_SPLINE_CURVE_WITH_KNOTS('',3,(#7206,#7207,#7208,#7209),.UNSPECIFIED.,.F.,.F.,(4,4),(0.,0.000635627),.UNSPECIFIED.);
#7211=EDGE_CURVE('',#6453,#7205,#7210,.T.);
#7212=ORIENTED_EDGE('',*,*,#7211,.T.);
#7213=CARTESIAN_POINT('',(-5.867103978,20.587720384,4.023557264));
#7214=VERTEX_POINT('',#7213);
#7215=CARTESIAN_POINT('',(-6.776658898,18.868581437,4.009106776));
#7216=CARTESIAN_POINT('',(-6.636113495,18.95993854,3.948455452));
#7217=CARTESIAN_POINT('',(-6.508187567,19.067823096,3.90176094));
#7218=CARTESIAN_POINT('',(-6.393351284,19.192912753,3.869901339));
#7219=CARTESIAN_POINT('',(-6.335933143,19.255457582,3.853971538));
#7220=CARTESIAN_POINT('',(-6.28169793,19.322687901,3.841830849));
#7221=CARTESIAN_POINT('',(-6.23258776,19.392277783,3.833981031));
#7222=CARTESIAN_POINT('',(-6.183477589,19.461867666,3.826131213));
#7223=CARTESIAN_POINT('',(-6.139017034,19.534267015,3.822419399));
#7224=CARTESIAN_POINT('',(-6.099193027,19.609468464,3.822867156));
#7225=CARTESIAN_POINT('',(-6.019545014,19.759871363,3.823762671));
#7226=CARTESIAN_POINT('',(-5.958532283,19.922946104,3.841911332));
#7227=CARTESIAN_POINT('',(-5.919875655,20.087152118,3.875784341));
#7228=CARTESIAN_POINT('',(-5.881219027,20.251358132,3.90965735));
#7229=CARTESIAN_POINT('',(-5.863571432,20.420599259,3.959762451));
#7230=CARTESIAN_POINT('',(-5.867103978,20.587720384,4.023557264));
#7231=B_SPLINE_CURVE_WITH_KNOTS('',3,(#7215,#7216,#7217,#7218,#7219,#7220,#7221,#7222,#7223,#7224,#7225,#7226,#7227,#7228,#7229,#7230),.UNSPECIFIED.,.F.,.F.,(4,3,3,3,3,4),(0.,0.000765595,0.001148393,0.001531191,0.002296786,0.003062382),.UNSPECIFIED.);
#7232=EDGE_CURVE('',#7205,#7214,#7231,.T.);
#7233=ORIENTED_EDGE('',*,*,#7232,.T.);
#7234=CARTESIAN_POINT('',(-5.867103978,20.587720384,4.023557264));
#7235=CARTESIAN_POINT('',(-5.869351084,20.694028622,4.064138089));
#7236=CARTESIAN_POINT('',(-5.880026152,20.801103688,4.085786438));
#7237=CARTESIAN_POINT('',(-5.899992996,20.909090909,4.085786438));
#7238=B_SPLINE_CURVE_WITH_KNOTS('',3,(#7234,#7235,#7236,#7237),.UNSPECIFIED.,.F.,.F.,(4,4),(0.,0.000488553),.UNSPECIFIED.);
#7239=EDGE_CURVE('',#7214,#7159,#7238,.T.);
#7240=ORIENTED_EDGE('',*,*,#7239,.T.);
#7241=EDGE_LOOP('',(#7165,#7174,#7195,#7202,#7203,#7212,#7233,#7240));
#7242=FACE_BOUND('',#7241,.T.);
#7243=ADVANCED_FACE('',(#7242),#7155,.F.);
#7244=CARTESIAN_POINT('',(-6.462694602,18.698432848,1.783745834));
#7245=CARTESIAN_POINT('',(-6.351537293,18.807135015,1.85017469));
#7246=CARTESIAN_POINT('',(-6.245366282,18.930232886,1.901359751));
#7247=CARTESIAN_POINT('',(-6.049760189,19.197379834,1.969982824));
#7248=CARTESIAN_POINT('',(-5.960338549,19.341410564,1.987416126));
#7249=CARTESIAN_POINT('',(-5.803954535,19.641213126,1.987416127));
#7250=CARTESIAN_POINT('',(-5.737002909,19.796964367,1.969982825));
#7251=CARTESIAN_POINT('',(-5.629845634,20.110246648,1.901359754));
#7252=CARTESIAN_POINT('',(-5.589647352,20.267756169,1.850174694));
#7253=CARTESIAN_POINT('',(-5.564109997,20.421117788,1.783745838));
#7254=CARTESIAN_POINT('',(-6.244008855,18.574625785,1.595292445));
#7255=CARTESIAN_POINT('',(-6.131662293,18.685452537,1.66452214));
#7256=CARTESIAN_POINT('',(-6.024373975,18.81127246,1.717918852));
#7257=CARTESIAN_POINT('',(-5.827005741,19.084586678,1.789521933));
#7258=CARTESIAN_POINT('',(-5.736940419,19.232060795,1.807723026));
#7259=CARTESIAN_POINT('',(-5.580001618,19.538901183,1.807723027));
#7260=CARTESIAN_POINT('',(-5.51313975,19.698244798,1.789521935));
#7261=CARTESIAN_POINT('',(-5.407052909,20.018252391,1.717918855));
#7262=CARTESIAN_POINT('',(-5.367835794,20.178892736,1.664522144));
#7263=CARTESIAN_POINT('',(-5.343743044,20.334862722,1.59529245));
#7264=CARTESIAN_POINT('',(-6.022292709,18.452499455,1.409554296));
#7265=CARTESIAN_POINT('',(-5.908843542,18.565597708,1.481847788));
#7266=CARTESIAN_POINT('',(-5.800519705,18.694337859,1.537670341));
#7267=CARTESIAN_POINT('',(-5.601566594,18.974261062,1.612543873));
#7268=CARTESIAN_POINT('',(-5.510953228,19.125421769,1.631588887));
#7269=CARTESIAN_POINT('',(-5.353680724,19.439761583,1.631588888));
#7270=CARTESIAN_POINT('',(-5.287034168,19.602915599,1.612543875));
#7271=CARTESIAN_POINT('',(-5.182302999,19.92998782,1.537670345));
#7272=CARTESIAN_POINT('',(-5.144226776,20.093879911,1.481847792));
#7273=CARTESIAN_POINT('',(-5.121750545,20.252499616,1.409554301));
#7274=CARTESIAN_POINT('',(-5.575643253,18.214614628,1.04807645));
#7275=CARTESIAN_POINT('',(-5.460317033,18.332565054,1.127081103));
#7276=CARTESIAN_POINT('',(-5.350231793,18.467563931,1.188235812));
#7277=CARTESIAN_POINT('',(-5.148730491,18.761624181,1.270303203));
#7278=CARTESIAN_POINT('',(-5.057333334,18.920658002,1.291208207));
#7279=CARTESIAN_POINT('',(-4.900044305,19.250912816,1.291208206));
#7280=CARTESIAN_POINT('',(-4.834167196,19.422102866,1.270303202));
#7281=CARTESIAN_POINT('',(-4.732849705,19.763883911,1.188235809));
#7282=CARTESIAN_POINT('',(-4.697418844,19.934442876,1.127081099));
#7283=CARTESIAN_POINT('',(-4.678535621,20.09833064,1.048076445));
#7284=CARTESIAN_POINT('',(-5.350484728,18.098646905,0.872012439));
#7285=CARTESIAN_POINT('',(-5.234384575,18.219177104,0.954661694));
#7286=CARTESIAN_POINT('',(-5.123573953,18.357512919,1.018720556));
#7287=CARTESIAN_POINT('',(-4.92110956,18.659097301,1.104708455));
#7288=CARTESIAN_POINT('',(-4.829476374,18.822315273,1.126628786));
#7289=CARTESIAN_POINT('',(-4.672502575,19.160980775,1.126628786));
#7290=CARTESIAN_POINT('',(-4.607177932,19.336393946,1.104708455));
#7291=CARTESIAN_POINT('',(-4.507913362,19.685814835,1.018720556));
#7292=CARTESIAN_POINT('',(-4.473983551,19.859787092,0.954661694));
#7293=CARTESIAN_POINT('',(-4.457072485,20.026292171,0.872012439));
#7294=CARTESIAN_POINT('',(-5.081209797,17.965803374,0.670502894));
#7295=CARTESIAN_POINT('',(-4.964552955,18.089602932,0.757880601));
#7296=CARTESIAN_POINT('',(-4.853223462,18.23217718,0.825722825));
#7297=CARTESIAN_POINT('',(-4.650267749,18.543287294,0.916822564));
#7298=CARTESIAN_POINT('',(-4.558664339,18.711788198,0.940069843));
#7299=CARTESIAN_POINT('',(-4.402651739,19.060986765,0.940069843));
#7300=CARTESIAN_POINT('',(-4.338260084,19.241645185,0.916822564));
#7301=CARTESIAN_POINT('',(-4.241939757,19.600397224,0.825722825));
#7302=CARTESIAN_POINT('',(-4.210021912,19.778450526,0.757880601));
#7303=CARTESIAN_POINT('',(-4.195643577,19.947945393,0.670502894));
#7304=CARTESIAN_POINT('',(-5.040882585,17.946058671,0.640556993));
#7305=CARTESIAN_POINT('',(-4.924151797,18.070352621,0.728652408));
#7306=CARTESIAN_POINT('',(-4.812753503,18.213568037,0.797069258));
#7307=CARTESIAN_POINT('',(-4.609741102,18.526118402,0.888945503));
#7308=CARTESIAN_POINT('',(-4.518150144,18.695417715,0.912394422));
#7309=CARTESIAN_POINT('',(-4.362296499,19.046206035,0.912394422));
#7310=CARTESIAN_POINT('',(-4.298051583,19.227655047,0.888945503));
#7311=CARTESIAN_POINT('',(-4.202184844,19.587809605,0.797069258));
#7312=CARTESIAN_POINT('',(-4.170573952,19.766474088,0.728652408));
#7313=CARTESIAN_POINT('',(-4.156579486,19.936413103,0.640556993));
#7314=CARTESIAN_POINT('',(-5.00044477,17.926416898,0.610771833));
#7315=CARTESIAN_POINT('',(-4.883650465,18.051211422,0.699596674));
#7316=CARTESIAN_POINT('',(-4.772193234,18.195076235,0.768597936));
#7317=CARTESIAN_POINT('',(-4.569142887,18.509084482,0.861264022));
#7318=CARTESIAN_POINT('',(-4.477573265,18.679191584,0.884918125));
#7319=CARTESIAN_POINT('',(-4.321895301,19.031586047,0.884918125));
#7320=CARTESIAN_POINT('',(-4.257804971,19.213832636,0.861264023));
#7321=CARTESIAN_POINT('',(-4.162406044,19.575397888,0.768597936));
#7322=CARTESIAN_POINT('',(-4.131108484,19.754674719,0.699596674));
#7323=CARTESIAN_POINT('',(-4.11750311,19.925054853,0.610771833));
#7324=B_SPLINE_SURFACE_WITH_KNOTS('',3,3,((#7244,#7245,#7246,#7247,#7248,#7249,#7250,#7251,#7252,#7253),(#7254,#7255,#7256,#7257,#7258,#7259,#7260,#7261,#7262,#7263),(#7264,#7265,#7266,#7267,#7268,#7269,#7270,#7271,#7272,#7273),(#7274,#7275,#7276,#7277,#7278,#7279,#7280,#7281,#7282,#7283),(#7284,#7285,#7286,#7287,#7288,#7289,#7290,#7291,#7292,#7293),(#7294,#7295,#7296,#7297,#7298,#7299,#7300,#7301,#7302,#7303),(#7304,#7305,#7306,#7307,#7308,#7309,#7310,#7311,#7312,#7313),(#7314,#7315,#7316,#7317,#7318,#7319,#7320,#7321,#7322,#7323)),.UNSPECIFIED.,.F.,.F.,.U.,(4,2,2,4),(4,2,2,2,4),(0.01033435,0.011293345,0.012234457,0.012399717),(0.,0.25,0.5,0.75,1.),.UNSPECIFIED.);
#7325=ORIENTED_EDGE('',*,*,#6873,.F.);
#7326=CARTESIAN_POINT('',(-5.050144444,17.950636859,0.647501778));
#7327=VERTEX_POINT('',#7326);
#7328=CARTESIAN_POINT('',(-4.559084352,20.060815103,0.954360223));
#7329=CARTESIAN_POINT('',(-4.439989964,19.622152429,1.016465618));
#7330=CARTESIAN_POINT('',(-4.445848142,19.212189023,1.005485783));
#7331=CARTESIAN_POINT('',(-4.51294196,18.898856226,0.962325013));
#7332=CARTESIAN_POINT('',(-4.517135324,18.879272927,0.959627465));
#7333=CARTESIAN_POINT('',(-4.523457657,18.851851651,0.955618171));
#7334=CARTESIAN_POINT('',(-4.529339076,18.828584507,0.951944823));
#7335=CARTESIAN_POINT('',(-4.535220495,18.805317363,0.948271476));
#7336=CARTESIAN_POINT('',(-4.541515717,18.782212766,0.944384245));
#7337=CARTESIAN_POINT('',(-4.548218772,18.759288315,0.94028199));
#7338=CARTESIAN_POINT('',(-4.561624884,18.713439412,0.932077481));
#7339=CARTESIAN_POINT('',(-4.576662541,18.668310947,0.923012214));
#7340=CARTESIAN_POINT('',(-4.593281347,18.624046062,0.913085018));
#7341=CARTESIAN_POINT('',(-4.62651896,18.535516293,0.893230626));
#7342=CARTESIAN_POINT('',(-4.6660839,18.450441221,0.869918117));
#7343=CARTESIAN_POINT('',(-4.711536105,18.369980166,0.843264277));
#7344=CARTESIAN_POINT('',(-4.802440514,18.209058055,0.789956597));
#7345=CARTESIAN_POINT('',(-4.916892821,18.066720212,0.723159058));
#7346=CARTESIAN_POINT('',(-5.050145095,17.950636288,0.647500935));
#7347=B_SPLINE_CURVE_WITH_KNOTS('',3,(#7328,#7329,#7330,#7331,#7332,#7333,#7334,#7335,#7336,#7337,#7338,#7339,#7340,#7341,#7342,#7343,#7344,#7345,#7346),.UNSPECIFIED.,.F.,.F.,(4,3,3,3,3,3,4),(0.,0.5,0.53125,0.5625,0.625,0.75,1.),.UNSPECIFIED.);
#7348=EDGE_CURVE('',#6843,#7327,#7347,.T.);
#7349=ORIENTED_EDGE('',*,*,#7348,.T.);
#7350=CARTESIAN_POINT('',(-6.462645834,18.698460226,1.783786442));
#7351=VERTEX_POINT('',#7350);
#7352=CARTESIAN_POINT('',(-6.462646397,18.698457134,1.783783704));
#7353=CARTESIAN_POINT('',(-6.234882565,18.569513491,1.587511628));
#7354=CARTESIAN_POINT('',(-6.003891324,18.442362265,1.394137337));
#7355=CARTESIAN_POINT('',(-5.768780796,18.317500796,1.204417911));
#7356=CARTESIAN_POINT('',(-5.533670268,18.192639328,1.014698485));
#7357=CARTESIAN_POINT('',(-5.29400282,18.069849563,0.828301545));
#7358=CARTESIAN_POINT('',(-5.050144444,17.950636858,0.647501777));
#7359=B_SPLINE_CURVE_WITH_KNOTS('',3,(#7352,#7353,#7354,#7355,#7356,#7357,#7358),.UNSPECIFIED.,.F.,.F.,(4,3,4),(0.01033435,0.011333144,0.012331937),.UNSPECIFIED.);
#7360=EDGE_CURVE('',#7351,#7327,#7359,.T.);
#7361=ORIENTED_EDGE('',*,*,#7360,.F.);
#7362=CARTESIAN_POINT('',(-6.462646397,18.698457133,1.783783704));
#7363=CARTESIAN_POINT('',(-6.306243516,18.781540697,1.811218611));
#7364=CARTESIAN_POINT('',(-6.165649133,18.882871528,1.83204774));
#7365=CARTESIAN_POINT('',(-6.041754622,19.003289393,1.845939756));
#7366=CARTESIAN_POINT('',(-5.979807367,19.063498325,1.852885765));
#7367=CARTESIAN_POINT('',(-5.921968764,19.128868136,1.858060462));
#7368=CARTESIAN_POINT('',(-5.870345559,19.197160731,1.861258578));
#7369=CARTESIAN_POINT('',(-5.818722354,19.265453327,1.864456694));
#7370=CARTESIAN_POINT('',(-5.77279483,19.337099587,1.865747829));
#7371=CARTESIAN_POINT('',(-5.73257954,19.412104011,1.865134421));
#7372=CARTESIAN_POINT('',(-5.652148959,19.56211286,1.863907605));
#7373=CARTESIAN_POINT('',(-5.594828729,19.727071434,1.854783461));
#7374=CARTESIAN_POINT('',(-5.564066331,19.89534601,1.838601175));
#7375=CARTESIAN_POINT('',(-5.533303932,20.063620586,1.82241889));
#7376=CARTESIAN_POINT('',(-5.527865227,20.239177394,1.798925479));
#7377=CARTESIAN_POINT('',(-5.54720872,20.414530204,1.769336102));
#7378=B_SPLINE_CURVE_WITH_KNOTS('',3,(#7362,#7363,#7364,#7365,#7366,#7367,#7368,#7369,#7370,#7371,#7372,#7373,#7374,#7375,#7376,#7377),.UNSPECIFIED.,.F.,.F.,(4,3,3,3,3,4),(0.,0.000765606,0.001148409,0.001531212,0.002296818,0.003062424),.UNSPECIFIED.);
#7379=EDGE_CURVE('',#7351,#6867,#7378,.T.);
#7380=ORIENTED_EDGE('',*,*,#7379,.T.);
#7381=EDGE_LOOP('',(#7325,#7349,#7361,#7380));
#7382=FACE_BOUND('',#7381,.T.);
#7383=ADVANCED_FACE('',(#7382),#7324,.F.);
#7384=CARTESIAN_POINT('',(-0.05,0.,3.33660254));
#7385=DIRECTION('',(-0.5,0.,0.866025404));
#7386=DIRECTION('',(0.866025404,0.,0.5));
#7387=AXIS2_PLACEMENT_3D('',#7384,#7385,#7386);
#7388=PLANE('',#7387);
#7389=ORIENTED_EDGE('',*,*,#6732,.T.);
#7390=EDGE_LOOP('',(#7389));
#7391=FACE_BOUND('',#7390,.T.);
#7392=CARTESIAN_POINT('',(2.381959137,15.448639895,4.740694803));
#7393=VERTEX_POINT('',#7392);
#7394=CARTESIAN_POINT('',(-3.386973486,14.381533906,1.41));
#7395=VERTEX_POINT('',#7394);
#7396=CARTESIAN_POINT('',(2.381959137,15.448639895,4.740694803));
#7397=CARTESIAN_POINT('',(1.697327882,15.893787086,4.345422763));
#7398=CARTESIAN_POINT('',(0.903718134,16.056350437,3.887231962));
#7399=CARTESIAN_POINT('',(0.11891379,16.217110085,3.434124963));
#7400=CARTESIAN_POINT('',(-0.664959062,16.079052825,2.98155576));
#7401=CARTESIAN_POINT('',(-1.454295468,15.940033314,2.525832174));
#7402=CARTESIAN_POINT('',(-2.152961718,15.50253775,2.122457026));
#7403=CARTESIAN_POINT('',(-2.495538805,15.28802051,1.924670053));
#7404=CARTESIAN_POINT('',(-2.810342904,15.002039358,1.742917822));
#7405=CARTESIAN_POINT('',(-3.125835431,14.71543281,1.560768127));
#7406=CARTESIAN_POINT('',(-3.386973486,14.381533906,1.41));
#7407=B_SPLINE_CURVE_WITH_KNOTS('',2,(#7396,#7397,#7398,#7399,#7400,#7401,#7402,#7403,#7404,#7405,#7406),.UNSPECIFIED.,.F.,.F.,(3,2,2,2,2,3),(0.,0.25,0.5,0.75,0.875,1.),.UNSPECIFIED.);
#7408=EDGE_CURVE('',#7393,#7395,#7407,.T.);
#7409=ORIENTED_EDGE('',*,*,#7408,.T.);
#7410=CARTESIAN_POINT('',(-3.560178567,14.145984573,1.31));
#7411=VERTEX_POINT('',#7410);
#7412=CARTESIAN_POINT('',(-3.386973486,14.381533906,1.41));
#7413=CARTESIAN_POINT('',(-3.478405833,14.264625781,1.35721151));
#7414=CARTESIAN_POINT('',(-3.560178567,14.145984573,1.31));
#7415=B_SPLINE_CURVE_WITH_KNOTS('',2,(#7412,#7413,#7414),.UNSPECIFIED.,.F.,.F.,(3,3),(0.,1.),.UNSPECIFIED.);
#7416=EDGE_CURVE('',#7395,#7411,#7415,.T.);
#7417=ORIENTED_EDGE('',*,*,#7416,.T.);
#7418=CARTESIAN_POINT('',(-3.560178567,14.145984573,1.31));
#7419=DIRECTION('',(0.,-1.,0.));
#7420=VECTOR('',#7419,1.877090834);
#7421=LINE('',#7418,#7420);
#7422=EDGE_CURVE('',#7411,#359,#7421,.T.);
#7423=ORIENTED_EDGE('',*,*,#7422,.T.);
#7424=ORIENTED_EDGE('',*,*,#365,.F.);
#7425=ORIENTED_EDGE('',*,*,#5987,.F.);
#7426=CARTESIAN_POINT('',(-4.805171804,17.70949657,0.591202819));
#7427=VERTEX_POINT('',#7426);
#7428=CARTESIAN_POINT('',(-5.829165128,16.770511756,-0.000000002));
#7429=CARTESIAN_POINT('',(-5.331112353,17.250077867,0.287550902));
#7430=CARTESIAN_POINT('',(-4.805171804,17.70949657,0.591202819));
#7431=B_SPLINE_CURVE_WITH_KNOTS('',2,(#7428,#7429,#7430),.UNSPECIFIED.,.F.,.F.,(3,3),(0.,1.),.UNSPECIFIED.);
#7432=EDGE_CURVE('',#5977,#7427,#7431,.T.);
#7433=ORIENTED_EDGE('',*,*,#7432,.T.);
#7434=CARTESIAN_POINT('',(-4.249983517,20.135214757,0.911740926));
#7435=VERTEX_POINT('',#7434);
#7436=CARTESIAN_POINT('',(-4.805171804,17.70949657,0.591202819));
#7437=CARTESIAN_POINT('',(-4.566108526,17.915348398,0.729226068));
#7438=CARTESIAN_POINT('',(-4.404588352,18.20340669,0.822479783));
#7439=CARTESIAN_POINT('',(-4.246021425,18.486198101,0.914028441));
#7440=CARTESIAN_POINT('',(-4.177024186,18.82395795,0.953864016));
#7441=CARTESIAN_POINT('',(-4.111933692,19.142593239,0.99144403));
#7442=CARTESIAN_POINT('',(-4.133649739,19.489344356,0.978906264));
#7443=CARTESIAN_POINT('',(-4.154136885,19.816472985,0.967078005));
#7444=CARTESIAN_POINT('',(-4.249983517,20.135214757,0.911740926));
#7445=B_SPLINE_CURVE_WITH_KNOTS('',2,(#7436,#7437,#7438,#7439,#7440,#7441,#7442,#7443,#7444),.UNSPECIFIED.,.F.,.F.,(3,2,2,2,3),(0.,0.25,0.5,0.75,1.),.UNSPECIFIED.);
#7446=EDGE_CURVE('',#7427,#7435,#7445,.T.);
#7447=ORIENTED_EDGE('',*,*,#7446,.T.);
#7448=CARTESIAN_POINT('',(-2.957662826,26.519936684,1.657862625));
#7449=VERTEX_POINT('',#7448);
#7450=CARTESIAN_POINT('',(-4.249983517,20.135214757,0.911740926));
#7451=CARTESIAN_POINT('',(-4.471998836,20.966070002,0.783560322));
#7452=CARTESIAN_POINT('',(-4.493952374,21.816322364,0.770885441));
#7453=CARTESIAN_POINT('',(-4.515958628,22.668616378,0.758180125));
#7454=CARTESIAN_POINT('',(-4.335467634,23.509822285,0.862386648));
#7455=CARTESIAN_POINT('',(-4.161558728,24.320351366,0.962793002));
#7456=CARTESIAN_POINT('',(-3.798779742,25.102256847,1.172243547));
#7457=CARTESIAN_POINT('',(-3.45333752,25.846796019,1.371684707));
#7458=CARTESIAN_POINT('',(-2.957662826,26.519936684,1.657862625));
#7459=B_SPLINE_CURVE_WITH_KNOTS('',2,(#7450,#7451,#7452,#7453,#7454,#7455,#7456,#7457,#7458),.UNSPECIFIED.,.F.,.F.,(3,2,2,2,3),(0.,0.25,0.5,0.75,1.),.UNSPECIFIED.);
#7460=EDGE_CURVE('',#7435,#7449,#7459,.T.);
#7461=ORIENTED_EDGE('',*,*,#7460,.T.);
#7462=CARTESIAN_POINT('',(-1.900263687,27.483530484,2.268352303));
#7463=VERTEX_POINT('',#7462);
#7464=CARTESIAN_POINT('',(-2.957662826,26.519936684,1.657862625));
#7465=CARTESIAN_POINT('',(-2.767394984,26.840525385,1.767713815));
#7466=CARTESIAN_POINT('',(-2.491573752,27.090857861,1.926959278));
#7467=CARTESIAN_POINT('',(-2.219895687,27.337430041,2.083812681));
#7468=CARTESIAN_POINT('',(-1.900263687,27.483530484,2.268352303));
#7469=B_SPLINE_CURVE_WITH_KNOTS('',2,(#7464,#7465,#7466,#7467,#7468),.UNSPECIFIED.,.F.,.F.,(3,2,3),(0.,0.5,1.),.UNSPECIFIED.);
#7470=EDGE_CURVE('',#7449,#7463,#7469,.T.);
#7471=ORIENTED_EDGE('',*,*,#7470,.T.);
#7472=CARTESIAN_POINT('',(0.925602673,27.727159861,3.899867006));
#7473=VERTEX_POINT('',#7472);
#7474=CARTESIAN_POINT('',(-1.900263687,27.483530484,2.268352303));
#7475=CARTESIAN_POINT('',(-1.218636314,27.717751121,2.66189005));
#7476=CARTESIAN_POINT('',(-0.498992184,27.779422402,3.077376782));
#7477=CARTESIAN_POINT('',(0.216761566,27.84076029,3.490617402));
#7478=CARTESIAN_POINT('',(0.925602673,27.727159861,3.899867006));
#7479=B_SPLINE_CURVE_WITH_KNOTS('',2,(#7474,#7475,#7476,#7477,#7478),.UNSPECIFIED.,.F.,.F.,(3,2,3),(0.,0.5,1.),.UNSPECIFIED.);
#7480=EDGE_CURVE('',#7463,#7473,#7479,.T.);
#7481=ORIENTED_EDGE('',*,*,#7480,.T.);
#7482=CARTESIAN_POINT('',(2.149744287,27.220350006,4.606625496));
#7483=VERTEX_POINT('',#7482);
#7484=CARTESIAN_POINT('',(0.925602673,27.727159861,3.899867006));
#7485=CARTESIAN_POINT('',(1.25216585,27.710512886,4.088408345));
#7486=CARTESIAN_POINT('',(1.569303433,27.578829153,4.271507813));
#7487=CARTESIAN_POINT('',(1.8837515,27.448262177,4.453054489));
#7488=CARTESIAN_POINT('',(2.149744287,27.220350006,4.606625496));
#7489=B_SPLINE_CURVE_WITH_KNOTS('',2,(#7484,#7485,#7486,#7487,#7488),.UNSPECIFIED.,.F.,.F.,(3,2,3),(0.,0.5,1.),.UNSPECIFIED.);
#7490=EDGE_CURVE('',#7473,#7483,#7489,.T.);
#7491=ORIENTED_EDGE('',*,*,#7490,.T.);
#7492=CARTESIAN_POINT('',(4.043296237,19.956701671,5.699868224));
#7493=VERTEX_POINT('',#7492);
#7494=CARTESIAN_POINT('',(2.149744287,27.220350006,4.606625496));
#7495=CARTESIAN_POINT('',(2.827076251,26.509820923,4.997683289));
#7496=CARTESIAN_POINT('',(3.307760919,25.700493919,5.275206711));
#7497=CARTESIAN_POINT('',(3.820736334,24.836799101,5.571373205));
#7498=CARTESIAN_POINT('',(4.084781642,23.901916667,5.723819834));
#7499=CARTESIAN_POINT('',(4.360190344,22.926800842,5.882827123));
#7500=CARTESIAN_POINT('',(4.349505853,21.925680696,5.876658429));
#7501=CARTESIAN_POINT('',(4.338849002,20.92715037,5.870505693));
#7502=CARTESIAN_POINT('',(4.043296237,19.956701671,5.699868224));
#7503=B_SPLINE_CURVE_WITH_KNOTS('',2,(#7494,#7495,#7496,#7497,#7498,#7499,#7500,#7501,#7502),.UNSPECIFIED.,.F.,.F.,(3,2,2,2,3),(0.,0.25,0.5,0.75,1.),.UNSPECIFIED.);
#7504=EDGE_CURVE('',#7483,#7493,#7503,.T.);
#7505=ORIENTED_EDGE('',*,*,#7504,.T.);
#7506=CARTESIAN_POINT('',(4.603166091,17.645565365,6.023109236));
#7507=VERTEX_POINT('',#7506);
#7508=CARTESIAN_POINT('',(4.043296237,19.956701671,5.699868224));
#7509=CARTESIAN_POINT('',(3.960760146,19.649606397,5.65221599));
#7510=CARTESIAN_POINT('',(3.948291217,19.337176838,5.645017051));
#7511=CARTESIAN_POINT('',(3.935180997,19.008678639,5.637447862));
#7512=CARTESIAN_POINT('',(4.001863362,18.705156902,5.675946943));
#7513=CARTESIAN_POINT('',(4.071772848,18.386946105,5.716309204));
#7514=CARTESIAN_POINT('',(4.224106735,18.117183981,5.804259214));
#7515=CARTESIAN_POINT('',(4.377872025,17.84488704,5.893035646));
#7516=CARTESIAN_POINT('',(4.603166091,17.645565365,6.023109236));
#7517=B_SPLINE_CURVE_WITH_KNOTS('',2,(#7508,#7509,#7510,#7511,#7512,#7513,#7514,#7515,#7516),.UNSPECIFIED.,.F.,.F.,(3,2,2,2,3),(0.,0.25,0.5,0.75,1.),.UNSPECIFIED.);
#7518=EDGE_CURVE('',#7493,#7507,#7517,.T.);
#7519=ORIENTED_EDGE('',*,*,#7518,.T.);
#7520=CARTESIAN_POINT('',(5.255960083,17.06563393,6.400000023));
#7521=VERTEX_POINT('',#7520);
#7522=CARTESIAN_POINT('',(4.603166091,17.645565365,6.023109236));
#7523=CARTESIAN_POINT('',(4.935034196,17.359651215,6.214713376));
#7524=CARTESIAN_POINT('',(5.255960128,17.065633996,6.400000049));
#7525=B_SPLINE_CURVE_WITH_KNOTS('',2,(#7522,#7523,#7524),.UNSPECIFIED.,.F.,.F.,(3,3),(0.,0.786717094),.UNSPECIFIED.);
#7526=EDGE_CURVE('',#7507,#7521,#7525,.T.);
#7527=ORIENTED_EDGE('',*,*,#7526,.T.);
#7528=CARTESIAN_POINT('',(5.255960044,15.179107248,6.4));
#7529=VERTEX_POINT('',#7528);
#7530=CARTESIAN_POINT('',(5.255960044,17.065634074,6.4));
#7531=DIRECTION('',(0.,-1.,0.));
#7532=VECTOR('',#7531,1.886526826);
#7533=LINE('',#7530,#7532);
#7534=EDGE_CURVE('',#7521,#7529,#7533,.T.);
#7535=ORIENTED_EDGE('',*,*,#7534,.T.);
#7536=CARTESIAN_POINT('',(5.255960044,15.179107248,6.4));
#7537=CARTESIAN_POINT('',(5.275272945,15.000086302,6.411150309));
#7538=CARTESIAN_POINT('',(5.168309833,14.879146631,6.349395127));
#7539=CARTESIAN_POINT('',(5.061731562,14.758642088,6.287862134));
#7540=CARTESIAN_POINT('',(4.837902387,14.70619982,6.158634299));
#7541=CARTESIAN_POINT('',(4.496632519,14.626241675,5.961602049));
#7542=CARTESIAN_POINT('',(3.984316985,14.718808462,5.665816538));
#7543=CARTESIAN_POINT('',(3.547604987,14.797714964,5.413680748));
#7544=CARTESIAN_POINT('',(3.133265641,14.976636674,5.174461815));
#7545=CARTESIAN_POINT('',(2.655265275,15.183048746,4.898488175));
#7546=CARTESIAN_POINT('',(2.381959137,15.448639895,4.740694803));
#7547=B_SPLINE_CURVE_WITH_KNOTS('',2,(#7536,#7537,#7538,#7539,#7540,#7541,#7542,#7543,#7544,#7545,#7546),.UNSPECIFIED.,.F.,.F.,(3,2,2,2,2,3),(0.,0.125,0.25,0.5,0.75,1.),.UNSPECIFIED.);
#7548=EDGE_CURVE('',#7529,#7393,#7547,.T.);
#7549=ORIENTED_EDGE('',*,*,#7548,.T.);
#7550=EDGE_LOOP('',(#7409,#7417,#7423,#7424,#7425,#7433,#7447,#7461,#7471,#7481,#7491,#7505,#7519,#7527,#7535,#7549));
#7551=FACE_BOUND('',#7550,.T.);
#7552=ADVANCED_FACE('',(#7391,#7551),#7388,.F.);
#7553=CARTESIAN_POINT('',(0.,22.,4.085786438));
#7554=DIRECTION('',(0.,0.,1.));
#7555=DIRECTION('',(1.,0.,-0.));
#7556=AXIS2_PLACEMENT_3D('',#7553,#7554,#7555);
#7557=TOROIDAL_SURFACE('',#7556,5.,1.);
#7558=CARTESIAN_POINT('',(-5.611981673,20.962344222,4.792893219));
#7559=VERTEX_POINT('',#7558);
#7560=CARTESIAN_POINT('',(0.,22.,4.792893219));
#7561=DIRECTION('',(-0.,-0.,1.));
#7562=DIRECTION('',(-1.,0.,0.));
#7563=AXIS2_PLACEMENT_3D('',#7560,#7561,#7562);
#7564=CIRCLE('',#7563,5.707106781);
#7565=EDGE_CURVE('',#6760,#7559,#7564,.T.);
#7566=ORIENTED_EDGE('',*,*,#7565,.F.);
#7567=ORIENTED_EDGE('',*,*,#6812,.F.);
#7568=CARTESIAN_POINT('',(2.121667132,27.298074782,4.792893219));
#7569=CARTESIAN_POINT('',(1.944883538,27.467459915,4.701368882));
#7570=CARTESIAN_POINT('',(1.744640019,27.611985146,4.591946296));
#7571=CARTESIAN_POINT('',(1.527145032,27.721812435,4.472729836));
#7572=CARTESIAN_POINT('',(1.418397539,27.776726079,4.413121607));
#7573=CARTESIAN_POINT('',(1.310471015,27.821578393,4.352397349));
#7574=CARTESIAN_POINT('',(1.197046365,27.858390455,4.287539979));
#7575=CARTESIAN_POINT('',(1.083621716,27.895202518,4.22268261));
#7576=CARTESIAN_POINT('',(0.967086434,27.922758069,4.154999327));
#7577=CARTESIAN_POINT('',(0.848626059,27.939682972,4.085786438));
#7578=B_SPLINE_CURVE_WITH_KNOTS('',3,(#7568,#7569,#7570,#7571,#7572,#7573,#7574,#7575,#7576,#7577),.UNSPECIFIED.,.F.,.F.,(4,3,3,4),(0.,0.5,0.75,1.),.UNSPECIFIED.);
#7579=EDGE_CURVE('',#6778,#6685,#7578,.T.);
#7580=ORIENTED_EDGE('',*,*,#7579,.T.);
#7581=ORIENTED_EDGE('',*,*,#6691,.F.);
#7582=CARTESIAN_POINT('',(0.,22.,4.085786438));
#7583=DIRECTION('',(-0.,-0.,-1.));
#7584=DIRECTION('',(1.,0.,-0.));
#7585=AXIS2_PLACEMENT_3D('',#7582,#7583,#7584);
#7586=CIRCLE('',#7585,6.);
#7587=EDGE_CURVE('',#7159,#6677,#7586,.T.);
#7588=ORIENTED_EDGE('',*,*,#7587,.F.);
#7589=CARTESIAN_POINT('',(-4.91666083,21.090909091,4.085786438));
#7590=DIRECTION('',(0.181818182,-0.983332166,0.));
#7591=DIRECTION('',(0.983332166,0.181818182,-0.));
#7592=AXIS2_PLACEMENT_3D('',#7589,#7590,#7591);
#7593=CIRCLE('',#7592,1.);
#7594=EDGE_CURVE('',#7559,#7159,#7593,.T.);
#7595=ORIENTED_EDGE('',*,*,#7594,.F.);
#7596=EDGE_LOOP('',(#7566,#7567,#7580,#7581,#7588,#7595));
#7597=FACE_BOUND('',#7596,.T.);
#7598=ADVANCED_FACE('',(#7597),#7557,.T.);
#7599=CARTESIAN_POINT('',(-5.547209629,20.414533919,4.730664045));
#7600=CARTESIAN_POINT('',(-5.647120825,20.435409128,4.640336247));
#7601=CARTESIAN_POINT('',(-5.727780874,20.461763723,4.530076207));
#7602=CARTESIAN_POINT('',(-5.837442683,20.521133141,4.287675525));
#7603=CARTESIAN_POINT('',(-5.866393757,20.554120522,4.155646921));
#7604=CARTESIAN_POINT('',(-5.867103978,20.587720384,4.023557264));
#7605=CARTESIAN_POINT('',(-5.556501315,20.594712697,4.77124487));
#7606=CARTESIAN_POINT('',(-5.652946829,20.603435437,4.679461505));
#7607=CARTESIAN_POINT('',(-5.730961655,20.616778445,4.568763149));
#7608=CARTESIAN_POINT('',(-5.838052672,20.65074019,4.326706996));
#7609=CARTESIAN_POINT('',(-5.867084458,20.671345987,4.195449822));
#7610=CARTESIAN_POINT('',(-5.869351084,20.694028622,4.064138089));
#7611=CARTESIAN_POINT('',(-5.577795799,20.777455841,4.792893219));
#7612=CARTESIAN_POINT('',(-5.671215657,20.773620634,4.700333158));
#7613=CARTESIAN_POINT('',(-5.746611659,20.773729357,4.589405418));
#7614=CARTESIAN_POINT('',(-5.849991783,20.781818278,4.347534322));
#7615=CARTESIAN_POINT('',(-5.877935229,20.789795293,4.216686132));
#7616=CARTESIAN_POINT('',(-5.880026152,20.801103688,4.085786438));
#7617=CARTESIAN_POINT('',(-5.611981673,20.962344222,4.792893219));
#7618=CARTESIAN_POINT('',(-5.702998958,20.94551512,4.700333158));
#7619=CARTESIAN_POINT('',(-5.775883092,20.932038838,4.589405418));
#7620=CARTESIAN_POINT('',(-5.874399492,20.91382315,4.347534322));
#7621=CARTESIAN_POINT('',(-5.899992996,20.909090909,4.216686132));
#7622=CARTESIAN_POINT('',(-5.899992996,20.909090909,4.085786438));
#7623=B_SPLINE_SURFACE_WITH_KNOTS('',3,3,((#7599,#7600,#7601,#7602,#7603,#7604),(#7605,#7606,#7607,#7608,#7609,#7610),(#7611,#7612,#7613,#7614,#7615,#7616),(#7617,#7618,#7619,#7620,#7621,#7622)),.UNSPECIFIED.,.F.,.F.,.U.,(4,4),(4,2,4),(0.,0.000488553),(0.,0.5,1.),.UNSPECIFIED.);
#7624=ORIENTED_EDGE('',*,*,#7594,.T.);
#7625=ORIENTED_EDGE('',*,*,#7239,.F.);
#7626=CARTESIAN_POINT('',(-4.867327304,20.608853304,4.023557264));
#7627=DIRECTION('',(0.020480425,-0.968907843,-0.246572798));
#7628=DIRECTION('',(0.,0.246624526,-0.96911111));
#7629=AXIS2_PLACEMENT_3D('',#7626,#7627,#7628);
#7630=CIRCLE('',#7629,1.);
#7631=EDGE_CURVE('',#7116,#7214,#7630,.T.);
#7632=ORIENTED_EDGE('',*,*,#7631,.F.);
#7633=CARTESIAN_POINT('',(-5.611981673,20.962344222,4.792893219));
#7634=CARTESIAN_POINT('',(-5.577795799,20.777455841,4.792893219));
#7635=CARTESIAN_POINT('',(-5.556501315,20.594712697,4.77124487));
#7636=CARTESIAN_POINT('',(-5.547209629,20.414533919,4.730664045));
#7637=B_SPLINE_CURVE_WITH_KNOTS('',3,(#7633,#7634,#7635,#7636),.UNSPECIFIED.,.F.,.F.,(4,4),(0.,0.000488553),.UNSPECIFIED.);
#7638=EDGE_CURVE('',#7559,#7116,#7637,.T.);
#7639=ORIENTED_EDGE('',*,*,#7638,.F.);
#7640=EDGE_LOOP('',(#7624,#7625,#7632,#7639));
#7641=FACE_BOUND('',#7640,.T.);
#7642=ADVANCED_FACE('',(#7641),#7623,.T.);
#7643=CARTESIAN_POINT('',(-6.462645764,18.698460213,4.716213593));
#7644=CARTESIAN_POINT('',(-6.534775835,18.76934549,4.625654772));
#7645=CARTESIAN_POINT('',(-6.600401257,18.821473461,4.515325209));
#7646=CARTESIAN_POINT('',(-6.708022659,18.879778936,4.272979209));
#7647=CARTESIAN_POINT('',(-6.749969685,18.885929917,4.141073006));
#7648=CARTESIAN_POINT('',(-6.776658898,18.868581437,4.009106776));
#7649=CARTESIAN_POINT('',(-6.30624049,18.781545012,4.688778716));
#7650=CARTESIAN_POINT('',(-6.386647001,18.855368823,4.596850869));
#7651=CARTESIAN_POINT('',(-6.458352657,18.91002579,4.482206115));
#7652=CARTESIAN_POINT('',(-6.57171309,18.97133079,4.227792681));
#7653=CARTESIAN_POINT('',(-6.61330647,18.977945611,4.088161869));
#7654=CARTESIAN_POINT('',(-6.636113495,18.95993854,3.948455452));
#7655=CARTESIAN_POINT('',(-6.165648022,18.88287319,4.667952092));
#7656=CARTESIAN_POINT('',(-6.254478712,18.957399903,4.575671539));
#7657=CARTESIAN_POINT('',(-6.332100876,19.013268614,4.457905694));
#7658=CARTESIAN_POINT('',(-6.450114295,19.076988601,4.193932332));
#7659=CARTESIAN_POINT('',(-6.490430283,19.084799231,4.047893227));
#7660=CARTESIAN_POINT('',(-6.508187567,19.067823096,3.90176094));
#7661=CARTESIAN_POINT('',(-5.979811939,19.063493584,4.647114775));
#7662=CARTESIAN_POINT('',(-6.079735494,19.135218444,4.554740438));
#7663=CARTESIAN_POINT('',(-6.164838114,19.190510775,4.433821086));
#7664=CARTESIAN_POINT('',(-6.287861397,19.256825423,4.159826719));
#7665=CARTESIAN_POINT('',(-6.325690235,19.267798242,4.006956225));
#7666=CARTESIAN_POINT('',(-6.335933143,19.255457582,3.853971538));
#7667=CARTESIAN_POINT('',(-5.921970143,19.128866154,4.641939585));
#7668=CARTESIAN_POINT('',(-6.02532705,19.199004659,4.549608254));
#7669=CARTESIAN_POINT('',(-6.112684302,19.253699758,4.427897581));
#7670=CARTESIAN_POINT('',(-6.237042826,19.320704284,4.151298439));
#7671=CARTESIAN_POINT('',(-6.273947512,19.33296167,3.996624801));
#7672=CARTESIAN_POINT('',(-6.28169793,19.322687901,3.841830849));
#7673=CARTESIAN_POINT('',(-5.818720281,19.265455914,4.635543365));
#7674=CARTESIAN_POINT('',(-5.927838177,19.331382177,4.543302656));
#7675=CARTESIAN_POINT('',(-6.018855078,19.384182438,4.420546567));
#7676=CARTESIAN_POINT('',(-6.145074133,19.452147928,4.140460901));
#7677=CARTESIAN_POINT('',(-6.180173059,19.467257572,3.983360399));
#7678=CARTESIAN_POINT('',(-6.183477589,19.461867666,3.826131213));
#7679=CARTESIAN_POINT('',(-5.772793406,19.337101999,4.634252181));
#7680=CARTESIAN_POINT('',(-5.884268972,19.400400544,4.542058341));
#7681=CARTESIAN_POINT('',(-5.976711618,19.451904987,4.419038304));
#7682=CARTESIAN_POINT('',(-6.103471847,19.520149308,4.138040288));
#7683=CARTESIAN_POINT('',(-6.137684279,19.536832575,3.980295407));
#7684=CARTESIAN_POINT('',(-6.139017034,19.534267015,3.822419399));
#7685=CARTESIAN_POINT('',(-5.712473046,19.449603609,4.635172468));
#7686=CARTESIAN_POINT('',(-5.826503703,19.508405964,4.543007327));
#7687=CARTESIAN_POINT('',(-5.92035869,19.557565031,4.419967778));
#7688=CARTESIAN_POINT('',(-6.047327143,19.625916596,4.1388705));
#7689=CARTESIAN_POINT('',(-6.080335025,19.645052254,3.981046526));
#7690=CARTESIAN_POINT('',(-6.079281024,19.647069189,3.823091035));
#7691=CARTESIAN_POINT('',(-5.693799602,19.487944541,4.635956189));
#7692=CARTESIAN_POINT('',(-5.808518858,19.545156474,4.543794153));
#7693=CARTESIAN_POINT('',(-5.90272381,19.593467334,4.4208109));
#7694=CARTESIAN_POINT('',(-6.029660636,19.661802999,4.1398917));
#7695=CARTESIAN_POINT('',(-6.062287187,19.681771103,3.98218884));
#7696=CARTESIAN_POINT('',(-6.06053167,19.685372507,3.824354972));
#7697=CARTESIAN_POINT('',(-5.659370499,19.56634315,4.638496171));
#7698=CARTESIAN_POINT('',(-5.775111614,19.620233557,4.546330759));
#7699=CARTESIAN_POINT('',(-5.869757559,19.666737813,4.423591385));
#7700=CARTESIAN_POINT('',(-5.996424922,19.734934254,4.14346408));
#7701=CARTESIAN_POINT('',(-6.02834235,19.756570453,3.986306123));
#7702=CARTESIAN_POINT('',(-6.025398137,19.763408769,3.829018991));
#7703=CARTESIAN_POINT('',(-5.643561325,19.606568539,4.64026196));
#7704=CARTESIAN_POINT('',(-5.759636079,19.658720818,4.548089599));
#7705=CARTESIAN_POINT('',(-5.854372591,19.704262811,4.425538389));
#7706=CARTESIAN_POINT('',(-5.980800027,19.772335509,4.146027519));
#7707=CARTESIAN_POINT('',(-6.012388044,19.794810805,3.989295368));
#7708=CARTESIAN_POINT('',(-6.008954692,19.803308365,3.832435532));
#7709=CARTESIAN_POINT('',(-5.601123284,19.728473314,4.64697652));
#7710=CARTESIAN_POINT('',(-5.717626943,19.77533283,4.554781882));
#7711=CARTESIAN_POINT('',(-5.812228235,19.817896296,4.432993349));
#7712=CARTESIAN_POINT('',(-5.937628888,19.885438594,4.15597168));
#7713=CARTESIAN_POINT('',(-5.968329703,19.910364346,4.000956244));
#7714=CARTESIAN_POINT('',(-5.963786855,19.923808248,3.845818887));
#7715=CARTESIAN_POINT('',(-5.57944623,19.811212084,4.653308121));
#7716=CARTESIAN_POINT('',(-5.695477718,19.854449799,4.561094868));
#7717=CARTESIAN_POINT('',(-5.789450434,19.894912327,4.440074121));
#7718=CARTESIAN_POINT('',(-5.913763236,19.961891938,4.165551687));
#7719=CARTESIAN_POINT('',(-5.944009152,19.988358282,4.012257954));
#7720=CARTESIAN_POINT('',(-5.939203969,20.005049111,3.858847836));
#7721=CARTESIAN_POINT('',(-5.548683774,19.979490306,4.669491124));
#7722=CARTESIAN_POINT('',(-5.662342749,20.015675208,4.577367634));
#7723=CARTESIAN_POINT('',(-5.754060746,20.051926916,4.458424439));
#7724=CARTESIAN_POINT('',(-5.875438422,20.117387579,4.190472407));
#7725=CARTESIAN_POINT('',(-5.905014581,20.146551489,4.041647947));
#7726=CARTESIAN_POINT('',(-5.900547341,20.169255125,3.892720846));
#7727=CARTESIAN_POINT('',(-5.539600976,20.065030489,4.679342449));
#7728=CARTESIAN_POINT('',(-5.651360092,20.097784602,4.587328006));
#7729=CARTESIAN_POINT('',(-5.741452331,20.131926592,4.469695065));
#7730=CARTESIAN_POINT('',(-5.860982675,20.196430898,4.205814604));
#7731=CARTESIAN_POINT('',(-5.890343519,20.226751519,4.05973765));
#7732=CARTESIAN_POINT('',(-5.886475903,20.252220679,3.913566219));
#7733=CARTESIAN_POINT('',(-5.53399134,20.23891752,4.702551655));
#7734=CARTESIAN_POINT('',(-5.640676722,20.265288187,4.611083594));
#7735=CARTESIAN_POINT('',(-5.726636648,20.295366775,4.49668469));
#7736=CARTESIAN_POINT('',(-5.841739906,20.357571952,4.242482095));
#7737=CARTESIAN_POINT('',(-5.870819161,20.389663911,4.102819922));
#7738=CARTESIAN_POINT('',(-5.868825143,20.419871367,3.963079961));
#7739=CARTESIAN_POINT('',(-5.537537631,20.326856186,4.715869012));
#7740=CARTESIAN_POINT('',(-5.641058212,20.350293523,4.624839969));
#7741=CARTESIAN_POINT('',(-5.72451934,20.378430078,4.512359851));
#7742=CARTESIAN_POINT('',(-5.837050132,20.439296887,4.263745236));
#7743=CARTESIAN_POINT('',(-5.866062595,20.471996199,4.12773712));
#7744=CARTESIAN_POINT('',(-5.865337705,20.504159822,3.991659857));
#7745=CARTESIAN_POINT('',(-5.547209528,20.414533903,4.730664138));
#7746=CARTESIAN_POINT('',(-5.647120754,20.435409112,4.640336337));
#7747=CARTESIAN_POINT('',(-5.727780829,20.461763709,4.530076286));
#7748=CARTESIAN_POINT('',(-5.837442673,20.521133132,4.28767557));
#7749=CARTESIAN_POINT('',(-5.866393757,20.554120517,4.155646943));
#7750=CARTESIAN_POINT('',(-5.867103978,20.587720384,4.023557264));
#7751=B_SPLINE_SURFACE_WITH_KNOTS('',3,3,((#7643,#7644,#7645,#7646,#7647,#7648),(#7649,#7650,#7651,#7652,#7653,#7654),(#7655,#7656,#7657,#7658,#7659,#7660),(#7661,#7662,#7663,#7664,#7665,#7666),(#7667,#7668,#7669,#7670,#7671,#7672),(#7673,#7674,#7675,#7676,#7677,#7678),(#7679,#7680,#7681,#7682,#7683,#7684),(#7685,#7686,#7687,#7688,#7689,#7690),(#7691,#7692,#7693,#7694,#7695,#7696),(#7697,#7698,#7699,#7700,#7701,#7702),(#7703,#7704,#7705,#7706,#7707,#7708),(#7709,#7710,#7711,#7712,#7713,#7714),(#7715,#7716,#7717,#7718,#7719,#7720),(#7721,#7722,#7723,#7724,#7725,#7726),(#7727,#7728,#7729,#7730,#7731,#7732),(#7733,#7734,#7735,#7736,#7737,#7738),(#7739,#7740,#7741,#7742,#7743,#7744),(#7745,#7746,#7747,#7748,#7749,#7750)),.UNSPECIFIED.,.F.,.F.,.U.,(4,2,2,2,2,2,2,2,4),(4,2,4),(0.,0.000765595,0.001148393,0.001531191,0.00172259,0.001913989,0.002296786,0.002679584,0.003062382),(0.,0.5,1.),.UNSPECIFIED.);
#7752=ORIENTED_EDGE('',*,*,#7631,.T.);
#7753=ORIENTED_EDGE('',*,*,#7232,.F.);
#7754=CARTESIAN_POINT('',(-6.231659683,18.030144883,4.009106776));
#7755=DIRECTION('',(-0.815059967,-0.529804003,0.234488741));
#7756=DIRECTION('',(0.544999215,-0.838436554,0.));
#7757=AXIS2_PLACEMENT_3D('',#7754,#7755,#7756);
#7758=CIRCLE('',#7757,1.);
#7759=EDGE_CURVE('',#6356,#7205,#7758,.T.);
#7760=ORIENTED_EDGE('',*,*,#7759,.F.);
#7761=ORIENTED_EDGE('',*,*,#7144,.F.);
#7762=EDGE_LOOP('',(#7752,#7753,#7760,#7761));
#7763=FACE_BOUND('',#7762,.T.);
#7764=ADVANCED_FACE('',(#7763),#7751,.T.);
#7765=CARTESIAN_POINT('',(-7.046775272,18.404157573,4.792893219));
#7766=CARTESIAN_POINT('',(-7.079872467,18.49059796,4.700333158));
#7767=CARTESIAN_POINT('',(-7.106375788,18.55981704,4.589405418));
#7768=CARTESIAN_POINT('',(-7.142199933,18.653379442,4.347534322));
#7769=CARTESIAN_POINT('',(-7.151506662,18.67768595,4.216686132));
#7770=CARTESIAN_POINT('',(-7.151506662,18.67768595,4.085786438));
#7771=CARTESIAN_POINT('',(-6.838881396,18.483758142,4.792893219));
#7772=CARTESIAN_POINT('',(-6.885323175,18.565089016,4.700333158));
#7773=CARTESIAN_POINT('',(-6.925359979,18.629126256,4.589405418));
#7774=CARTESIAN_POINT('',(-6.986589031,18.712961363,4.347534322));
#7775=CARTESIAN_POINT('',(-7.007757189,18.732726244,4.216686132));
#7776=CARTESIAN_POINT('',(-7.017883677,18.728848909,4.085786438));
#7777=CARTESIAN_POINT('',(-6.644530469,18.582389408,4.766501686));
#7778=CARTESIAN_POINT('',(-6.703904622,18.658574166,4.674623548));
#7779=CARTESIAN_POINT('',(-6.756886763,18.716945788,4.563897252));
#7780=CARTESIAN_POINT('',(-6.84197084,18.788996111,4.321863693));
#7781=CARTESIAN_POINT('',(-6.874038573,18.802644476,4.190656394));
#7782=CARTESIAN_POINT('',(-6.89318998,18.792834086,4.059394904));
#7783=CARTESIAN_POINT('',(-6.462645834,18.698460226,4.716213558));
#7784=CARTESIAN_POINT('',(-6.534775892,18.769345494,4.625654737));
#7785=CARTESIAN_POINT('',(-6.600401301,18.821473459,4.515325177));
#7786=CARTESIAN_POINT('',(-6.708022679,18.879778928,4.272979191));
#7787=CARTESIAN_POINT('',(-6.749969694,18.885929912,4.141072997));
#7788=CARTESIAN_POINT('',(-6.776658898,18.868581437,4.009106776));
#7789=B_SPLINE_SURFACE_WITH_KNOTS('',3,3,((#7765,#7766,#7767,#7768,#7769,#7770),(#7771,#7772,#7773,#7774,#7775,#7776),(#7777,#7778,#7779,#7780,#7781,#7782),(#7783,#7784,#7785,#7786,#7787,#7788)),.UNSPECIFIED.,.F.,.F.,.U.,(4,4),(4,2,4),(0.,0.000635627),(0.,0.5,1.),.UNSPECIFIED.);
#7790=ORIENTED_EDGE('',*,*,#7759,.T.);
#7791=ORIENTED_EDGE('',*,*,#7211,.F.);
#7792=CARTESIAN_POINT('',(-6.793931329,17.743801653,4.085786438));
#7793=DIRECTION('',(-0.933884298,-0.357575333,0.));
#7794=DIRECTION('',(0.357575333,-0.933884298,-0.));
#7795=AXIS2_PLACEMENT_3D('',#7792,#7793,#7794);
#7796=CIRCLE('',#7795,1.);
#7797=EDGE_CURVE('',#6368,#6453,#7796,.T.);
#7798=ORIENTED_EDGE('',*,*,#7797,.F.);
#7799=ORIENTED_EDGE('',*,*,#6374,.F.);
#7800=EDGE_LOOP('',(#7790,#7791,#7798,#7799));
#7801=FACE_BOUND('',#7800,.T.);
#7802=ADVANCED_FACE('',(#7801),#7789,.T.);
#7803=CARTESIAN_POINT('',(0.,0.,4.085786438));
#7804=DIRECTION('',(0.,0.,1.));
#7805=DIRECTION('',(1.,0.,-0.));
#7806=AXIS2_PLACEMENT_3D('',#7803,#7804,#7805);
#7807=TOROIDAL_SURFACE('',#7806,19.,1.);
#7808=CARTESIAN_POINT('',(19.707106781,0.,4.792893219));
#7809=VERTEX_POINT('',#7808);
#7810=CARTESIAN_POINT('',(20.,-0.,4.085786438));
#7811=VERTEX_POINT('',#7810);
#7812=CARTESIAN_POINT('',(19.,0.,4.085786438));
#7813=DIRECTION('',(-0.,1.,-0.));
#7814=DIRECTION('',(1.,0.,0.));
#7815=AXIS2_PLACEMENT_3D('',#7812,#7813,#7814);
#7816=CIRCLE('',#7815,1.);
#7817=EDGE_CURVE('',#7809,#7811,#7816,.T.);
#7818=ORIENTED_EDGE('',*,*,#7817,.T.);
#7819=CARTESIAN_POINT('',(0.,0.,4.085786438));
#7820=DIRECTION('',(-0.,-0.,-1.));
#7821=DIRECTION('',(1.,0.,-0.));
#7822=AXIS2_PLACEMENT_3D('',#7819,#7820,#7821);
#7823=CIRCLE('',#7822,20.);
#7824=EDGE_CURVE('',#240,#7811,#7823,.T.);
#7825=ORIENTED_EDGE('',*,*,#7824,.F.);
#7826=CARTESIAN_POINT('',(7.046775272,18.404157573,4.792893219));
#7827=VERTEX_POINT('',#7826);
#7828=CARTESIAN_POINT('',(6.793931329,17.743801653,4.085786438));
#7829=DIRECTION('',(-0.933884298,0.357575333,-0.));
#7830=DIRECTION('',(-0.357575333,-0.933884298,0.));
#7831=AXIS2_PLACEMENT_3D('',#7828,#7829,#7830);
#7832=CIRCLE('',#7831,1.);
#7833=EDGE_CURVE('',#7827,#240,#7832,.T.);
#7834=ORIENTED_EDGE('',*,*,#7833,.F.);
#7835=CARTESIAN_POINT('',(0.,0.,4.792893219));
#7836=DIRECTION('',(-0.,-0.,1.));
#7837=DIRECTION('',(-1.,0.,0.));
#7838=AXIS2_PLACEMENT_3D('',#7835,#7836,#7837);
#7839=CIRCLE('',#7838,19.707106781);
#7840=EDGE_CURVE('',#7809,#7827,#7839,.T.);
#7841=ORIENTED_EDGE('',*,*,#7840,.F.);
#7842=EDGE_LOOP('',(#7818,#7825,#7834,#7841));
#7843=FACE_BOUND('',#7842,.T.);
#7844=ADVANCED_FACE('',(#7843),#7807,.T.);
#7845=CARTESIAN_POINT('',(6.462645834,18.698460226,4.716213558));
#7846=CARTESIAN_POINT('',(6.534775892,18.769345494,4.625654737));
#7847=CARTESIAN_POINT('',(6.600401301,18.821473459,4.515325177));
#7848=CARTESIAN_POINT('',(6.708022679,18.879778928,4.272979191));
#7849=CARTESIAN_POINT('',(6.749969694,18.885929912,4.141072997));
#7850=CARTESIAN_POINT('',(6.776658898,18.868581437,4.009106776));
#7851=CARTESIAN_POINT('',(6.644530469,18.582389408,4.766501686));
#7852=CARTESIAN_POINT('',(6.703904622,18.658574166,4.674623548));
#7853=CARTESIAN_POINT('',(6.756886763,18.716945788,4.563897252));
#7854=CARTESIAN_POINT('',(6.84197084,18.788996111,4.321863693));
#7855=CARTESIAN_POINT('',(6.874038573,18.802644476,4.190656394));
#7856=CARTESIAN_POINT('',(6.89318998,18.792834086,4.059394904));
#7857=CARTESIAN_POINT('',(6.838881396,18.483758142,4.792893219));
#7858=CARTESIAN_POINT('',(6.885323175,18.565089016,4.700333158));
#7859=CARTESIAN_POINT('',(6.925359979,18.629126256,4.589405418));
#7860=CARTESIAN_POINT('',(6.986589031,18.712961363,4.347534322));
#7861=CARTESIAN_POINT('',(7.007757189,18.732726244,4.216686132));
#7862=CARTESIAN_POINT('',(7.017883677,18.728848909,4.085786438));
#7863=CARTESIAN_POINT('',(7.046775272,18.404157573,4.792893219));
#7864=CARTESIAN_POINT('',(7.079872467,18.49059796,4.700333158));
#7865=CARTESIAN_POINT('',(7.106375788,18.55981704,4.589405418));
#7866=CARTESIAN_POINT('',(7.142199933,18.653379442,4.347534322));
#7867=CARTESIAN_POINT('',(7.151506662,18.67768595,4.216686132));
#7868=CARTESIAN_POINT('',(7.151506662,18.67768595,4.085786438));
#7869=B_SPLINE_SURFACE_WITH_KNOTS('',3,3,((#7845,#7846,#7847,#7848,#7849,#7850),(#7851,#7852,#7853,#7854,#7855,#7856),(#7857,#7858,#7859,#7860,#7861,#7862),(#7863,#7864,#7865,#7866,#7867,#7868)),.UNSPECIFIED.,.F.,.F.,.U.,(4,4),(4,2,4),(0.,0.000635627),(0.,0.5,1.),.UNSPECIFIED.);
#7870=ORIENTED_EDGE('',*,*,#7833,.T.);
#7871=ORIENTED_EDGE('',*,*,#329,.F.);
#7872=CARTESIAN_POINT('',(6.231659683,18.030144883,4.009106776));
#7873=DIRECTION('',(-0.815059967,0.529804003,-0.234488741));
#7874=DIRECTION('',(-0.544999215,-0.838436554,-0.));
#7875=AXIS2_PLACEMENT_3D('',#7872,#7873,#7874);
#7876=CIRCLE('',#7875,1.);
#7877=EDGE_CURVE('',#5714,#304,#7876,.T.);
#7878=ORIENTED_EDGE('',*,*,#7877,.F.);
#7879=CARTESIAN_POINT('',(7.046775272,18.404157573,4.792893219));
#7880=CARTESIAN_POINT('',(6.838881396,18.483758142,4.792893219));
#7881=CARTESIAN_POINT('',(6.644530469,18.582389408,4.766501686));
#7882=CARTESIAN_POINT('',(6.462645834,18.698460226,4.716213558));
#7883=B_SPLINE_CURVE_WITH_KNOTS('',3,(#7879,#7880,#7881,#7882),.UNSPECIFIED.,.F.,.F.,(4,4),(0.,0.000635627),.UNSPECIFIED.);
#7884=EDGE_CURVE('',#7827,#5714,#7883,.T.);
#7885=ORIENTED_EDGE('',*,*,#7884,.F.);
#7886=EDGE_LOOP('',(#7870,#7871,#7878,#7885));
#7887=FACE_BOUND('',#7886,.T.);
#7888=ADVANCED_FACE('',(#7887),#7869,.T.);
#7889=CARTESIAN_POINT('',(5.547209629,20.414533918,4.730664045));
#7890=CARTESIAN_POINT('',(5.647120825,20.435409128,4.640336247));
#7891=CARTESIAN_POINT('',(5.727780874,20.461763723,4.530076207));
#7892=CARTESIAN_POINT('',(5.837442683,20.521133141,4.287675525));
#7893=CARTESIAN_POINT('',(5.866393757,20.554120522,4.155646921));
#7894=CARTESIAN_POINT('',(5.867103978,20.587720384,4.023557264));
#7895=CARTESIAN_POINT('',(5.527871724,20.239231866,4.701082816));
#7896=CARTESIAN_POINT('',(5.634999432,20.265229771,4.609352958));
#7897=CARTESIAN_POINT('',(5.721259881,20.295147198,4.494654136));
#7898=CARTESIAN_POINT('',(5.83665784,20.357510476,4.239829437));
#7899=CARTESIAN_POINT('',(5.865731635,20.389921886,4.099844277));
#7900=CARTESIAN_POINT('',(5.863572508,20.420650136,3.959781882));
#7901=CARTESIAN_POINT('',(5.532947415,20.066892426,4.677955762));
#7902=CARTESIAN_POINT('',(5.645349161,20.099419841,4.585880953));
#7903=CARTESIAN_POINT('',(5.735878744,20.133485722,4.468025664));
#7904=CARTESIAN_POINT('',(5.855718765,20.19815105,4.203511985));
#7905=CARTESIAN_POINT('',(5.884951242,20.228708426,4.057025665));
#7906=CARTESIAN_POINT('',(5.880674501,20.254524629,3.910444001));
#7907=CARTESIAN_POINT('',(5.579000228,19.813007051,4.653451358));
#7908=CARTESIAN_POINT('',(5.695019209,19.856167031,4.561237502));
#7909=CARTESIAN_POINT('',(5.788976662,19.896584359,4.440233742));
#7910=CARTESIAN_POINT('',(5.913264396,19.963551485,4.165766949));
#7911=CARTESIAN_POINT('',(5.943500605,19.990050597,4.012511653));
#7912=CARTESIAN_POINT('',(5.938690793,20.00681084,3.859140234));
#7913=CARTESIAN_POINT('',(5.60104046,19.72887793,4.647014748));
#7914=CARTESIAN_POINT('',(5.717539194,19.775719705,4.554820392));
#7915=CARTESIAN_POINT('',(5.812135641,19.818272823,4.433036894));
#7916=CARTESIAN_POINT('',(5.937529939,19.885812304,4.156030996));
#7917=CARTESIAN_POINT('',(5.968229268,19.910745602,4.001026237));
#7918=CARTESIAN_POINT('',(5.963687121,19.924205511,3.845899481));
#7919=CARTESIAN_POINT('',(5.657079747,19.567562363,4.638100071));
#7920=CARTESIAN_POINT('',(5.773023518,19.621408522,4.545935205));
#7921=CARTESIAN_POINT('',(5.867807771,19.66790443,4.423138281));
#7922=CARTESIAN_POINT('',(5.994567295,19.736149144,4.142824965));
#7923=CARTESIAN_POINT('',(6.026438252,19.75784179,3.985539246));
#7924=CARTESIAN_POINT('',(6.023356225,19.764758051,3.82812387));
#7925=CARTESIAN_POINT('',(5.691143817,19.489703412,4.635543957));
#7926=CARTESIAN_POINT('',(5.806068668,19.546898071,4.54338855));
#7927=CARTESIAN_POINT('',(5.900415118,19.595217026,4.420347844));
#7928=CARTESIAN_POINT('',(6.02744837,19.663602824,4.139234534));
#7929=CARTESIAN_POINT('',(6.06002947,19.683612766,3.981395837));
#7930=CARTESIAN_POINT('',(6.058134792,19.68726563,3.823425522));
#7931=CARTESIAN_POINT('',(5.751269161,19.37709155,4.634559639));
#7932=CARTESIAN_POINT('',(5.863661024,19.438794628,4.542376325));
#7933=CARTESIAN_POINT('',(5.956611476,19.489467857,4.419346559));
#7934=CARTESIAN_POINT('',(6.083450101,19.55775343,4.138303821));
#7935=CARTESIAN_POINT('',(6.117232949,19.57530907,3.980524221));
#7936=CARTESIAN_POINT('',(6.117712201,19.574371935,3.822613321));
#7937=CARTESIAN_POINT('',(5.772820883,19.340251551,4.634707784));
#7938=CARTESIAN_POINT('',(5.884201818,19.403372129,4.542508637));
#7939=CARTESIAN_POINT('',(5.976564202,19.454767063,4.419545269));
#7940=CARTESIAN_POINT('',(6.103236689,19.522967485,4.138737157));
#7941=CARTESIAN_POINT('',(6.137441998,19.539716551,3.981124722));
#7942=CARTESIAN_POINT('',(6.138809933,19.537299923,3.823381743));
#7943=CARTESIAN_POINT('',(5.818988783,19.267992366,4.635973981));
#7944=CARTESIAN_POINT('',(5.928038121,19.333730919,4.543735357));
#7945=CARTESIAN_POINT('',(6.018992362,19.386417058,4.421035279));
#7946=CARTESIAN_POINT('',(6.145130403,19.454341705,4.141127161));
#7947=CARTESIAN_POINT('',(6.180211259,19.469524777,3.984147559));
#7948=CARTESIAN_POINT('',(6.183527668,19.464294562,3.827039693));
#7949=CARTESIAN_POINT('',(5.843716843,19.232434095,4.637098457));
#7950=CARTESIAN_POINT('',(5.951439387,19.299377204,4.544835613));
#7951=CARTESIAN_POINT('',(6.041569547,19.352634522,4.422333074));
#7952=CARTESIAN_POINT('',(6.167336787,19.420367048,4.143093286));
#7953=CARTESIAN_POINT('',(6.202872251,19.43478753,3.986581657));
#7954=CARTESIAN_POINT('',(6.207252682,19.428217985,3.829943463));
#7955=CARTESIAN_POINT('',(5.921673819,19.129167049,4.641908441));
#7956=CARTESIAN_POINT('',(6.025049165,19.199300012,4.549577041));
#7957=CARTESIAN_POINT('',(6.112418689,19.253993683,4.427861264));
#7958=CARTESIAN_POINT('',(6.236784785,19.321002521,4.151245845));
#7959=CARTESIAN_POINT('',(6.273684743,19.333265632,3.996561098));
#7960=CARTESIAN_POINT('',(6.281421955,19.32300043,3.841756087));
#7961=CARTESIAN_POINT('',(5.978551951,19.064881475,4.646997359));
#7962=CARTESIAN_POINT('',(6.078550301,19.136574517,4.554623943));
#7963=CARTESIAN_POINT('',(6.163702362,19.19185538,4.433686942));
#7964=CARTESIAN_POINT('',(6.286755944,19.258185283,4.159634496));
#7965=CARTESIAN_POINT('',(6.324565536,19.269184769,4.006723798));
#7966=CARTESIAN_POINT('',(6.334755151,19.256886554,3.853698705));
#7967=CARTESIAN_POINT('',(6.101601431,18.944962628,4.660747951));
#7968=CARTESIAN_POINT('',(6.194255393,19.018535809,4.568434007));
#7969=CARTESIAN_POINT('',(6.274456906,19.074212888,4.449578363));
#7970=CARTESIAN_POINT('',(6.394201123,19.138828895,4.182143193));
#7971=CARTESIAN_POINT('',(6.433662848,19.147724125,4.033744539));
#7972=CARTESIAN_POINT('',(6.448833491,19.132334835,3.885245388));
#7973=CARTESIAN_POINT('',(6.167774517,18.889331207,4.669411292));
#7974=CARTESIAN_POINT('',(6.256461483,18.96322508,4.577199484));
#7975=CARTESIAN_POINT('',(6.333930242,19.018711598,4.45964679));
#7976=CARTESIAN_POINT('',(6.451677557,19.082292577,4.196266027));
#7977=CARTESIAN_POINT('',(6.491881389,19.090346687,4.050605119));
#7978=CARTESIAN_POINT('',(6.509580058,19.073898574,3.904851723));
#7979=CARTESIAN_POINT('',(6.309348256,18.786703525,4.690302996));
#7980=CARTESIAN_POINT('',(6.389831848,18.859989533,4.598625662));
#7981=CARTESIAN_POINT('',(6.461525611,18.914333552,4.484259667));
#7982=CARTESIAN_POINT('',(6.574642236,18.97550678,4.230415646));
#7983=CARTESIAN_POINT('',(6.616003298,18.982302566,4.091076322));
#7984=CARTESIAN_POINT('',(6.638498714,18.964707219,3.951660838));
#7985=CARTESIAN_POINT('',(6.384424199,18.740012717,4.702492783));
#7986=CARTESIAN_POINT('',(6.460693482,18.812367609,4.611249282));
#7987=CARTESIAN_POINT('',(6.529359747,18.865760379,4.498761603));
#7988=CARTESIAN_POINT('',(6.639851337,18.925565976,4.250380434));
#7989=CARTESIAN_POINT('',(6.681621486,18.931948935,4.114610998));
#7990=CARTESIAN_POINT('',(6.706369125,18.914271085,3.978773744));
#7991=CARTESIAN_POINT('',(6.462645834,18.698460226,4.716213558));
#7992=CARTESIAN_POINT('',(6.534775892,18.769345494,4.625654737));
#7993=CARTESIAN_POINT('',(6.600401301,18.821473459,4.515325177));
#7994=CARTESIAN_POINT('',(6.708022679,18.879778928,4.272979191));
#7995=CARTESIAN_POINT('',(6.749969694,18.885929912,4.141072997));
#7996=CARTESIAN_POINT('',(6.776658898,18.868581437,4.009106776));
#7997=B_SPLINE_SURFACE_WITH_KNOTS('',3,3,((#7889,#7890,#7891,#7892,#7893,#7894),(#7895,#7896,#7897,#7898,#7899,#7900),(#7901,#7902,#7903,#7904,#7905,#7906),(#7907,#7908,#7909,#7910,#7911,#7912),(#7913,#7914,#7915,#7916,#7917,#7918),(#7919,#7920,#7921,#7922,#7923,#7924),(#7925,#7926,#7927,#7928,#7929,#7930),(#7931,#7932,#7933,#7934,#7935,#7936),(#7937,#7938,#7939,#7940,#7941,#7942),(#7943,#7944,#7945,#7946,#7947,#7948),(#7949,#7950,#7951,#7952,#7953,#7954),(#7955,#7956,#7957,#7958,#7959,#7960),(#7961,#7962,#7963,#7964,#7965,#7966),(#7967,#7968,#7969,#7970,#7971,#7972),(#7973,#7974,#7975,#7976,#7977,#7978),(#7979,#7980,#7981,#7982,#7983,#7984),(#7985,#7986,#7987,#7988,#7989,#7990),(#7991,#7992,#7993,#7994,#7995,#7996)),.UNSPECIFIED.,.F.,.F.,.U.,(4,2,2,2,2,2,2,2,4),(4,2,4),(0.,0.000765583,0.001148374,0.001531165,0.001722561,0.001913956,0.002296748,0.002679539,0.00306233),(0.,0.5,1.),.UNSPECIFIED.);
#7998=ORIENTED_EDGE('',*,*,#7877,.T.);
#7999=ORIENTED_EDGE('',*,*,#322,.F.);
#8000=CARTESIAN_POINT('',(4.867327304,20.608853304,4.023557264));
#8001=DIRECTION('',(0.020480425,0.968907843,0.246572798));
#8002=DIRECTION('',(0.,-0.246624526,0.96911111));
#8003=AXIS2_PLACEMENT_3D('',#8000,#8001,#8002);
#8004=CIRCLE('',#8003,1.);
#8005=EDGE_CURVE('',#5681,#295,#8004,.T.);
#8006=ORIENTED_EDGE('',*,*,#8005,.F.);
#8007=ORIENTED_EDGE('',*,*,#5742,.F.);
#8008=EDGE_LOOP('',(#7998,#7999,#8006,#8007));
#8009=FACE_BOUND('',#8008,.T.);
#8010=ADVANCED_FACE('',(#8009),#7997,.T.);
#8011=CARTESIAN_POINT('',(5.611981673,20.962344222,4.792893219));
#8012=CARTESIAN_POINT('',(5.702998958,20.94551512,4.700333158));
#8013=CARTESIAN_POINT('',(5.775883092,20.932038838,4.589405418));
#8014=CARTESIAN_POINT('',(5.874399492,20.91382315,4.347534322));
#8015=CARTESIAN_POINT('',(5.899992996,20.909090909,4.216686132));
#8016=CARTESIAN_POINT('',(5.899992996,20.909090909,4.085786438));
#8017=CARTESIAN_POINT('',(5.577795799,20.777455841,4.792893219));
#8018=CARTESIAN_POINT('',(5.671215657,20.773620634,4.700333158));
#8019=CARTESIAN_POINT('',(5.746611659,20.773729357,4.589405418));
#8020=CARTESIAN_POINT('',(5.849991783,20.781818278,4.347534322));
#8021=CARTESIAN_POINT('',(5.877935229,20.789795293,4.216686132));
#8022=CARTESIAN_POINT('',(5.880026152,20.801103688,4.085786438));
#8023=CARTESIAN_POINT('',(5.556501315,20.594712697,4.77124487));
#8024=CARTESIAN_POINT('',(5.652946829,20.603435437,4.679461505));
#8025=CARTESIAN_POINT('',(5.730961655,20.616778445,4.568763149));
#8026=CARTESIAN_POINT('',(5.838052672,20.65074019,4.326706996));
#8027=CARTESIAN_POINT('',(5.867084458,20.671345987,4.195449822));
#8028=CARTESIAN_POINT('',(5.869351084,20.694028622,4.064138089));
#8029=CARTESIAN_POINT('',(5.547209629,20.414533919,4.730664045));
#8030=CARTESIAN_POINT('',(5.647120825,20.435409128,4.640336247));
#8031=CARTESIAN_POINT('',(5.727780874,20.461763723,4.530076207));
#8032=CARTESIAN_POINT('',(5.837442683,20.521133141,4.287675525));
#8033=CARTESIAN_POINT('',(5.866393757,20.554120522,4.155646921));
#8034=CARTESIAN_POINT('',(5.867103978,20.587720384,4.023557264));
#8035=B_SPLINE_SURFACE_WITH_KNOTS('',3,3,((#8011,#8012,#8013,#8014,#8015,#8016),(#8017,#8018,#8019,#8020,#8021,#8022),(#8023,#8024,#8025,#8026,#8027,#8028),(#8029,#8030,#8031,#8032,#8033,#8034)),.UNSPECIFIED.,.F.,.F.,.U.,(4,4),(4,2,4),(0.,0.000488553),(0.,0.5,1.),.UNSPECIFIED.);
#8036=ORIENTED_EDGE('',*,*,#8005,.T.);
#8037=ORIENTED_EDGE('',*,*,#301,.F.);
#8038=CARTESIAN_POINT('',(4.91666083,21.090909091,4.085786438));
#8039=DIRECTION('',(0.181818182,0.983332166,-0.));
#8040=DIRECTION('',(-0.983332166,0.181818182,0.));
#8041=AXIS2_PLACEMENT_3D('',#8038,#8039,#8040);
#8042=CIRCLE('',#8041,1.);
#8043=EDGE_CURVE('',#5753,#287,#8042,.T.);
#8044=ORIENTED_EDGE('',*,*,#8043,.F.);
#8045=ORIENTED_EDGE('',*,*,#5800,.F.);
#8046=EDGE_LOOP('',(#8036,#8037,#8044,#8045));
#8047=FACE_BOUND('',#8046,.T.);
#8048=ADVANCED_FACE('',(#8047),#8035,.T.);
#8049=CARTESIAN_POINT('',(0.,22.,4.085786438));
#8050=DIRECTION('',(0.,0.,1.));
#8051=DIRECTION('',(1.,0.,-0.));
#8052=AXIS2_PLACEMENT_3D('',#8049,#8050,#8051);
#8053=TOROIDAL_SURFACE('',#8052,5.,1.);
#8054=CARTESIAN_POINT('',(5.,22.,4.085786438));
#8055=DIRECTION('',(-0.,1.,-0.));
#8056=DIRECTION('',(1.,0.,0.));
#8057=AXIS2_PLACEMENT_3D('',#8054,#8055,#8056);
#8058=CIRCLE('',#8057,1.);
#8059=EDGE_CURVE('',#5755,#5829,#8058,.T.);
#8060=ORIENTED_EDGE('',*,*,#8059,.T.);
#8061=ORIENTED_EDGE('',*,*,#5835,.F.);
#8062=CARTESIAN_POINT('',(2.041574478,27.641983131,4.085786438));
#8063=CARTESIAN_POINT('',(2.215244498,27.57913993,4.183182968));
#8064=CARTESIAN_POINT('',(2.446833988,27.472797857,4.314373281));
#8065=CARTESIAN_POINT('',(2.698694429,27.276008184,4.462950068));
#8066=CARTESIAN_POINT('',(2.714435707,27.263708829,4.472236117));
#8067=CARTESIAN_POINT('',(2.735432261,27.246873726,4.484664999));
#8068=CARTESIAN_POINT('',(2.752980781,27.232353512,4.49509505));
#8069=CARTESIAN_POINT('',(2.770529302,27.217833297,4.5055251));
#8070=CARTESIAN_POINT('',(2.787536609,27.203356752,4.515671106));
#8071=CARTESIAN_POINT('',(2.804020396,27.18895839,4.525536892));
#8072=CARTESIAN_POINT('',(2.83698797,27.160161666,4.545268465));
#8073=CARTESIAN_POINT('',(2.867861325,27.13168002,4.563878355));
#8074=CARTESIAN_POINT('',(2.896785739,27.103760722,4.58140859));
#8075=CARTESIAN_POINT('',(2.954634566,27.047922126,4.61646906));
#8076=CARTESIAN_POINT('',(3.004693433,26.994365858,4.647205136));
#8077=CARTESIAN_POINT('',(3.048108302,26.944643761,4.67407041));
#8078=CARTESIAN_POINT('',(3.134938041,26.845199567,4.727800959));
#8079=CARTESIAN_POINT('',(3.195426362,26.761446004,4.766119111));
#8080=CARTESIAN_POINT('',(3.236870218,26.70039775,4.792893219));
#8081=B_SPLINE_CURVE_WITH_KNOTS('',3,(#8062,#8063,#8064,#8065,#8066,#8067,#8068,#8069,#8070,#8071,#8072,#8073,#8074,#8075,#8076,#8077,#8078,#8079,#8080),.UNSPECIFIED.,.F.,.F.,(4,3,3,3,3,3,4),(0.,0.5,0.53125,0.5625,0.625,0.75,1.),.UNSPECIFIED.);
#8082=EDGE_CURVE('',#5820,#5764,#8081,.T.);
#8083=ORIENTED_EDGE('',*,*,#8082,.T.);
#8084=ORIENTED_EDGE('',*,*,#5770,.F.);
#8085=EDGE_LOOP('',(#8060,#8061,#8083,#8084));
#8086=FACE_BOUND('',#8085,.T.);
#8087=ADVANCED_FACE('',(#8086),#8053,.T.);
#8088=CARTESIAN_POINT('',(0.,22.,2.414213562));
#8089=DIRECTION('',(0.,0.,-1.));
#8090=DIRECTION('',(-1.,0.,0.));
#8091=AXIS2_PLACEMENT_3D('',#8088,#8089,#8090);
#8092=TOROIDAL_SURFACE('',#8091,5.,1.);
#8093=CARTESIAN_POINT('',(-5.,22.,2.414213562));
#8094=DIRECTION('',(-0.,1.,-0.));
#8095=DIRECTION('',(-1.,0.,0.));
#8096=AXIS2_PLACEMENT_3D('',#8093,#8094,#8095);
#8097=CIRCLE('',#8096,1.);
#8098=EDGE_CURVE('',#6825,#6675,#8097,.T.);
#8099=ORIENTED_EDGE('',*,*,#8098,.T.);
#8100=ORIENTED_EDGE('',*,*,#6707,.F.);
#8101=CARTESIAN_POINT('',(-2.041572128,27.641983982,2.414213562));
#8102=CARTESIAN_POINT('',(-2.215243741,27.579140286,2.316817032));
#8103=CARTESIAN_POINT('',(-2.446833988,27.472797857,2.185626719));
#8104=CARTESIAN_POINT('',(-2.698694429,27.276008184,2.037049932));
#8105=CARTESIAN_POINT('',(-2.714435707,27.263708829,2.027763883));
#8106=CARTESIAN_POINT('',(-2.735432261,27.246873726,2.015335001));
#8107=CARTESIAN_POINT('',(-2.752980781,27.232353512,2.00490495));
#8108=CARTESIAN_POINT('',(-2.770529302,27.217833297,1.9944749));
#8109=CARTESIAN_POINT('',(-2.787536609,27.203356752,1.984328894));
#8110=CARTESIAN_POINT('',(-2.804020396,27.18895839,1.974463108));
#8111=CARTESIAN_POINT('',(-2.83698797,27.160161666,1.954731535));
#8112=CARTESIAN_POINT('',(-2.867861325,27.13168002,1.936121645));
#8113=CARTESIAN_POINT('',(-2.896785739,27.103760722,1.91859141));
#8114=CARTESIAN_POINT('',(-2.954634566,27.047922126,1.88353094));
#8115=CARTESIAN_POINT('',(-3.004693433,26.994365858,1.852794864));
#8116=CARTESIAN_POINT('',(-3.048108302,26.944643761,1.82592959));
#8117=CARTESIAN_POINT('',(-3.134938041,26.845199567,1.772199041));
#8118=CARTESIAN_POINT('',(-3.195426362,26.761446004,1.733880889));
#8119=CARTESIAN_POINT('',(-3.236870218,26.70039775,1.707106781));
#8120=B_SPLINE_CURVE_WITH_KNOTS('',3,(#8101,#8102,#8103,#8104,#8105,#8106,#8107,#8108,#8109,#8110,#8111,#8112,#8113,#8114,#8115,#8116,#8117,#8118,#8119),.UNSPECIFIED.,.F.,.F.,(4,3,3,3,3,3,4),(0.,0.5,0.53125,0.5625,0.625,0.75,1.),.UNSPECIFIED.);
#8121=EDGE_CURVE('',#6694,#6834,#8120,.T.);
#8122=ORIENTED_EDGE('',*,*,#8121,.T.);
#8123=ORIENTED_EDGE('',*,*,#6840,.F.);
#8124=EDGE_LOOP('',(#8099,#8100,#8122,#8123));
#8125=FACE_BOUND('',#8124,.T.);
#8126=ADVANCED_FACE('',(#8125),#8092,.T.);
#8127=CARTESIAN_POINT('',(0.,22.,2.414213562));
#8128=DIRECTION('',(0.,0.,-1.));
#8129=DIRECTION('',(-1.,0.,0.));
#8130=AXIS2_PLACEMENT_3D('',#8127,#8128,#8129);
#8131=TOROIDAL_SURFACE('',#8130,5.,1.);
#8132=CARTESIAN_POINT('',(5.611981673,20.962344222,1.707106781));
#8133=VERTEX_POINT('',#8132);
#8134=CARTESIAN_POINT('',(0.,22.,1.707106781));
#8135=DIRECTION('',(-0.,-0.,-1.));
#8136=DIRECTION('',(1.,0.,-0.));
#8137=AXIS2_PLACEMENT_3D('',#8134,#8135,#8136);
#8138=CIRCLE('',#8137,5.707106781);
#8139=EDGE_CURVE('',#5540,#8133,#8138,.T.);
#8140=ORIENTED_EDGE('',*,*,#8139,.F.);
#8141=ORIENTED_EDGE('',*,*,#5592,.F.);
#8142=CARTESIAN_POINT('',(-2.121667132,27.298074782,1.707106781));
#8143=CARTESIAN_POINT('',(-1.944883538,27.467459915,1.798631118));
#8144=CARTESIAN_POINT('',(-1.744640019,27.611985146,1.908053704));
#8145=CARTESIAN_POINT('',(-1.527145032,27.721812435,2.027270164));
#8146=CARTESIAN_POINT('',(-1.418397539,27.776726079,2.086878393));
#8147=CARTESIAN_POINT('',(-1.310471015,27.821578393,2.147602651));
#8148=CARTESIAN_POINT('',(-1.197046365,27.858390455,2.212460021));
#8149=CARTESIAN_POINT('',(-1.083621716,27.895202518,2.27731739));
#8150=CARTESIAN_POINT('',(-0.967086434,27.922758069,2.345000673));
#8151=CARTESIAN_POINT('',(-0.848626059,27.939682972,2.414213562));
#8152=B_SPLINE_CURVE_WITH_KNOTS('',3,(#8142,#8143,#8144,#8145,#8146,#8147,#8148,#8149,#8150,#8151),.UNSPECIFIED.,.F.,.F.,(4,3,3,4),(0.,0.5,0.75,1.),.UNSPECIFIED.);
#8153=EDGE_CURVE('',#5558,#5811,#8152,.T.);
#8154=ORIENTED_EDGE('',*,*,#8153,.T.);
#8155=ORIENTED_EDGE('',*,*,#5817,.F.);
#8156=CARTESIAN_POINT('',(4.91666083,21.090909091,2.414213562));
#8157=DIRECTION('',(-0.181818182,-0.983332166,-0.));
#8158=DIRECTION('',(0.983332166,-0.181818182,0.));
#8159=AXIS2_PLACEMENT_3D('',#8156,#8157,#8158);
#8160=CIRCLE('',#8159,1.);
#8161=EDGE_CURVE('',#8133,#278,#8160,.T.);
#8162=ORIENTED_EDGE('',*,*,#8161,.F.);
#8163=EDGE_LOOP('',(#8140,#8141,#8154,#8155,#8162));
#8164=FACE_BOUND('',#8163,.T.);
#8165=ADVANCED_FACE('',(#8164),#8131,.T.);
#8166=CARTESIAN_POINT('',(-5.611981673,20.962344222,1.707106781));
#8167=CARTESIAN_POINT('',(-5.702998958,20.94551512,1.799666842));
#8168=CARTESIAN_POINT('',(-5.775883092,20.932038838,1.910594582));
#8169=CARTESIAN_POINT('',(-5.874399492,20.91382315,2.152465678));
#8170=CARTESIAN_POINT('',(-5.899992996,20.909090909,2.283313868));
#8171=CARTESIAN_POINT('',(-5.899992996,20.909090909,2.414213562));
#8172=CARTESIAN_POINT('',(-5.577795799,20.777455841,1.707106781));
#8173=CARTESIAN_POINT('',(-5.671215657,20.773620634,1.799666842));
#8174=CARTESIAN_POINT('',(-5.746611659,20.773729357,1.910594582));
#8175=CARTESIAN_POINT('',(-5.849991783,20.781818278,2.152465678));
#8176=CARTESIAN_POINT('',(-5.877935229,20.789795293,2.283313868));
#8177=CARTESIAN_POINT('',(-5.880026152,20.801103688,2.414213562));
#8178=CARTESIAN_POINT('',(-5.556501315,20.594712697,1.72875513));
#8179=CARTESIAN_POINT('',(-5.652946829,20.603435437,1.820538495));
#8180=CARTESIAN_POINT('',(-5.730961655,20.616778445,1.931236851));
#8181=CARTESIAN_POINT('',(-5.838052672,20.65074019,2.173293004));
#8182=CARTESIAN_POINT('',(-5.867084458,20.671345987,2.304550178));
#8183=CARTESIAN_POINT('',(-5.869351084,20.694028622,2.435861911));
#8184=CARTESIAN_POINT('',(-5.547209629,20.414533919,1.769335955));
#8185=CARTESIAN_POINT('',(-5.647120825,20.435409128,1.859663753));
#8186=CARTESIAN_POINT('',(-5.727780874,20.461763723,1.969923793));
#8187=CARTESIAN_POINT('',(-5.837442683,20.521133141,2.212324475));
#8188=CARTESIAN_POINT('',(-5.866393757,20.554120522,2.344353079));
#8189=CARTESIAN_POINT('',(-5.867103978,20.587720384,2.476442736));
#8190=B_SPLINE_SURFACE_WITH_KNOTS('',3,3,((#8166,#8167,#8168,#8169,#8170,#8171),(#8172,#8173,#8174,#8175,#8176,#8177),(#8178,#8179,#8180,#8181,#8182,#8183),(#8184,#8185,#8186,#8187,#8188,#8189)),.UNSPECIFIED.,.F.,.F.,.U.,(4,4),(4,2,4),(0.,0.000488553),(0.,0.5,1.),.UNSPECIFIED.);
#8191=CARTESIAN_POINT('',(-4.91666083,21.090909091,2.414213562));
#8192=DIRECTION('',(0.181818182,-0.983332166,-0.));
#8193=DIRECTION('',(0.983332166,0.181818182,0.));
#8194=AXIS2_PLACEMENT_3D('',#8191,#8192,#8193);
#8195=CIRCLE('',#8194,1.);
#8196=EDGE_CURVE('',#7157,#6823,#8195,.T.);
#8197=ORIENTED_EDGE('',*,*,#8196,.T.);
#8198=ORIENTED_EDGE('',*,*,#6880,.F.);
#8199=CARTESIAN_POINT('',(-4.867327304,20.608853304,2.476442736));
#8200=DIRECTION('',(0.020480425,-0.968907843,0.246572798));
#8201=DIRECTION('',(-0.,-0.246624526,-0.96911111));
#8202=AXIS2_PLACEMENT_3D('',#8199,#8200,#8201);
#8203=CIRCLE('',#8202,1.);
#8204=EDGE_CURVE('',#7167,#6867,#8203,.T.);
#8205=ORIENTED_EDGE('',*,*,#8204,.F.);
#8206=ORIENTED_EDGE('',*,*,#7173,.F.);
#8207=EDGE_LOOP('',(#8197,#8198,#8205,#8206));
#8208=FACE_BOUND('',#8207,.T.);
#8209=ADVANCED_FACE('',(#8208),#8190,.T.);
#8210=CARTESIAN_POINT('',(5.547209629,20.414533919,1.769335955));
#8211=CARTESIAN_POINT('',(5.647120825,20.435409128,1.859663753));
#8212=CARTESIAN_POINT('',(5.727780874,20.461763723,1.969923793));
#8213=CARTESIAN_POINT('',(5.837442683,20.521133141,2.212324475));
#8214=CARTESIAN_POINT('',(5.866393757,20.554120522,2.344353079));
#8215=CARTESIAN_POINT('',(5.867103978,20.587720384,2.476442736));
#8216=CARTESIAN_POINT('',(5.556501315,20.594712697,1.72875513));
#8217=CARTESIAN_POINT('',(5.652946829,20.603435437,1.820538495));
#8218=CARTESIAN_POINT('',(5.730961655,20.616778445,1.931236851));
#8219=CARTESIAN_POINT('',(5.838052672,20.65074019,2.173293004));
#8220=CARTESIAN_POINT('',(5.867084458,20.671345987,2.304550178));
#8221=CARTESIAN_POINT('',(5.869351084,20.694028622,2.435861911));
#8222=CARTESIAN_POINT('',(5.577795799,20.777455841,1.707106781));
#8223=CARTESIAN_POINT('',(5.671215657,20.773620634,1.799666842));
#8224=CARTESIAN_POINT('',(5.746611659,20.773729357,1.910594582));
#8225=CARTESIAN_POINT('',(5.849991783,20.781818278,2.152465678));
#8226=CARTESIAN_POINT('',(5.877935229,20.789795293,2.283313868));
#8227=CARTESIAN_POINT('',(5.880026152,20.801103688,2.414213562));
#8228=CARTESIAN_POINT('',(5.611981673,20.962344222,1.707106781));
#8229=CARTESIAN_POINT('',(5.702998958,20.94551512,1.799666842));
#8230=CARTESIAN_POINT('',(5.775883092,20.932038838,1.910594582));
#8231=CARTESIAN_POINT('',(5.874399492,20.91382315,2.152465678));
#8232=CARTESIAN_POINT('',(5.899992996,20.909090909,2.283313868));
#8233=CARTESIAN_POINT('',(5.899992996,20.909090909,2.414213562));
#8234=B_SPLINE_SURFACE_WITH_KNOTS('',3,3,((#8210,#8211,#8212,#8213,#8214,#8215),(#8216,#8217,#8218,#8219,#8220,#8221),(#8222,#8223,#8224,#8225,#8226,#8227),(#8228,#8229,#8230,#8231,#8232,#8233)),.UNSPECIFIED.,.F.,.F.,.U.,(4,4),(4,2,4),(0.,0.000488553),(0.,0.5,1.),.UNSPECIFIED.);
#8235=ORIENTED_EDGE('',*,*,#8161,.T.);
#8236=ORIENTED_EDGE('',*,*,#284,.F.);
#8237=CARTESIAN_POINT('',(4.867327304,20.608853304,2.476442736));
#8238=DIRECTION('',(-0.020480425,-0.968907843,0.246572798));
#8239=DIRECTION('',(0.,-0.246624526,-0.96911111));
#8240=AXIS2_PLACEMENT_3D('',#8237,#8238,#8239);
#8241=CIRCLE('',#8240,1.);
#8242=EDGE_CURVE('',#149,#257,#8241,.T.);
#8243=ORIENTED_EDGE('',*,*,#8242,.F.);
#8244=CARTESIAN_POINT('',(5.611981673,20.962344222,1.707106781));
#8245=CARTESIAN_POINT('',(5.577795799,20.777455841,1.707106781));
#8246=CARTESIAN_POINT('',(5.556501315,20.594712697,1.72875513));
#8247=CARTESIAN_POINT('',(5.547209629,20.414533919,1.769335955));
#8248=B_SPLINE_CURVE_WITH_KNOTS('',3,(#8244,#8245,#8246,#8247),.UNSPECIFIED.,.F.,.F.,(4,4),(0.,0.000488553),.UNSPECIFIED.);
#8249=EDGE_CURVE('',#8133,#149,#8248,.T.);
#8250=ORIENTED_EDGE('',*,*,#8249,.F.);
#8251=EDGE_LOOP('',(#8235,#8236,#8243,#8250));
#8252=FACE_BOUND('',#8251,.T.);
#8253=ADVANCED_FACE('',(#8252),#8234,.T.);
#8254=CARTESIAN_POINT('',(-6.776658898,18.868581437,2.490893224));
#8255=CARTESIAN_POINT('',(-6.749969694,18.885929912,2.358927003));
#8256=CARTESIAN_POINT('',(-6.708022679,18.879778928,2.227020809));
#8257=CARTESIAN_POINT('',(-6.600401301,18.821473459,1.984674823));
#8258=CARTESIAN_POINT('',(-6.534775892,18.769345494,1.874345263));
#8259=CARTESIAN_POINT('',(-6.462645834,18.698460226,1.783786442));
#8260=CARTESIAN_POINT('',(-6.636115567,18.959937193,2.55154366));
#8261=CARTESIAN_POINT('',(-6.613308493,18.977944248,2.411837367));
#8262=CARTESIAN_POINT('',(-6.571715119,18.971329432,2.272206679));
#8263=CARTESIAN_POINT('',(-6.458354795,18.91002448,2.017793437));
#8264=CARTESIAN_POINT('',(-6.386649242,18.855367558,1.90314875));
#8265=CARTESIAN_POINT('',(-6.306242867,18.781543799,1.811220923));
#8266=CARTESIAN_POINT('',(-6.508188056,19.067822033,2.598239055));
#8267=CARTESIAN_POINT('',(-6.49043074,19.084798224,2.452106757));
#8268=CARTESIAN_POINT('',(-6.450114732,19.07698762,2.306067643));
#8269=CARTESIAN_POINT('',(-6.332101303,19.013267627,2.042094268));
#8270=CARTESIAN_POINT('',(-6.254479149,18.957398883,1.92432842));
#8271=CARTESIAN_POINT('',(-6.165648482,18.88287211,1.832047867));
#8272=CARTESIAN_POINT('',(-6.335928314,19.255463106,2.646029744));
#8273=CARTESIAN_POINT('',(-6.325685623,19.267803617,2.493044879));
#8274=CARTESIAN_POINT('',(-6.287856859,19.256830702,2.340174205));
#8275=CARTESIAN_POINT('',(-6.164833446,19.190515989,2.066179574));
#8276=CARTESIAN_POINT('',(-6.07973062,19.13522369,1.945260138));
#8277=CARTESIAN_POINT('',(-5.979806757,19.063498934,1.852885799));
#8278=CARTESIAN_POINT('',(-6.281696115,19.322690491,2.658169352));
#8279=CARTESIAN_POINT('',(-6.273945774,19.332964172,2.503375342));
#8280=CARTESIAN_POINT('',(-6.237041113,19.320706732,2.34870165));
#8281=CARTESIAN_POINT('',(-6.112682534,19.253702182,2.072102435));
#8282=CARTESIAN_POINT('',(-6.025325203,19.199007112,1.950391745));
#8283=CARTESIAN_POINT('',(-5.921968177,19.128868677,1.858060425));
#8284=CARTESIAN_POINT('',(-6.183479043,19.461865587,2.673868629));
#8285=CARTESIAN_POINT('',(-6.180174446,19.467255568,2.516639483));
#8286=CARTESIAN_POINT('',(-6.145075492,19.45214597,2.359539018));
#8287=CARTESIAN_POINT('',(-6.018856461,19.384180498,2.079453401));
#8288=CARTESIAN_POINT('',(-5.927839612,19.331380211,1.956697323));
#8289=CARTESIAN_POINT('',(-5.8187218,19.265453887,1.864456608));
#8290=CARTESIAN_POINT('',(-6.139017942,19.534265154,2.677580561));
#8291=CARTESIAN_POINT('',(-6.137685375,19.536830426,2.519704222));
#8292=CARTESIAN_POINT('',(-6.103473011,19.520146757,2.361959012));
#8293=CARTESIAN_POINT('',(-5.976712697,19.451901507,2.080960545));
#8294=CARTESIAN_POINT('',(-5.884269898,19.400396536,1.957940386));
#8295=CARTESIAN_POINT('',(-5.772794125,19.337097482,1.865746597));
#8296=CARTESIAN_POINT('',(-6.079279381,19.647072364,2.676909032));
#8297=CARTESIAN_POINT('',(-6.080333654,19.645054903,2.518953266));
#8298=CARTESIAN_POINT('',(-6.047325887,19.625918718,2.361129016));
#8299=CARTESIAN_POINT('',(-5.920357352,19.557566225,2.080031364));
#8300=CARTESIAN_POINT('',(-5.826502168,19.508406758,1.956991718));
#8301=CARTESIAN_POINT('',(-5.712471217,19.449604129,1.864826628));
#8302=CARTESIAN_POINT('',(-6.0605289,19.685378158,2.675644859));
#8303=CARTESIAN_POINT('',(-6.062284588,19.681776392,2.517811051));
#8304=CARTESIAN_POINT('',(-6.029658177,19.661808046,2.360108252));
#8305=CARTESIAN_POINT('',(-5.902721538,19.593472186,2.079189135));
#8306=CARTESIAN_POINT('',(-5.808516632,19.545161372,1.956205905));
#8307=CARTESIAN_POINT('',(-5.693797363,19.487949623,1.864043861));
#8308=CARTESIAN_POINT('',(-6.02539279,19.763421147,2.670980166));
#8309=CARTESIAN_POINT('',(-6.028337234,19.756582189,2.513693195));
#8310=CARTESIAN_POINT('',(-5.996419994,19.734945608,2.356535397));
#8311=CARTESIAN_POINT('',(-5.86975287,19.666748998,2.076408317));
#8312=CARTESIAN_POINT('',(-5.775106974,19.620244956,1.953669007));
#8313=CARTESIAN_POINT('',(-5.659365818,19.566355028,1.861503585));
#8314=CARTESIAN_POINT('',(-6.008947827,19.803325856,2.667562715));
#8315=CARTESIAN_POINT('',(-6.012381416,19.794827442,2.510703163));
#8316=CARTESIAN_POINT('',(-5.98079361,19.772351663,2.353971296));
#8317=CARTESIAN_POINT('',(-5.854366481,19.70427883,2.074460835));
#8318=CARTESIAN_POINT('',(-5.759630064,19.658737185,1.95190975));
#8319=CARTESIAN_POINT('',(-5.643555307,19.60658562,1.859737384));
#8320=CARTESIAN_POINT('',(-5.963786342,19.92381126,2.654180349));
#8321=CARTESIAN_POINT('',(-5.968329208,19.910367111,2.499043166));
#8322=CARTESIAN_POINT('',(-5.937628467,19.885441187,2.344027903));
#8323=CARTESIAN_POINT('',(-5.81222805,19.817898718,2.067006487));
#8324=CARTESIAN_POINT('',(-5.717626919,19.775335254,1.945218032));
#8325=CARTESIAN_POINT('',(-5.601123428,19.728475819,1.853023393));
#8326=CARTESIAN_POINT('',(-5.939204874,20.005046387,2.641152493));
#8327=CARTESIAN_POINT('',(-5.944010046,19.988355666,2.487742303));
#8328=CARTESIAN_POINT('',(-5.913764107,19.961889372,2.334448501));
#8329=CARTESIAN_POINT('',(-5.789451247,19.894909736,2.059925973));
#8330=CARTESIAN_POINT('',(-5.695478494,19.854447135,1.938905201));
#8331=CARTESIAN_POINT('',(-5.579446974,19.811209295,1.846691957));
#8332=CARTESIAN_POINT('',(-5.900548545,20.169248888,2.607280657));
#8333=CARTESIAN_POINT('',(-5.905015812,20.146545471,2.458353368));
#8334=CARTESIAN_POINT('',(-5.875439631,20.117381656,2.309528719));
#8335=CARTESIAN_POINT('',(-5.754061824,20.051920927,2.041576403));
#8336=CARTESIAN_POINT('',(-5.66234372,20.015669059,1.922633116));
#8337=CARTESIAN_POINT('',(-5.548684626,19.979483893,1.830509616));
#8338=CARTESIAN_POINT('',(-5.886476227,20.252216677,2.586435051));
#8339=CARTESIAN_POINT('',(-5.890343896,20.226747622,2.440263454));
#8340=CARTESIAN_POINT('',(-5.860983049,20.196427039,2.294186332));
#8341=CARTESIAN_POINT('',(-5.741452592,20.131922675,2.030305616));
#8342=CARTESIAN_POINT('',(-5.651360243,20.09778059,1.912672589));
#8343=CARTESIAN_POINT('',(-5.53960099,20.06502633,1.820658127));
#8344=CARTESIAN_POINT('',(-5.868824302,20.419880284,2.536917368));
#8345=CARTESIAN_POINT('',(-5.870818218,20.389672585,2.397177754));
#8346=CARTESIAN_POINT('',(-5.841738979,20.357580538,2.257515925));
#8347=CARTESIAN_POINT('',(-5.726635962,20.295375488,2.00331385));
#8348=CARTESIAN_POINT('',(-5.640676263,20.265297114,1.888915118));
#8349=CARTESIAN_POINT('',(-5.533991159,20.238926782,1.797447086));
#8350=CARTESIAN_POINT('',(-5.865337733,20.504161119,2.508339643));
#8351=CARTESIAN_POINT('',(-5.8660626,20.471997477,2.372262465));
#8352=CARTESIAN_POINT('',(-5.837050148,20.439298165,2.236254433));
#8353=CARTESIAN_POINT('',(-5.724519436,20.378431385,1.987639947));
#8354=CARTESIAN_POINT('',(-5.641058377,20.350294859,1.875159875));
#8355=CARTESIAN_POINT('',(-5.537537882,20.326857561,1.784130844));
#8356=CARTESIAN_POINT('',(-5.867103978,20.587720384,2.476442736));
#8357=CARTESIAN_POINT('',(-5.866393757,20.554120522,2.344353079));
#8358=CARTESIAN_POINT('',(-5.837442683,20.521133141,2.212324475));
#8359=CARTESIAN_POINT('',(-5.727780874,20.461763723,1.969923793));
#8360=CARTESIAN_POINT('',(-5.647120825,20.435409128,1.859663753));
#8361=CARTESIAN_POINT('',(-5.547209629,20.414533918,1.769335955));
#8362=B_SPLINE_SURFACE_WITH_KNOTS('',3,3,((#8254,#8255,#8256,#8257,#8258,#8259),(#8260,#8261,#8262,#8263,#8264,#8265),(#8266,#8267,#8268,#8269,#8270,#8271),(#8272,#8273,#8274,#8275,#8276,#8277),(#8278,#8279,#8280,#8281,#8282,#8283),(#8284,#8285,#8286,#8287,#8288,#8289),(#8290,#8291,#8292,#8293,#8294,#8295),(#8296,#8297,#8298,#8299,#8300,#8301),(#8302,#8303,#8304,#8305,#8306,#8307),(#8308,#8309,#8310,#8311,#8312,#8313),(#8314,#8315,#8316,#8317,#8318,#8319),(#8320,#8321,#8322,#8323,#8324,#8325),(#8326,#8327,#8328,#8329,#8330,#8331),(#8332,#8333,#8334,#8335,#8336,#8337),(#8338,#8339,#8340,#8341,#8342,#8343),(#8344,#8345,#8346,#8347,#8348,#8349),(#8350,#8351,#8352,#8353,#8354,#8355),(#8356,#8357,#8358,#8359,#8360,#8361)),.UNSPECIFIED.,.F.,.F.,.U.,(4,2,2,2,2,2,2,2,4),(4,2,4),(0.,0.000765606,0.001148409,0.001531212,0.001722614,0.001914015,0.002296818,0.002679621,0.003062424),(0.,0.5,1.),.UNSPECIFIED.);
#8363=ORIENTED_EDGE('',*,*,#8204,.T.);
#8364=ORIENTED_EDGE('',*,*,#7379,.F.);
#8365=CARTESIAN_POINT('',(-6.231659683,18.030144883,2.490893224));
#8366=DIRECTION('',(-0.815059967,-0.529804003,-0.234488741));
#8367=DIRECTION('',(0.544999215,-0.838436554,-0.));
#8368=AXIS2_PLACEMENT_3D('',#8365,#8366,#8367);
#8369=CIRCLE('',#8368,1.);
#8370=EDGE_CURVE('',#7176,#7351,#8369,.T.);
#8371=ORIENTED_EDGE('',*,*,#8370,.F.);
#8372=ORIENTED_EDGE('',*,*,#7194,.F.);
#8373=EDGE_LOOP('',(#8363,#8364,#8371,#8372));
#8374=FACE_BOUND('',#8373,.T.);
#8375=ADVANCED_FACE('',(#8374),#8362,.T.);
#8376=CARTESIAN_POINT('',(5.867103978,20.587720384,2.476442736));
#8377=CARTESIAN_POINT('',(5.866393757,20.554120517,2.344353057));
#8378=CARTESIAN_POINT('',(5.837442673,20.521133132,2.21232443));
#8379=CARTESIAN_POINT('',(5.727780829,20.461763709,1.969923714));
#8380=CARTESIAN_POINT('',(5.647120754,20.435409112,1.859663663));
#8381=CARTESIAN_POINT('',(5.547209528,20.414533903,1.769335862));
#8382=CARTESIAN_POINT('',(5.863572558,20.420652363,2.540217268));
#8383=CARTESIAN_POINT('',(5.865731647,20.389924071,2.400154956));
#8384=CARTESIAN_POINT('',(5.836657843,20.357512651,2.26016988));
#8385=CARTESIAN_POINT('',(5.721259924,20.295149407,2.005345314));
#8386=CARTESIAN_POINT('',(5.634999523,20.265232026,1.890646541));
#8387=CARTESIAN_POINT('',(5.527871881,20.239234189,1.798916702));
#8388=CARTESIAN_POINT('',(5.88067389,20.254525524,2.589556149));
#8389=CARTESIAN_POINT('',(5.884950661,20.22870927,2.442974485));
#8390=CARTESIAN_POINT('',(5.855718201,20.198151866,2.296488163));
#8391=CARTESIAN_POINT('',(5.735878187,20.133486532,2.031974472));
#8392=CARTESIAN_POINT('',(5.645348593,20.099420675,1.914119174));
#8393=CARTESIAN_POINT('',(5.532946823,20.066893307,1.822044354));
#8394=CARTESIAN_POINT('',(5.938692518,20.006804335,2.640860972));
#8395=CARTESIAN_POINT('',(5.943502332,19.990044336,2.487489388));
#8396=CARTESIAN_POINT('',(5.913266095,19.963545336,2.33423393));
#8397=CARTESIAN_POINT('',(5.788978259,19.896578152,2.059766898));
#8398=CARTESIAN_POINT('',(5.695020733,19.856160655,1.938763064));
#8399=CARTESIAN_POINT('',(5.57900168,19.81300039,1.846549207));
#8400=CARTESIAN_POINT('',(5.963688079,19.924202831,2.654100778));
#8401=CARTESIAN_POINT('',(5.968230051,19.910743498,2.498974186));
#8402=CARTESIAN_POINT('',(5.937530663,19.885810756,2.343969587));
#8403=CARTESIAN_POINT('',(5.812136474,19.818272216,2.066963886));
#8404=CARTESIAN_POINT('',(5.717540194,19.775719482,1.945180421));
#8405=CARTESIAN_POINT('',(5.601041697,19.728877952,1.852985998));
#8406=CARTESIAN_POINT('',(6.023355472,19.764760182,2.671875913));
#8407=CARTESIAN_POINT('',(6.026437329,19.757844267,2.514460818));
#8408=CARTESIAN_POINT('',(5.994566324,19.736152063,2.357175383));
#8409=CARTESIAN_POINT('',(5.867806934,19.667908312,2.076862451));
#8410=CARTESIAN_POINT('',(5.773022861,19.621412925,1.954065625));
#8411=CARTESIAN_POINT('',(5.657079326,19.56756725,1.861900703));
#8412=CARTESIAN_POINT('',(6.058133843,19.687267188,2.676574568));
#8413=CARTESIAN_POINT('',(6.060028376,19.68361467,2.518604508));
#8414=CARTESIAN_POINT('',(6.027447228,19.663605158,2.360766058));
#8415=CARTESIAN_POINT('',(5.900414066,19.59522028,2.079653067));
#8416=CARTESIAN_POINT('',(5.806067753,19.546901815,1.956612431));
#8417=CARTESIAN_POINT('',(5.691143083,19.489707605,1.864456955));
#8418=CARTESIAN_POINT('',(6.11771381,19.574369005,2.677386704));
#8419=CARTESIAN_POINT('',(6.11723429,19.575306635,2.519476099));
#8420=CARTESIAN_POINT('',(6.08345133,19.557751502,2.361696792));
#8421=CARTESIAN_POINT('',(5.956612794,19.489466849,2.080654454));
#8422=CARTESIAN_POINT('',(5.863662541,19.438794031,1.957624791));
#8423=CARTESIAN_POINT('',(5.751270975,19.377091249,1.865441423));
#8424=CARTESIAN_POINT('',(6.138812804,19.537294851,2.676618147));
#8425=CARTESIAN_POINT('',(6.137444538,19.539712053,2.518875483));
#8426=CARTESIAN_POINT('',(6.103239081,19.522963537,2.361263359));
#8427=CARTESIAN_POINT('',(5.976566671,19.454764039,2.08045567));
#8428=CARTESIAN_POINT('',(5.884204511,19.403369476,1.95749241));
#8429=CARTESIAN_POINT('',(5.772823923,19.340249119,1.865293209));
#8430=CARTESIAN_POINT('',(6.183534304,19.464284112,2.672959699));
#8431=CARTESIAN_POINT('',(6.180217384,19.46951507,2.515852263));
#8432=CARTESIAN_POINT('',(6.145136305,19.454332647,2.358873089));
#8433=CARTESIAN_POINT('',(6.018998409,19.386408957,2.078965566));
#8434=CARTESIAN_POINT('',(5.928044533,19.333723123,1.956265651));
#8435=CARTESIAN_POINT('',(5.818995768,19.267984641,1.864026975));
#8436=CARTESIAN_POINT('',(6.207262138,19.428204119,2.670055189));
#8437=CARTESIAN_POINT('',(6.20288128,19.434774163,2.513417208));
#8438=CARTESIAN_POINT('',(6.167345639,19.420353968,2.356905791));
#8439=CARTESIAN_POINT('',(6.041578563,19.352621525,2.077666307));
#8440=CARTESIAN_POINT('',(5.951448744,19.299364003,1.955163859));
#8441=CARTESIAN_POINT('',(5.843726743,19.232420452,1.862901006));
#8442=CARTESIAN_POINT('',(6.281423887,19.322998592,2.658243266));
#8443=CARTESIAN_POINT('',(6.273686583,19.33326383,2.503438345));
#8444=CARTESIAN_POINT('',(6.236786595,19.321000747,2.348753689));
#8445=CARTESIAN_POINT('',(6.112420563,19.25399194,2.072138402));
#8446=CARTESIAN_POINT('',(6.025051132,19.199298272,1.950422667));
#8447=CARTESIAN_POINT('',(5.921675922,19.129165293,1.858091267));
#8448=CARTESIAN_POINT('',(6.33475351,19.256888558,2.646301797));
#8449=CARTESIAN_POINT('',(6.324563977,19.26918671,2.493276671));
#8450=CARTESIAN_POINT('',(6.286754425,19.258187189,2.340365934));
#8451=CARTESIAN_POINT('',(6.16370083,19.191857282,2.066313424));
#8452=CARTESIAN_POINT('',(6.078548717,19.136576449,1.945376398));
#8453=CARTESIAN_POINT('',(5.978550279,19.064883469,1.853002971));
#8454=CARTESIAN_POINT('',(6.448829562,19.132338911,2.614755636));
#8455=CARTESIAN_POINT('',(6.433659085,19.147728106,2.466256317));
#8456=CARTESIAN_POINT('',(6.394197411,19.138832808,2.317857499));
#8457=CARTESIAN_POINT('',(6.274453076,19.074216732,2.050422098));
#8458=CARTESIAN_POINT('',(6.194251394,19.018539653,1.931566386));
#8459=CARTESIAN_POINT('',(6.101597181,18.944966515,1.839252449));
#8460=CARTESIAN_POINT('',(6.50957736,19.073900717,2.595149328));
#8461=CARTESIAN_POINT('',(6.491878789,19.090348815,2.449395794));
#8462=CARTESIAN_POINT('',(6.451674981,19.082294682,2.303734748));
#8463=CARTESIAN_POINT('',(6.333927574,19.018713649,2.040353775));
#8464=CARTESIAN_POINT('',(6.256458697,18.963227099,1.922801007));
#8465=CARTESIAN_POINT('',(6.167771563,18.8893332,1.830589183));
#8466=CARTESIAN_POINT('',(6.63850524,18.964701834,2.548336738));
#8467=CARTESIAN_POINT('',(6.616009589,18.982297227,2.408921577));
#8468=CARTESIAN_POINT('',(6.574648475,18.975501498,2.269582575));
#8469=CARTESIAN_POINT('',(6.461532093,18.914328389,2.015739042));
#8470=CARTESIAN_POINT('',(6.389838624,18.859984432,1.901373211));
#8471=CARTESIAN_POINT('',(6.309355446,18.786698464,1.809695907));
#8472=CARTESIAN_POINT('',(6.706370113,18.914270442,2.52122583));
#8473=CARTESIAN_POINT('',(6.681622438,18.931948293,2.385388621));
#8474=CARTESIAN_POINT('',(6.639852276,18.925565339,2.24961923));
#8475=CARTESIAN_POINT('',(6.529360702,18.865759759,2.001238132));
#8476=CARTESIAN_POINT('',(6.460694467,18.812367,1.888750479));
#8477=CARTESIAN_POINT('',(6.384425229,18.74001212,1.797506988));
#8478=CARTESIAN_POINT('',(6.776658898,18.868581437,2.490893224));
#8479=CARTESIAN_POINT('',(6.749969685,18.885929917,2.358926994));
#8480=CARTESIAN_POINT('',(6.708022659,18.879778936,2.227020791));
#8481=CARTESIAN_POINT('',(6.600401257,18.821473461,1.984674791));
#8482=CARTESIAN_POINT('',(6.534775835,18.76934549,1.874345228));
#8483=CARTESIAN_POINT('',(6.462645764,18.698460213,1.783786407));
#8484=B_SPLINE_SURFACE_WITH_KNOTS('',3,3,((#8376,#8377,#8378,#8379,#8380,#8381),(#8382,#8383,#8384,#8385,#8386,#8387),(#8388,#8389,#8390,#8391,#8392,#8393),(#8394,#8395,#8396,#8397,#8398,#8399),(#8400,#8401,#8402,#8403,#8404,#8405),(#8406,#8407,#8408,#8409,#8410,#8411),(#8412,#8413,#8414,#8415,#8416,#8417),(#8418,#8419,#8420,#8421,#8422,#8423),(#8424,#8425,#8426,#8427,#8428,#8429),(#8430,#8431,#8432,#8433,#8434,#8435),(#8436,#8437,#8438,#8439,#8440,#8441),(#8442,#8443,#8444,#8445,#8446,#8447),(#8448,#8449,#8450,#8451,#8452,#8453),(#8454,#8455,#8456,#8457,#8458,#8459),(#8460,#8461,#8462,#8463,#8464,#8465),(#8466,#8467,#8468,#8469,#8470,#8471),(#8472,#8473,#8474,#8475,#8476,#8477),(#8478,#8479,#8480,#8481,#8482,#8483)),.UNSPECIFIED.,.F.,.F.,.U.,(4,2,2,2,2,2,2,2,4),(4,2,4),(0.,0.000765592,0.001148388,0.001531185,0.001722583,0.001913981,0.002296777,0.002679573,0.003062369),(0.,0.5,1.),.UNSPECIFIED.);
#8485=ORIENTED_EDGE('',*,*,#8242,.T.);
#8486=ORIENTED_EDGE('',*,*,#275,.F.);
#8487=CARTESIAN_POINT('',(6.231659683,18.030144883,2.490893224));
#8488=DIRECTION('',(0.815059967,-0.529804003,-0.234488741));
#8489=DIRECTION('',(0.544999215,0.838436554,0.));
#8490=AXIS2_PLACEMENT_3D('',#8487,#8488,#8489);
#8491=CIRCLE('',#8490,1.);
#8492=EDGE_CURVE('',#163,#248,#8491,.T.);
#8493=ORIENTED_EDGE('',*,*,#8492,.F.);
#8494=ORIENTED_EDGE('',*,*,#181,.F.);
#8495=EDGE_LOOP('',(#8485,#8486,#8493,#8494));
#8496=FACE_BOUND('',#8495,.T.);
#8497=ADVANCED_FACE('',(#8496),#8484,.T.);
#8498=CARTESIAN_POINT('',(-6.462645834,18.698460226,1.783786442));
#8499=CARTESIAN_POINT('',(-6.534775892,18.769345494,1.874345263));
#8500=CARTESIAN_POINT('',(-6.600401301,18.821473459,1.984674823));
#8501=CARTESIAN_POINT('',(-6.708022679,18.879778928,2.227020809));
#8502=CARTESIAN_POINT('',(-6.749969694,18.885929912,2.358927003));
#8503=CARTESIAN_POINT('',(-6.776658898,18.868581437,2.490893224));
#8504=CARTESIAN_POINT('',(-6.644530469,18.582389408,1.733498314));
#8505=CARTESIAN_POINT('',(-6.703904622,18.658574166,1.825376452));
#8506=CARTESIAN_POINT('',(-6.756886763,18.716945788,1.936102748));
#8507=CARTESIAN_POINT('',(-6.84197084,18.788996111,2.178136307));
#8508=CARTESIAN_POINT('',(-6.874038573,18.802644476,2.309343606));
#8509=CARTESIAN_POINT('',(-6.89318998,18.792834086,2.440605096));
#8510=CARTESIAN_POINT('',(-6.838881396,18.483758142,1.707106781));
#8511=CARTESIAN_POINT('',(-6.885323175,18.565089016,1.799666842));
#8512=CARTESIAN_POINT('',(-6.925359979,18.629126256,1.910594582));
#8513=CARTESIAN_POINT('',(-6.986589031,18.712961363,2.152465678));
#8514=CARTESIAN_POINT('',(-7.007757189,18.732726244,2.283313868));
#8515=CARTESIAN_POINT('',(-7.017883677,18.728848909,2.414213562));
#8516=CARTESIAN_POINT('',(-7.046775272,18.404157573,1.707106781));
#8517=CARTESIAN_POINT('',(-7.079872467,18.49059796,1.799666842));
#8518=CARTESIAN_POINT('',(-7.106375788,18.55981704,1.910594582));
#8519=CARTESIAN_POINT('',(-7.142199933,18.653379442,2.152465678));
#8520=CARTESIAN_POINT('',(-7.151506662,18.67768595,2.283313868));
#8521=CARTESIAN_POINT('',(-7.151506662,18.67768595,2.414213562));
#8522=B_SPLINE_SURFACE_WITH_KNOTS('',3,3,((#8498,#8499,#8500,#8501,#8502,#8503),(#8504,#8505,#8506,#8507,#8508,#8509),(#8510,#8511,#8512,#8513,#8514,#8515),(#8516,#8517,#8518,#8519,#8520,#8521)),.UNSPECIFIED.,.F.,.F.,.U.,(4,4),(4,2,4),(0.,0.000635627),(0.,0.5,1.),.UNSPECIFIED.);
#8523=ORIENTED_EDGE('',*,*,#8370,.T.);
#8524=CARTESIAN_POINT('',(-7.046775272,18.404157573,1.707106781));
#8525=VERTEX_POINT('',#8524);
#8526=CARTESIAN_POINT('',(-7.046775272,18.404157573,1.707106781));
#8527=CARTESIAN_POINT('',(-6.838881396,18.483758142,1.707106781));
#8528=CARTESIAN_POINT('',(-6.644530469,18.582389408,1.733498314));
#8529=CARTESIAN_POINT('',(-6.462645834,18.698460226,1.783786442));
#8530=B_SPLINE_CURVE_WITH_KNOTS('',3,(#8526,#8527,#8528,#8529),.UNSPECIFIED.,.F.,.F.,(4,4),(0.,0.000635627),.UNSPECIFIED.);
#8531=EDGE_CURVE('',#8525,#7351,#8530,.T.);
#8532=ORIENTED_EDGE('',*,*,#8531,.F.);
#8533=CARTESIAN_POINT('',(-6.793931329,17.743801653,2.414213562));
#8534=DIRECTION('',(-0.933884298,-0.357575333,0.));
#8535=DIRECTION('',(0.357575333,-0.933884298,0.));
#8536=AXIS2_PLACEMENT_3D('',#8533,#8534,#8535);
#8537=CIRCLE('',#8536,1.);
#8538=EDGE_CURVE('',#6462,#8525,#8537,.T.);
#8539=ORIENTED_EDGE('',*,*,#8538,.F.);
#8540=ORIENTED_EDGE('',*,*,#7201,.F.);
#8541=EDGE_LOOP('',(#8523,#8532,#8539,#8540));
#8542=FACE_BOUND('',#8541,.T.);
#8543=ADVANCED_FACE('',(#8542),#8522,.T.);
#8544=CARTESIAN_POINT('',(7.046775272,18.404157573,1.707106781));
#8545=CARTESIAN_POINT('',(7.079872467,18.49059796,1.799666842));
#8546=CARTESIAN_POINT('',(7.106375788,18.55981704,1.910594582));
#8547=CARTESIAN_POINT('',(7.142199933,18.653379442,2.152465678));
#8548=CARTESIAN_POINT('',(7.151506662,18.67768595,2.283313868));
#8549=CARTESIAN_POINT('',(7.151506662,18.67768595,2.414213562));
#8550=CARTESIAN_POINT('',(6.838881396,18.483758142,1.707106781));
#8551=CARTESIAN_POINT('',(6.885323175,18.565089016,1.799666842));
#8552=CARTESIAN_POINT('',(6.925359979,18.629126256,1.910594582));
#8553=CARTESIAN_POINT('',(6.986589031,18.712961363,2.152465678));
#8554=CARTESIAN_POINT('',(7.007757189,18.732726244,2.283313868));
#8555=CARTESIAN_POINT('',(7.017883677,18.728848909,2.414213562));
#8556=CARTESIAN_POINT('',(6.644530469,18.582389408,1.733498314));
#8557=CARTESIAN_POINT('',(6.703904622,18.658574166,1.825376452));
#8558=CARTESIAN_POINT('',(6.756886763,18.716945788,1.936102748));
#8559=CARTESIAN_POINT('',(6.84197084,18.788996111,2.178136307));
#8560=CARTESIAN_POINT('',(6.874038573,18.802644476,2.309343606));
#8561=CARTESIAN_POINT('',(6.89318998,18.792834086,2.440605096));
#8562=CARTESIAN_POINT('',(6.462645834,18.698460226,1.783786442));
#8563=CARTESIAN_POINT('',(6.534775892,18.769345494,1.874345263));
#8564=CARTESIAN_POINT('',(6.600401301,18.821473459,1.984674823));
#8565=CARTESIAN_POINT('',(6.708022679,18.879778928,2.227020809));
#8566=CARTESIAN_POINT('',(6.749969694,18.885929912,2.358927003));
#8567=CARTESIAN_POINT('',(6.776658898,18.868581437,2.490893224));
#8568=B_SPLINE_SURFACE_WITH_KNOTS('',3,3,((#8544,#8545,#8546,#8547,#8548,#8549),(#8550,#8551,#8552,#8553,#8554,#8555),(#8556,#8557,#8558,#8559,#8560,#8561),(#8562,#8563,#8564,#8565,#8566,#8567)),.UNSPECIFIED.,.F.,.F.,.U.,(4,4),(4,2,4),(0.,0.000635627),(0.,0.5,1.),.UNSPECIFIED.);
#8569=ORIENTED_EDGE('',*,*,#8492,.T.);
#8570=ORIENTED_EDGE('',*,*,#254,.F.);
#8571=CARTESIAN_POINT('',(6.793931329,17.743801653,2.414213562));
#8572=DIRECTION('',(0.933884298,-0.357575333,0.));
#8573=DIRECTION('',(0.357575333,0.933884298,0.));
#8574=AXIS2_PLACEMENT_3D('',#8571,#8572,#8573);
#8575=CIRCLE('',#8574,1.);
#8576=EDGE_CURVE('',#6419,#238,#8575,.T.);
#8577=ORIENTED_EDGE('',*,*,#8576,.F.);
#8578=ORIENTED_EDGE('',*,*,#6425,.F.);
#8579=EDGE_LOOP('',(#8569,#8570,#8577,#8578));
#8580=FACE_BOUND('',#8579,.T.);
#8581=ADVANCED_FACE('',(#8580),#8568,.T.);
#8582=CARTESIAN_POINT('',(0.,0.,2.414213562));
#8583=DIRECTION('',(0.,0.,-1.));
#8584=DIRECTION('',(-1.,0.,0.));
#8585=AXIS2_PLACEMENT_3D('',#8582,#8583,#8584);
#8586=TOROIDAL_SURFACE('',#8585,19.,1.);
#8587=CARTESIAN_POINT('',(-19.707106781,0.,1.707106781));
#8588=VERTEX_POINT('',#8587);
#8589=CARTESIAN_POINT('',(-19.,0.,2.414213562));
#8590=DIRECTION('',(-0.,1.,-0.));
#8591=DIRECTION('',(-1.,0.,0.));
#8592=AXIS2_PLACEMENT_3D('',#8589,#8590,#8591);
#8593=CIRCLE('',#8592,1.);
#8594=EDGE_CURVE('',#8588,#6443,#8593,.T.);
#8595=ORIENTED_EDGE('',*,*,#8594,.T.);
#8596=ORIENTED_EDGE('',*,*,#6474,.F.);
#8597=ORIENTED_EDGE('',*,*,#8538,.T.);
#8598=CARTESIAN_POINT('',(0.,0.,1.707106781));
#8599=DIRECTION('',(-0.,-0.,-1.));
#8600=DIRECTION('',(1.,0.,-0.));
#8601=AXIS2_PLACEMENT_3D('',#8598,#8599,#8600);
#8602=CIRCLE('',#8601,19.707106781);
#8603=EDGE_CURVE('',#8588,#8525,#8602,.T.);
#8604=ORIENTED_EDGE('',*,*,#8603,.F.);
#8605=EDGE_LOOP('',(#8595,#8596,#8597,#8604));
#8606=FACE_BOUND('',#8605,.T.);
#8607=ADVANCED_FACE('',(#8606),#8586,.T.);
#8608=CARTESIAN_POINT('',(4.603166091,17.645565365,6.023109236));
#8609=CARTESIAN_POINT('',(4.823242888,17.455962721,6.150170634));
#8610=CARTESIAN_POINT('',(5.040899413,17.262661888,6.275834687));
#8611=CARTESIAN_POINT('',(5.255960038,17.065633864,6.399999996));
#8612=CARTESIAN_POINT('',(4.567009593,17.722085868,6.198909756));
#8613=CARTESIAN_POINT('',(4.787934893,17.532717319,6.327155542));
#8614=CARTESIAN_POINT('',(5.006470821,17.339622156,6.454015527));
#8615=CARTESIAN_POINT('',(5.222442111,17.142766854,6.579387532));
#8616=B_SPLINE_SURFACE_WITH_KNOTS('',1,3,((#8608,#8609,#8610,#8611),(#8612,#8613,#8614,#8615)),.UNSPECIFIED.,.F.,.F.,.U.,(2,2),(4,4),(0.,1.),(0.07316733,0.746521634),.UNSPECIFIED.);
#8617=ORIENTED_EDGE('',*,*,#6212,.F.);
#8618=CARTESIAN_POINT('',(5.229165124,17.117136818,6.500000006));
#8619=CARTESIAN_POINT('',(5.23809741,17.099974258,6.466664258));
#8620=CARTESIAN_POINT('',(5.247029045,17.082806632,6.433330944));
#8621=CARTESIAN_POINT('',(5.255960022,17.065633901,6.400000083));
#8622=B_SPLINE_CURVE_WITH_KNOTS('',3,(#8618,#8619,#8620,#8621),.UNSPECIFIED.,.F.,.F.,(4,4),(0.,0.000115631),.UNSPECIFIED.);
#8623=EDGE_CURVE('',#6199,#7521,#8622,.T.);
#8624=ORIENTED_EDGE('',*,*,#8623,.T.);
#8625=ORIENTED_EDGE('',*,*,#7526,.F.);
#8626=CARTESIAN_POINT('',(4.567009593,17.722085868,6.198909756));
#8627=CARTESIAN_POINT('',(4.579061759,17.696579034,6.140309582));
#8628=CARTESIAN_POINT('',(4.591113925,17.671072199,6.081709409));
#8629=CARTESIAN_POINT('',(4.603166091,17.645565365,6.023109236));
#8630=B_SPLINE_CURVE_WITH_KNOTS('',3,(#8626,#8627,#8628,#8629),.UNSPECIFIED.,.F.,.F.,(4,4),(0.,1.),.UNSPECIFIED.);
#8631=EDGE_CURVE('',#6651,#7507,#8630,.T.);
#8632=ORIENTED_EDGE('',*,*,#8631,.F.);
#8633=ORIENTED_EDGE('',*,*,#6657,.F.);
#8634=EDGE_LOOP('',(#8617,#8624,#8625,#8632,#8633));
#8635=FACE_BOUND('',#8634,.T.);
#8636=ADVANCED_FACE('',(#8635),#8616,.T.);
#8637=CARTESIAN_POINT('',(4.567009593,17.722085868,6.198909756));
#8638=CARTESIAN_POINT('',(4.425897227,17.844539382,6.115544768));
#8639=CARTESIAN_POINT('',(4.303356307,17.995716481,6.043958997));
#8640=CARTESIAN_POINT('',(4.110552639,18.338626997,5.933766334));
#8641=CARTESIAN_POINT('',(4.040743852,18.52975257,5.895425105));
#8642=CARTESIAN_POINT('',(3.917401126,19.121944639,5.832742587));
#8643=CARTESIAN_POINT('',(3.950700542,19.538304091,5.860708568));
#8644=CARTESIAN_POINT('',(4.062227075,19.909105458,5.931244284));
#8645=CARTESIAN_POINT('',(4.603166091,17.645565365,6.023109236));
#8646=CARTESIAN_POINT('',(4.454817803,17.776811739,5.937460312));
#8647=CARTESIAN_POINT('',(4.326058752,17.936764957,5.863121239));
#8648=CARTESIAN_POINT('',(4.122154717,18.297603005,5.745397189));
#8649=CARTESIAN_POINT('',(4.047451493,18.497903791,5.702267263));
#8650=CARTESIAN_POINT('',(3.9106871,19.119663123,5.623306304));
#8651=CARTESIAN_POINT('',(3.936369614,19.558855588,5.63813411));
#8652=CARTESIAN_POINT('',(4.043296237,19.956701671,5.699868224));
#8653=B_SPLINE_SURFACE_WITH_KNOTS('',1,3,((#8637,#8638,#8639,#8640,#8641,#8642,#8643,#8644),(#8645,#8646,#8647,#8648,#8649,#8650,#8651,#8652)),.UNSPECIFIED.,.F.,.F.,.U.,(2,2),(4,2,2,4),(0.,1.),(0.007680984,0.249152122,0.49062326,0.973565537),.UNSPECIFIED.);
#8654=ORIENTED_EDGE('',*,*,#8631,.T.);
#8655=ORIENTED_EDGE('',*,*,#7518,.F.);
#8656=CARTESIAN_POINT('',(4.062227075,19.909105458,5.931244284));
#8657=CARTESIAN_POINT('',(4.055916796,19.924970862,5.85411893));
#8658=CARTESIAN_POINT('',(4.049606516,19.940836266,5.776993577));
#8659=CARTESIAN_POINT('',(4.043296237,19.956701671,5.699868224));
#8660=B_SPLINE_CURVE_WITH_KNOTS('',3,(#8656,#8657,#8658,#8659),.UNSPECIFIED.,.F.,.F.,(4,4),(0.,1.),.UNSPECIFIED.);
#8661=EDGE_CURVE('',#6769,#7493,#8660,.T.);
#8662=ORIENTED_EDGE('',*,*,#8661,.F.);
#8663=ORIENTED_EDGE('',*,*,#6987,.F.);
#8664=EDGE_LOOP('',(#8654,#8655,#8662,#8663));
#8665=FACE_BOUND('',#8664,.T.);
#8666=ADVANCED_FACE('',(#8665),#8653,.T.);
#8667=CARTESIAN_POINT('',(-5.923390027,16.679361273,-0.054400773));
#8668=CARTESIAN_POINT('',(-5.55860447,17.033890991,0.156208267));
#8669=CARTESIAN_POINT('',(-5.185551666,17.377227793,0.371590404));
#8670=CARTESIAN_POINT('',(-4.805171804,17.70949657,0.591202819));
#8671=CARTESIAN_POINT('',(-6.177622013,16.906714029,-0.000000221));
#8672=CARTESIAN_POINT('',(-5.80981274,17.265998184,0.211228778));
#8673=CARTESIAN_POINT('',(-5.433669926,17.613929321,0.427244088));
#8674=CARTESIAN_POINT('',(-5.050144444,17.950636859,0.647501778));
#8675=B_SPLINE_SURFACE_WITH_KNOTS('',1,3,((#8667,#8668,#8669,#8670),(#8671,#8672,#8673,#8674)),.UNSPECIFIED.,.F.,.F.,.U.,(2,2),(4,4),(0.,1.),(0.069858847,0.928747881),.UNSPECIFIED.);
#8676=ORIENTED_EDGE('',*,*,#5981,.F.);
#8677=CARTESIAN_POINT('',(-5.050144446,17.950636858,0.647501777));
#8678=CARTESIAN_POINT('',(-5.439302334,17.608984475,0.42400941));
#8679=CARTESIAN_POINT('',(-5.815129997,17.260804193,0.208175485));
#8680=CARTESIAN_POINT('',(-6.177622688,16.90671399,0.));
#8681=B_SPLINE_CURVE_WITH_KNOTS('',3,(#8677,#8678,#8679,#8680),.UNSPECIFIED.,.F.,.F.,(4,4),(0.,1.),.UNSPECIFIED.);
#8682=EDGE_CURVE('',#7327,#5968,#8681,.T.);
#8683=ORIENTED_EDGE('',*,*,#8682,.F.);
#8684=CARTESIAN_POINT('',(-4.805171804,17.70949657,0.591202819));
#8685=CARTESIAN_POINT('',(-4.886829351,17.789876666,0.609969139));
#8686=CARTESIAN_POINT('',(-4.968486897,17.870256763,0.628735458));
#8687=CARTESIAN_POINT('',(-5.050144444,17.950636859,0.647501778));
#8688=B_SPLINE_CURVE_WITH_KNOTS('',3,(#8684,#8685,#8686,#8687),.UNSPECIFIED.,.F.,.F.,(4,4),(0.,1.),.UNSPECIFIED.);
#8689=EDGE_CURVE('',#7427,#7327,#8688,.T.);
#8690=ORIENTED_EDGE('',*,*,#8689,.F.);
#8691=ORIENTED_EDGE('',*,*,#7432,.F.);
#8692=EDGE_LOOP('',(#8676,#8683,#8690,#8691));
#8693=FACE_BOUND('',#8692,.T.);
#8694=ADVANCED_FACE('',(#8693),#8675,.T.);
#8695=CARTESIAN_POINT('',(2.149744287,27.220350006,4.606625496));
#8696=CARTESIAN_POINT('',(2.583571314,26.765260425,4.857095647));
#8697=CARTESIAN_POINT('',(2.977436488,26.256750664,5.084493812));
#8698=CARTESIAN_POINT('',(3.638085349,25.144237175,5.465919609));
#8699=CARTESIAN_POINT('',(3.904772509,24.53945861,5.619891513));
#8700=CARTESIAN_POINT('',(4.264790775,23.264374723,5.827748156));
#8701=CARTESIAN_POINT('',(4.356704442,22.594732051,5.880814536));
#8702=CARTESIAN_POINT('',(4.342307264,21.256629341,5.872502322));
#8703=CARTESIAN_POINT('',(4.235904421,20.589131421,5.811070611));
#8704=CARTESIAN_POINT('',(4.043296237,19.956701671,5.699868224));
#8705=CARTESIAN_POINT('',(2.121667132,27.298074782,4.792893219));
#8706=CARTESIAN_POINT('',(2.5621275,26.84321923,5.051403967));
#8707=CARTESIAN_POINT('',(2.964140791,26.333133745,5.287347276));
#8708=CARTESIAN_POINT('',(3.642221082,25.210570533,5.685116065));
#8709=CARTESIAN_POINT('',(3.918231875,24.597066583,5.846897732));
#8710=CARTESIAN_POINT('',(4.292422952,23.296387619,6.06608745));
#8711=CARTESIAN_POINT('',(4.388798168,22.609829465,6.122471146));
#8712=CARTESIAN_POINT('',(4.373744523,21.237757716,6.113660753));
#8713=CARTESIAN_POINT('',(4.262226342,20.553685457,6.048411057));
#8714=CARTESIAN_POINT('',(4.062227075,19.909105458,5.931244284));
#8715=B_SPLINE_SURFACE_WITH_KNOTS('',1,3,((#8695,#8696,#8697,#8698,#8699,#8700,#8701,#8702,#8703,#8704),(#8705,#8706,#8707,#8708,#8709,#8710,#8711,#8712,#8713,#8714)),.UNSPECIFIED.,.F.,.F.,.U.,(2,2),(4,2,2,2,4),(0.,1.),(0.090235368,0.297994709,0.505754051,0.713513392,0.921272734),.UNSPECIFIED.);
#8716=ORIENTED_EDGE('',*,*,#8661,.T.);
#8717=ORIENTED_EDGE('',*,*,#7504,.F.);
#8718=CARTESIAN_POINT('',(2.121667132,27.298074782,4.792893219));
#8719=CARTESIAN_POINT('',(2.131026184,27.272166523,4.730803978));
#8720=CARTESIAN_POINT('',(2.140385235,27.246258265,4.668714737));
#8721=CARTESIAN_POINT('',(2.149744287,27.220350006,4.606625496));
#8722=B_SPLINE_CURVE_WITH_KNOTS('',3,(#8718,#8719,#8720,#8721),.UNSPECIFIED.,.F.,.F.,(4,4),(0.,1.),.UNSPECIFIED.);
#8723=EDGE_CURVE('',#6778,#7483,#8722,.T.);
#8724=ORIENTED_EDGE('',*,*,#8723,.F.);
#8725=ORIENTED_EDGE('',*,*,#6805,.F.);
#8726=EDGE_LOOP('',(#8716,#8717,#8724,#8725));
#8727=FACE_BOUND('',#8726,.T.);
#8728=ADVANCED_FACE('',(#8727),#8715,.T.);
#8729=CARTESIAN_POINT('',(-4.559188556,20.060846339,0.954444188));
#8730=CARTESIAN_POINT('',(-4.45670673,19.683273703,1.007918882));
#8731=CARTESIAN_POINT('',(-4.432458201,19.27467912,1.014088102));
#8732=CARTESIAN_POINT('',(-4.553183849,18.710944787,0.936443486));
#8733=CARTESIAN_POINT('',(-4.619304209,18.531708345,0.89631926));
#8734=CARTESIAN_POINT('',(-4.801078148,18.20944468,0.789716876));
#8735=CARTESIAN_POINT('',(-4.916834441,18.066771251,0.723192963));
#8736=CARTESIAN_POINT('',(-5.050144444,17.950636859,0.647501778));
#8737=CARTESIAN_POINT('',(-4.249983517,20.135214757,0.911740926));
#8738=CARTESIAN_POINT('',(-4.126278317,19.723828215,0.983162157));
#8739=CARTESIAN_POINT('',(-4.087785086,19.261365832,1.005386234));
#8740=CARTESIAN_POINT('',(-4.221643736,18.605254009,0.928102907));
#8741=CARTESIAN_POINT('',(-4.297935293,18.393744869,0.884055956));
#8742=CARTESIAN_POINT('',(-4.51124141,18.013068511,0.760903611));
#8743=CARTESIAN_POINT('',(-4.648306402,17.844569718,0.681769101));
#8744=CARTESIAN_POINT('',(-4.805171804,17.70949657,0.591202819));
#8745=B_SPLINE_SURFACE_WITH_KNOTS('',1,3,((#8729,#8730,#8731,#8732,#8733,#8734,#8735,#8736),(#8737,#8738,#8739,#8740,#8741,#8742,#8743,#8744)),.UNSPECIFIED.,.F.,.F.,.U.,(2,2),(4,2,2,4),(0.,1.),(0.081550042,0.50014819,0.709447264,0.918746338),.UNSPECIFIED.);
#8746=ORIENTED_EDGE('',*,*,#8689,.T.);
#8747=ORIENTED_EDGE('',*,*,#7348,.F.);
#8748=CARTESIAN_POINT('',(-4.249983517,20.135214757,0.911740926));
#8749=CARTESIAN_POINT('',(-4.353051863,20.110425284,0.925975347));
#8750=CARTESIAN_POINT('',(-4.45612021,20.085635812,0.940209767));
#8751=CARTESIAN_POINT('',(-4.559188556,20.060846339,0.954444188));
#8752=B_SPLINE_CURVE_WITH_KNOTS('',3,(#8748,#8749,#8750,#8751),.UNSPECIFIED.,.F.,.F.,(4,4),(0.,1.),.UNSPECIFIED.);
#8753=EDGE_CURVE('',#7435,#6843,#8752,.T.);
#8754=ORIENTED_EDGE('',*,*,#8753,.F.);
#8755=ORIENTED_EDGE('',*,*,#7446,.F.);
#8756=EDGE_LOOP('',(#8746,#8747,#8754,#8755));
#8757=FACE_BOUND('',#8756,.T.);
#8758=ADVANCED_FACE('',(#8757),#8745,.T.);
#8759=CARTESIAN_POINT('',(0.925602673,27.727159861,3.899867006));
#8760=CARTESIAN_POINT('',(1.362985378,27.704863719,4.152390029));
#8761=CARTESIAN_POINT('',(1.796708124,27.522844067,4.402799973));
#8762=CARTESIAN_POINT('',(2.149744287,27.220350006,4.606625496));
#8763=CARTESIAN_POINT('',(0.848626059,27.939682972,4.085786438));
#8764=CARTESIAN_POINT('',(1.31779498,27.872650948,4.359907945));
#8765=CARTESIAN_POINT('',(1.764643621,27.640156723,4.608055139));
#8766=CARTESIAN_POINT('',(2.121667132,27.298074782,4.792893219));
#8767=B_SPLINE_SURFACE_WITH_KNOTS('',1,3,((#8759,#8760,#8761,#8762),(#8763,#8764,#8765,#8766)),.UNSPECIFIED.,.F.,.F.,.U.,(2,2),(4,4),(0.,1.),(0.070203574,0.779501671),.UNSPECIFIED.);
#8768=ORIENTED_EDGE('',*,*,#8723,.T.);
#8769=ORIENTED_EDGE('',*,*,#7490,.F.);
#8770=CARTESIAN_POINT('',(0.848626059,27.939682972,4.085786438));
#8771=CARTESIAN_POINT('',(0.87428493,27.868841935,4.023813294));
#8772=CARTESIAN_POINT('',(0.899943801,27.798000898,3.96184015));
#8773=CARTESIAN_POINT('',(0.925602673,27.727159861,3.899867006));
#8774=B_SPLINE_CURVE_WITH_KNOTS('',3,(#8770,#8771,#8772,#8773),.UNSPECIFIED.,.F.,.F.,(4,4),(0.,1.),.UNSPECIFIED.);
#8775=EDGE_CURVE('',#6685,#7473,#8774,.T.);
#8776=ORIENTED_EDGE('',*,*,#8775,.F.);
#8777=ORIENTED_EDGE('',*,*,#7579,.F.);
#8778=EDGE_LOOP('',(#8768,#8769,#8776,#8777));
#8779=FACE_BOUND('',#8778,.T.);
#8780=ADVANCED_FACE('',(#8779),#8767,.T.);
#8781=CARTESIAN_POINT('',(-4.249983517,20.135214757,0.911740926));
#8782=CARTESIAN_POINT('',(-4.395502557,20.679795456,0.827725469));
#8783=CARTESIAN_POINT('',(-4.479300456,21.247039575,0.77934473));
#8784=CARTESIAN_POINT('',(-4.508604291,22.385605152,0.762426153));
#8785=CARTESIAN_POINT('',(-4.454262419,22.956376709,0.793800447));
#8786=CARTESIAN_POINT('',(-4.097878065,24.616713438,0.99955905));
#8787=CARTESIAN_POINT('',(-3.60115776,25.646051831,1.286340652));
#8788=CARTESIAN_POINT('',(-2.957662826,26.519936684,1.657862625));
#8789=CARTESIAN_POINT('',(-4.559188556,20.060846339,0.954444188));
#8790=CARTESIAN_POINT('',(-4.707950813,20.627183242,0.869676031));
#8791=CARTESIAN_POINT('',(-4.793557525,21.217044137,0.820855137));
#8792=CARTESIAN_POINT('',(-4.823497499,22.400966664,0.803783198));
#8793=CARTESIAN_POINT('',(-4.767990767,22.994473424,0.835443381));
#8794=CARTESIAN_POINT('',(-4.403729361,24.721094798,1.043053299));
#8795=CARTESIAN_POINT('',(-3.895655693,25.791762407,1.332390744));
#8796=CARTESIAN_POINT('',(-3.236870218,26.70039775,1.707106781));
#8797=B_SPLINE_SURFACE_WITH_KNOTS('',1,3,((#8781,#8782,#8783,#8784,#8785,#8786,#8787,#8788),(#8789,#8790,#8791,#8792,#8793,#8794,#8795,#8796)),.UNSPECIFIED.,.F.,.F.,.U.,(2,2),(4,2,2,4),(0.,1.),(0.08642259,0.290914749,0.495406909,0.904391228),.UNSPECIFIED.);
#8798=ORIENTED_EDGE('',*,*,#8753,.T.);
#8799=ORIENTED_EDGE('',*,*,#6864,.F.);
#8800=CARTESIAN_POINT('',(-2.957662826,26.519936684,1.657862625));
#8801=CARTESIAN_POINT('',(-3.050731956,26.580090372,1.674277344));
#8802=CARTESIAN_POINT('',(-3.143801087,26.640244061,1.690692063));
#8803=CARTESIAN_POINT('',(-3.236870218,26.70039775,1.707106781));
#8804=B_SPLINE_CURVE_WITH_KNOTS('',3,(#8800,#8801,#8802,#8803),.UNSPECIFIED.,.F.,.F.,(4,4),(0.,1.),.UNSPECIFIED.);
#8805=EDGE_CURVE('',#7449,#6834,#8804,.T.);
#8806=ORIENTED_EDGE('',*,*,#8805,.F.);
#8807=ORIENTED_EDGE('',*,*,#7460,.F.);
#8808=EDGE_LOOP('',(#8798,#8799,#8806,#8807));
#8809=FACE_BOUND('',#8808,.T.);
#8810=ADVANCED_FACE('',(#8809),#8797,.T.);
#8811=CARTESIAN_POINT('',(0.848626059,27.939682972,4.085786438));
#8812=CARTESIAN_POINT('',(-0.122304294,28.078403642,3.526544275));
#8813=CARTESIAN_POINT('',(-1.115761598,27.977032629,2.951934582));
#8814=CARTESIAN_POINT('',(-2.041791891,27.641904455,2.414213562));
#8815=CARTESIAN_POINT('',(0.925602673,27.727159861,3.899867006));
#8816=CARTESIAN_POINT('',(-0.016863636,27.878201577,3.355733829));
#8817=CARTESIAN_POINT('',(-0.988895182,27.796694714,2.794531154));
#8818=CARTESIAN_POINT('',(-1.900263687,27.483530484,2.268352303));
#8819=B_SPLINE_SURFACE_WITH_KNOTS('',1,3,((#8811,#8812,#8813,#8814),(#8815,#8816,#8817,#8818)),.UNSPECIFIED.,.F.,.F.,.U.,(2,2),(4,4),(0.,1.),(0.15562489,0.924374095),.UNSPECIFIED.);
#8820=ORIENTED_EDGE('',*,*,#8775,.T.);
#8821=ORIENTED_EDGE('',*,*,#7480,.F.);
#8822=CARTESIAN_POINT('',(-2.041791891,27.641904455,2.414213562));
#8823=CARTESIAN_POINT('',(-1.994615823,27.589113131,2.365593142));
#8824=CARTESIAN_POINT('',(-1.947439755,27.536321808,2.316972722));
#8825=CARTESIAN_POINT('',(-1.900263687,27.483530484,2.268352303));
#8826=B_SPLINE_CURVE_WITH_KNOTS('',3,(#8822,#8823,#8824,#8825),.UNSPECIFIED.,.F.,.F.,(4,4),(0.,1.),.UNSPECIFIED.);
#8827=EDGE_CURVE('',#6694,#7463,#8826,.T.);
#8828=ORIENTED_EDGE('',*,*,#8827,.F.);
#8829=ORIENTED_EDGE('',*,*,#6700,.F.);
#8830=EDGE_LOOP('',(#8820,#8821,#8828,#8829));
#8831=FACE_BOUND('',#8830,.T.);
#8832=ADVANCED_FACE('',(#8831),#8819,.T.);
#8833=CARTESIAN_POINT('',(-2.957662826,26.519936684,1.657862625));
#8834=CARTESIAN_POINT('',(-2.701945514,26.950803404,1.805501084));
#8835=CARTESIAN_POINT('',(-2.322942319,27.290328503,2.024318681));
#8836=CARTESIAN_POINT('',(-1.900263687,27.483530484,2.268352303));
#8837=CARTESIAN_POINT('',(-3.236870218,26.70039775,1.707106781));
#8838=CARTESIAN_POINT('',(-2.932850587,27.148229331,1.903513561));
#8839=CARTESIAN_POINT('',(-2.504502074,27.474450733,2.154498971));
#8840=CARTESIAN_POINT('',(-2.041791891,27.641904455,2.414213562));
#8841=B_SPLINE_SURFACE_WITH_KNOTS('',1,3,((#8833,#8834,#8835,#8836),(#8837,#8838,#8839,#8840)),.UNSPECIFIED.,.F.,.F.,.U.,(2,2),(4,4),(0.,1.),(0.069743666,0.772766858),.UNSPECIFIED.);
#8842=ORIENTED_EDGE('',*,*,#8805,.T.);
#8843=ORIENTED_EDGE('',*,*,#8121,.F.);
#8844=ORIENTED_EDGE('',*,*,#8827,.T.);
#8845=ORIENTED_EDGE('',*,*,#7470,.F.);
#8846=EDGE_LOOP('',(#8842,#8843,#8844,#8845));
#8847=FACE_BOUND('',#8846,.T.);
#8848=ADVANCED_FACE('',(#8847),#8841,.T.);
#8849=CARTESIAN_POINT('',(5.050144444,17.950636859,5.852498222));
#8850=CARTESIAN_POINT('',(5.433669633,17.613929578,6.072755744));
#8851=CARTESIAN_POINT('',(5.809813075,17.265997849,6.288771415));
#8852=CARTESIAN_POINT('',(6.17762198,16.90671406,6.500000202));
#8853=CARTESIAN_POINT('',(4.805171804,17.70949657,5.908797181));
#8854=CARTESIAN_POINT('',(5.185551376,17.377228047,6.128409429));
#8855=CARTESIAN_POINT('',(5.558604802,17.03389066,6.343791925));
#8856=CARTESIAN_POINT('',(5.923389995,16.679361304,6.554400754));
#8857=B_SPLINE_SURFACE_WITH_KNOTS('',1,3,((#8849,#8850,#8851,#8852),(#8853,#8854,#8855,#8856)),.UNSPECIFIED.,.F.,.F.,.U.,(2,2),(4,4),(0.,1.),(0.071252088,0.930141077),.UNSPECIFIED.);
#8858=ORIENTED_EDGE('',*,*,#6330,.F.);
#8859=CARTESIAN_POINT('',(5.050144446,17.950636858,5.852498223));
#8860=CARTESIAN_POINT('',(5.439302374,17.608984441,6.075990612));
#8861=CARTESIAN_POINT('',(5.815129999,17.260804166,6.291824538));
#8862=CARTESIAN_POINT('',(6.177622597,16.906714023,6.5));
#8863=B_SPLINE_CURVE_WITH_KNOTS('',3,(#8859,#8860,#8861,#8862),.UNSPECIFIED.,.F.,.F.,(4,4),(0.,1.),.UNSPECIFIED.);
#8864=EDGE_CURVE('',#5690,#6317,#8863,.T.);
#8865=ORIENTED_EDGE('',*,*,#8864,.F.);
#8866=CARTESIAN_POINT('',(4.805171804,17.70949657,5.908797181));
#8867=CARTESIAN_POINT('',(4.886829351,17.789876666,5.890030861));
#8868=CARTESIAN_POINT('',(4.968486897,17.870256763,5.871264542));
#8869=CARTESIAN_POINT('',(5.050144444,17.950636859,5.852498222));
#8870=B_SPLINE_CURVE_WITH_KNOTS('',3,(#8866,#8867,#8868,#8869),.UNSPECIFIED.,.F.,.F.,(4,4),(0.,1.),.UNSPECIFIED.);
#8871=EDGE_CURVE('',#6547,#5690,#8870,.T.);
#8872=ORIENTED_EDGE('',*,*,#8871,.F.);
#8873=ORIENTED_EDGE('',*,*,#6552,.F.);
#8874=EDGE_LOOP('',(#8858,#8865,#8872,#8873));
#8875=FACE_BOUND('',#8874,.T.);
#8876=ADVANCED_FACE('',(#8875),#8857,.T.);
#8877=CARTESIAN_POINT('',(4.805171804,17.70949657,5.908797181));
#8878=CARTESIAN_POINT('',(4.647743585,17.845054345,5.817905956));
#8879=CARTESIAN_POINT('',(4.511274752,18.013052826,5.739115639));
#8880=CARTESIAN_POINT('',(4.298090975,18.393423251,5.616033927));
#8881=CARTESIAN_POINT('',(4.221657271,18.605220044,5.571904908));
#8882=CARTESIAN_POINT('',(4.087798748,19.261234128,5.494621654));
#8883=CARTESIAN_POINT('',(4.125913338,19.722614463,5.516627123));
#8884=CARTESIAN_POINT('',(4.249983517,20.135214757,5.588259074));
#8885=CARTESIAN_POINT('',(5.050144444,17.950636859,5.852498222));
#8886=CARTESIAN_POINT('',(4.916357494,18.067186748,5.776536234));
#8887=CARTESIAN_POINT('',(4.801106004,18.209431478,5.710298691));
#8888=CARTESIAN_POINT('',(4.619437433,18.531436001,5.603759639));
#8889=CARTESIAN_POINT('',(4.553195548,18.710916088,5.563563563));
#8890=CARTESIAN_POINT('',(4.432471539,19.274564989,5.485921427));
#8891=CARTESIAN_POINT('',(4.456410806,19.682183436,5.491926706));
#8892=CARTESIAN_POINT('',(4.559188556,20.060846339,5.545555812));
#8893=B_SPLINE_SURFACE_WITH_KNOTS('',1,3,((#8877,#8878,#8879,#8880,#8881,#8882,#8883,#8884),(#8885,#8886,#8887,#8888,#8889,#8890,#8891,#8892)),.UNSPECIFIED.,.F.,.F.,.U.,(2,2),(4,2,2,4),(0.,1.),(0.081709866,0.291030938,0.500352011,0.918994156),.UNSPECIFIED.);
#8894=ORIENTED_EDGE('',*,*,#8871,.T.);
#8895=ORIENTED_EDGE('',*,*,#5711,.F.);
#8896=CARTESIAN_POINT('',(4.249983517,20.135214757,5.588259074));
#8897=CARTESIAN_POINT('',(4.353051863,20.110425284,5.574024653));
#8898=CARTESIAN_POINT('',(4.45612021,20.085635812,5.559790233));
#8899=CARTESIAN_POINT('',(4.559188556,20.060846339,5.545555812));
#8900=B_SPLINE_CURVE_WITH_KNOTS('',3,(#8896,#8897,#8898,#8899),.UNSPECIFIED.,.F.,.F.,(4,4),(0.,1.),.UNSPECIFIED.);
#8901=EDGE_CURVE('',#6555,#5679,#8900,.T.);
#8902=ORIENTED_EDGE('',*,*,#8901,.F.);
#8903=ORIENTED_EDGE('',*,*,#6566,.F.);
#8904=EDGE_LOOP('',(#8894,#8895,#8902,#8903));
#8905=FACE_BOUND('',#8904,.T.);
#8906=ADVANCED_FACE('',(#8905),#8893,.T.);
#8907=CARTESIAN_POINT('',(3.236870218,26.70039775,4.792893219));
#8908=CARTESIAN_POINT('',(3.895619614,25.791812169,5.167588734));
#8909=CARTESIAN_POINT('',(4.403674276,24.72120889,5.45691532));
#8910=CARTESIAN_POINT('',(4.767956723,22.994708281,5.664537209));
#8911=CARTESIAN_POINT('',(4.823501071,22.401086938,5.69621884));
#8912=CARTESIAN_POINT('',(4.793553609,21.216910317,5.679142631));
#8913=CARTESIAN_POINT('',(4.708012159,20.627416788,5.630358926));
#8914=CARTESIAN_POINT('',(4.559188556,20.060846339,5.545555812));
#8915=CARTESIAN_POINT('',(2.957662825,26.519936684,4.842137375));
#8916=CARTESIAN_POINT('',(3.601122359,25.646099905,5.21363891));
#8917=CARTESIAN_POINT('',(4.097824193,24.616823131,5.500409847));
#8918=CARTESIAN_POINT('',(4.4542291,22.956602559,5.706180316));
#8919=CARTESIAN_POINT('',(4.508607788,22.385720819,5.737575866));
#8920=CARTESIAN_POINT('',(4.479296624,21.246910881,5.720653058));
#8921=CARTESIAN_POINT('',(4.395562458,20.680019625,5.672309114));
#8922=CARTESIAN_POINT('',(4.249983517,20.135214757,5.588259074));
#8923=B_SPLINE_SURFACE_WITH_KNOTS('',1,3,((#8907,#8908,#8909,#8910,#8911,#8912,#8913,#8914),(#8915,#8916,#8917,#8918,#8919,#8920,#8921,#8922)),.UNSPECIFIED.,.F.,.F.,.U.,(2,2),(4,2,2,4),(0.,1.),(0.095609564,0.504592156,0.709083452,0.913574748),.UNSPECIFIED.);
#8924=ORIENTED_EDGE('',*,*,#8901,.T.);
#8925=ORIENTED_EDGE('',*,*,#5792,.F.);
#8926=CARTESIAN_POINT('',(2.957662825,26.519936684,4.842137375));
#8927=CARTESIAN_POINT('',(3.050731956,26.580090372,4.825722656));
#8928=CARTESIAN_POINT('',(3.143801087,26.640244061,4.809307937));
#8929=CARTESIAN_POINT('',(3.236870218,26.70039775,4.792893219));
#8930=B_SPLINE_CURVE_WITH_KNOTS('',3,(#8926,#8927,#8928,#8929),.UNSPECIFIED.,.F.,.F.,(4,4),(0.,1.),.UNSPECIFIED.);
#8931=EDGE_CURVE('',#6569,#5764,#8930,.T.);
#8932=ORIENTED_EDGE('',*,*,#8931,.F.);
#8933=ORIENTED_EDGE('',*,*,#6580,.F.);
#8934=EDGE_LOOP('',(#8924,#8925,#8932,#8933));
#8935=FACE_BOUND('',#8934,.T.);
#8936=ADVANCED_FACE('',(#8935),#8923,.T.);
#8937=CARTESIAN_POINT('',(-5.222442111,17.142766859,-0.079387533));
#8938=CARTESIAN_POINT('',(-5.006470516,17.339622444,0.045984651));
#8939=CARTESIAN_POINT('',(-4.787934818,17.532717384,0.172844502));
#8940=CARTESIAN_POINT('',(-4.567009593,17.722085868,0.301090244));
#8941=CARTESIAN_POINT('',(-5.255960038,17.065633868,0.100000004));
#8942=CARTESIAN_POINT('',(-5.04089911,17.262662176,0.224165488));
#8943=CARTESIAN_POINT('',(-4.823242813,17.455962786,0.34982941));
#8944=CARTESIAN_POINT('',(-4.603166091,17.645565365,0.476890764));
#8945=B_SPLINE_SURFACE_WITH_KNOTS('',1,3,((#8937,#8938,#8939,#8940),(#8941,#8942,#8943,#8944)),.UNSPECIFIED.,.F.,.F.,.U.,(2,2),(4,4),(0.,1.),(0.25347795,0.926832628),.UNSPECIFIED.);
#8946=ORIENTED_EDGE('',*,*,#5939,.F.);
#8947=CARTESIAN_POINT('',(-5.229165123,17.117136823,-0.000000005));
#8948=CARTESIAN_POINT('',(-5.23809741,17.099974263,0.033335743));
#8949=CARTESIAN_POINT('',(-5.247029045,17.082806636,0.066669057));
#8950=CARTESIAN_POINT('',(-5.255960022,17.065633905,0.099999918));
#8951=B_SPLINE_CURVE_WITH_KNOTS('',3,(#8947,#8948,#8949,#8950),.UNSPECIFIED.,.F.,.F.,(4,4),(0.,0.000115631),.UNSPECIFIED.);
#8952=EDGE_CURVE('',#5926,#6487,#8951,.T.);
#8953=ORIENTED_EDGE('',*,*,#8952,.T.);
#8954=ORIENTED_EDGE('',*,*,#6492,.F.);
#8955=CARTESIAN_POINT('',(-4.567009593,17.722085868,0.301090244));
#8956=CARTESIAN_POINT('',(-4.579061759,17.696579034,0.359690418));
#8957=CARTESIAN_POINT('',(-4.591113925,17.671072199,0.418290591));
#8958=CARTESIAN_POINT('',(-4.603166091,17.645565365,0.476890764));
#8959=B_SPLINE_CURVE_WITH_KNOTS('',3,(#8955,#8956,#8957,#8958),.UNSPECIFIED.,.F.,.F.,(4,4),(0.,1.),.UNSPECIFIED.);
#8960=EDGE_CURVE('',#5454,#6485,#8959,.T.);
#8961=ORIENTED_EDGE('',*,*,#8960,.F.);
#8962=ORIENTED_EDGE('',*,*,#6397,.F.);
#8963=EDGE_LOOP('',(#8946,#8953,#8954,#8961,#8962));
#8964=FACE_BOUND('',#8963,.T.);
#8965=ADVANCED_FACE('',(#8964),#8945,.T.);
#8966=CARTESIAN_POINT('',(2.957662825,26.519936684,4.842137375));
#8967=CARTESIAN_POINT('',(2.701945514,26.950803404,4.694498916));
#8968=CARTESIAN_POINT('',(2.322942319,27.290328503,4.475681319));
#8969=CARTESIAN_POINT('',(1.900263687,27.483530484,4.231647697));
#8970=CARTESIAN_POINT('',(3.236870218,26.70039775,4.792893219));
#8971=CARTESIAN_POINT('',(2.932850587,27.148229331,4.596486439));
#8972=CARTESIAN_POINT('',(2.504502074,27.474450733,4.345501029));
#8973=CARTESIAN_POINT('',(2.04179189,27.641904455,4.085786438));
#8974=B_SPLINE_SURFACE_WITH_KNOTS('',1,3,((#8966,#8967,#8968,#8969),(#8970,#8971,#8972,#8973)),.UNSPECIFIED.,.F.,.F.,.U.,(2,2),(4,4),(0.,1.),(0.069743666,0.772766858),.UNSPECIFIED.);
#8975=ORIENTED_EDGE('',*,*,#8931,.T.);
#8976=ORIENTED_EDGE('',*,*,#8082,.F.);
#8977=CARTESIAN_POINT('',(1.900263687,27.483530484,4.231647697));
#8978=CARTESIAN_POINT('',(1.947439755,27.536321808,4.183027278));
#8979=CARTESIAN_POINT('',(1.994615823,27.589113131,4.134406858));
#8980=CARTESIAN_POINT('',(2.04179189,27.641904455,4.085786438));
#8981=B_SPLINE_CURVE_WITH_KNOTS('',3,(#8977,#8978,#8979,#8980),.UNSPECIFIED.,.F.,.F.,(4,4),(0.,1.),.UNSPECIFIED.);
#8982=EDGE_CURVE('',#6583,#5820,#8981,.T.);
#8983=ORIENTED_EDGE('',*,*,#8982,.F.);
#8984=ORIENTED_EDGE('',*,*,#6590,.F.);
#8985=EDGE_LOOP('',(#8975,#8976,#8983,#8984));
#8986=FACE_BOUND('',#8985,.T.);
#8987=ADVANCED_FACE('',(#8986),#8974,.T.);
#8988=CARTESIAN_POINT('',(-4.043296237,19.956701671,0.800131776));
#8989=CARTESIAN_POINT('',(-3.936391177,19.55893582,0.86185344));
#8990=CARTESIAN_POINT('',(-3.910687549,19.119671844,0.876693437));
#8991=CARTESIAN_POINT('',(-4.047447229,18.497917797,0.797735199));
#8992=CARTESIAN_POINT('',(-4.12214798,18.297608601,0.7546067));
#8993=CARTESIAN_POINT('',(-4.3260944,17.9367082,0.63685818));
#8994=CARTESIAN_POINT('',(-4.454789406,17.776836862,0.562556083));
#8995=CARTESIAN_POINT('',(-4.603166091,17.645565365,0.476890764));
#8996=CARTESIAN_POINT('',(-4.062227075,19.909105458,0.568755717));
#8997=CARTESIAN_POINT('',(-3.950723041,19.538378893,0.639277203));
#8998=CARTESIAN_POINT('',(-3.917401717,19.121952918,0.667256895));
#8999=CARTESIAN_POINT('',(-4.040739913,18.529765923,0.604577006));
#9000=CARTESIAN_POINT('',(-4.110546195,18.338632243,0.566237489));
#9001=CARTESIAN_POINT('',(-4.303390088,17.995662617,0.456021556));
#9002=CARTESIAN_POINT('',(-4.425870344,17.84456271,0.384471113));
#9003=CARTESIAN_POINT('',(-4.567009593,17.722085868,0.301090244));
#9004=B_SPLINE_SURFACE_WITH_KNOTS('',1,3,((#8988,#8989,#8990,#8991,#8992,#8993,#8994,#8995),(#8996,#8997,#8998,#8999,#9000,#9001,#9002,#9003)),.UNSPECIFIED.,.F.,.F.,.U.,(2,2),(4,2,2,4),(0.,1.),(0.026435295,0.50937738,0.750848422,0.992319464),.UNSPECIFIED.);
#9005=ORIENTED_EDGE('',*,*,#8960,.T.);
#9006=ORIENTED_EDGE('',*,*,#6636,.F.);
#9007=CARTESIAN_POINT('',(-4.062227075,19.909105458,0.568755717));
#9008=CARTESIAN_POINT('',(-4.055916796,19.924970862,0.64588107));
#9009=CARTESIAN_POINT('',(-4.049606516,19.940836266,0.723006423));
#9010=CARTESIAN_POINT('',(-4.043296237,19.956701671,0.800131776));
#9011=B_SPLINE_CURVE_WITH_KNOTS('',3,(#9007,#9008,#9009,#9010),.UNSPECIFIED.,.F.,.F.,(4,4),(0.,1.),.UNSPECIFIED.);
#9012=EDGE_CURVE('',#5465,#6613,#9011,.T.);
#9013=ORIENTED_EDGE('',*,*,#9012,.F.);
#9014=ORIENTED_EDGE('',*,*,#5486,.F.);
#9015=EDGE_LOOP('',(#9005,#9006,#9013,#9014));
#9016=FACE_BOUND('',#9015,.T.);
#9017=ADVANCED_FACE('',(#9016),#9004,.T.);
#9018=CARTESIAN_POINT('',(1.900263687,27.483530484,4.231647697));
#9019=CARTESIAN_POINT('',(0.988826415,27.796718344,3.705429143));
#9020=CARTESIAN_POINT('',(0.01707933,27.878236144,3.144390702));
#9021=CARTESIAN_POINT('',(-0.925602673,27.727159861,2.600132994));
#9022=CARTESIAN_POINT('',(2.04179189,27.641904455,4.085786438));
#9023=CARTESIAN_POINT('',(1.115691381,27.977058041,3.548024646));
#9024=CARTESIAN_POINT('',(0.12252612,28.078435335,2.973583493));
#9025=CARTESIAN_POINT('',(-0.848626059,27.939682972,2.414213562));
#9026=B_SPLINE_SURFACE_WITH_KNOTS('',1,3,((#9018,#9019,#9020,#9021),(#9022,#9023,#9024,#9025)),.UNSPECIFIED.,.F.,.F.,.U.,(2,2),(4,4),(0.,1.),(0.075623513,0.844378698),.UNSPECIFIED.);
#9027=ORIENTED_EDGE('',*,*,#8982,.T.);
#9028=ORIENTED_EDGE('',*,*,#5826,.F.);
#9029=CARTESIAN_POINT('',(-0.925602673,27.727159861,2.600132994));
#9030=CARTESIAN_POINT('',(-0.899943802,27.798000898,2.53815985));
#9031=CARTESIAN_POINT('',(-0.87428493,27.868841935,2.476186706));
#9032=CARTESIAN_POINT('',(-0.848626059,27.939682972,2.414213562));
#9033=B_SPLINE_CURVE_WITH_KNOTS('',3,(#9029,#9030,#9031,#9032),.UNSPECIFIED.,.F.,.F.,(4,4),(0.,1.),.UNSPECIFIED.);
#9034=EDGE_CURVE('',#6593,#5811,#9033,.T.);
#9035=ORIENTED_EDGE('',*,*,#9034,.F.);
#9036=ORIENTED_EDGE('',*,*,#6600,.F.);
#9037=EDGE_LOOP('',(#9027,#9028,#9035,#9036));
#9038=FACE_BOUND('',#9037,.T.);
#9039=ADVANCED_FACE('',(#9038),#9026,.T.);
#9040=CARTESIAN_POINT('',(-4.062227075,19.909105458,0.568755717));
#9041=CARTESIAN_POINT('',(-4.262181514,20.553540979,0.451615205));
#9042=CARTESIAN_POINT('',(-4.373751306,21.237894242,0.386335277));
#9043=CARTESIAN_POINT('',(-4.388792559,22.609799961,0.377532136));
#9044=CARTESIAN_POINT('',(-4.292525813,23.29599307,0.433852306));
#9045=CARTESIAN_POINT('',(-3.918189464,24.597251001,0.653127102));
#9046=CARTESIAN_POINT('',(-3.642044767,25.210969959,0.814987288));
#9047=CARTESIAN_POINT('',(-2.963611855,26.333901752,1.212963078));
#9048=CARTESIAN_POINT('',(-2.562336341,26.843003564,1.448473463));
#9049=CARTESIAN_POINT('',(-2.121667132,27.298074782,1.707106781));
#9050=CARTESIAN_POINT('',(-4.043296237,19.956701671,0.800131776));
#9051=CARTESIAN_POINT('',(-4.235861322,20.588989905,0.688954272));
#9052=CARTESIAN_POINT('',(-4.342313751,21.256762495,0.627493933));
#9053=CARTESIAN_POINT('',(-4.356699078,22.594703269,0.619188561));
#9054=CARTESIAN_POINT('',(-4.264889632,23.263988268,0.672194769));
#9055=CARTESIAN_POINT('',(-3.904731812,24.539639068,0.880131983));
#9056=CARTESIAN_POINT('',(-3.637914999,25.144630936,1.034178742));
#9057=CARTESIAN_POINT('',(-2.976919716,26.257513885,1.415804547));
#9058=CARTESIAN_POINT('',(-2.583775699,26.765046023,1.642786351));
#9059=CARTESIAN_POINT('',(-2.149744287,27.220350006,1.893374504));
#9060=B_SPLINE_SURFACE_WITH_KNOTS('',1,3,((#9040,#9041,#9042,#9043,#9044,#9045,#9046,#9047,#9048,#9049),(#9050,#9051,#9052,#9053,#9054,#9055,#9056,#9057,#9058,#9059)),.UNSPECIFIED.,.F.,.F.,.U.,(2,2),(4,2,2,2,4),(0.,1.),(0.07872624,0.286484762,0.494243284,0.702001806,0.909760328),.UNSPECIFIED.);
#9061=ORIENTED_EDGE('',*,*,#9012,.T.);
#9062=ORIENTED_EDGE('',*,*,#6624,.F.);
#9063=CARTESIAN_POINT('',(-2.121667132,27.298074782,1.707106781));
#9064=CARTESIAN_POINT('',(-2.131026184,27.272166523,1.769196022));
#9065=CARTESIAN_POINT('',(-2.140385235,27.246258265,1.831285263));
#9066=CARTESIAN_POINT('',(-2.149744287,27.220350006,1.893374504));
#9067=B_SPLINE_CURVE_WITH_KNOTS('',3,(#9063,#9064,#9065,#9066),.UNSPECIFIED.,.F.,.F.,(4,4),(0.,1.),.UNSPECIFIED.);
#9068=EDGE_CURVE('',#5558,#6603,#9067,.T.);
#9069=ORIENTED_EDGE('',*,*,#9068,.F.);
#9070=ORIENTED_EDGE('',*,*,#5585,.F.);
#9071=EDGE_LOOP('',(#9061,#9062,#9069,#9070));
#9072=FACE_BOUND('',#9071,.T.);
#9073=ADVANCED_FACE('',(#9072),#9060,.T.);
#9074=CARTESIAN_POINT('',(-0.925602673,27.727159861,2.600132994));
#9075=CARTESIAN_POINT('',(-1.362985378,27.704863718,2.347609971));
#9076=CARTESIAN_POINT('',(-1.796708124,27.522844067,2.097200027));
#9077=CARTESIAN_POINT('',(-2.149744287,27.220350006,1.893374504));
#9078=CARTESIAN_POINT('',(-0.848626059,27.939682972,2.414213562));
#9079=CARTESIAN_POINT('',(-1.31779498,27.872650948,2.140092055));
#9080=CARTESIAN_POINT('',(-1.764643621,27.640156723,1.891944861));
#9081=CARTESIAN_POINT('',(-2.121667132,27.298074782,1.707106781));
#9082=B_SPLINE_SURFACE_WITH_KNOTS('',1,3,((#9074,#9075,#9076,#9077),(#9078,#9079,#9080,#9081)),.UNSPECIFIED.,.F.,.F.,.U.,(2,2),(4,4),(0.,1.),(0.070203574,0.779501671),.UNSPECIFIED.);
#9083=ORIENTED_EDGE('',*,*,#9034,.T.);
#9084=ORIENTED_EDGE('',*,*,#8153,.F.);
#9085=ORIENTED_EDGE('',*,*,#9068,.T.);
#9086=ORIENTED_EDGE('',*,*,#6610,.F.);
#9087=EDGE_LOOP('',(#9083,#9084,#9085,#9086));
#9088=FACE_BOUND('',#9087,.T.);
#9089=ADVANCED_FACE('',(#9088),#9082,.T.);
#9090=CARTESIAN_POINT('',(-5.255960044,0.,0.1));
#9091=DIRECTION('',(-0.965925826,0.,-0.258819045));
#9092=DIRECTION('',(0.,1.,0.));
#9093=AXIS2_PLACEMENT_3D('',#9090,#9091,#9092);
#9094=PLANE('',#9093);
#9095=ORIENTED_EDGE('',*,*,#8952,.F.);
#9096=ORIENTED_EDGE('',*,*,#5931,.F.);
#9097=CARTESIAN_POINT('',(0.,0.,-19.515509926));
#9098=DIRECTION('',(-0.965925826,0.,-0.258819045));
#9099=DIRECTION('',(0.258819045,0.,-0.965925826));
#9100=AXIS2_PLACEMENT_3D('',#9097,#9098,#9099);
#9101=ELLIPSE('',#9100,49.358809723,12.775);
#9102=EDGE_CURVE('',#6495,#5917,#9101,.T.);
#9103=ORIENTED_EDGE('',*,*,#9102,.F.);
#9104=ORIENTED_EDGE('',*,*,#6500,.F.);
#9105=EDGE_LOOP('',(#9095,#9096,#9103,#9104));
#9106=FACE_BOUND('',#9105,.T.);
#9107=ADVANCED_FACE('',(#9106),#9094,.T.);
#9108=CARTESIAN_POINT('',(-3.588253093,14.111142878,1.417560331));
#9109=CARTESIAN_POINT('',(-3.503468195,14.232774981,1.468913309));
#9110=CARTESIAN_POINT('',(-3.408665213,14.355598624,1.526109845));
#9111=CARTESIAN_POINT('',(-3.1082393,14.708193827,1.706794924));
#9112=CARTESIAN_POINT('',(-2.886253048,14.922447619,1.839627649));
#9113=CARTESIAN_POINT('',(-2.175705302,15.48649959,2.265055725));
#9114=CARTESIAN_POINT('',(-1.637979977,15.747508116,2.586362011));
#9115=CARTESIAN_POINT('',(0.040814953,16.139527178,3.569078592));
#9116=CARTESIAN_POINT('',(1.238339229,15.904880061,4.245444709));
#9117=CARTESIAN_POINT('',(2.213323718,15.24917986,4.788402211));
#9118=CARTESIAN_POINT('',(-3.564182396,14.140165881,1.307688388));
#9119=CARTESIAN_POINT('',(-3.478923086,14.264278583,1.356912874));
#9120=CARTESIAN_POINT('',(-3.38356784,14.389817887,1.411966251));
#9121=CARTESIAN_POINT('',(-3.081266111,14.750977802,1.586500235));
#9122=CARTESIAN_POINT('',(-2.857754935,14.97146381,1.715544473));
#9123=CARTESIAN_POINT('',(-2.140631964,15.559550204,2.129575613));
#9124=CARTESIAN_POINT('',(-1.595404419,15.845100304,2.444362883));
#9125=CARTESIAN_POINT('',(0.11839481,16.307244954,3.433825329));
#9126=CARTESIAN_POINT('',(1.357315094,16.114863375,4.149116289));
#9127=CARTESIAN_POINT('',(2.381959137,15.448639895,4.740694803));
#9128=B_SPLINE_SURFACE_WITH_KNOTS('',1,3,((#9108,#9109,#9110,#9111,#9112,#9113,#9114,#9115,#9116,#9117),(#9118,#9119,#9120,#9121,#9122,#9123,#9124,#9125,#9126,#9127)),.UNSPECIFIED.,.F.,.F.,.U.,(2,2),(4,2,2,2,4),(0.246527902,1.),(0.09594609,0.147030573,0.253199479,0.46553729,0.890212912),.UNSPECIFIED.);
#9129=CARTESIAN_POINT('',(-3.584908023,14.115176162,1.402291587));
#9130=VERTEX_POINT('',#9129);
#9131=CARTESIAN_POINT('',(2.22374097,15.261501266,4.785455143));
#9132=VERTEX_POINT('',#9131);
#9133=CARTESIAN_POINT('',(-3.584908023,14.115176162,1.402291587));
#9134=CARTESIAN_POINT('',(-3.501526397,14.235089395,1.453553343));
#9135=CARTESIAN_POINT('',(-3.413134585,14.349966586,1.50764409));
#9136=CARTESIAN_POINT('',(-3.320132141,14.460198243,1.564362779));
#9137=CARTESIAN_POINT('',(-3.227129698,14.570429901,1.621081468));
#9138=CARTESIAN_POINT('',(-3.129681601,14.675804885,1.680365196));
#9139=CARTESIAN_POINT('',(-3.029294182,14.775213782,1.741281558));
#9140=CARTESIAN_POINT('',(-2.828519342,14.974031575,1.863114283));
#9141=CARTESIAN_POINT('',(-2.615071875,15.151118579,1.992496389));
#9142=CARTESIAN_POINT('',(-2.387594625,15.304793574,2.129388372));
#9143=CARTESIAN_POINT('',(-2.160117376,15.458468569,2.266280355));
#9144=CARTESIAN_POINT('',(-1.916603258,15.589396882,2.412575375));
#9145=CARTESIAN_POINT('',(-1.666994421,15.691612175,2.562250359));
#9146=CARTESIAN_POINT('',(-1.417385585,15.793827468,2.711925343));
#9147=CARTESIAN_POINT('',(-1.159978826,15.86858887,2.865060835));
#9148=CARTESIAN_POINT('',(-0.895246984,15.917014373,3.02003664));
#9149=CARTESIAN_POINT('',(0.163680387,16.110716386,3.639939859));
#9150=CARTESIAN_POINT('',(1.290081554,15.872467,4.271349609));
#9151=CARTESIAN_POINT('',(2.223740935,15.261501289,4.785455123));
#9152=B_SPLINE_CURVE_WITH_KNOTS('',3,(#9133,#9134,#9135,#9136,#9137,#9138,#9139,#9140,#9141,#9142,#9143,#9144,#9145,#9146,#9147,#9148,#9149,#9150,#9151),.UNSPECIFIED.,.F.,.F.,(4,3,3,3,3,3,4),(0.008110206,0.008574958,0.009039709,0.009969211,0.010898714,0.011828216,0.015546225),.UNSPECIFIED.);
#9153=EDGE_CURVE('',#9130,#9132,#9152,.T.);
#9154=ORIENTED_EDGE('',*,*,#9153,.F.);
#9155=CARTESIAN_POINT('',(-3.584908023,14.115176162,1.402291587));
#9156=CARTESIAN_POINT('',(-3.576663173,14.12542528,1.371521389));
#9157=CARTESIAN_POINT('',(-3.568420026,14.135694787,1.340757543));
#9158=CARTESIAN_POINT('',(-3.560178567,14.145984573,1.31));
#9159=B_SPLINE_CURVE_WITH_KNOTS('',3,(#9155,#9156,#9157,#9158),.UNSPECIFIED.,.F.,.F.,(4,4),(0.,0.000100391),.UNSPECIFIED.);
#9160=EDGE_CURVE('',#9130,#7411,#9159,.T.);
#9161=ORIENTED_EDGE('',*,*,#9160,.T.);
#9162=ORIENTED_EDGE('',*,*,#7416,.F.);
#9163=ORIENTED_EDGE('',*,*,#7408,.F.);
#9164=CARTESIAN_POINT('',(2.22374097,15.261501266,4.785455143));
#9165=CARTESIAN_POINT('',(2.276480359,15.323880809,4.770535029));
#9166=CARTESIAN_POINT('',(2.329219748,15.386260352,4.755614916));
#9167=CARTESIAN_POINT('',(2.381959137,15.448639895,4.740694803));
#9168=B_SPLINE_CURVE_WITH_KNOTS('',3,(#9164,#9165,#9166,#9167),.UNSPECIFIED.,.F.,.F.,(4,4),(0.,0.706927257),.UNSPECIFIED.);
#9169=EDGE_CURVE('',#9132,#7393,#9168,.T.);
#9170=ORIENTED_EDGE('',*,*,#9169,.F.);
#9171=EDGE_LOOP('',(#9154,#9161,#9162,#9163,#9170));
#9172=FACE_BOUND('',#9171,.T.);
#9173=ADVANCED_FACE('',(#9172),#9128,.T.);
#9174=CARTESIAN_POINT('',(5.255960044,15.179107248,6.4));
#9175=CARTESIAN_POINT('',(5.262850742,15.115233916,6.403978347));
#9176=CARTESIAN_POINT('',(5.256698808,15.058697446,6.400426526));
#9177=CARTESIAN_POINT('',(5.229404957,14.966934475,6.384668414));
#9178=CARTESIAN_POINT('',(5.204855737,14.92035028,6.370494915));
#9179=CARTESIAN_POINT('',(5.095218025,14.796739331,6.307195552));
#9180=CARTESIAN_POINT('',(4.970914227,14.73729314,6.235428721));
#9181=CARTESIAN_POINT('',(4.704890547,14.675106501,6.081839878));
#9182=CARTESIAN_POINT('',(4.561878691,14.66683844,5.999271944));
#9183=CARTESIAN_POINT('',(4.274053652,14.675460981,5.833096081));
#9184=CARTESIAN_POINT('',(4.128884867,14.692666402,5.749282843));
#9185=CARTESIAN_POINT('',(3.695181221,14.771092583,5.498883927));
#9186=CARTESIAN_POINT('',(3.407514869,14.85816593,5.332799681));
#9187=CARTESIAN_POINT('',(2.996141028,15.035872046,5.095292883));
#9188=CARTESIAN_POINT('',(2.862867589,15.103028383,5.018347427));
#9189=CARTESIAN_POINT('',(2.608515297,15.258337785,4.871497063));
#9190=CARTESIAN_POINT('',(2.487361634,15.346212739,4.801548963));
#9191=CARTESIAN_POINT('',(2.381959137,15.448639895,4.740694803));
#9192=CARTESIAN_POINT('',(5.229803074,15.179107248,6.49761914));
#9193=CARTESIAN_POINT('',(5.236691563,15.112234748,6.497713859));
#9194=CARTESIAN_POINT('',(5.230168856,15.053155541,6.491966805));
#9195=CARTESIAN_POINT('',(5.201444919,14.956789921,6.474723916));
#9196=CARTESIAN_POINT('',(5.175672865,14.907594948,6.461077223));
#9197=CARTESIAN_POINT('',(5.060348764,14.774499738,6.403847784));
#9198=CARTESIAN_POINT('',(4.929305354,14.70588634,6.342017351));
#9199=CARTESIAN_POINT('',(4.64874494,14.622383479,6.206198058));
#9200=CARTESIAN_POINT('',(4.497931557,14.602089767,6.131725761));
#9201=CARTESIAN_POINT('',(4.194561914,14.585392229,5.977924201));
#9202=CARTESIAN_POINT('',(4.041622896,14.589307797,5.898522934));
#9203=CARTESIAN_POINT('',(3.584575746,14.626937422,5.655633752));
#9204=CARTESIAN_POINT('',(3.281587421,14.685285723,5.487278796));
#9205=CARTESIAN_POINT('',(2.843327144,14.822920205,5.231057462));
#9206=CARTESIAN_POINT('',(2.700457966,14.877248778,5.145330172));
#9207=CARTESIAN_POINT('',(2.422821691,15.010808921,4.973161335));
#9208=CARTESIAN_POINT('',(2.288028684,15.089406608,4.886719636));
#9209=CARTESIAN_POINT('',(2.163476666,15.190221339,4.802504075));
#9210=B_SPLINE_SURFACE_WITH_KNOTS('',1,3,((#9174,#9175,#9176,#9177,#9178,#9179,#9180,#9181,#9182,#9183,#9184,#9185,#9186,#9187,#9188,#9189,#9190,#9191),(#9192,#9193,#9194,#9195,#9196,#9197,#9198,#9199,#9200,#9201,#9202,#9203,#9204,#9205,#9206,#9207,#9208,#9209)),.UNSPECIFIED.,.F.,.F.,.U.,(2,2),(4,2,2,2,2,2,2,2,4),(0.,0.976191402),(0.077269997,0.130143158,0.183016319,0.288762641,0.394508963,0.500255285,0.711747929,0.817494251,0.923240572),.UNSPECIFIED.);
#9211=ORIENTED_EDGE('',*,*,#9169,.T.);
#9212=ORIENTED_EDGE('',*,*,#7548,.F.);
#9213=CARTESIAN_POINT('',(5.229803155,15.179107248,6.497618841));
#9214=DIRECTION('',(0.258819039,-0.,-0.965925828));
#9215=VECTOR('',#9214,0.101062461);
#9216=LINE('',#9213,#9215);
#9217=EDGE_CURVE('',#3155,#7529,#9216,.T.);
#9218=ORIENTED_EDGE('',*,*,#9217,.F.);
#9219=ORIENTED_EDGE('',*,*,#3191,.F.);
#9220=CARTESIAN_POINT('',(2.271624399,15.227764332,4.813876897));
#9221=CARTESIAN_POINT('',(2.255994032,15.239315608,4.804208495));
#9222=CARTESIAN_POINT('',(2.240011364,15.250543875,4.794750211));
#9223=CARTESIAN_POINT('',(2.22374097,15.261501266,4.785455143));
#9224=B_SPLINE_CURVE_WITH_KNOTS('',3,(#9220,#9221,#9222,#9223),.UNSPECIFIED.,.F.,.F.,(4,4),(0.,0.000065106),.UNSPECIFIED.);
#9225=EDGE_CURVE('',#2954,#9132,#9224,.T.);
#9226=ORIENTED_EDGE('',*,*,#9225,.T.);
#9227=EDGE_LOOP('',(#9211,#9212,#9218,#9219,#9226));
#9228=FACE_BOUND('',#9227,.T.);
#9229=ADVANCED_FACE('',(#9228),#9210,.T.);
#9230=CARTESIAN_POINT('',(5.255960044,0.,6.4));
#9231=DIRECTION('',(0.965925828,0.,0.258819039));
#9232=DIRECTION('',(0.,1.,0.));
#9233=AXIS2_PLACEMENT_3D('',#9230,#9231,#9232);
#9234=PLANE('',#9233);
#9235=ORIENTED_EDGE('',*,*,#8623,.F.);
#9236=ORIENTED_EDGE('',*,*,#6204,.F.);
#9237=ORIENTED_EDGE('',*,*,#3200,.F.);
#9238=ORIENTED_EDGE('',*,*,#9217,.T.);
#9239=ORIENTED_EDGE('',*,*,#7534,.F.);
#9240=EDGE_LOOP('',(#9235,#9236,#9237,#9238,#9239));
#9241=FACE_BOUND('',#9240,.T.);
#9242=ADVANCED_FACE('',(#9241),#9234,.T.);
#9243=CARTESIAN_POINT('',(0.,22.,6.3));
#9244=DIRECTION('',(0.,0.,1.));
#9245=DIRECTION('',(1.,0.,-0.));
#9246=AXIS2_PLACEMENT_3D('',#9243,#9244,#9245);
#9247=CONICAL_SURFACE('',#9246,2.,45.);
#9248=CARTESIAN_POINT('',(2.2,22.,6.5));
#9249=DIRECTION('',(-0.707106781,-0.,-0.707106781));
#9250=VECTOR('',#9249,0.282842712);
#9251=LINE('',#9248,#9250);
#9252=EDGE_CURVE('',#5998,#6736,#9251,.T.);
#9253=ORIENTED_EDGE('',*,*,#9252,.F.);
#9254=ORIENTED_EDGE('',*,*,#6004,.F.);
#9255=ORIENTED_EDGE('',*,*,#9252,.T.);
#9256=ORIENTED_EDGE('',*,*,#6742,.F.);
#9257=ORIENTED_EDGE('',*,*,#6749,.F.);
#9258=EDGE_LOOP('',(#9253,#9254,#9255,#9256,#9257));
#9259=FACE_BOUND('',#9258,.T.);
#9260=ADVANCED_FACE('',(#9259),#9247,.F.);
#9261=CARTESIAN_POINT('',(0.,22.,0.));
#9262=DIRECTION('',(0.,0.,-1.));
#9263=DIRECTION('',(-1.,0.,0.));
#9264=AXIS2_PLACEMENT_3D('',#9261,#9262,#9263);
#9265=CONICAL_SURFACE('',#9264,2.2,45.);
#9266=CARTESIAN_POINT('',(-2.2,22.,0.));
#9267=DIRECTION('',(0.707106781,-0.,0.707106781));
#9268=VECTOR('',#9267,0.282842712);
#9269=LINE('',#9266,#9268);
#9270=EDGE_CURVE('',#5898,#5854,#9269,.T.);
#9271=ORIENTED_EDGE('',*,*,#9270,.F.);
#9272=ORIENTED_EDGE('',*,*,#5904,.F.);
#9273=ORIENTED_EDGE('',*,*,#5911,.F.);
#9274=ORIENTED_EDGE('',*,*,#9270,.T.);
#9275=ORIENTED_EDGE('',*,*,#5877,.F.);
#9276=ORIENTED_EDGE('',*,*,#5870,.F.);
#9277=EDGE_LOOP('',(#9271,#9272,#9273,#9274,#9275,#9276));
#9278=FACE_BOUND('',#9277,.T.);
#9279=ADVANCED_FACE('',(#9278),#9265,.F.);
#9280=CARTESIAN_POINT('',(-3.586973486,0.,1.41));
#9281=DIRECTION('',(-0.965925826,0.,-0.258819045));
#9282=DIRECTION('',(0.,1.,0.));
#9283=AXIS2_PLACEMENT_3D('',#9280,#9281,#9282);
#9284=PLANE('',#9283);
#9285=ORIENTED_EDGE('',*,*,#374,.F.);
#9286=ORIENTED_EDGE('',*,*,#7422,.F.);
#9287=ORIENTED_EDGE('',*,*,#9160,.F.);
#9288=CARTESIAN_POINT('',(-3.586973486,14.129420188,1.41));
#9289=CARTESIAN_POINT('',(-3.586282111,14.12467843,1.407419754));
#9290=CARTESIAN_POINT('',(-3.585593625,14.119930417,1.40485029));
#9291=CARTESIAN_POINT('',(-3.584908023,14.115176162,1.402291587));
#9292=B_SPLINE_CURVE_WITH_KNOTS('',3,(#9288,#9289,#9290,#9291),.UNSPECIFIED.,.F.,.F.,(4,4),(0.,0.000016327),.UNSPECIFIED.);
#9293=EDGE_CURVE('',#5168,#9130,#9292,.T.);
#9294=ORIENTED_EDGE('',*,*,#9293,.F.);
#9295=ORIENTED_EDGE('',*,*,#5173,.F.);
#9296=EDGE_LOOP('',(#9285,#9286,#9287,#9294,#9295));
#9297=FACE_BOUND('',#9296,.T.);
#9298=ADVANCED_FACE('',(#9297),#9284,.F.);
#9299=CARTESIAN_POINT('',(0.,0.,0.96));
#9300=DIRECTION('',(0.,0.,-1.));
#9301=DIRECTION('',(1.,0.,0.));
#9302=AXIS2_PLACEMENT_3D('',#9299,#9300,#9301);
#9303=CYLINDRICAL_SURFACE('',#9302,12.775);
#9304=ORIENTED_EDGE('',*,*,#347,.T.);
#9305=ORIENTED_EDGE('',*,*,#5164,.F.);
#9306=ORIENTED_EDGE('',*,*,#6507,.F.);
#9307=ORIENTED_EDGE('',*,*,#9102,.T.);
#9308=ORIENTED_EDGE('',*,*,#5923,.T.);
#9309=EDGE_LOOP('',(#9304,#9305,#9306,#9307,#9308));
#9310=FACE_BOUND('',#9309,.T.);
#9311=ADVANCED_FACE('',(#9310),#9303,.F.);
#9312=CARTESIAN_POINT('',(2.908709701,15.118986469,4.813876897));
#9313=CARTESIAN_POINT('',(2.896141942,15.05366061,4.88441114));
#9314=CARTESIAN_POINT('',(2.885527188,14.998486295,4.964679499));
#9315=CARTESIAN_POINT('',(2.869090493,14.91305026,5.137978474));
#9316=CARTESIAN_POINT('',(2.863270506,14.882798692,5.230988498));
#9317=CARTESIAN_POINT('',(2.856913478,14.849755803,5.421959153));
#9318=CARTESIAN_POINT('',(2.856377193,14.846968409,5.519897093));
#9319=CARTESIAN_POINT('',(2.860633885,14.869094592,5.712496027));
#9320=CARTESIAN_POINT('',(2.865426355,14.89400554,5.807134137));
#9321=CARTESIAN_POINT('',(2.879939162,14.969441979,5.985181158));
#9322=CARTESIAN_POINT('',(2.889657774,15.019958506,6.068568912));
#9323=CARTESIAN_POINT('',(2.913207479,15.142367803,6.217106329));
#9324=CARTESIAN_POINT('',(2.927035774,15.214246028,6.282238342));
#9325=CARTESIAN_POINT('',(2.957643973,15.373344605,6.38878756));
#9326=CARTESIAN_POINT('',(2.974420239,15.460546053,6.430192105));
#9327=CARTESIAN_POINT('',(3.009515544,15.642968075,6.485801949));
#9328=CARTESIAN_POINT('',(3.027830411,15.738166974,6.50000064));
#9329=CARTESIAN_POINT('',(3.046147443,15.83337709,6.499999989));
#9330=CARTESIAN_POINT('',(3.288528022,15.04587766,4.813876897));
#9331=CARTESIAN_POINT('',(3.274319109,14.980867756,4.884411074));
#9332=CARTESIAN_POINT('',(3.262318233,14.925960287,4.964679349));
#9333=CARTESIAN_POINT('',(3.243735158,14.840937425,5.137978138));
#9334=CARTESIAN_POINT('',(3.237155166,14.810832134,5.230988062));
#9335=CARTESIAN_POINT('',(3.229967996,14.777948958,5.42195852));
#9336=CARTESIAN_POINT('',(3.229361671,14.775174979,5.519896365));
#9337=CARTESIAN_POINT('',(3.234174197,14.797193992,5.712495138));
#9338=CARTESIAN_POINT('',(3.239592476,14.821984366,5.807133182));
#9339=CARTESIAN_POINT('',(3.256000401,14.897055758,5.985180119));
#9340=CARTESIAN_POINT('',(3.266988097,14.947327856,6.068567858));
#9341=CARTESIAN_POINT('',(3.293612996,15.069144908,6.217105304));
#9342=CARTESIAN_POINT('',(3.309247037,15.140675389,6.282237364));
#9343=CARTESIAN_POINT('',(3.343852165,15.299004298,6.388786746));
#9344=CARTESIAN_POINT('',(3.36281914,15.385783914,6.430191408));
#9345=CARTESIAN_POINT('',(3.402497333,15.567323528,6.485801551));
#9346=CARTESIAN_POINT('',(3.423203836,15.662061955,6.500000426));
#9347=CARTESIAN_POINT('',(3.443912791,15.756811578,6.499999985));
#9348=CARTESIAN_POINT('',(3.666133545,14.958363753,4.813876897));
#9349=CARTESIAN_POINT('',(3.65029303,14.893732124,4.884410938));
#9350=CARTESIAN_POINT('',(3.6369141,14.839144126,4.964679038));
#9351=CARTESIAN_POINT('',(3.616197142,14.754615892,5.137977442));
#9352=CARTESIAN_POINT('',(3.608861575,14.724685699,5.230987155));
#9353=CARTESIAN_POINT('',(3.600849106,14.691993648,5.421957205));
#9354=CARTESIAN_POINT('',(3.600173156,14.689235674,5.519894851));
#9355=CARTESIAN_POINT('',(3.605538298,14.711126241,5.712493287));
#9356=CARTESIAN_POINT('',(3.611578752,14.735772182,5.807131194));
#9357=CARTESIAN_POINT('',(3.629870783,14.810406357,5.985177959));
#9358=CARTESIAN_POINT('',(3.642120187,14.860385724,6.068565663));
#9359=CARTESIAN_POINT('',(3.671802406,14.981493543,6.217103174));
#9360=CARTESIAN_POINT('',(3.689231696,15.052607605,6.282235333));
#9361=CARTESIAN_POINT('',(3.727810521,15.210014885,6.38878506));
#9362=CARTESIAN_POINT('',(3.748955474,15.2962894,6.430189967));
#9363=CARTESIAN_POINT('',(3.793189926,15.476772467,6.485800741));
#9364=CARTESIAN_POINT('',(3.81627417,15.570959574,6.5));
#9365=CARTESIAN_POINT('',(3.839361157,15.665157874,6.5));
#9366=CARTESIAN_POINT('',(4.52388722,14.725269828,4.813876897));
#9367=CARTESIAN_POINT('',(4.50434055,14.661645343,4.884410938));
#9368=CARTESIAN_POINT('',(4.487831395,14.607907982,4.964679038));
#9369=CARTESIAN_POINT('',(4.462267355,14.524696939,5.137977442));
#9370=CARTESIAN_POINT('',(4.453215509,14.495233144,5.230987155));
#9371=CARTESIAN_POINT('',(4.443328388,14.463050528,5.421957205));
#9372=CARTESIAN_POINT('',(4.442494288,14.460335531,5.519894851));
#9373=CARTESIAN_POINT('',(4.449114695,14.481884981,5.712493287));
#9374=CARTESIAN_POINT('',(4.456568415,14.506146867,5.807131194));
#9375=CARTESIAN_POINT('',(4.479140175,14.579618029,5.985177959));
#9376=CARTESIAN_POINT('',(4.494255533,14.628818575,6.068565663));
#9377=CARTESIAN_POINT('',(4.530882407,14.748039189,6.217103174));
#9378=CARTESIAN_POINT('',(4.552389572,14.818045092,6.282235333));
#9379=CARTESIAN_POINT('',(4.599994564,14.972999518,6.38878506));
#9380=CARTESIAN_POINT('',(4.626086734,15.05792963,6.430189967));
#9381=CARTESIAN_POINT('',(4.680670581,15.235600257,6.485800741));
#9382=CARTESIAN_POINT('',(4.709155773,15.328319661,6.5));
#9383=CARTESIAN_POINT('',(4.737644349,15.421050083,6.5));
#9384=CARTESIAN_POINT('',(5.000811638,14.570080908,4.813876897));
#9385=CARTESIAN_POINT('',(4.979204288,14.507126959,4.884410938));
#9386=CARTESIAN_POINT('',(4.960954678,14.453955933,4.964679038));
#9387=CARTESIAN_POINT('',(4.932695586,14.371621847,5.137977442));
#9388=CARTESIAN_POINT('',(4.922689461,14.34246857,5.230987155));
#9389=CARTESIAN_POINT('',(4.911760005,14.310625125,5.421957205));
#9390=CARTESIAN_POINT('',(4.910837971,14.307938741,5.519894851));
#9391=CARTESIAN_POINT('',(4.918156326,14.329261082,5.712493287));
#9392=CARTESIAN_POINT('',(4.926395843,14.353267274,5.807131194));
#9393=CARTESIAN_POINT('',(4.951347199,14.425964127,5.985177959));
#9394=CARTESIAN_POINT('',(4.968056072,14.474646151,6.068565663));
#9395=CARTESIAN_POINT('',(5.008544283,14.592610304,6.217103174));
#9396=CARTESIAN_POINT('',(5.03231881,14.661878418,6.282235333));
#9397=CARTESIAN_POINT('',(5.084942491,14.815199786,6.38878506));
#9398=CARTESIAN_POINT('',(5.113785392,14.899234824,6.430189967));
#9399=CARTESIAN_POINT('',(5.174123664,15.075032989,6.485800741));
#9400=CARTESIAN_POINT('',(5.205611866,15.166775228,6.5));
#9401=CARTESIAN_POINT('',(5.23710381,15.258528368,6.5));
#9402=CARTESIAN_POINT('',(6.403822378,14.036997753,4.813876897));
#9403=CARTESIAN_POINT('',(6.376152943,13.976347133,4.884410938));
#9404=CARTESIAN_POINT('',(6.352783285,13.925121503,4.964679038));
#9405=CARTESIAN_POINT('',(6.316595918,13.845799817,5.137977442));
#9406=CARTESIAN_POINT('',(6.303782509,13.817713186,5.230987155));
#9407=CARTESIAN_POINT('',(6.289786721,13.787034814,5.421957205));
#9408=CARTESIAN_POINT('',(6.288606005,13.784446718,5.519894851));
#9409=CARTESIAN_POINT('',(6.297977572,13.804988928,5.712493287));
#9410=CARTESIAN_POINT('',(6.308528741,13.828116793,5.807131194));
#9411=CARTESIAN_POINT('',(6.340480364,13.898153848,5.985177959));
#9412=CARTESIAN_POINT('',(6.361877022,13.945054717,6.068565663));
#9413=CARTESIAN_POINT('',(6.413724468,14.058702854,6.217103174));
#9414=CARTESIAN_POINT('',(6.444169096,14.125436619,6.282235333));
#9415=CARTESIAN_POINT('',(6.511556698,14.273148339,6.38878506));
#9416=CARTESIAN_POINT('',(6.548491665,14.354108743,6.430189967));
#9417=CARTESIAN_POINT('',(6.625758238,14.523474889,6.485800741));
#9418=CARTESIAN_POINT('',(6.666080663,14.611860506,6.5));
#9419=CARTESIAN_POINT('',(6.70640788,14.700256626,6.5));
#9420=CARTESIAN_POINT('',(7.30241817,13.592248568,4.813876897));
#9421=CARTESIAN_POINT('',(7.27086611,13.533519606,4.884410938));
#9422=CARTESIAN_POINT('',(7.244217181,13.483917013,4.964679038));
#9423=CARTESIAN_POINT('',(7.202951938,13.407108561,5.137977442));
#9424=CARTESIAN_POINT('',(7.188340528,13.379911828,5.230987155));
#9425=CARTESIAN_POINT('',(7.172380826,13.350205471,5.421957204));
#9426=CARTESIAN_POINT('',(7.17103443,13.347699377,5.51989485));
#9427=CARTESIAN_POINT('',(7.181721032,13.367590726,5.712493287));
#9428=CARTESIAN_POINT('',(7.19375276,13.389985806,5.807131194));
#9429=CARTESIAN_POINT('',(7.230187892,13.457803802,5.985177959));
#9430=CARTESIAN_POINT('',(7.254586966,13.503218661,6.068565663));
#9431=CARTESIAN_POINT('',(7.313709739,13.613265963,6.217103174));
#9432=CARTESIAN_POINT('',(7.348426412,13.677885331,6.282235333));
#9433=CARTESIAN_POINT('',(7.425269962,13.820916943,6.38878506));
#9434=CARTESIAN_POINT('',(7.46738771,13.899312192,6.430189967));
#9435=CARTESIAN_POINT('',(7.555496466,14.063312129,6.485800741));
#9436=CARTESIAN_POINT('',(7.601477006,14.148897331,6.5));
#9437=CARTESIAN_POINT('',(7.64746301,14.234492702,6.5));
#9438=CARTESIAN_POINT('',(8.162700916,13.054324867,4.813876897));
#9439=CARTESIAN_POINT('',(8.127431773,12.997920148,4.884410938));
#9440=CARTESIAN_POINT('',(8.097643388,12.950280616,4.964679038));
#9441=CARTESIAN_POINT('',(8.051516773,12.876511917,5.137977442));
#9442=CARTESIAN_POINT('',(8.035184023,12.850391516,5.230987155));
#9443=CARTESIAN_POINT('',(8.017344141,12.821860812,5.421957204));
#9444=CARTESIAN_POINT('',(8.015839129,12.819453898,5.51989485));
#9445=CARTESIAN_POINT('',(8.027784697,12.838558032,5.712493287));
#9446=CARTESIAN_POINT('',(8.041233858,12.860066809,5.807131194));
#9447=CARTESIAN_POINT('',(8.081961338,12.925200856,5.985177959));
#9448=CARTESIAN_POINT('',(8.109234817,12.968818387,6.068565663));
#9449=CARTESIAN_POINT('',(8.175322721,13.074510482,6.217103174));
#9450=CARTESIAN_POINT('',(8.214129293,13.136572489,6.282235333));
#9451=CARTESIAN_POINT('',(8.300025622,13.273943514,6.38878506));
#9452=CARTESIAN_POINT('',(8.347105175,13.349236211,6.430189967));
#9453=CARTESIAN_POINT('',(8.445593841,13.506745724,6.485800741));
#9454=CARTESIAN_POINT('',(8.496991253,13.588943826,6.5));
#9455=CARTESIAN_POINT('',(8.548394773,13.671151695,6.5));
#9456=B_SPLINE_SURFACE_WITH_KNOTS('',3,3,((#9312,#9313,#9314,#9315,#9316,#9317,#9318,#9319,#9320,#9321,#9322,#9323,#9324,#9325,#9326,#9327,#9328,#9329),(#9330,#9331,#9332,#9333,#9334,#9335,#9336,#9337,#9338,#9339,#9340,#9341,#9342,#9343,#9344,#9345,#9346,#9347),(#9348,#9349,#9350,#9351,#9352,#9353,#9354,#9355,#9356,#9357,#9358,#9359,#9360,#9361,#9362,#9363,#9364,#9365),(#9366,#9367,#9368,#9369,#9370,#9371,#9372,#9373,#9374,#9375,#9376,#9377,#9378,#9379,#9380,#9381,#9382,#9383),(#9384,#9385,#9386,#9387,#9388,#9389,#9390,#9391,#9392,#9393,#9394,#9395,#9396,#9397,#9398,#9399,#9400,#9401),(#9402,#9403,#9404,#9405,#9406,#9407,#9408,#9409,#9410,#9411,#9412,#9413,#9414,#9415,#9416,#9417,#9418,#9419),(#9420,#9421,#9422,#9423,#9424,#9425,#9426,#9427,#9428,#9429,#9430,#9431,#9432,#9433,#9434,#9435,#9436,#9437),(#9438,#9439,#9440,#9441,#9442,#9443,#9444,#9445,#9446,#9447,#9448,#9449,#9450,#9451,#9452,#9453,#9454,#9455)),.UNSPECIFIED.,.F.,.F.,.U.,(4,2,2,4),(4,2,2,2,2,2,2,2,4),(0.09464452,0.095844174,0.09741539,0.100557821),(0.,0.125,0.25,0.375,0.5,0.625,0.75,0.875,1.),.UNSPECIFIED.);
#9457=ORIENTED_EDGE('',*,*,#2750,.F.);
#9458=ORIENTED_EDGE('',*,*,#6195,.F.);
#9459=ORIENTED_EDGE('',*,*,#6543,.T.);
#9460=ORIENTED_EDGE('',*,*,#4924,.F.);
#9461=EDGE_LOOP('',(#9457,#9458,#9459,#9460));
#9462=FACE_BOUND('',#9461,.T.);
#9463=ADVANCED_FACE('',(#9462),#9456,.T.);
#9464=CARTESIAN_POINT('',(-14.47,0.,1.41));
#9465=CARTESIAN_POINT('',(-14.47,0.000030272,1.41));
#9466=CARTESIAN_POINT('',(-14.47,0.000060543,1.41));
#9467=CARTESIAN_POINT('',(-14.47,0.000090815,1.41));
#9468=CARTESIAN_POINT('',(-14.469946802,8.47638295,1.41));
#9469=CARTESIAN_POINT('',(-8.476283009,14.47,1.41));
#9470=CARTESIAN_POINT('',(0.,14.47,1.41));
#9471=CARTESIAN_POINT('',(0.000030272,14.47,1.41));
#9472=CARTESIAN_POINT('',(0.000060543,14.47,1.41));
#9473=CARTESIAN_POINT('',(0.000090815,14.47,1.41));
#9474=CARTESIAN_POINT('',(8.47638295,14.469946802,1.41));
#9475=CARTESIAN_POINT('',(14.47,8.476283009,1.41));
#9476=CARTESIAN_POINT('',(14.47,0.,1.41));
#9477=CARTESIAN_POINT('',(14.47,-0.000030272,1.41));
#9478=CARTESIAN_POINT('',(14.47,-0.000060543,1.41));
#9479=CARTESIAN_POINT('',(14.47,-0.000090815,1.41));
#9480=CARTESIAN_POINT('',(14.469946802,-8.47638295,1.41));
#9481=CARTESIAN_POINT('',(8.476283009,-14.47,1.41));
#9482=CARTESIAN_POINT('',(0.,-14.47,1.41));
#9483=CARTESIAN_POINT('',(-0.000030272,-14.47,1.41));
#9484=CARTESIAN_POINT('',(-0.000060543,-14.47,1.41));
#9485=CARTESIAN_POINT('',(-0.000090815,-14.47,1.41));
#9486=CARTESIAN_POINT('',(-8.47638295,-14.469946802,1.41));
#9487=CARTESIAN_POINT('',(-14.47,-8.476283009,1.41));
#9488=CARTESIAN_POINT('',(-14.47,0.,1.41));
#9489=CARTESIAN_POINT('',(-14.619349106,0.,1.48589333));
#9490=CARTESIAN_POINT('',(-14.619349106,0.000030584,1.48589333));
#9491=CARTESIAN_POINT('',(-14.619349106,0.000061168,1.48589333));
#9492=CARTESIAN_POINT('',(-14.619349106,0.000091752,1.48589333));
#9493=CARTESIAN_POINT('',(-14.619295359,8.56387018,1.48589333));
#9494=CARTESIAN_POINT('',(-8.563769207,14.619349106,1.48589333));
#9495=CARTESIAN_POINT('',(0.,14.619349106,1.48589333));
#9496=CARTESIAN_POINT('',(0.000030584,14.619349106,1.48589333));
#9497=CARTESIAN_POINT('',(0.000061168,14.619349106,1.48589333));
#9498=CARTESIAN_POINT('',(0.000091752,14.619349106,1.48589333));
#9499=CARTESIAN_POINT('',(8.56387018,14.619295359,1.48589333));
#9500=CARTESIAN_POINT('',(14.619349106,8.563769207,1.48589333));
#9501=CARTESIAN_POINT('',(14.619349106,0.,1.48589333));
#9502=CARTESIAN_POINT('',(14.619349106,-0.000030584,1.48589333));
#9503=CARTESIAN_POINT('',(14.619349106,-0.000061168,1.48589333));
#9504=CARTESIAN_POINT('',(14.619349106,-0.000091752,1.48589333));
#9505=CARTESIAN_POINT('',(14.619295359,-8.56387018,1.48589333));
#9506=CARTESIAN_POINT('',(8.563769207,-14.619349106,1.48589333));
#9507=CARTESIAN_POINT('',(0.,-14.619349106,1.48589333));
#9508=CARTESIAN_POINT('',(-0.000030584,-14.619349106,1.48589333));
#9509=CARTESIAN_POINT('',(-0.000061168,-14.619349106,1.48589333));
#9510=CARTESIAN_POINT('',(-0.000091752,-14.619349106,1.48589333));
#9511=CARTESIAN_POINT('',(-8.56387018,-14.619295359,1.48589333));
#9512=CARTESIAN_POINT('',(-14.619349106,-8.563769207,1.48589333));
#9513=CARTESIAN_POINT('',(-14.619349106,0.,1.48589333));
#9514=CARTESIAN_POINT('',(-14.906935192,0.,1.653575744));
#9515=CARTESIAN_POINT('',(-14.906935192,0.000031186,1.653575744));
#9516=CARTESIAN_POINT('',(-14.906935192,0.000062371,1.653575744));
#9517=CARTESIAN_POINT('',(-14.906935192,0.000093557,1.653575744));
#9518=CARTESIAN_POINT('',(-14.906880388,8.732335266,1.653575744));
#9519=CARTESIAN_POINT('',(-8.732232307,14.906935192,1.653575744));
#9520=CARTESIAN_POINT('',(0.,14.906935192,1.653575744));
#9521=CARTESIAN_POINT('',(0.000031186,14.906935192,1.653575744));
#9522=CARTESIAN_POINT('',(0.000062371,14.906935192,1.653575744));
#9523=CARTESIAN_POINT('',(0.000093557,14.906935192,1.653575744));
#9524=CARTESIAN_POINT('',(8.732335266,14.906880388,1.653575744));
#9525=CARTESIAN_POINT('',(14.906935192,8.732232307,1.653575744));
#9526=CARTESIAN_POINT('',(14.906935192,0.,1.653575744));
#9527=CARTESIAN_POINT('',(14.906935192,-0.000031186,1.653575744));
#9528=CARTESIAN_POINT('',(14.906935192,-0.000062371,1.653575744));
#9529=CARTESIAN_POINT('',(14.906935192,-0.000093557,1.653575744));
#9530=CARTESIAN_POINT('',(14.906880388,-8.732335266,1.653575744));
#9531=CARTESIAN_POINT('',(8.732232307,-14.906935192,1.653575744));
#9532=CARTESIAN_POINT('',(0.,-14.906935192,1.653575744));
#9533=CARTESIAN_POINT('',(-0.000031186,-14.906935192,1.653575744));
#9534=CARTESIAN_POINT('',(-0.000062371,-14.906935192,1.653575744));
#9535=CARTESIAN_POINT('',(-0.000093557,-14.906935192,1.653575744));
#9536=CARTESIAN_POINT('',(-8.732335266,-14.906880388,1.653575744));
#9537=CARTESIAN_POINT('',(-14.906935192,-8.732232307,1.653575744));
#9538=CARTESIAN_POINT('',(-14.906935192,0.,1.653575744));
#9539=CARTESIAN_POINT('',(-15.278439989,0.,1.932840119));
#9540=CARTESIAN_POINT('',(-15.278439989,0.000031963,1.932840119));
#9541=CARTESIAN_POINT('',(-15.278439989,0.000063926,1.932840119));
#9542=CARTESIAN_POINT('',(-15.278439989,0.000095889,1.932840119));
#9543=CARTESIAN_POINT('',(-15.278383819,8.949959104,1.932840119));
#9544=CARTESIAN_POINT('',(-8.949853578,15.278439989,1.932840119));
#9545=CARTESIAN_POINT('',(0.,15.278439989,1.932840119));
#9546=CARTESIAN_POINT('',(0.000031963,15.278439989,1.932840119));
#9547=CARTESIAN_POINT('',(0.000063926,15.278439989,1.932840119));
#9548=CARTESIAN_POINT('',(0.000095889,15.278439989,1.932840119));
#9549=CARTESIAN_POINT('',(8.949959104,15.278383819,1.932840119));
#9550=CARTESIAN_POINT('',(15.278439989,8.949853578,1.932840119));
#9551=CARTESIAN_POINT('',(15.278439989,0.,1.932840119));
#9552=CARTESIAN_POINT('',(15.278439989,-0.000031963,1.932840119));
#9553=CARTESIAN_POINT('',(15.278439989,-0.000063926,1.932840119));
#9554=CARTESIAN_POINT('',(15.278439989,-0.000095889,1.932840119));
#9555=CARTESIAN_POINT('',(15.278383819,-8.949959104,1.932840119));
#9556=CARTESIAN_POINT('',(8.949853578,-15.278439989,1.932840119));
#9557=CARTESIAN_POINT('',(0.,-15.278439989,1.932840119));
#9558=CARTESIAN_POINT('',(-0.000031963,-15.278439989,1.932840119));
#9559=CARTESIAN_POINT('',(-0.000063926,-15.278439989,1.932840119));
#9560=CARTESIAN_POINT('',(-0.000095889,-15.278439989,1.932840119));
#9561=CARTESIAN_POINT('',(-8.949959104,-15.278383819,1.932840119));
#9562=CARTESIAN_POINT('',(-15.278439989,-8.949853578,1.932840119));
#9563=CARTESIAN_POINT('',(-15.278439989,0.,1.932840119));
#9564=CARTESIAN_POINT('',(-15.629698583,0.,2.298990947));
#9565=CARTESIAN_POINT('',(-15.629698583,0.000032698,2.298990947));
#9566=CARTESIAN_POINT('',(-15.629698583,0.000065395,2.298990947));
#9567=CARTESIAN_POINT('',(-15.629698583,0.000098093,2.298990947));
#9568=CARTESIAN_POINT('',(-15.629641122,9.155722916,2.298990947));
#9569=CARTESIAN_POINT('',(-9.155614964,15.629698583,2.298990947));
#9570=CARTESIAN_POINT('',(0.,15.629698583,2.298990947));
#9571=CARTESIAN_POINT('',(0.000032698,15.629698583,2.298990947));
#9572=CARTESIAN_POINT('',(0.000065395,15.629698583,2.298990947));
#9573=CARTESIAN_POINT('',(0.000098093,15.629698583,2.298990947));
#9574=CARTESIAN_POINT('',(9.155722916,15.629641122,2.298990947));
#9575=CARTESIAN_POINT('',(15.629698583,9.155614964,2.298990947));
#9576=CARTESIAN_POINT('',(15.629698583,0.,2.298990947));
#9577=CARTESIAN_POINT('',(15.629698583,-0.000032698,2.298990947));
#9578=CARTESIAN_POINT('',(15.629698583,-0.000065395,2.298990947));
#9579=CARTESIAN_POINT('',(15.629698583,-0.000098093,2.298990947));
#9580=CARTESIAN_POINT('',(15.629641122,-9.155722916,2.298990947));
#9581=CARTESIAN_POINT('',(9.155614964,-15.629698583,2.298990947));
#9582=CARTESIAN_POINT('',(0.,-15.629698583,2.298990947));
#9583=CARTESIAN_POINT('',(-0.000032698,-15.629698583,2.298990947));
#9584=CARTESIAN_POINT('',(-0.000065395,-15.629698583,2.298990947));
#9585=CARTESIAN_POINT('',(-0.000098093,-15.629698583,2.298990947));
#9586=CARTESIAN_POINT('',(-9.155722916,-15.629641122,2.298990947));
#9587=CARTESIAN_POINT('',(-15.629698583,-9.155614964,2.298990947));
#9588=CARTESIAN_POINT('',(-15.629698583,0.,2.298990947));
#9589=CARTESIAN_POINT('',(-15.916292156,0.,2.919185919));
#9590=CARTESIAN_POINT('',(-15.916292156,0.000033297,2.919185919));
#9591=CARTESIAN_POINT('',(-15.916292156,0.000066594,2.919185919));
#9592=CARTESIAN_POINT('',(-15.916292156,0.000099892,2.919185919));
#9593=CARTESIAN_POINT('',(-15.916233641,9.323606597,2.919185919));
#9594=CARTESIAN_POINT('',(-9.323496666,15.916292156,2.919185919));
#9595=CARTESIAN_POINT('',(0.,15.916292156,2.919185919));
#9596=CARTESIAN_POINT('',(0.000033297,15.916292156,2.919185919));
#9597=CARTESIAN_POINT('',(0.000066594,15.916292156,2.919185919));
#9598=CARTESIAN_POINT('',(0.000099892,15.916292156,2.919185919));
#9599=CARTESIAN_POINT('',(9.323606597,15.916233641,2.919185919));
#9600=CARTESIAN_POINT('',(15.916292156,9.323496666,2.919185919));
#9601=CARTESIAN_POINT('',(15.916292156,0.,2.919185919));
#9602=CARTESIAN_POINT('',(15.916292156,-0.000033297,2.919185919));
#9603=CARTESIAN_POINT('',(15.916292156,-0.000066594,2.919185919));
#9604=CARTESIAN_POINT('',(15.916292156,-0.000099892,2.919185919));
#9605=CARTESIAN_POINT('',(15.916233641,-9.323606597,2.919185919));
#9606=CARTESIAN_POINT('',(9.323496666,-15.916292156,2.919185919));
#9607=CARTESIAN_POINT('',(0.,-15.916292156,2.919185919));
#9608=CARTESIAN_POINT('',(-0.000033297,-15.916292156,2.919185919));
#9609=CARTESIAN_POINT('',(-0.000066594,-15.916292156,2.919185919));
#9610=CARTESIAN_POINT('',(-0.000099892,-15.916292156,2.919185919));
#9611=CARTESIAN_POINT('',(-9.323606597,-15.916233641,2.919185919));
#9612=CARTESIAN_POINT('',(-15.916292156,-9.323496666,2.919185919));
#9613=CARTESIAN_POINT('',(-15.916292156,0.,2.919185919));
#9614=CARTESIAN_POINT('',(-15.974877095,0.,3.561757718));
#9615=CARTESIAN_POINT('',(-15.974877095,0.00003342,3.561757718));
#9616=CARTESIAN_POINT('',(-15.974877094,0.00006684,3.561757718));
#9617=CARTESIAN_POINT('',(-15.974877094,0.000100259,3.561757718));
#9618=CARTESIAN_POINT('',(-15.974818364,9.357925075,3.561757718));
#9619=CARTESIAN_POINT('',(-9.357814739,15.974877095,3.561757718));
#9620=CARTESIAN_POINT('',(0.,15.974877095,3.561757718));
#9621=CARTESIAN_POINT('',(0.00003342,15.974877095,3.561757718));
#9622=CARTESIAN_POINT('',(0.00006684,15.974877094,3.561757718));
#9623=CARTESIAN_POINT('',(0.000100259,15.974877094,3.561757718));
#9624=CARTESIAN_POINT('',(9.357925075,15.974818364,3.561757718));
#9625=CARTESIAN_POINT('',(15.974877095,9.357814739,3.561757718));
#9626=CARTESIAN_POINT('',(15.974877095,0.,3.561757718));
#9627=CARTESIAN_POINT('',(15.974877095,-0.00003342,3.561757718));
#9628=CARTESIAN_POINT('',(15.974877094,-0.00006684,3.561757718));
#9629=CARTESIAN_POINT('',(15.974877094,-0.000100259,3.561757718));
#9630=CARTESIAN_POINT('',(15.974818364,-9.357925075,3.561757718));
#9631=CARTESIAN_POINT('',(9.357814739,-15.974877095,3.561757718));
#9632=CARTESIAN_POINT('',(0.,-15.974877095,3.561757718));
#9633=CARTESIAN_POINT('',(-0.00003342,-15.974877095,3.561757718));
#9634=CARTESIAN_POINT('',(-0.00006684,-15.974877094,3.561757718));
#9635=CARTESIAN_POINT('',(-0.000100259,-15.974877094,3.561757718));
#9636=CARTESIAN_POINT('',(-9.357925075,-15.974818364,3.561757718));
#9637=CARTESIAN_POINT('',(-15.974877095,-9.357814739,3.561757718));
#9638=CARTESIAN_POINT('',(-15.974877095,0.,3.561757718));
#9639=CARTESIAN_POINT('',(-15.855972053,0.,4.055708922));
#9640=CARTESIAN_POINT('',(-15.855972053,0.000033171,4.055708922));
#9641=CARTESIAN_POINT('',(-15.855972053,0.000066342,4.055708922));
#9642=CARTESIAN_POINT('',(-15.855972053,0.000099513,4.055708922));
#9643=CARTESIAN_POINT('',(-15.85591376,9.288271678,4.055708922));
#9644=CARTESIAN_POINT('',(-9.288162163,15.855972053,4.055708922));
#9645=CARTESIAN_POINT('',(0.,15.855972053,4.055708922));
#9646=CARTESIAN_POINT('',(0.000033171,15.855972053,4.055708922));
#9647=CARTESIAN_POINT('',(0.000066342,15.855972053,4.055708922));
#9648=CARTESIAN_POINT('',(0.000099513,15.855972053,4.055708922));
#9649=CARTESIAN_POINT('',(9.288271678,15.85591376,4.055708922));
#9650=CARTESIAN_POINT('',(15.855972053,9.288162163,4.055708922));
#9651=CARTESIAN_POINT('',(15.855972053,0.,4.055708922));
#9652=CARTESIAN_POINT('',(15.855972053,-0.000033171,4.055708922));
#9653=CARTESIAN_POINT('',(15.855972053,-0.000066342,4.055708922));
#9654=CARTESIAN_POINT('',(15.855972053,-0.000099513,4.055708922));
#9655=CARTESIAN_POINT('',(15.85591376,-9.288271678,4.055708922));
#9656=CARTESIAN_POINT('',(9.288162163,-15.855972053,4.055708922));
#9657=CARTESIAN_POINT('',(0.,-15.855972053,4.055708922));
#9658=CARTESIAN_POINT('',(-0.000033171,-15.855972053,4.055708922));
#9659=CARTESIAN_POINT('',(-0.000066342,-15.855972053,4.055708922));
#9660=CARTESIAN_POINT('',(-0.000099513,-15.855972053,4.055708922));
#9661=CARTESIAN_POINT('',(-9.288271678,-15.85591376,4.055708922));
#9662=CARTESIAN_POINT('',(-15.855972053,-9.288162163,4.055708922));
#9663=CARTESIAN_POINT('',(-15.855972053,0.,4.055708922));
#9664=CARTESIAN_POINT('',(-15.624200117,0.,4.507301657));
#9665=CARTESIAN_POINT('',(-15.624200117,0.000032686,4.507301657));
#9666=CARTESIAN_POINT('',(-15.624200117,0.000065372,4.507301657));
#9667=CARTESIAN_POINT('',(-15.624200117,0.000098059,4.507301657));
#9668=CARTESIAN_POINT('',(-15.624142675,9.152501968,4.507301657));
#9669=CARTESIAN_POINT('',(-9.152394055,15.624200117,4.507301657));
#9670=CARTESIAN_POINT('',(0.,15.624200117,4.507301657));
#9671=CARTESIAN_POINT('',(0.000032686,15.624200117,4.507301657));
#9672=CARTESIAN_POINT('',(0.000065372,15.624200117,4.507301657));
#9673=CARTESIAN_POINT('',(0.000098059,15.624200117,4.507301657));
#9674=CARTESIAN_POINT('',(9.152501968,15.624142675,4.507301657));
#9675=CARTESIAN_POINT('',(15.624200117,9.152394055,4.507301657));
#9676=CARTESIAN_POINT('',(15.624200117,0.,4.507301657));
#9677=CARTESIAN_POINT('',(15.624200117,-0.000032686,4.507301657));
#9678=CARTESIAN_POINT('',(15.624200117,-0.000065372,4.507301657));
#9679=CARTESIAN_POINT('',(15.624200117,-0.000098059,4.507301657));
#9680=CARTESIAN_POINT('',(15.624142675,-9.152501968,4.507301657));
#9681=CARTESIAN_POINT('',(9.152394055,-15.624200117,4.507301657));
#9682=CARTESIAN_POINT('',(0.,-15.624200117,4.507301657));
#9683=CARTESIAN_POINT('',(-0.000032686,-15.624200117,4.507301657));
#9684=CARTESIAN_POINT('',(-0.000065372,-15.624200117,4.507301657));
#9685=CARTESIAN_POINT('',(-0.000098059,-15.624200117,4.507301657));
#9686=CARTESIAN_POINT('',(-9.152501968,-15.624142675,4.507301657));
#9687=CARTESIAN_POINT('',(-15.624200117,-9.152394055,4.507301657));
#9688=CARTESIAN_POINT('',(-15.624200117,0.,4.507301657));
#9689=CARTESIAN_POINT('',(-15.286185959,0.,4.878443113));
#9690=CARTESIAN_POINT('',(-15.286185959,0.000031979,4.878443113));
#9691=CARTESIAN_POINT('',(-15.286185959,0.000063958,4.878443113));
#9692=CARTESIAN_POINT('',(-15.286185958,0.000095937,4.878443113));
#9693=CARTESIAN_POINT('',(-15.28612976,8.954496616,4.878443113));
#9694=CARTESIAN_POINT('',(-8.954391037,15.286185959,4.878443113));
#9695=CARTESIAN_POINT('',(0.,15.286185959,4.878443113));
#9696=CARTESIAN_POINT('',(0.000031979,15.286185959,4.878443113));
#9697=CARTESIAN_POINT('',(0.000063958,15.286185959,4.878443113));
#9698=CARTESIAN_POINT('',(0.000095937,15.286185958,4.878443113));
#9699=CARTESIAN_POINT('',(8.954496616,15.28612976,4.878443113));
#9700=CARTESIAN_POINT('',(15.286185959,8.954391037,4.878443113));
#9701=CARTESIAN_POINT('',(15.286185959,0.,4.878443113));
#9702=CARTESIAN_POINT('',(15.286185959,-0.000031979,4.878443113));
#9703=CARTESIAN_POINT('',(15.286185959,-0.000063958,4.878443113));
#9704=CARTESIAN_POINT('',(15.286185958,-0.000095937,4.878443113));
#9705=CARTESIAN_POINT('',(15.28612976,-8.954496616,4.878443113));
#9706=CARTESIAN_POINT('',(8.954391037,-15.286185959,4.878443113));
#9707=CARTESIAN_POINT('',(0.,-15.286185959,4.878443113));
#9708=CARTESIAN_POINT('',(-0.000031979,-15.286185959,4.878443113));
#9709=CARTESIAN_POINT('',(-0.000063958,-15.286185959,4.878443113));
#9710=CARTESIAN_POINT('',(-0.000095937,-15.286185958,4.878443113));
#9711=CARTESIAN_POINT('',(-8.954496616,-15.28612976,4.878443113));
#9712=CARTESIAN_POINT('',(-15.286185959,-8.954391037,4.878443113));
#9713=CARTESIAN_POINT('',(-15.286185959,0.,4.878443113));
#9714=CARTESIAN_POINT('',(-14.922988392,0.,5.169627169));
#9715=CARTESIAN_POINT('',(-14.922988392,0.000031219,5.169627169));
#9716=CARTESIAN_POINT('',(-14.922988392,0.000062438,5.169627169));
#9717=CARTESIAN_POINT('',(-14.922988391,0.000093658,5.169627169));
#9718=CARTESIAN_POINT('',(-14.922933528,8.741739072,5.169627169));
#9719=CARTESIAN_POINT('',(-8.741636001,14.922988392,5.169627169));
#9720=CARTESIAN_POINT('',(0.,14.922988392,5.169627169));
#9721=CARTESIAN_POINT('',(0.000031219,14.922988392,5.169627169));
#9722=CARTESIAN_POINT('',(0.000062438,14.922988392,5.169627169));
#9723=CARTESIAN_POINT('',(0.000093658,14.922988391,5.169627169));
#9724=CARTESIAN_POINT('',(8.741739072,14.922933528,5.169627169));
#9725=CARTESIAN_POINT('',(14.922988392,8.741636001,5.169627169));
#9726=CARTESIAN_POINT('',(14.922988392,0.,5.169627169));
#9727=CARTESIAN_POINT('',(14.922988392,-0.000031219,5.169627169));
#9728=CARTESIAN_POINT('',(14.922988392,-0.000062438,5.169627169));
#9729=CARTESIAN_POINT('',(14.922988391,-0.000093658,5.169627169));
#9730=CARTESIAN_POINT('',(14.922933528,-8.741739072,5.169627169));
#9731=CARTESIAN_POINT('',(8.741636001,-14.922988392,5.169627169));
#9732=CARTESIAN_POINT('',(0.,-14.922988392,5.169627169));
#9733=CARTESIAN_POINT('',(-0.000031219,-14.922988392,5.169627169));
#9734=CARTESIAN_POINT('',(-0.000062438,-14.922988392,5.169627169));
#9735=CARTESIAN_POINT('',(-0.000093658,-14.922988391,5.169627169));
#9736=CARTESIAN_POINT('',(-8.741739072,-14.922933528,5.169627169));
#9737=CARTESIAN_POINT('',(-14.922988392,-8.741636001,5.169627169));
#9738=CARTESIAN_POINT('',(-14.922988392,0.,5.169627169));
#9739=CARTESIAN_POINT('',(-14.611947656,0.,5.362811216));
#9740=CARTESIAN_POINT('',(-14.611947656,0.000030569,5.362811216));
#9741=CARTESIAN_POINT('',(-14.611947656,0.000061137,5.362811216));
#9742=CARTESIAN_POINT('',(-14.611947656,0.000091706,5.362811216));
#9743=CARTESIAN_POINT('',(-14.611893936,8.559534484,5.362811216));
#9744=CARTESIAN_POINT('',(-8.559433562,14.611947656,5.362811216));
#9745=CARTESIAN_POINT('',(0.,14.611947656,5.362811216));
#9746=CARTESIAN_POINT('',(0.000030569,14.611947656,5.362811216));
#9747=CARTESIAN_POINT('',(0.000061137,14.611947656,5.362811216));
#9748=CARTESIAN_POINT('',(0.000091706,14.611947656,5.362811216));
#9749=CARTESIAN_POINT('',(8.559534484,14.611893936,5.362811216));
#9750=CARTESIAN_POINT('',(14.611947656,8.559433562,5.362811216));
#9751=CARTESIAN_POINT('',(14.611947656,0.,5.362811216));
#9752=CARTESIAN_POINT('',(14.611947656,-0.000030569,5.362811216));
#9753=CARTESIAN_POINT('',(14.611947656,-0.000061137,5.362811216));
#9754=CARTESIAN_POINT('',(14.611947656,-0.000091706,5.362811216));
#9755=CARTESIAN_POINT('',(14.611893936,-8.559534484,5.362811216));
#9756=CARTESIAN_POINT('',(8.559433562,-14.611947656,5.362811216));
#9757=CARTESIAN_POINT('',(0.,-14.611947656,5.362811216));
#9758=CARTESIAN_POINT('',(-0.000030569,-14.611947656,5.362811216));
#9759=CARTESIAN_POINT('',(-0.000061137,-14.611947656,5.362811216));
#9760=CARTESIAN_POINT('',(-0.000091706,-14.611947656,5.362811216));
#9761=CARTESIAN_POINT('',(-8.559534484,-14.611893936,5.362811216));
#9762=CARTESIAN_POINT('',(-14.611947656,-8.559433562,5.362811216));
#9763=CARTESIAN_POINT('',(-14.611947656,0.,5.362811216));
#9764=CARTESIAN_POINT('',(-14.168921557,0.,5.589859124));
#9765=CARTESIAN_POINT('',(-14.168921557,0.000029642,5.589859124));
#9766=CARTESIAN_POINT('',(-14.168921557,0.000059283,5.589859124));
#9767=CARTESIAN_POINT('',(-14.168921557,0.000088925,5.589859124));
#9768=CARTESIAN_POINT('',(-14.168869466,8.300014175,5.589859124));
#9769=CARTESIAN_POINT('',(-8.299916313,14.168921557,5.589859124));
#9770=CARTESIAN_POINT('',(0.,14.168921557,5.589859124));
#9771=CARTESIAN_POINT('',(0.000029642,14.168921557,5.589859124));
#9772=CARTESIAN_POINT('',(0.000059283,14.168921557,5.589859124));
#9773=CARTESIAN_POINT('',(0.000088925,14.168921557,5.589859124));
#9774=CARTESIAN_POINT('',(8.300014175,14.168869466,5.589859124));
#9775=CARTESIAN_POINT('',(14.168921557,8.299916313,5.589859124));
#9776=CARTESIAN_POINT('',(14.168921557,0.,5.589859124));
#9777=CARTESIAN_POINT('',(14.168921557,-0.000029642,5.589859124));
#9778=CARTESIAN_POINT('',(14.168921557,-0.000059283,5.589859124));
#9779=CARTESIAN_POINT('',(14.168921557,-0.000088925,5.589859124));
#9780=CARTESIAN_POINT('',(14.168869466,-8.300014175,5.589859124));
#9781=CARTESIAN_POINT('',(8.299916313,-14.168921557,5.589859124));
#9782=CARTESIAN_POINT('',(0.,-14.168921557,5.589859124));
#9783=CARTESIAN_POINT('',(-0.000029642,-14.168921557,5.589859124));
#9784=CARTESIAN_POINT('',(-0.000059283,-14.168921557,5.589859124));
#9785=CARTESIAN_POINT('',(-0.000088925,-14.168921557,5.589859124));
#9786=CARTESIAN_POINT('',(-8.300014175,-14.168869466,5.589859124));
#9787=CARTESIAN_POINT('',(-14.168921557,-8.299916313,5.589859124));
#9788=CARTESIAN_POINT('',(-14.168921557,0.,5.589859124));
#9789=CARTESIAN_POINT('',(-13.70978234,0.,5.779431432));
#9790=CARTESIAN_POINT('',(-13.70978234,0.000028681,5.779431432));
#9791=CARTESIAN_POINT('',(-13.70978234,0.000057362,5.779431432));
#9792=CARTESIAN_POINT('',(-13.70978234,0.000086044,5.779431432));
#9793=CARTESIAN_POINT('',(-13.709731937,8.031054961,5.779431432));
#9794=CARTESIAN_POINT('',(-8.03096027,13.70978234,5.779431432));
#9795=CARTESIAN_POINT('',(0.,13.70978234,5.779431432));
#9796=CARTESIAN_POINT('',(0.000028681,13.70978234,5.779431432));
#9797=CARTESIAN_POINT('',(0.000057362,13.70978234,5.779431432));
#9798=CARTESIAN_POINT('',(0.000086044,13.70978234,5.779431432));
#9799=CARTESIAN_POINT('',(8.031054961,13.709731937,5.779431432));
#9800=CARTESIAN_POINT('',(13.70978234,8.03096027,5.779431432));
#9801=CARTESIAN_POINT('',(13.70978234,0.,5.779431432));
#9802=CARTESIAN_POINT('',(13.70978234,-0.000028681,5.779431432));
#9803=CARTESIAN_POINT('',(13.70978234,-0.000057362,5.779431432));
#9804=CARTESIAN_POINT('',(13.70978234,-0.000086044,5.779431432));
#9805=CARTESIAN_POINT('',(13.709731937,-8.031054961,5.779431432));
#9806=CARTESIAN_POINT('',(8.03096027,-13.70978234,5.779431432));
#9807=CARTESIAN_POINT('',(0.,-13.70978234,5.779431432));
#9808=CARTESIAN_POINT('',(-0.000028681,-13.70978234,5.779431432));
#9809=CARTESIAN_POINT('',(-0.000057362,-13.70978234,5.779431432));
#9810=CARTESIAN_POINT('',(-0.000086044,-13.70978234,5.779431432));
#9811=CARTESIAN_POINT('',(-8.031054961,-13.709731937,5.779431432));
#9812=CARTESIAN_POINT('',(-13.70978234,-8.03096027,5.779431432));
#9813=CARTESIAN_POINT('',(-13.70978234,0.,5.779431432));
#9814=CARTESIAN_POINT('',(-13.236735679,0.,5.929533615));
#9815=CARTESIAN_POINT('',(-13.236735679,0.000027692,5.929533615));
#9816=CARTESIAN_POINT('',(-13.236735679,0.000055383,5.929533615));
#9817=CARTESIAN_POINT('',(-13.236735679,0.000083075,5.929533615));
#9818=CARTESIAN_POINT('',(-13.236687015,7.753948903,5.929533615));
#9819=CARTESIAN_POINT('',(-7.753857479,13.236735679,5.929533615));
#9820=CARTESIAN_POINT('',(0.,13.236735679,5.929533615));
#9821=CARTESIAN_POINT('',(0.000027692,13.236735679,5.929533615));
#9822=CARTESIAN_POINT('',(0.000055383,13.236735679,5.929533615));
#9823=CARTESIAN_POINT('',(0.000083075,13.236735679,5.929533615));
#9824=CARTESIAN_POINT('',(7.753948903,13.236687015,5.929533615));
#9825=CARTESIAN_POINT('',(13.236735679,7.753857479,5.929533615));
#9826=CARTESIAN_POINT('',(13.236735679,0.,5.929533615));
#9827=CARTESIAN_POINT('',(13.236735679,-0.000027692,5.929533615));
#9828=CARTESIAN_POINT('',(13.236735679,-0.000055383,5.929533615));
#9829=CARTESIAN_POINT('',(13.236735679,-0.000083075,5.929533615));
#9830=CARTESIAN_POINT('',(13.236687015,-7.753948903,5.929533615));
#9831=CARTESIAN_POINT('',(7.753857479,-13.236735679,5.929533615));
#9832=CARTESIAN_POINT('',(0.,-13.236735679,5.929533615));
#9833=CARTESIAN_POINT('',(-0.000027692,-13.236735679,5.929533615));
#9834=CARTESIAN_POINT('',(-0.000055383,-13.236735679,5.929533615));
#9835=CARTESIAN_POINT('',(-0.000083075,-13.236735679,5.929533615));
#9836=CARTESIAN_POINT('',(-7.753948903,-13.236687015,5.929533615));
#9837=CARTESIAN_POINT('',(-13.236735679,-7.753857479,5.929533615));
#9838=CARTESIAN_POINT('',(-13.236735679,0.,5.929533615));
#9839=CARTESIAN_POINT('',(-12.757477973,0.,6.061202677));
#9840=CARTESIAN_POINT('',(-12.757477973,0.000026689,6.061202677));
#9841=CARTESIAN_POINT('',(-12.757477973,0.000053378,6.061202677));
#9842=CARTESIAN_POINT('',(-12.757477973,0.000080067,6.061202677));
#9843=CARTESIAN_POINT('',(-12.757431071,7.473204477,6.061202677));
#9844=CARTESIAN_POINT('',(-7.473116363,12.757477973,6.061202677));
#9845=CARTESIAN_POINT('',(0.,12.757477973,6.061202677));
#9846=CARTESIAN_POINT('',(0.000026689,12.757477973,6.061202677));
#9847=CARTESIAN_POINT('',(0.000053378,12.757477973,6.061202677));
#9848=CARTESIAN_POINT('',(0.000080067,12.757477973,6.061202677));
#9849=CARTESIAN_POINT('',(7.473204477,12.757431071,6.061202677));
#9850=CARTESIAN_POINT('',(12.757477973,7.473116363,6.061202677));
#9851=CARTESIAN_POINT('',(12.757477973,0.,6.061202677));
#9852=CARTESIAN_POINT('',(12.757477973,-0.000026689,6.061202677));
#9853=CARTESIAN_POINT('',(12.757477973,-0.000053378,6.061202677));
#9854=CARTESIAN_POINT('',(12.757477973,-0.000080067,6.061202677));
#9855=CARTESIAN_POINT('',(12.757431071,-7.473204477,6.061202677));
#9856=CARTESIAN_POINT('',(7.473116363,-12.757477973,6.061202677));
#9857=CARTESIAN_POINT('',(0.,-12.757477973,6.061202677));
#9858=CARTESIAN_POINT('',(-0.000026689,-12.757477973,6.061202677));
#9859=CARTESIAN_POINT('',(-0.000053378,-12.757477973,6.061202677));
#9860=CARTESIAN_POINT('',(-0.000080067,-12.757477973,6.061202677));
#9861=CARTESIAN_POINT('',(-7.473204477,-12.757431071,6.061202677));
#9862=CARTESIAN_POINT('',(-12.757477973,-7.473116363,6.061202677));
#9863=CARTESIAN_POINT('',(-12.757477973,0.,6.061202677));
#9864=CARTESIAN_POINT('',(-12.274803996,0.,6.17694954));
#9865=CARTESIAN_POINT('',(-12.274803996,0.000025679,6.17694954));
#9866=CARTESIAN_POINT('',(-12.274803996,0.000051358,6.17694954));
#9867=CARTESIAN_POINT('',(-12.274803996,0.000077038,6.17694954));
#9868=CARTESIAN_POINT('',(-12.274758868,7.190458833,6.17694954));
#9869=CARTESIAN_POINT('',(-7.190374053,12.274803996,6.17694954));
#9870=CARTESIAN_POINT('',(0.,12.274803996,6.17694954));
#9871=CARTESIAN_POINT('',(0.000025679,12.274803996,6.17694954));
#9872=CARTESIAN_POINT('',(0.000051358,12.274803996,6.17694954));
#9873=CARTESIAN_POINT('',(0.000077038,12.274803996,6.17694954));
#9874=CARTESIAN_POINT('',(7.190458833,12.274758868,6.17694954));
#9875=CARTESIAN_POINT('',(12.274803996,7.190374053,6.17694954));
#9876=CARTESIAN_POINT('',(12.274803996,0.,6.17694954));
#9877=CARTESIAN_POINT('',(12.274803996,-0.000025679,6.17694954));
#9878=CARTESIAN_POINT('',(12.274803996,-0.000051358,6.17694954));
#9879=CARTESIAN_POINT('',(12.274803996,-0.000077038,6.17694954));
#9880=CARTESIAN_POINT('',(12.274758868,-7.190458833,6.17694954));
#9881=CARTESIAN_POINT('',(7.190374053,-12.274803996,6.17694954));
#9882=CARTESIAN_POINT('',(0.,-12.274803996,6.17694954));
#9883=CARTESIAN_POINT('',(-0.000025679,-12.274803996,6.17694954));
#9884=CARTESIAN_POINT('',(-0.000051358,-12.274803996,6.17694954));
#9885=CARTESIAN_POINT('',(-0.000077038,-12.274803996,6.17694954));
#9886=CARTESIAN_POINT('',(-7.190458833,-12.274758868,6.17694954));
#9887=CARTESIAN_POINT('',(-12.274803996,-7.190374053,6.17694954));
#9888=CARTESIAN_POINT('',(-12.274803996,0.,6.17694954));
#9889=CARTESIAN_POINT('',(-11.822229422,0.,6.274903529));
#9890=CARTESIAN_POINT('',(-11.822229422,0.000024732,6.274903529));
#9891=CARTESIAN_POINT('',(-11.822229422,0.000049465,6.274903529));
#9892=CARTESIAN_POINT('',(-11.822229422,0.000074197,6.274903529));
#9893=CARTESIAN_POINT('',(-11.822185959,6.925345122,6.274903529));
#9894=CARTESIAN_POINT('',(-6.925263468,11.822229422,6.274903529));
#9895=CARTESIAN_POINT('',(0.,11.822229422,6.274903529));
#9896=CARTESIAN_POINT('',(0.000024732,11.822229422,6.274903529));
#9897=CARTESIAN_POINT('',(0.000049465,11.822229422,6.274903529));
#9898=CARTESIAN_POINT('',(0.000074197,11.822229422,6.274903529));
#9899=CARTESIAN_POINT('',(6.925345122,11.822185959,6.274903529));
#9900=CARTESIAN_POINT('',(11.822229422,6.925263468,6.274903529));
#9901=CARTESIAN_POINT('',(11.822229422,0.,6.274903529));
#9902=CARTESIAN_POINT('',(11.822229422,-0.000024732,6.274903529));
#9903=CARTESIAN_POINT('',(11.822229422,-0.000049465,6.274903529));
#9904=CARTESIAN_POINT('',(11.822229422,-0.000074197,6.274903529));
#9905=CARTESIAN_POINT('',(11.822185959,-6.925345122,6.274903529));
#9906=CARTESIAN_POINT('',(6.925263468,-11.822229422,6.274903529));
#9907=CARTESIAN_POINT('',(0.,-11.822229422,6.274903529));
#9908=CARTESIAN_POINT('',(-0.000024732,-11.822229422,6.274903529));
#9909=CARTESIAN_POINT('',(-0.000049465,-11.822229422,6.274903529));
#9910=CARTESIAN_POINT('',(-0.000074197,-11.822229422,6.274903529));
#9911=CARTESIAN_POINT('',(-6.925345122,-11.822185959,6.274903529));
#9912=CARTESIAN_POINT('',(-11.822229422,-6.925263468,6.274903529));
#9913=CARTESIAN_POINT('',(-11.822229422,0.,6.274903529));
#9914=CARTESIAN_POINT('',(-11.463591957,0.,6.342004057));
#9915=CARTESIAN_POINT('',(-11.463591957,0.000023982,6.342004057));
#9916=CARTESIAN_POINT('',(-11.463591957,0.000047964,6.342004057));
#9917=CARTESIAN_POINT('',(-11.463591957,0.000071946,6.342004057));
#9918=CARTESIAN_POINT('',(-11.463549812,6.71525884,6.342004057));
#9919=CARTESIAN_POINT('',(-6.715179663,11.463591957,6.342004057));
#9920=CARTESIAN_POINT('',(0.,11.463591957,6.342004057));
#9921=CARTESIAN_POINT('',(0.000023982,11.463591957,6.342004057));
#9922=CARTESIAN_POINT('',(0.000047964,11.463591957,6.342004057));
#9923=CARTESIAN_POINT('',(0.000071946,11.463591957,6.342004057));
#9924=CARTESIAN_POINT('',(6.71525884,11.463549812,6.342004057));
#9925=CARTESIAN_POINT('',(11.463591957,6.715179663,6.342004057));
#9926=CARTESIAN_POINT('',(11.463591957,0.,6.342004057));
#9927=CARTESIAN_POINT('',(11.463591957,-0.000023982,6.342004057));
#9928=CARTESIAN_POINT('',(11.463591957,-0.000047964,6.342004057));
#9929=CARTESIAN_POINT('',(11.463591957,-0.000071946,6.342004057));
#9930=CARTESIAN_POINT('',(11.463549812,-6.71525884,6.342004057));
#9931=CARTESIAN_POINT('',(6.715179663,-11.463591957,6.342004057));
#9932=CARTESIAN_POINT('',(0.,-11.463591957,6.342004057));
#9933=CARTESIAN_POINT('',(-0.000023982,-11.463591957,6.342004057));
#9934=CARTESIAN_POINT('',(-0.000047964,-11.463591957,6.342004057));
#9935=CARTESIAN_POINT('',(-0.000071946,-11.463591957,6.342004057));
#9936=CARTESIAN_POINT('',(-6.71525884,-11.463549812,6.342004057));
#9937=CARTESIAN_POINT('',(-11.463591957,-6.715179663,6.342004057));
#9938=CARTESIAN_POINT('',(-11.463591957,0.,6.342004057));
#9939=CARTESIAN_POINT('',(-11.004040178,0.,6.415010891));
#9940=CARTESIAN_POINT('',(-11.004040178,0.000023021,6.415010891));
#9941=CARTESIAN_POINT('',(-11.004040178,0.000046041,6.415010891));
#9942=CARTESIAN_POINT('',(-11.004040178,0.000069062,6.415010891));
#9943=CARTESIAN_POINT('',(-11.003999723,6.446057951,6.415010891));
#9944=CARTESIAN_POINT('',(-6.445981948,11.004040178,6.415010891));
#9945=CARTESIAN_POINT('',(0.,11.004040178,6.415010891));
#9946=CARTESIAN_POINT('',(0.000023021,11.004040178,6.415010891));
#9947=CARTESIAN_POINT('',(0.000046041,11.004040178,6.415010891));
#9948=CARTESIAN_POINT('',(0.000069062,11.004040178,6.415010891));
#9949=CARTESIAN_POINT('',(6.446057951,11.003999723,6.415010891));
#9950=CARTESIAN_POINT('',(11.004040178,6.445981948,6.415010891));
#9951=CARTESIAN_POINT('',(11.004040178,0.,6.415010891));
#9952=CARTESIAN_POINT('',(11.004040178,-0.000023021,6.415010891));
#9953=CARTESIAN_POINT('',(11.004040178,-0.000046041,6.415010891));
#9954=CARTESIAN_POINT('',(11.004040178,-0.000069062,6.415010891));
#9955=CARTESIAN_POINT('',(11.003999723,-6.446057951,6.415010891));
#9956=CARTESIAN_POINT('',(6.445981948,-11.004040178,6.415010891));
#9957=CARTESIAN_POINT('',(0.,-11.004040178,6.415010891));
#9958=CARTESIAN_POINT('',(-0.000023021,-11.004040178,6.415010891));
#9959=CARTESIAN_POINT('',(-0.000046041,-11.004040178,6.415010891));
#9960=CARTESIAN_POINT('',(-0.000069062,-11.004040178,6.415010891));
#9961=CARTESIAN_POINT('',(-6.446057951,-11.003999723,6.415010891));
#9962=CARTESIAN_POINT('',(-11.004040178,-6.445981948,6.415010891));
#9963=CARTESIAN_POINT('',(-11.004040178,0.,6.415010891));
#9964=CARTESIAN_POINT('',(-10.643461716,0.,6.465698975));
#9965=CARTESIAN_POINT('',(-10.643461716,0.000022266,6.465698975));
#9966=CARTESIAN_POINT('',(-10.643461716,0.000044533,6.465698975));
#9967=CARTESIAN_POINT('',(-10.643461716,0.000066799,6.465698975));
#9968=CARTESIAN_POINT('',(-10.643422586,6.234834653,6.465698975));
#9969=CARTESIAN_POINT('',(-6.23476114,10.643461716,6.465698975));
#9970=CARTESIAN_POINT('',(0.,10.643461716,6.465698975));
#9971=CARTESIAN_POINT('',(0.000022266,10.643461716,6.465698975));
#9972=CARTESIAN_POINT('',(0.000044533,10.643461716,6.465698975));
#9973=CARTESIAN_POINT('',(0.000066799,10.643461716,6.465698975));
#9974=CARTESIAN_POINT('',(6.234834653,10.643422586,6.465698975));
#9975=CARTESIAN_POINT('',(10.643461716,6.23476114,6.465698975));
#9976=CARTESIAN_POINT('',(10.643461716,0.,6.465698975));
#9977=CARTESIAN_POINT('',(10.643461716,-0.000022266,6.465698975));
#9978=CARTESIAN_POINT('',(10.643461716,-0.000044533,6.465698975));
#9979=CARTESIAN_POINT('',(10.643461716,-0.000066799,6.465698975));
#9980=CARTESIAN_POINT('',(10.643422586,-6.234834653,6.465698975));
#9981=CARTESIAN_POINT('',(6.23476114,-10.643461716,6.465698975));
#9982=CARTESIAN_POINT('',(0.,-10.643461716,6.465698975));
#9983=CARTESIAN_POINT('',(-0.000022266,-10.643461716,6.465698975));
#9984=CARTESIAN_POINT('',(-0.000044533,-10.643461716,6.465698975));
#9985=CARTESIAN_POINT('',(-0.000066799,-10.643461716,6.465698975));
#9986=CARTESIAN_POINT('',(-6.234834653,-10.643422586,6.465698975));
#9987=CARTESIAN_POINT('',(-10.643461716,-6.23476114,6.465698975));
#9988=CARTESIAN_POINT('',(-10.643461716,0.,6.465698975));
#9989=CARTESIAN_POINT('',(-10.185749141,0.,6.526986219));
#9990=CARTESIAN_POINT('',(-10.185749141,0.000021309,6.526986219));
#9991=CARTESIAN_POINT('',(-10.185749141,0.000042618,6.526986219));
#9992=CARTESIAN_POINT('',(-10.185749141,0.000063926,6.526986219));
#9993=CARTESIAN_POINT('',(-10.185711694,5.966711151,6.526986219));
#9994=CARTESIAN_POINT('',(-5.9666408,10.185749141,6.526986219));
#9995=CARTESIAN_POINT('',(0.,10.185749141,6.526986219));
#9996=CARTESIAN_POINT('',(0.000021309,10.185749141,6.526986219));
#9997=CARTESIAN_POINT('',(0.000042618,10.185749141,6.526986219));
#9998=CARTESIAN_POINT('',(0.000063926,10.185749141,6.526986219));
#9999=CARTESIAN_POINT('',(5.966711151,10.185711694,6.526986219));
#10000=CARTESIAN_POINT('',(10.185749141,5.9666408,6.526986219));
#10001=CARTESIAN_POINT('',(10.185749141,0.,6.526986219));
#10002=CARTESIAN_POINT('',(10.185749141,-0.000021309,6.526986219));
#10003=CARTESIAN_POINT('',(10.185749141,-0.000042618,6.526986219));
#10004=CARTESIAN_POINT('',(10.185749141,-0.000063926,6.526986219));
#10005=CARTESIAN_POINT('',(10.185711694,-5.966711151,6.526986219));
#10006=CARTESIAN_POINT('',(5.9666408,-10.185749141,6.526986219));
#10007=CARTESIAN_POINT('',(0.,-10.185749141,6.526986219));
#10008=CARTESIAN_POINT('',(-0.000021309,-10.185749141,6.526986219));
#10009=CARTESIAN_POINT('',(-0.000042618,-10.185749141,6.526986219));
#10010=CARTESIAN_POINT('',(-0.000063926,-10.185749141,6.526986219));
#10011=CARTESIAN_POINT('',(-5.966711151,-10.185711694,6.526986219));
#10012=CARTESIAN_POINT('',(-10.185749141,-5.9666408,6.526986219));
#10013=CARTESIAN_POINT('',(-10.185749141,0.,6.526986219));
#10014=CARTESIAN_POINT('',(-9.823582726,0.,6.574291174));
#10015=CARTESIAN_POINT('',(-9.823582726,0.000020551,6.574291174));
#10016=CARTESIAN_POINT('',(-9.823582726,0.000041102,6.574291174));
#10017=CARTESIAN_POINT('',(-9.823582725,0.000061653,6.574291174));
#10018=CARTESIAN_POINT('',(-9.82354661,5.754557645,6.574291174));
#10019=CARTESIAN_POINT('',(-5.754489795,9.823582726,6.574291174));
#10020=CARTESIAN_POINT('',(0.,9.823582726,6.574291174));
#10021=CARTESIAN_POINT('',(0.000020551,9.823582726,6.574291174));
#10022=CARTESIAN_POINT('',(0.000041102,9.823582726,6.574291174));
#10023=CARTESIAN_POINT('',(0.000061653,9.823582725,6.574291174));
#10024=CARTESIAN_POINT('',(5.754557645,9.82354661,6.574291174));
#10025=CARTESIAN_POINT('',(9.823582726,5.754489795,6.574291174));
#10026=CARTESIAN_POINT('',(9.823582726,0.,6.574291174));
#10027=CARTESIAN_POINT('',(9.823582726,-0.000020551,6.574291174));
#10028=CARTESIAN_POINT('',(9.823582726,-0.000041102,6.574291174));
#10029=CARTESIAN_POINT('',(9.823582725,-0.000061653,6.574291174));
#10030=CARTESIAN_POINT('',(9.82354661,-5.754557645,6.574291174));
#10031=CARTESIAN_POINT('',(5.754489795,-9.823582726,6.574291174));
#10032=CARTESIAN_POINT('',(0.,-9.823582726,6.574291174));
#10033=CARTESIAN_POINT('',(-0.000020551,-9.823582726,6.574291174));
#10034=CARTESIAN_POINT('',(-0.000041102,-9.823582726,6.574291174));
#10035=CARTESIAN_POINT('',(-0.000061653,-9.823582725,6.574291174));
#10036=CARTESIAN_POINT('',(-5.754557645,-9.82354661,6.574291174));
#10037=CARTESIAN_POINT('',(-9.823582726,-5.754489795,6.574291174));
#10038=CARTESIAN_POINT('',(-9.823582726,0.,6.574291174));
#10039=CARTESIAN_POINT('',(-9.359044679,0.,6.63219793));
#10040=CARTESIAN_POINT('',(-9.359044679,0.000019579,6.63219793));
#10041=CARTESIAN_POINT('',(-9.359044679,0.000039159,6.63219793));
#10042=CARTESIAN_POINT('',(-9.359044679,0.000058738,6.63219793));
#10043=CARTESIAN_POINT('',(-9.359010271,5.48243585,6.63219793));
#10044=CARTESIAN_POINT('',(-5.482371209,9.359044679,6.63219793));
#10045=CARTESIAN_POINT('',(0.,9.359044679,6.63219793));
#10046=CARTESIAN_POINT('',(0.000019579,9.359044679,6.63219793));
#10047=CARTESIAN_POINT('',(0.000039159,9.359044679,6.63219793));
#10048=CARTESIAN_POINT('',(0.000058738,9.359044679,6.63219793));
#10049=CARTESIAN_POINT('',(5.48243585,9.359010271,6.63219793));
#10050=CARTESIAN_POINT('',(9.359044679,5.482371209,6.63219793));
#10051=CARTESIAN_POINT('',(9.359044679,0.,6.63219793));
#10052=CARTESIAN_POINT('',(9.359044679,-0.000019579,6.63219793));
#10053=CARTESIAN_POINT('',(9.359044679,-0.000039159,6.63219793));
#10054=CARTESIAN_POINT('',(9.359044679,-0.000058738,6.63219793));
#10055=CARTESIAN_POINT('',(9.359010271,-5.48243585,6.63219793));
#10056=CARTESIAN_POINT('',(5.482371209,-9.359044679,6.63219793));
#10057=CARTESIAN_POINT('',(0.,-9.359044679,6.63219793));
#10058=CARTESIAN_POINT('',(-0.000019579,-9.359044679,6.63219793));
#10059=CARTESIAN_POINT('',(-0.000039159,-9.359044679,6.63219793));
#10060=CARTESIAN_POINT('',(-0.000058738,-9.359044679,6.63219793));
#10061=CARTESIAN_POINT('',(-5.48243585,-9.359010271,6.63219793));
#10062=CARTESIAN_POINT('',(-9.359044679,-5.482371209,6.63219793));
#10063=CARTESIAN_POINT('',(-9.359044679,0.,6.63219793));
#10064=CARTESIAN_POINT('',(-8.995886974,0.,6.672677869));
#10065=CARTESIAN_POINT('',(-8.995886974,0.00001882,6.672677869));
#10066=CARTESIAN_POINT('',(-8.995886974,0.000037639,6.672677869));
#10067=CARTESIAN_POINT('',(-8.995886974,0.000056459,6.672677869));
#10068=CARTESIAN_POINT('',(-8.995853901,5.269701657,6.672677869));
#10069=CARTESIAN_POINT('',(-5.269639524,8.995886974,6.672677869));
#10070=CARTESIAN_POINT('',(0.,8.995886974,6.672677869));
#10071=CARTESIAN_POINT('',(0.00001882,8.995886974,6.672677869));
#10072=CARTESIAN_POINT('',(0.000037639,8.995886974,6.672677869));
#10073=CARTESIAN_POINT('',(0.000056459,8.995886974,6.672677869));
#10074=CARTESIAN_POINT('',(5.269701657,8.995853901,6.672677869));
#10075=CARTESIAN_POINT('',(8.995886974,5.269639524,6.672677869));
#10076=CARTESIAN_POINT('',(8.995886974,0.,6.672677869));
#10077=CARTESIAN_POINT('',(8.995886974,-0.00001882,6.672677869));
#10078=CARTESIAN_POINT('',(8.995886974,-0.000037639,6.672677869));
#10079=CARTESIAN_POINT('',(8.995886974,-0.000056459,6.672677869));
#10080=CARTESIAN_POINT('',(8.995853901,-5.269701657,6.672677869));
#10081=CARTESIAN_POINT('',(5.269639524,-8.995886974,6.672677869));
#10082=CARTESIAN_POINT('',(0.,-8.995886974,6.672677869));
#10083=CARTESIAN_POINT('',(-0.00001882,-8.995886974,6.672677869));
#10084=CARTESIAN_POINT('',(-0.000037639,-8.995886974,6.672677869));
#10085=CARTESIAN_POINT('',(-0.000056459,-8.995886974,6.672677869));
#10086=CARTESIAN_POINT('',(-5.269701657,-8.995853901,6.672677869));
#10087=CARTESIAN_POINT('',(-8.995886974,-5.269639524,6.672677869));
#10088=CARTESIAN_POINT('',(-8.995886974,0.,6.672677869));
#10089=CARTESIAN_POINT('',(-8.537665387,0.,6.716975449));
#10090=CARTESIAN_POINT('',(-8.537665387,0.000017861,6.716975449));
#10091=CARTESIAN_POINT('',(-8.537665387,0.000035722,6.716975449));
#10092=CARTESIAN_POINT('',(-8.537665387,0.000053583,6.716975449));
#10093=CARTESIAN_POINT('',(-8.537633999,5.001279981,6.716975449));
#10094=CARTESIAN_POINT('',(-5.001221013,8.537665387,6.716975449));
#10095=CARTESIAN_POINT('',(0.,8.537665387,6.716975449));
#10096=CARTESIAN_POINT('',(0.000017861,8.537665387,6.716975449));
#10097=CARTESIAN_POINT('',(0.000035722,8.537665387,6.716975449));
#10098=CARTESIAN_POINT('',(0.000053583,8.537665387,6.716975449));
#10099=CARTESIAN_POINT('',(5.001279981,8.537633999,6.716975449));
#10100=CARTESIAN_POINT('',(8.537665387,5.001221013,6.716975449));
#10101=CARTESIAN_POINT('',(8.537665387,0.,6.716975449));
#10102=CARTESIAN_POINT('',(8.537665387,-0.000017861,6.716975449));
#10103=CARTESIAN_POINT('',(8.537665387,-0.000035722,6.716975449));
#10104=CARTESIAN_POINT('',(8.537665387,-0.000053583,6.716975449));
#10105=CARTESIAN_POINT('',(8.537633999,-5.001279981,6.716975449));
#10106=CARTESIAN_POINT('',(5.001221013,-8.537665387,6.716975449));
#10107=CARTESIAN_POINT('',(0.,-8.537665387,6.716975449));
#10108=CARTESIAN_POINT('',(-0.000017861,-8.537665387,6.716975449));
#10109=CARTESIAN_POINT('',(-0.000035722,-8.537665387,6.716975449));
#10110=CARTESIAN_POINT('',(-0.000053583,-8.537665387,6.716975449));
#10111=CARTESIAN_POINT('',(-5.001279981,-8.537633999,6.716975449));
#10112=CARTESIAN_POINT('',(-8.537665387,-5.001221013,6.716975449));
#10113=CARTESIAN_POINT('',(-8.537665387,0.,6.716975449));
#10114=CARTESIAN_POINT('',(-8.175795354,0.,6.749692512));
#10115=CARTESIAN_POINT('',(-8.175795354,0.000017104,6.749692512));
#10116=CARTESIAN_POINT('',(-8.175795354,0.000034208,6.749692512));
#10117=CARTESIAN_POINT('',(-8.175795354,0.000051312,6.749692512));
#10118=CARTESIAN_POINT('',(-8.175765297,4.789300093,6.749692512));
#10119=CARTESIAN_POINT('',(-4.789243624,8.175795354,6.749692512));
#10120=CARTESIAN_POINT('',(0.,8.175795354,6.749692512));
#10121=CARTESIAN_POINT('',(0.000017104,8.175795354,6.749692512));
#10122=CARTESIAN_POINT('',(0.000034208,8.175795354,6.749692512));
#10123=CARTESIAN_POINT('',(0.000051312,8.175795354,6.749692512));
#10124=CARTESIAN_POINT('',(4.789300093,8.175765297,6.749692512));
#10125=CARTESIAN_POINT('',(8.175795354,4.789243624,6.749692512));
#10126=CARTESIAN_POINT('',(8.175795354,0.,6.749692512));
#10127=CARTESIAN_POINT('',(8.175795354,-0.000017104,6.749692512));
#10128=CARTESIAN_POINT('',(8.175795354,-0.000034208,6.749692512));
#10129=CARTESIAN_POINT('',(8.175795354,-0.000051312,6.749692512));
#10130=CARTESIAN_POINT('',(8.175765297,-4.789300093,6.749692512));
#10131=CARTESIAN_POINT('',(4.789243624,-8.175795354,6.749692512));
#10132=CARTESIAN_POINT('',(0.,-8.175795354,6.749692512));
#10133=CARTESIAN_POINT('',(-0.000017104,-8.175795354,6.749692512));
#10134=CARTESIAN_POINT('',(-0.000034208,-8.175795354,6.749692512));
#10135=CARTESIAN_POINT('',(-0.000051312,-8.175795354,6.749692512));
#10136=CARTESIAN_POINT('',(-4.789300093,-8.175765297,6.749692512));
#10137=CARTESIAN_POINT('',(-8.175795354,-4.789243624,6.749692512));
#10138=CARTESIAN_POINT('',(-8.175795354,0.,6.749692512));
#10139=CARTESIAN_POINT('',(-7.710586051,0.,6.790504342));
#10140=CARTESIAN_POINT('',(-7.710586051,0.000016131,6.790504342));
#10141=CARTESIAN_POINT('',(-7.710586051,0.000032261,6.790504342));
#10142=CARTESIAN_POINT('',(-7.710586051,0.000048392,6.790504342));
#10143=CARTESIAN_POINT('',(-7.710557704,4.516785082,6.790504342));
#10144=CARTESIAN_POINT('',(-4.516731827,7.710586051,6.790504342));
#10145=CARTESIAN_POINT('',(0.,7.710586051,6.790504342));
#10146=CARTESIAN_POINT('',(0.000016131,7.710586051,6.790504342));
#10147=CARTESIAN_POINT('',(0.000032261,7.710586051,6.790504342));
#10148=CARTESIAN_POINT('',(0.000048392,7.710586051,6.790504342));
#10149=CARTESIAN_POINT('',(4.516785082,7.710557704,6.790504342));
#10150=CARTESIAN_POINT('',(7.710586051,4.516731827,6.790504342));
#10151=CARTESIAN_POINT('',(7.710586051,0.,6.790504342));
#10152=CARTESIAN_POINT('',(7.710586051,-0.000016131,6.790504342));
#10153=CARTESIAN_POINT('',(7.710586051,-0.000032261,6.790504342));
#10154=CARTESIAN_POINT('',(7.710586051,-0.000048392,6.790504342));
#10155=CARTESIAN_POINT('',(7.710557704,-4.516785082,6.790504342));
#10156=CARTESIAN_POINT('',(4.516731827,-7.710586051,6.790504342));
#10157=CARTESIAN_POINT('',(0.,-7.710586051,6.790504342));
#10158=CARTESIAN_POINT('',(-0.000016131,-7.710586051,6.790504342));
#10159=CARTESIAN_POINT('',(-0.000032261,-7.710586051,6.790504342));
#10160=CARTESIAN_POINT('',(-0.000048392,-7.710586051,6.790504342));
#10161=CARTESIAN_POINT('',(-4.516785082,-7.710557704,6.790504342));
#10162=CARTESIAN_POINT('',(-7.710586051,-4.516731827,6.790504342));
#10163=CARTESIAN_POINT('',(-7.710586051,0.,6.790504342));
#10164=CARTESIAN_POINT('',(-7.346186375,0.,6.818715045));
#10165=CARTESIAN_POINT('',(-7.346186375,0.000015368,6.818715045));
#10166=CARTESIAN_POINT('',(-7.346186375,0.000030737,6.818715045));
#10167=CARTESIAN_POINT('',(-7.346186375,0.000046105,6.818715045));
#10168=CARTESIAN_POINT('',(-7.346159368,4.303323355,6.818715045));
#10169=CARTESIAN_POINT('',(-4.303272616,7.346186375,6.818715045));
#10170=CARTESIAN_POINT('',(0.,7.346186375,6.818715045));
#10171=CARTESIAN_POINT('',(0.000015368,7.346186375,6.818715045));
#10172=CARTESIAN_POINT('',(0.000030737,7.346186375,6.818715045));
#10173=CARTESIAN_POINT('',(0.000046105,7.346186375,6.818715045));
#10174=CARTESIAN_POINT('',(4.303323355,7.346159368,6.818715045));
#10175=CARTESIAN_POINT('',(7.346186375,4.303272616,6.818715045));
#10176=CARTESIAN_POINT('',(7.346186375,0.,6.818715045));
#10177=CARTESIAN_POINT('',(7.346186375,-0.000015368,6.818715045));
#10178=CARTESIAN_POINT('',(7.346186375,-0.000030737,6.818715045));
#10179=CARTESIAN_POINT('',(7.346186375,-0.000046105,6.818715045));
#10180=CARTESIAN_POINT('',(7.346159368,-4.303323355,6.818715045));
#10181=CARTESIAN_POINT('',(4.303272616,-7.346186375,6.818715045));
#10182=CARTESIAN_POINT('',(0.,-7.346186375,6.818715045));
#10183=CARTESIAN_POINT('',(-0.000015368,-7.346186375,6.818715045));
#10184=CARTESIAN_POINT('',(-0.000030737,-7.346186375,6.818715045));
#10185=CARTESIAN_POINT('',(-0.000046105,-7.346186375,6.818715045));
#10186=CARTESIAN_POINT('',(-4.303323355,-7.346159368,6.818715045));
#10187=CARTESIAN_POINT('',(-7.346186375,-4.303272616,6.818715045));
#10188=CARTESIAN_POINT('',(-7.346186375,0.,6.818715045));
#10189=CARTESIAN_POINT('',(-6.886885422,0.,6.850310924));
#10190=CARTESIAN_POINT('',(-6.886885422,0.000014408,6.850310924));
#10191=CARTESIAN_POINT('',(-6.886885422,0.000028815,6.850310924));
#10192=CARTESIAN_POINT('',(-6.886885422,0.000043223,6.850310924));
#10193=CARTESIAN_POINT('',(-6.886860103,4.034269397,6.850310924));
#10194=CARTESIAN_POINT('',(-4.03422183,6.886885422,6.850310924));
#10195=CARTESIAN_POINT('',(0.,6.886885422,6.850310924));
#10196=CARTESIAN_POINT('',(0.000014408,6.886885422,6.850310924));
#10197=CARTESIAN_POINT('',(0.000028815,6.886885422,6.850310924));
#10198=CARTESIAN_POINT('',(0.000043223,6.886885422,6.850310924));
#10199=CARTESIAN_POINT('',(4.034269397,6.886860103,6.850310924));
#10200=CARTESIAN_POINT('',(6.886885422,4.03422183,6.850310924));
#10201=CARTESIAN_POINT('',(6.886885422,0.,6.850310924));
#10202=CARTESIAN_POINT('',(6.886885422,-0.000014408,6.850310924));
#10203=CARTESIAN_POINT('',(6.886885422,-0.000028815,6.850310924));
#10204=CARTESIAN_POINT('',(6.886885422,-0.000043223,6.850310924));
#10205=CARTESIAN_POINT('',(6.886860103,-4.034269397,6.850310924));
#10206=CARTESIAN_POINT('',(4.03422183,-6.886885422,6.850310924));
#10207=CARTESIAN_POINT('',(0.,-6.886885422,6.850310924));
#10208=CARTESIAN_POINT('',(-0.000014408,-6.886885422,6.850310924));
#10209=CARTESIAN_POINT('',(-0.000028815,-6.886885422,6.850310924));
#10210=CARTESIAN_POINT('',(-0.000043223,-6.886885422,6.850310924));
#10211=CARTESIAN_POINT('',(-4.034269397,-6.886860103,6.850310924));
#10212=CARTESIAN_POINT('',(-6.886885422,-4.03422183,6.850310924));
#10213=CARTESIAN_POINT('',(-6.886885422,0.,6.850310924));
#10214=CARTESIAN_POINT('',(-6.525781433,0.,6.877387702));
#10215=CARTESIAN_POINT('',(-6.525781433,0.000013652,6.877387702));
#10216=CARTESIAN_POINT('',(-6.525781433,0.000027304,6.877387702));
#10217=CARTESIAN_POINT('',(-6.525781433,0.000040956,6.877387702));
#10218=CARTESIAN_POINT('',(-6.525757441,3.82273825,6.877387702));
#10219=CARTESIAN_POINT('',(-3.822693177,6.525781433,6.877387702));
#10220=CARTESIAN_POINT('',(0.,6.525781433,6.877387702));
#10221=CARTESIAN_POINT('',(0.000013652,6.525781433,6.877387702));
#10222=CARTESIAN_POINT('',(0.000027304,6.525781433,6.877387702));
#10223=CARTESIAN_POINT('',(0.000040956,6.525781433,6.877387702));
#10224=CARTESIAN_POINT('',(3.82273825,6.525757441,6.877387702));
#10225=CARTESIAN_POINT('',(6.525781433,3.822693177,6.877387702));
#10226=CARTESIAN_POINT('',(6.525781433,0.,6.877387702));
#10227=CARTESIAN_POINT('',(6.525781433,-0.000013652,6.877387702));
#10228=CARTESIAN_POINT('',(6.525781433,-0.000027304,6.877387702));
#10229=CARTESIAN_POINT('',(6.525781433,-0.000040956,6.877387702));
#10230=CARTESIAN_POINT('',(6.525757441,-3.82273825,6.877387702));
#10231=CARTESIAN_POINT('',(3.822693177,-6.525781433,6.877387702));
#10232=CARTESIAN_POINT('',(0.,-6.525781433,6.877387702));
#10233=CARTESIAN_POINT('',(-0.000013652,-6.525781433,6.877387702));
#10234=CARTESIAN_POINT('',(-0.000027304,-6.525781433,6.877387702));
#10235=CARTESIAN_POINT('',(-0.000040956,-6.525781433,6.877387702));
#10236=CARTESIAN_POINT('',(-3.82273825,-6.525757441,6.877387702));
#10237=CARTESIAN_POINT('',(-6.525781433,-3.822693177,6.877387702));
#10238=CARTESIAN_POINT('',(-6.525781433,0.,6.877387702));
#10239=CARTESIAN_POINT('',(-6.062044635,0.,6.914739887));
#10240=CARTESIAN_POINT('',(-6.062044635,0.000012682,6.914739887));
#10241=CARTESIAN_POINT('',(-6.062044635,0.000025364,6.914739887));
#10242=CARTESIAN_POINT('',(-6.062044634,0.000038046,6.914739887));
#10243=CARTESIAN_POINT('',(-6.062022348,3.551085818,6.914739887));
#10244=CARTESIAN_POINT('',(-3.551043948,6.062044635,6.914739887));
#10245=CARTESIAN_POINT('',(0.,6.062044635,6.914739887));
#10246=CARTESIAN_POINT('',(0.000012682,6.062044635,6.914739887));
#10247=CARTESIAN_POINT('',(0.000025364,6.062044635,6.914739887));
#10248=CARTESIAN_POINT('',(0.000038046,6.062044634,6.914739887));
#10249=CARTESIAN_POINT('',(3.551085818,6.062022348,6.914739887));
#10250=CARTESIAN_POINT('',(6.062044635,3.551043948,6.914739887));
#10251=CARTESIAN_POINT('',(6.062044635,0.,6.914739887));
#10252=CARTESIAN_POINT('',(6.062044635,-0.000012682,6.914739887));
#10253=CARTESIAN_POINT('',(6.062044635,-0.000025364,6.914739887));
#10254=CARTESIAN_POINT('',(6.062044634,-0.000038046,6.914739887));
#10255=CARTESIAN_POINT('',(6.062022348,-3.551085818,6.914739887));
#10256=CARTESIAN_POINT('',(3.551043948,-6.062044635,6.914739887));
#10257=CARTESIAN_POINT('',(0.,-6.062044635,6.914739887));
#10258=CARTESIAN_POINT('',(-0.000012682,-6.062044635,6.914739887));
#10259=CARTESIAN_POINT('',(-0.000025364,-6.062044635,6.914739887));
#10260=CARTESIAN_POINT('',(-0.000038046,-6.062044634,6.914739887));
#10261=CARTESIAN_POINT('',(-3.551085818,-6.062022348,6.914739887));
#10262=CARTESIAN_POINT('',(-6.062044635,-3.551043948,6.914739887));
#10263=CARTESIAN_POINT('',(-6.062044635,0.,6.914739887));
#10264=CARTESIAN_POINT('',(-5.69578359,0.,6.938233303));
#10265=CARTESIAN_POINT('',(-5.69578359,0.000011916,6.938233303));
#10266=CARTESIAN_POINT('',(-5.69578359,0.000023831,6.938233303));
#10267=CARTESIAN_POINT('',(-5.69578359,0.000035747,6.938233303));
#10268=CARTESIAN_POINT('',(-5.695762649,3.336533719,6.938233303));
#10269=CARTESIAN_POINT('',(-3.336494379,5.69578359,6.938233303));
#10270=CARTESIAN_POINT('',(0.,5.69578359,6.938233303));
#10271=CARTESIAN_POINT('',(0.000011916,5.69578359,6.938233303));
#10272=CARTESIAN_POINT('',(0.000023831,5.69578359,6.938233303));
#10273=CARTESIAN_POINT('',(0.000035747,5.69578359,6.938233303));
#10274=CARTESIAN_POINT('',(3.336533719,5.695762649,6.938233303));
#10275=CARTESIAN_POINT('',(5.69578359,3.336494379,6.938233303));
#10276=CARTESIAN_POINT('',(5.69578359,0.,6.938233303));
#10277=CARTESIAN_POINT('',(5.69578359,-0.000011916,6.938233303));
#10278=CARTESIAN_POINT('',(5.69578359,-0.000023831,6.938233303));
#10279=CARTESIAN_POINT('',(5.69578359,-0.000035747,6.938233303));
#10280=CARTESIAN_POINT('',(5.695762649,-3.336533719,6.938233303));
#10281=CARTESIAN_POINT('',(3.336494379,-5.69578359,6.938233303));
#10282=CARTESIAN_POINT('',(0.,-5.69578359,6.938233303));
#10283=CARTESIAN_POINT('',(-0.000011916,-5.69578359,6.938233303));
#10284=CARTESIAN_POINT('',(-0.000023831,-5.69578359,6.938233303));
#10285=CARTESIAN_POINT('',(-0.000035747,-5.69578359,6.938233303));
#10286=CARTESIAN_POINT('',(-3.336533719,-5.695762649,6.938233303));
#10287=CARTESIAN_POINT('',(-5.69578359,-3.336494379,6.938233303));
#10288=CARTESIAN_POINT('',(-5.69578359,0.,6.938233303));
#10289=CARTESIAN_POINT('',(-5.230740231,0.,6.957848858));
#10290=CARTESIAN_POINT('',(-5.230740231,0.000010943,6.957848858));
#10291=CARTESIAN_POINT('',(-5.230740231,0.000021886,6.957848858));
#10292=CARTESIAN_POINT('',(-5.230740231,0.000032828,6.957848858));
#10293=CARTESIAN_POINT('',(-5.230721,3.064115916,6.957848858));
#10294=CARTESIAN_POINT('',(-3.064079789,5.230740231,6.957848858));
#10295=CARTESIAN_POINT('',(0.,5.230740231,6.957848858));
#10296=CARTESIAN_POINT('',(0.000010943,5.230740231,6.957848858));
#10297=CARTESIAN_POINT('',(0.000021886,5.230740231,6.957848858));
#10298=CARTESIAN_POINT('',(0.000032828,5.230740231,6.957848858));
#10299=CARTESIAN_POINT('',(3.064115916,5.230721,6.957848858));
#10300=CARTESIAN_POINT('',(5.230740231,3.064079789,6.957848858));
#10301=CARTESIAN_POINT('',(5.230740231,0.,6.957848858));
#10302=CARTESIAN_POINT('',(5.230740231,-0.000010943,6.957848858));
#10303=CARTESIAN_POINT('',(5.230740231,-0.000021886,6.957848858));
#10304=CARTESIAN_POINT('',(5.230740231,-0.000032828,6.957848858));
#10305=CARTESIAN_POINT('',(5.230721,-3.064115916,6.957848858));
#10306=CARTESIAN_POINT('',(3.064079789,-5.230740231,6.957848858));
#10307=CARTESIAN_POINT('',(0.,-5.230740231,6.957848858));
#10308=CARTESIAN_POINT('',(-0.000010943,-5.230740231,6.957848858));
#10309=CARTESIAN_POINT('',(-0.000021886,-5.230740231,6.957848858));
#10310=CARTESIAN_POINT('',(-0.000032828,-5.230740231,6.957848858));
#10311=CARTESIAN_POINT('',(-3.064115916,-5.230721,6.957848858));
#10312=CARTESIAN_POINT('',(-5.230740231,-3.064079789,6.957848858));
#10313=CARTESIAN_POINT('',(-5.230740231,0.,6.957848858));
#10314=CARTESIAN_POINT('',(-4.86784708,0.,6.973808212));
#10315=CARTESIAN_POINT('',(-4.86784708,0.000010184,6.973808212));
#10316=CARTESIAN_POINT('',(-4.86784708,0.000020367,6.973808212));
#10317=CARTESIAN_POINT('',(-4.86784708,0.000030551,6.973808212));
#10318=CARTESIAN_POINT('',(-4.867829184,2.851536696,6.973808212));
#10319=CARTESIAN_POINT('',(-2.851503075,4.86784708,6.973808212));
#10320=CARTESIAN_POINT('',(0.,4.86784708,6.973808212));
#10321=CARTESIAN_POINT('',(0.000010184,4.86784708,6.973808212));
#10322=CARTESIAN_POINT('',(0.000020367,4.86784708,6.973808212));
#10323=CARTESIAN_POINT('',(0.000030551,4.86784708,6.973808212));
#10324=CARTESIAN_POINT('',(2.851536696,4.867829184,6.973808212));
#10325=CARTESIAN_POINT('',(4.86784708,2.851503075,6.973808212));
#10326=CARTESIAN_POINT('',(4.86784708,0.,6.973808212));
#10327=CARTESIAN_POINT('',(4.86784708,-0.000010184,6.973808212));
#10328=CARTESIAN_POINT('',(4.86784708,-0.000020367,6.973808212));
#10329=CARTESIAN_POINT('',(4.86784708,-0.000030551,6.973808212));
#10330=CARTESIAN_POINT('',(4.867829184,-2.851536696,6.973808212));
#10331=CARTESIAN_POINT('',(2.851503075,-4.86784708,6.973808212));
#10332=CARTESIAN_POINT('',(0.,-4.86784708,6.973808212));
#10333=CARTESIAN_POINT('',(-0.000010184,-4.86784708,6.973808212));
#10334=CARTESIAN_POINT('',(-0.000020367,-4.86784708,6.973808212));
#10335=CARTESIAN_POINT('',(-0.000030551,-4.86784708,6.973808212));
#10336=CARTESIAN_POINT('',(-2.851536696,-4.867829184,6.973808212));
#10337=CARTESIAN_POINT('',(-4.86784708,-2.851503075,6.973808212));
#10338=CARTESIAN_POINT('',(-4.86784708,0.,6.973808212));
#10339=CARTESIAN_POINT('',(-4.408249039,0.,6.999378195));
#10340=CARTESIAN_POINT('',(-4.408249039,0.000009222,6.999378195));
#10341=CARTESIAN_POINT('',(-4.408249039,0.000018444,6.999378195));
#10342=CARTESIAN_POINT('',(-4.408249039,0.000027666,6.999378195));
#10343=CARTESIAN_POINT('',(-4.408232833,2.582308708,6.999378195));
#10344=CARTESIAN_POINT('',(-2.582278261,4.408249039,6.999378195));
#10345=CARTESIAN_POINT('',(0.,4.408249039,6.999378195));
#10346=CARTESIAN_POINT('',(0.000009222,4.408249039,6.999378195));
#10347=CARTESIAN_POINT('',(0.000018444,4.408249039,6.999378195));
#10348=CARTESIAN_POINT('',(0.000027666,4.408249039,6.999378195));
#10349=CARTESIAN_POINT('',(2.582308708,4.408232833,6.999378195));
#10350=CARTESIAN_POINT('',(4.408249039,2.582278261,6.999378195));
#10351=CARTESIAN_POINT('',(4.408249039,0.,6.999378195));
#10352=CARTESIAN_POINT('',(4.408249039,-0.000009222,6.999378195));
#10353=CARTESIAN_POINT('',(4.408249039,-0.000018444,6.999378195));
#10354=CARTESIAN_POINT('',(4.408249039,-0.000027666,6.999378195));
#10355=CARTESIAN_POINT('',(4.408232833,-2.582308708,6.999378195));
#10356=CARTESIAN_POINT('',(2.582278261,-4.408249039,6.999378195));
#10357=CARTESIAN_POINT('',(0.,-4.408249039,6.999378195));
#10358=CARTESIAN_POINT('',(-0.000009222,-4.408249039,6.999378195));
#10359=CARTESIAN_POINT('',(-0.000018444,-4.408249039,6.999378195));
#10360=CARTESIAN_POINT('',(-0.000027666,-4.408249039,6.999378195));
#10361=CARTESIAN_POINT('',(-2.582308708,-4.408232833,6.999378195));
#10362=CARTESIAN_POINT('',(-4.408249039,-2.582278261,6.999378195));
#10363=CARTESIAN_POINT('',(-4.408249039,0.,6.999378195));
#10364=CARTESIAN_POINT('',(-4.045880018,0.,7.015815901));
#10365=CARTESIAN_POINT('',(-4.045880018,0.000008464,7.015815901));
#10366=CARTESIAN_POINT('',(-4.045880018,0.000016928,7.015815901));
#10367=CARTESIAN_POINT('',(-4.045880018,0.000025392,7.015815901));
#10368=CARTESIAN_POINT('',(-4.045865143,2.370036517,7.015815901));
#10369=CARTESIAN_POINT('',(-2.370008573,4.045880018,7.015815901));
#10370=CARTESIAN_POINT('',(0.,4.045880018,7.015815901));
#10371=CARTESIAN_POINT('',(0.000008464,4.045880018,7.015815901));
#10372=CARTESIAN_POINT('',(0.000016928,4.045880018,7.015815901));
#10373=CARTESIAN_POINT('',(0.000025392,4.045880018,7.015815901));
#10374=CARTESIAN_POINT('',(2.370036517,4.045865143,7.015815901));
#10375=CARTESIAN_POINT('',(4.045880018,2.370008573,7.015815901));
#10376=CARTESIAN_POINT('',(4.045880018,0.,7.015815901));
#10377=CARTESIAN_POINT('',(4.045880018,-0.000008464,7.015815901));
#10378=CARTESIAN_POINT('',(4.045880018,-0.000016928,7.015815901));
#10379=CARTESIAN_POINT('',(4.045880018,-0.000025392,7.015815901));
#10380=CARTESIAN_POINT('',(4.045865143,-2.370036517,7.015815901));
#10381=CARTESIAN_POINT('',(2.370008573,-4.045880018,7.015815901));
#10382=CARTESIAN_POINT('',(0.,-4.045880018,7.015815901));
#10383=CARTESIAN_POINT('',(-0.000008464,-4.045880018,7.015815901));
#10384=CARTESIAN_POINT('',(-0.000016928,-4.045880018,7.015815901));
#10385=CARTESIAN_POINT('',(-0.000025392,-4.045880018,7.015815901));
#10386=CARTESIAN_POINT('',(-2.370036517,-4.045865143,7.015815901));
#10387=CARTESIAN_POINT('',(-4.045880018,-2.370008573,7.015815901));
#10388=CARTESIAN_POINT('',(-4.045880018,0.,7.015815901));
#10389=CARTESIAN_POINT('',(-3.58123028,0.,7.029408547));
#10390=CARTESIAN_POINT('',(-3.58123028,0.000007492,7.029408547));
#10391=CARTESIAN_POINT('',(-3.58123028,0.000014984,7.029408547));
#10392=CARTESIAN_POINT('',(-3.58123028,0.000022476,7.029408547));
#10393=CARTESIAN_POINT('',(-3.581217113,2.097849294,7.029408547));
#10394=CARTESIAN_POINT('',(-2.097824559,3.58123028,7.029408547));
#10395=CARTESIAN_POINT('',(0.,3.58123028,7.029408547));
#10396=CARTESIAN_POINT('',(0.000007492,3.58123028,7.029408547));
#10397=CARTESIAN_POINT('',(0.000014984,3.58123028,7.029408547));
#10398=CARTESIAN_POINT('',(0.000022476,3.58123028,7.029408547));
#10399=CARTESIAN_POINT('',(2.097849294,3.581217113,7.029408547));
#10400=CARTESIAN_POINT('',(3.58123028,2.097824559,7.029408547));
#10401=CARTESIAN_POINT('',(3.58123028,0.,7.029408547));
#10402=CARTESIAN_POINT('',(3.58123028,-0.000007492,7.029408547));
#10403=CARTESIAN_POINT('',(3.58123028,-0.000014984,7.029408547));
#10404=CARTESIAN_POINT('',(3.58123028,-0.000022476,7.029408547));
#10405=CARTESIAN_POINT('',(3.581217113,-2.097849294,7.029408547));
#10406=CARTESIAN_POINT('',(2.097824559,-3.58123028,7.029408547));
#10407=CARTESIAN_POINT('',(0.,-3.58123028,7.029408547));
#10408=CARTESIAN_POINT('',(-0.000007492,-3.58123028,7.029408547));
#10409=CARTESIAN_POINT('',(-0.000014984,-3.58123028,7.029408547));
#10410=CARTESIAN_POINT('',(-0.000022476,-3.58123028,7.029408547));
#10411=CARTESIAN_POINT('',(-2.097849294,-3.581217113,7.029408547));
#10412=CARTESIAN_POINT('',(-3.58123028,-2.097824559,7.029408547));
#10413=CARTESIAN_POINT('',(-3.58123028,0.,7.029408547));
#10414=CARTESIAN_POINT('',(-3.215615441,0.,7.043167709));
#10415=CARTESIAN_POINT('',(-3.215615441,0.000006727,7.043167709));
#10416=CARTESIAN_POINT('',(-3.215615441,0.000013454,7.043167709));
#10417=CARTESIAN_POINT('',(-3.215615441,0.000020181,7.043167709));
#10418=CARTESIAN_POINT('',(-3.215603619,1.883675736,7.043167709));
#10419=CARTESIAN_POINT('',(-1.883653527,3.215615441,7.043167709));
#10420=CARTESIAN_POINT('',(0.,3.215615441,7.043167709));
#10421=CARTESIAN_POINT('',(0.000006727,3.215615441,7.043167709));
#10422=CARTESIAN_POINT('',(0.000013454,3.215615441,7.043167709));
#10423=CARTESIAN_POINT('',(0.000020181,3.215615441,7.043167709));
#10424=CARTESIAN_POINT('',(1.883675736,3.215603619,7.043167709));
#10425=CARTESIAN_POINT('',(3.215615441,1.883653527,7.043167709));
#10426=CARTESIAN_POINT('',(3.215615441,0.,7.043167709));
#10427=CARTESIAN_POINT('',(3.215615441,-0.000006727,7.043167709));
#10428=CARTESIAN_POINT('',(3.215615441,-0.000013454,7.043167709));
#10429=CARTESIAN_POINT('',(3.215615441,-0.000020181,7.043167709));
#10430=CARTESIAN_POINT('',(3.215603619,-1.883675736,7.043167709));
#10431=CARTESIAN_POINT('',(1.883653527,-3.215615441,7.043167709));
#10432=CARTESIAN_POINT('',(0.,-3.215615441,7.043167709));
#10433=CARTESIAN_POINT('',(-0.000006727,-3.215615441,7.043167709));
#10434=CARTESIAN_POINT('',(-0.000013454,-3.215615441,7.043167709));
#10435=CARTESIAN_POINT('',(-0.000020181,-3.215615441,7.043167709));
#10436=CARTESIAN_POINT('',(-1.883675736,-3.215603619,7.043167709));
#10437=CARTESIAN_POINT('',(-3.215615441,-1.883653527,7.043167709));
#10438=CARTESIAN_POINT('',(-3.215615441,0.,7.043167709));
#10439=CARTESIAN_POINT('',(-2.751758267,0.,7.06560444));
#10440=CARTESIAN_POINT('',(-2.751758267,0.000005757,7.06560444));
#10441=CARTESIAN_POINT('',(-2.751758266,0.000011513,7.06560444));
#10442=CARTESIAN_POINT('',(-2.751758266,0.00001727,7.06560444));
#10443=CARTESIAN_POINT('',(-2.75174815,1.611952789,7.06560444));
#10444=CARTESIAN_POINT('',(-1.611933783,2.751758267,7.06560444));
#10445=CARTESIAN_POINT('',(0.,2.751758267,7.06560444));
#10446=CARTESIAN_POINT('',(0.000005757,2.751758267,7.06560444));
#10447=CARTESIAN_POINT('',(0.000011513,2.751758266,7.06560444));
#10448=CARTESIAN_POINT('',(0.00001727,2.751758266,7.06560444));
#10449=CARTESIAN_POINT('',(1.611952789,2.75174815,7.06560444));
#10450=CARTESIAN_POINT('',(2.751758267,1.611933783,7.06560444));
#10451=CARTESIAN_POINT('',(2.751758267,0.,7.06560444));
#10452=CARTESIAN_POINT('',(2.751758267,-0.000005757,7.06560444));
#10453=CARTESIAN_POINT('',(2.751758266,-0.000011513,7.06560444));
#10454=CARTESIAN_POINT('',(2.751758266,-0.00001727,7.06560444));
#10455=CARTESIAN_POINT('',(2.75174815,-1.611952789,7.06560444));
#10456=CARTESIAN_POINT('',(1.611933783,-2.751758267,7.06560444));
#10457=CARTESIAN_POINT('',(0.,-2.751758267,7.06560444));
#10458=CARTESIAN_POINT('',(-0.000005757,-2.751758267,7.06560444));
#10459=CARTESIAN_POINT('',(-0.000011513,-2.751758266,7.06560444));
#10460=CARTESIAN_POINT('',(-0.00001727,-2.751758266,7.06560444));
#10461=CARTESIAN_POINT('',(-1.611952789,-2.75174815,7.06560444));
#10462=CARTESIAN_POINT('',(-2.751758267,-1.611933783,7.06560444));
#10463=CARTESIAN_POINT('',(-2.751758267,0.,7.06560444));
#10464=CARTESIAN_POINT('',(-2.387532567,0.,7.074983469));
#10465=CARTESIAN_POINT('',(-2.387532567,0.000004995,7.074983469));
#10466=CARTESIAN_POINT('',(-2.387532567,0.00000999,7.074983469));
#10467=CARTESIAN_POINT('',(-2.387532567,0.000014984,7.074983469));
#10468=CARTESIAN_POINT('',(-2.387523789,1.398592975,7.074983469));
#10469=CARTESIAN_POINT('',(-1.398576485,2.387532567,7.074983469));
#10470=CARTESIAN_POINT('',(0.,2.387532567,7.074983469));
#10471=CARTESIAN_POINT('',(0.000004995,2.387532567,7.074983469));
#10472=CARTESIAN_POINT('',(0.00000999,2.387532567,7.074983469));
#10473=CARTESIAN_POINT('',(0.000014984,2.387532567,7.074983469));
#10474=CARTESIAN_POINT('',(1.398592975,2.387523789,7.074983469));
#10475=CARTESIAN_POINT('',(2.387532567,1.398576485,7.074983469));
#10476=CARTESIAN_POINT('',(2.387532567,0.,7.074983469));
#10477=CARTESIAN_POINT('',(2.387532567,-0.000004995,7.074983469));
#10478=CARTESIAN_POINT('',(2.387532567,-0.00000999,7.074983469));
#10479=CARTESIAN_POINT('',(2.387532567,-0.000014984,7.074983469));
#10480=CARTESIAN_POINT('',(2.387523789,-1.398592975,7.074983469));
#10481=CARTESIAN_POINT('',(1.398576485,-2.387532567,7.074983469));
#10482=CARTESIAN_POINT('',(0.,-2.387532567,7.074983469));
#10483=CARTESIAN_POINT('',(-0.000004995,-2.387532567,7.074983469));
#10484=CARTESIAN_POINT('',(-0.00000999,-2.387532567,7.074983469));
#10485=CARTESIAN_POINT('',(-0.000014984,-2.387532567,7.074983469));
#10486=CARTESIAN_POINT('',(-1.398592975,-2.387523789,7.074983469));
#10487=CARTESIAN_POINT('',(-2.387532567,-1.398576485,7.074983469));
#10488=CARTESIAN_POINT('',(-2.387532567,0.,7.074983469));
#10489=CARTESIAN_POINT('',(-1.989563143,0.,7.071728912));
#10490=CARTESIAN_POINT('',(-1.989563143,0.000004162,7.071728912));
#10491=CARTESIAN_POINT('',(-1.989563143,0.000008324,7.071728912));
#10492=CARTESIAN_POINT('',(-1.989563143,0.000012487,7.071728912));
#10493=CARTESIAN_POINT('',(-1.989555828,1.16546642,7.071728912));
#10494=CARTESIAN_POINT('',(-1.165452679,1.989563143,7.071728912));
#10495=CARTESIAN_POINT('',(0.,1.989563143,7.071728912));
#10496=CARTESIAN_POINT('',(0.000004162,1.989563143,7.071728912));
#10497=CARTESIAN_POINT('',(0.000008324,1.989563143,7.071728912));
#10498=CARTESIAN_POINT('',(0.000012487,1.989563143,7.071728912));
#10499=CARTESIAN_POINT('',(1.16546642,1.989555828,7.071728912));
#10500=CARTESIAN_POINT('',(1.989563143,1.165452679,7.071728912));
#10501=CARTESIAN_POINT('',(1.989563143,0.,7.071728912));
#10502=CARTESIAN_POINT('',(1.989563143,-0.000004162,7.071728912));
#10503=CARTESIAN_POINT('',(1.989563143,-0.000008324,7.071728912));
#10504=CARTESIAN_POINT('',(1.989563143,-0.000012487,7.071728912));
#10505=CARTESIAN_POINT('',(1.989555828,-1.16546642,7.071728912));
#10506=CARTESIAN_POINT('',(1.165452679,-1.989563143,7.071728912));
#10507=CARTESIAN_POINT('',(0.,-1.989563143,7.071728912));
#10508=CARTESIAN_POINT('',(-0.000004162,-1.989563143,7.071728912));
#10509=CARTESIAN_POINT('',(-0.000008324,-1.989563143,7.071728912));
#10510=CARTESIAN_POINT('',(-0.000012487,-1.989563143,7.071728912));
#10511=CARTESIAN_POINT('',(-1.16546642,-1.989555828,7.071728912));
#10512=CARTESIAN_POINT('',(-1.989563143,-1.165452679,7.071728912));
#10513=CARTESIAN_POINT('',(-1.989563143,0.,7.071728912));
#10514=CARTESIAN_POINT('',(-1.707570058,0.,7.069144743));
#10515=CARTESIAN_POINT('',(-1.707570058,0.000003572,7.069144743));
#10516=CARTESIAN_POINT('',(-1.707570058,0.000007145,7.069144743));
#10517=CARTESIAN_POINT('',(-1.707570058,0.000010717,7.069144743));
#10518=CARTESIAN_POINT('',(-1.70756378,1.000277659,7.069144743));
#10519=CARTESIAN_POINT('',(-1.000265865,1.707570058,7.069144743));
#10520=CARTESIAN_POINT('',(0.,1.707570058,7.069144743));
#10521=CARTESIAN_POINT('',(0.000003572,1.707570058,7.069144743));
#10522=CARTESIAN_POINT('',(0.000007145,1.707570058,7.069144743));
#10523=CARTESIAN_POINT('',(0.000010717,1.707570058,7.069144743));
#10524=CARTESIAN_POINT('',(1.000277659,1.70756378,7.069144743));
#10525=CARTESIAN_POINT('',(1.707570058,1.000265865,7.069144743));
#10526=CARTESIAN_POINT('',(1.707570058,0.,7.069144743));
#10527=CARTESIAN_POINT('',(1.707570058,-0.000003572,7.069144743));
#10528=CARTESIAN_POINT('',(1.707570058,-0.000007145,7.069144743));
#10529=CARTESIAN_POINT('',(1.707570058,-0.000010717,7.069144743));
#10530=CARTESIAN_POINT('',(1.70756378,-1.000277659,7.069144743));
#10531=CARTESIAN_POINT('',(1.000265865,-1.707570058,7.069144743));
#10532=CARTESIAN_POINT('',(0.,-1.707570058,7.069144743));
#10533=CARTESIAN_POINT('',(-0.000003572,-1.707570058,7.069144743));
#10534=CARTESIAN_POINT('',(-0.000007145,-1.707570058,7.069144743));
#10535=CARTESIAN_POINT('',(-0.000010717,-1.707570058,7.069144743));
#10536=CARTESIAN_POINT('',(-1.000277659,-1.70756378,7.069144743));
#10537=CARTESIAN_POINT('',(-1.707570058,-1.000265865,7.069144743));
#10538=CARTESIAN_POINT('',(-1.707570058,0.,7.069144743));
#10539=CARTESIAN_POINT('',(-1.458835113,0.,7.070182887));
#10540=CARTESIAN_POINT('',(-1.458835113,0.000003052,7.070182887));
#10541=CARTESIAN_POINT('',(-1.458835113,0.000006104,7.070182887));
#10542=CARTESIAN_POINT('',(-1.458835113,0.000009156,7.070182887));
#10543=CARTESIAN_POINT('',(-1.45882975,0.854571187,7.070182887));
#10544=CARTESIAN_POINT('',(-0.854561112,1.458835113,7.070182887));
#10545=CARTESIAN_POINT('',(0.,1.458835113,7.070182887));
#10546=CARTESIAN_POINT('',(0.000003052,1.458835113,7.070182887));
#10547=CARTESIAN_POINT('',(0.000006104,1.458835113,7.070182887));
#10548=CARTESIAN_POINT('',(0.000009156,1.458835113,7.070182887));
#10549=CARTESIAN_POINT('',(0.854571187,1.45882975,7.070182887));
#10550=CARTESIAN_POINT('',(1.458835113,0.854561112,7.070182887));
#10551=CARTESIAN_POINT('',(1.458835113,0.,7.070182887));
#10552=CARTESIAN_POINT('',(1.458835113,-0.000003052,7.070182887));
#10553=CARTESIAN_POINT('',(1.458835113,-0.000006104,7.070182887));
#10554=CARTESIAN_POINT('',(1.458835113,-0.000009156,7.070182887));
#10555=CARTESIAN_POINT('',(1.45882975,-0.854571187,7.070182887));
#10556=CARTESIAN_POINT('',(0.854561112,-1.458835113,7.070182887));
#10557=CARTESIAN_POINT('',(0.,-1.458835113,7.070182887));
#10558=CARTESIAN_POINT('',(-0.000003052,-1.458835113,7.070182887));
#10559=CARTESIAN_POINT('',(-0.000006104,-1.458835113,7.070182887));
#10560=CARTESIAN_POINT('',(-0.000009156,-1.458835113,7.070182887));
#10561=CARTESIAN_POINT('',(-0.854571187,-1.45882975,7.070182887));
#10562=CARTESIAN_POINT('',(-1.458835113,-0.854561112,7.070182887));
#10563=CARTESIAN_POINT('',(-1.458835113,0.,7.070182887));
#10564=CARTESIAN_POINT('',(-1.259880513,0.,7.072178313));
#10565=CARTESIAN_POINT('',(-1.259880513,0.000002636,7.072178313));
#10566=CARTESIAN_POINT('',(-1.259880513,0.000005271,7.072178313));
#10567=CARTESIAN_POINT('',(-1.259880513,0.000007907,7.072178313));
#10568=CARTESIAN_POINT('',(-1.259875881,0.738025549,7.072178313));
#10569=CARTESIAN_POINT('',(-0.738016847,1.259880513,7.072178313));
#10570=CARTESIAN_POINT('',(-0.,1.259880513,7.072178313));
#10571=CARTESIAN_POINT('',(0.000002636,1.259880513,7.072178313));
#10572=CARTESIAN_POINT('',(0.000005271,1.259880513,7.072178313));
#10573=CARTESIAN_POINT('',(0.000007907,1.259880513,7.072178313));
#10574=CARTESIAN_POINT('',(0.738025549,1.259875881,7.072178313));
#10575=CARTESIAN_POINT('',(1.259880513,0.738016847,7.072178313));
#10576=CARTESIAN_POINT('',(1.259880513,0.,7.072178313));
#10577=CARTESIAN_POINT('',(1.259880513,-0.000002636,7.072178313));
#10578=CARTESIAN_POINT('',(1.259880513,-0.000005271,7.072178313));
#10579=CARTESIAN_POINT('',(1.259880513,-0.000007907,7.072178313));
#10580=CARTESIAN_POINT('',(1.259875881,-0.738025549,7.072178313));
#10581=CARTESIAN_POINT('',(0.738016847,-1.259880513,7.072178313));
#10582=CARTESIAN_POINT('',(-0.,-1.259880513,7.072178313));
#10583=CARTESIAN_POINT('',(-0.000002636,-1.259880513,7.072178313));
#10584=CARTESIAN_POINT('',(-0.000005271,-1.259880513,7.072178313));
#10585=CARTESIAN_POINT('',(-0.000007907,-1.259880513,7.072178313));
#10586=CARTESIAN_POINT('',(-0.738025549,-1.259875881,7.072178313));
#10587=CARTESIAN_POINT('',(-1.259880513,-0.738016847,7.072178313));
#10588=CARTESIAN_POINT('',(-1.259880513,0.,7.072178313));
#10589=CARTESIAN_POINT('',(-1.094117769,0.,7.074931026));
#10590=CARTESIAN_POINT('',(-1.094117769,0.000002289,7.074931026));
#10591=CARTESIAN_POINT('',(-1.094117769,0.000004578,7.074931026));
#10592=CARTESIAN_POINT('',(-1.094117769,0.000006867,7.074931026));
#10593=CARTESIAN_POINT('',(-1.094113747,0.640923373,7.074931026));
#10594=CARTESIAN_POINT('',(-0.640915816,1.094117769,7.074931026));
#10595=CARTESIAN_POINT('',(0.,1.094117769,7.074931026));
#10596=CARTESIAN_POINT('',(0.000002289,1.094117769,7.074931026));
#10597=CARTESIAN_POINT('',(0.000004578,1.094117769,7.074931026));
#10598=CARTESIAN_POINT('',(0.000006867,1.094117769,7.074931026));
#10599=CARTESIAN_POINT('',(0.640923373,1.094113747,7.074931026));
#10600=CARTESIAN_POINT('',(1.094117769,0.640915816,7.074931026));
#10601=CARTESIAN_POINT('',(1.094117769,0.,7.074931026));
#10602=CARTESIAN_POINT('',(1.094117769,-0.000002289,7.074931026));
#10603=CARTESIAN_POINT('',(1.094117769,-0.000004578,7.074931026));
#10604=CARTESIAN_POINT('',(1.094117769,-0.000006867,7.074931026));
#10605=CARTESIAN_POINT('',(1.094113747,-0.640923373,7.074931026));
#10606=CARTESIAN_POINT('',(0.640915816,-1.094117769,7.074931026));
#10607=CARTESIAN_POINT('',(0.,-1.094117769,7.074931026));
#10608=CARTESIAN_POINT('',(-0.000002289,-1.094117769,7.074931026));
#10609=CARTESIAN_POINT('',(-0.000004578,-1.094117769,7.074931026));
#10610=CARTESIAN_POINT('',(-0.000006867,-1.094117769,7.074931026));
#10611=CARTESIAN_POINT('',(-0.640923373,-1.094113747,7.074931026));
#10612=CARTESIAN_POINT('',(-1.094117769,-0.640915816,7.074931026));
#10613=CARTESIAN_POINT('',(-1.094117769,0.,7.074931026));
#10614=CARTESIAN_POINT('',(-0.994666752,0.,7.076808437));
#10615=CARTESIAN_POINT('',(-0.994666752,0.000002081,7.076808437));
#10616=CARTESIAN_POINT('',(-0.994666752,0.000004162,7.076808437));
#10617=CARTESIAN_POINT('',(-0.994666752,0.000006243,7.076808437));
#10618=CARTESIAN_POINT('',(-0.994663095,0.58266595,7.076808437));
#10619=CARTESIAN_POINT('',(-0.58265908,0.994666752,7.076808437));
#10620=CARTESIAN_POINT('',(-0.,0.994666752,7.076808437));
#10621=CARTESIAN_POINT('',(0.000002081,0.994666752,7.076808437));
#10622=CARTESIAN_POINT('',(0.000004162,0.994666752,7.076808437));
#10623=CARTESIAN_POINT('',(0.000006243,0.994666752,7.076808437));
#10624=CARTESIAN_POINT('',(0.58266595,0.994663095,7.076808437));
#10625=CARTESIAN_POINT('',(0.994666752,0.58265908,7.076808437));
#10626=CARTESIAN_POINT('',(0.994666752,0.,7.076808437));
#10627=CARTESIAN_POINT('',(0.994666752,-0.000002081,7.076808437));
#10628=CARTESIAN_POINT('',(0.994666752,-0.000004162,7.076808437));
#10629=CARTESIAN_POINT('',(0.994666752,-0.000006243,7.076808437));
#10630=CARTESIAN_POINT('',(0.994663095,-0.58266595,7.076808437));
#10631=CARTESIAN_POINT('',(0.58265908,-0.994666752,7.076808437));
#10632=CARTESIAN_POINT('',(-0.,-0.994666752,7.076808437));
#10633=CARTESIAN_POINT('',(-0.000002081,-0.994666752,7.076808437));
#10634=CARTESIAN_POINT('',(-0.000004162,-0.994666752,7.076808437));
#10635=CARTESIAN_POINT('',(-0.000006243,-0.994666752,7.076808437));
#10636=CARTESIAN_POINT('',(-0.58266595,-0.994663095,7.076808437));
#10637=CARTESIAN_POINT('',(-0.994666752,-0.58265908,7.076808437));
#10638=CARTESIAN_POINT('',(-0.994666752,0.,7.076808437));
#10639=CARTESIAN_POINT('',(-0.746043453,0.,7.081674073));
#10640=CARTESIAN_POINT('',(-0.746043453,0.000001561,7.081674073));
#10641=CARTESIAN_POINT('',(-0.746043453,0.000003121,7.081674073));
#10642=CARTESIAN_POINT('',(-0.746043453,0.000004682,7.081674073));
#10643=CARTESIAN_POINT('',(-0.74604071,0.437024879,7.081674073));
#10644=CARTESIAN_POINT('',(-0.437019726,0.746043453,7.081674073));
#10645=CARTESIAN_POINT('',(-0.,0.746043453,7.081674073));
#10646=CARTESIAN_POINT('',(0.000001561,0.746043453,7.081674073));
#10647=CARTESIAN_POINT('',(0.000003121,0.746043453,7.081674073));
#10648=CARTESIAN_POINT('',(0.000004682,0.746043453,7.081674073));
#10649=CARTESIAN_POINT('',(0.437024879,0.74604071,7.081674073));
#10650=CARTESIAN_POINT('',(0.746043453,0.437019726,7.081674073));
#10651=CARTESIAN_POINT('',(0.746043453,0.,7.081674073));
#10652=CARTESIAN_POINT('',(0.746043453,-0.000001561,7.081674073));
#10653=CARTESIAN_POINT('',(0.746043453,-0.000003121,7.081674073));
#10654=CARTESIAN_POINT('',(0.746043453,-0.000004682,7.081674073));
#10655=CARTESIAN_POINT('',(0.74604071,-0.437024879,7.081674073));
#10656=CARTESIAN_POINT('',(0.437019726,-0.746043453,7.081674073));
#10657=CARTESIAN_POINT('',(-0.,-0.746043453,7.081674073));
#10658=CARTESIAN_POINT('',(-0.000001561,-0.746043453,7.081674073));
#10659=CARTESIAN_POINT('',(-0.000003121,-0.746043453,7.081674073));
#10660=CARTESIAN_POINT('',(-0.000004682,-0.746043453,7.081674073));
#10661=CARTESIAN_POINT('',(-0.437024879,-0.74604071,7.081674073));
#10662=CARTESIAN_POINT('',(-0.746043453,-0.437019726,7.081674073));
#10663=CARTESIAN_POINT('',(-0.746043453,0.,7.081674073));
#10664=CARTESIAN_POINT('',(-0.497404701,0.,7.086169115));
#10665=CARTESIAN_POINT('',(-0.497404701,0.000001041,7.086169115));
#10666=CARTESIAN_POINT('',(-0.497404701,0.000002081,7.086169115));
#10667=CARTESIAN_POINT('',(-0.497404701,0.000003122,7.086169115));
#10668=CARTESIAN_POINT('',(-0.497402872,0.291374757,7.086169115));
#10669=CARTESIAN_POINT('',(-0.291371321,0.497404701,7.086169115));
#10670=CARTESIAN_POINT('',(-0.,0.497404701,7.086169115));
#10671=CARTESIAN_POINT('',(0.000001041,0.497404701,7.086169115));
#10672=CARTESIAN_POINT('',(0.000002081,0.497404701,7.086169115));
#10673=CARTESIAN_POINT('',(0.000003122,0.497404701,7.086169115));
#10674=CARTESIAN_POINT('',(0.291374757,0.497402872,7.086169115));
#10675=CARTESIAN_POINT('',(0.497404701,0.291371321,7.086169115));
#10676=CARTESIAN_POINT('',(0.497404701,0.,7.086169115));
#10677=CARTESIAN_POINT('',(0.497404701,-0.000001041,7.086169115));
#10678=CARTESIAN_POINT('',(0.497404701,-0.000002081,7.086169115));
#10679=CARTESIAN_POINT('',(0.497404701,-0.000003122,7.086169115));
#10680=CARTESIAN_POINT('',(0.497402872,-0.291374757,7.086169115));
#10681=CARTESIAN_POINT('',(0.291371321,-0.497404701,7.086169115));
#10682=CARTESIAN_POINT('',(-0.,-0.497404701,7.086169115));
#10683=CARTESIAN_POINT('',(-0.000001041,-0.497404701,7.086169115));
#10684=CARTESIAN_POINT('',(-0.000002081,-0.497404701,7.086169115));
#10685=CARTESIAN_POINT('',(-0.000003122,-0.497404701,7.086169115));
#10686=CARTESIAN_POINT('',(-0.291374757,-0.497402872,7.086169115));
#10687=CARTESIAN_POINT('',(-0.497404701,-0.291371321,7.086169115));
#10688=CARTESIAN_POINT('',(-0.497404701,0.,7.086169115));
#10689=CARTESIAN_POINT('',(-0.331630067,0.,7.088584007));
#10690=CARTESIAN_POINT('',(-0.331630067,0.000000694,7.088584007));
#10691=CARTESIAN_POINT('',(-0.331630067,0.000001388,7.088584007));
#10692=CARTESIAN_POINT('',(-0.331630067,0.000002081,7.088584007));
#10693=CARTESIAN_POINT('',(-0.331628847,0.194265615,7.088584007));
#10694=CARTESIAN_POINT('',(-0.194263324,0.331630067,7.088584007));
#10695=CARTESIAN_POINT('',(-0.,0.331630067,7.088584007));
#10696=CARTESIAN_POINT('',(0.000000694,0.331630067,7.088584007));
#10697=CARTESIAN_POINT('',(0.000001388,0.331630067,7.088584007));
#10698=CARTESIAN_POINT('',(0.000002081,0.331630067,7.088584007));
#10699=CARTESIAN_POINT('',(0.194265615,0.331628847,7.088584007));
#10700=CARTESIAN_POINT('',(0.331630067,0.194263324,7.088584007));
#10701=CARTESIAN_POINT('',(0.331630067,0.,7.088584007));
#10702=CARTESIAN_POINT('',(0.331630067,-0.000000694,7.088584007));
#10703=CARTESIAN_POINT('',(0.331630067,-0.000001388,7.088584007));
#10704=CARTESIAN_POINT('',(0.331630067,-0.000002081,7.088584007));
#10705=CARTESIAN_POINT('',(0.331628847,-0.194265615,7.088584007));
#10706=CARTESIAN_POINT('',(0.194263324,-0.331630067,7.088584007));
#10707=CARTESIAN_POINT('',(-0.,-0.331630067,7.088584007));
#10708=CARTESIAN_POINT('',(-0.000000694,-0.331630067,7.088584007));
#10709=CARTESIAN_POINT('',(-0.000001388,-0.331630067,7.088584007));
#10710=CARTESIAN_POINT('',(-0.000002081,-0.331630067,7.088584007));
#10711=CARTESIAN_POINT('',(-0.194265615,-0.331628847,7.088584007));
#10712=CARTESIAN_POINT('',(-0.331630067,-0.194263324,7.088584007));
#10713=CARTESIAN_POINT('',(-0.331630067,0.,7.088584007));
#10714=CARTESIAN_POINT('',(-0.165831366,0.,7.09));
#10715=CARTESIAN_POINT('',(-0.165831366,0.000000347,7.09));
#10716=CARTESIAN_POINT('',(-0.165831366,0.000000694,7.09));
#10717=CARTESIAN_POINT('',(-0.165831366,0.000001041,7.09));
#10718=CARTESIAN_POINT('',(-0.165830756,0.097142375,7.09));
#10719=CARTESIAN_POINT('',(-0.097141229,0.165831366,7.09));
#10720=CARTESIAN_POINT('',(-0.,0.165831366,7.09));
#10721=CARTESIAN_POINT('',(0.000000347,0.165831366,7.09));
#10722=CARTESIAN_POINT('',(0.000000694,0.165831366,7.09));
#10723=CARTESIAN_POINT('',(0.000001041,0.165831366,7.09));
#10724=CARTESIAN_POINT('',(0.097142375,0.165830756,7.09));
#10725=CARTESIAN_POINT('',(0.165831366,0.097141229,7.09));
#10726=CARTESIAN_POINT('',(0.165831366,0.,7.09));
#10727=CARTESIAN_POINT('',(0.165831366,-0.000000347,7.09));
#10728=CARTESIAN_POINT('',(0.165831366,-0.000000694,7.09));
#10729=CARTESIAN_POINT('',(0.165831366,-0.000001041,7.09));
#10730=CARTESIAN_POINT('',(0.165830756,-0.097142375,7.09));
#10731=CARTESIAN_POINT('',(0.097141229,-0.165831366,7.09));
#10732=CARTESIAN_POINT('',(-0.,-0.165831366,7.09));
#10733=CARTESIAN_POINT('',(-0.000000347,-0.165831366,7.09));
#10734=CARTESIAN_POINT('',(-0.000000694,-0.165831366,7.09));
#10735=CARTESIAN_POINT('',(-0.000001041,-0.165831366,7.09));
#10736=CARTESIAN_POINT('',(-0.097142375,-0.165830756,7.09));
#10737=CARTESIAN_POINT('',(-0.165831366,-0.097141229,7.09));
#10738=CARTESIAN_POINT('',(-0.165831366,0.,7.09));
#10739=CARTESIAN_POINT('',(0.,0.,7.09));
#10740=CARTESIAN_POINT('',(0.,0.,7.09));
#10741=CARTESIAN_POINT('',(0.,0.,7.09));
#10742=CARTESIAN_POINT('',(0.,0.,7.09));
#10743=CARTESIAN_POINT('',(0.,0.,7.09));
#10744=CARTESIAN_POINT('',(-0.,0.,7.09));
#10745=CARTESIAN_POINT('',(0.,0.,7.09));
#10746=CARTESIAN_POINT('',(0.,0.,7.09));
#10747=CARTESIAN_POINT('',(0.,0.,7.09));
#10748=CARTESIAN_POINT('',(0.,0.,7.09));
#10749=CARTESIAN_POINT('',(0.,0.,7.09));
#10750=CARTESIAN_POINT('',(-0.,0.,7.09));
#10751=CARTESIAN_POINT('',(0.,0.,7.09));
#10752=CARTESIAN_POINT('',(0.,0.,7.09));
#10753=CARTESIAN_POINT('',(0.,0.,7.09));
#10754=CARTESIAN_POINT('',(-0.,0.,7.09));
#10755=CARTESIAN_POINT('',(0.,0.,7.09));
#10756=CARTESIAN_POINT('',(0.,0.,7.09));
#10757=CARTESIAN_POINT('',(0.,0.,7.09));
#10758=CARTESIAN_POINT('',(0.,0.,7.09));
#10759=CARTESIAN_POINT('',(0.,0.,7.09));
#10760=CARTESIAN_POINT('',(0.,0.,7.09));
#10761=CARTESIAN_POINT('',(0.,0.,7.09));
#10762=CARTESIAN_POINT('',(0.,0.,7.09));
#10763=CARTESIAN_POINT('',(0.,0.,7.09));
#10764=(BOUNDED_SURFACE()
B_SPLINE_SURFACE(5,3,((#9464,#9465,#9466,#9467,#9468,#9469,#9470,#9471,#9472,#9473,#9474,#9475,#9476,#9477,#9478,#9479,#9480,#9481,#9482,#9483,#9484,#9485,#9486,#9487,#9488),(#9489,#9490,#9491,#9492,#9493,#9494,#9495,#9496,#9497,#9498,#9499,#9500,#9501,#9502,#9503,#9504,#9505,#9506,#9507,#9508,#9509,#9510,#9511,#9512,#9513),(#9514,#9515,#9516,#9517,#9518,#9519,#9520,#9521,#9522,#9523,#9524,#9525,#9526,#9527,#9528,#9529,#9530,#9531,#9532,#9533,#9534,#9535,#9536,#9537,#9538),(#9539,#9540,#9541,#9542,#9543,#9544,#9545,#9546,#9547,#9548,#9549,#9550,#9551,#9552,#9553,#9554,#9555,#9556,#9557,#9558,#9559,#9560,#9561,#9562,#9563),(#9564,#9565,#9566,#9567,#9568,#9569,#9570,#9571,#9572,#9573,#9574,#9575,#9576,#9577,#9578,#9579,#9580,#9581,#9582,#9583,#9584,#9585,#9586,#9587,#9588),(#9589,#9590,#9591,#9592,#9593,#9594,#9595,#9596,#9597,#9598,#9599,#9600,#9601,#9602,#9603,#9604,#9605,#9606,#9607,#9608,#9609,#9610,#9611,#9612,#9613),(#9614,#9615,#9616,#9617,#9618,#9619,#9620,#9621,#9622,#9623,#9624,#9625,#9626,#9627,#9628,#9629,#9630,#9631,#9632,#9633,#9634,#9635,#9636,#9637,#9638),(#9639,#9640,#9641,#9642,#9643,#9644,#9645,#9646,#9647,#9648,#9649,#9650,#9651,#9652,#9653,#9654,#9655,#9656,#9657,#9658,#9659,#9660,#9661,#9662,#9663),(#9664,#9665,#9666,#9667,#9668,#9669,#9670,#9671,#9672,#9673,#9674,#9675,#9676,#9677,#9678,#9679,#9680,#9681,#9682,#9683,#9684,#9685,#9686,#9687,#9688),(#9689,#9690,#9691,#9692,#9693,#9694,#9695,#9696,#9697,#9698,#9699,#9700,#9701,#9702,#9703,#9704,#9705,#9706,#9707,#9708,#9709,#9710,#9711,#9712,#9713),(#9714,#9715,#9716,#9717,#9718,#9719,#9720,#9721,#9722,#9723,#9724,#9725,#9726,#9727,#9728,#9729,#9730,#9731,#9732,#9733,#9734,#9735,#9736,#9737,#9738),(#9739,#9740,#9741,#9742,#9743,#9744,#9745,#9746,#9747,#9748,#9749,#9750,#9751,#9752,#9753,#9754,#9755,#9756,#9757,#9758,#9759,#9760,#9761,#9762,#9763),(#9764,#9765,#9766,#9767,#9768,#9769,#9770,#9771,#9772,#9773,#9774,#9775,#9776,#9777,#9778,#9779,#9780,#9781,#9782,#9783,#9784,#9785,#9786,#9787,#9788),(#9789,#9790,#9791,#9792,#9793,#9794,#9795,#9796,#9797,#9798,#9799,#9800,#9801,#9802,#9803,#9804,#9805,#9806,#9807,#9808,#9809,#9810,#9811,#9812,#9813),(#9814,#9815,#9816,#9817,#9818,#9819,#9820,#9821,#9822,#9823,#9824,#9825,#9826,#9827,#9828,#9829,#9830,#9831,#9832,#9833,#9834,#9835,#9836,#9837,#9838),(#9839,#9840,#9841,#9842,#9843,#9844,#9845,#9846,#9847,#9848,#9849,#9850,#9851,#9852,#9853,#9854,#9855,#9856,#9857,#9858,#9859,#9860,#9861,#9862,#9863),(#9864,#9865,#9866,#9867,#9868,#9869,#9870,#9871,#9872,#9873,#9874,#9875,#9876,#9877,#9878,#9879,#9880,#9881,#9882,#9883,#9884,#9885,#9886,#9887,#9888),(#9889,#9890,#9891,#9892,#9893,#9894,#9895,#9896,#9897,#9898,#9899,#9900,#9901,#9902,#9903,#9904,#9905,#9906,#9907,#9908,#9909,#9910,#9911,#9912,#9913),(#9914,#9915,#9916,#9917,#9918,#9919,#9920,#9921,#9922,#9923,#9924,#9925,#9926,#9927,#9928,#9929,#9930,#9931,#9932,#9933,#9934,#9935,#9936,#9937,#9938),(#9939,#9940,#9941,#9942,#9943,#9944,#9945,#9946,#9947,#9948,#9949,#9950,#9951,#9952,#9953,#9954,#9955,#9956,#9957,#9958,#9959,#9960,#9961,#9962,#9963),(#9964,#9965,#9966,#9967,#9968,#9969,#9970,#9971,#9972,#9973,#9974,#9975,#9976,#9977,#9978,#9979,#9980,#9981,#9982,#9983,#9984,#9985,#9986,#9987,#9988),(#9989,#9990,#9991,#9992,#9993,#9994,#9995,#9996,#9997,#9998,#9999,#10000,#10001,#10002,#10003,#10004,#10005,#10006,#10007,#10008,#10009,#10010,#10011,#10012,#10013),(#10014,#10015,#10016,#10017,#10018,#10019,#10020,#10021,#10022,#10023,#10024,#10025,#10026,#10027,#10028,#10029,#10030,#10031,#10032,#10033,#10034,#10035,#10036,#10037,#10038),(#10039,#10040,#10041,#10042,#10043,#10044,#10045,#10046,#10047,#10048,#10049,#10050,#10051,#10052,#10053,#10054,#10055,#10056,#10057,#10058,#10059,#10060,#10061,#10062,#10063),(#10064,#10065,#10066,#10067,#10068,#10069,#10070,#10071,#10072,#10073,#10074,#10075,#10076,#10077,#10078,#10079,#10080,#10081,#10082,#10083,#10084,#10085,#10086,#10087,#10088),(#10089,#10090,#10091,#10092,#10093,#10094,#10095,#10096,#10097,#10098,#10099,#10100,#10101,#10102,#10103,#10104,#10105,#10106,#10107,#10108,#10109,#10110,#10111,#10112,#10113),
(#10114,#10115,#10116,#10117,#10118,#10119,#10120,#10121,#10122,#10123,#10124,#10125,#10126,#10127,#10128,#10129,#10130,#10131,#10132,#10133,#10134,#10135,#10136,#10137,#10138),(#10139,#10140,#10141,#10142,#10143,#10144,#10145,#10146,#10147,#10148,#10149,#10150,#10151,#10152,#10153,#10154,#10155,#10156,#10157,#10158,#10159,#10160,#10161,#10162,#10163),(#10164,#10165,#10166,#10167,#10168,#10169,#10170,#10171,#10172,#10173,#10174,#10175,#10176,#10177,#10178,#10179,#10180,#10181,#10182,#10183,#10184,#10185,#10186,#10187,#10188),(#10189,#10190,#10191,#10192,#10193,#10194,#10195,#10196,#10197,#10198,#10199,#10200,#10201,#10202,#10203,#10204,#10205,#10206,#10207,#10208,#10209,#10210,#10211,#10212,#10213),(#10214,#10215,#10216,#10217,#10218,#10219,#10220,#10221,#10222,#10223,#10224,#10225,#10226,#10227,#10228,#10229,#10230,#10231,#10232,#10233,#10234,#10235,#10236,#10237,#10238),(#10239,#10240,#10241,#10242,#10243,#10244,#10245,#10246,#10247,#10248,#10249,#10250,#10251,#10252,#10253,#10254,#10255,#10256,#10257,#10258,#10259,#10260,#10261,#10262,#10263),(#10264,#10265,#10266,#10267,#10268,#10269,#10270,#10271,#10272,#10273,#10274,#10275,#10276,#10277,#10278,#10279,#10280,#10281,#10282,#10283,#10284,#10285,#10286,#10287,#10288),(#10289,#10290,#10291,#10292,#10293,#10294,#10295,#10296,#10297,#10298,#10299,#10300,#10301,#10302,#10303,#10304,#10305,#10306,#10307,#10308,#10309,#10310,#10311,#10312,#10313),(#10314,#10315,#10316,#10317,#10318,#10319,#10320,#10321,#10322,#10323,#10324,#10325,#10326,#10327,#10328,#10329,#10330,#10331,#10332,#10333,#10334,#10335,#10336,#10337,#10338),(#10339,#10340,#10341,#10342,#10343,#10344,#10345,#10346,#10347,#10348,#10349,#10350,#10351,#10352,#10353,#10354,#10355,#10356,#10357,#10358,#10359,#10360,#10361,#10362,#10363),(#10364,#10365,#10366,#10367,#10368,#10369,#10370,#10371,#10372,#10373,#10374,#10375,#10376,#10377,#10378,#10379,#10380,#10381,#10382,#10383,#10384,#10385,#10386,#10387,#10388),(#10389,#10390,#10391,#10392,#10393,#10394,#10395,#10396,#10397,#10398,#10399,#10400,#10401,#10402,#10403,#10404,#10405,#10406,#10407,#10408,#10409,#10410,#10411,#10412,#10413),(#10414,#10415,#10416,#10417,#10418,#10419,#10420,#10421,#10422,#10423,#10424,#10425,#10426,#10427,#10428,#10429,#10430,#10431,#10432,#10433,#10434,#10435,#10436,#10437,#10438),(#10439,#10440,#10441,#10442,#10443,#10444,#10445,#10446,#10447,#10448,#10449,#10450,#10451,#10452,#10453,#10454,#10455,#10456,#10457,#10458,#10459,#10460,#10461,#10462,#10463),(#10464,#10465,#10466,#10467,#10468,#10469,#10470,#10471,#10472,#10473,#10474,#10475,#10476,#10477,#10478,#10479,#10480,#10481,#10482,#10483,#10484,#10485,#10486,#10487,#10488),(#10489,#10490,#10491,#10492,#10493,#10494,#10495,#10496,#10497,#10498,#10499,#10500,#10501,#10502,#10503,#10504,#10505,#10506,#10507,#10508,#10509,#10510,#10511,#10512,#10513),(#10514,#10515,#10516,#10517,#10518,#10519,#10520,#10521,#10522,#10523,#10524,#10525,#10526,#10527,#10528,#10529,#10530,#10531,#10532,#10533,#10534,#10535,#10536,#10537,#10538),(#10539,#10540,#10541,#10542,#10543,#10544,#10545,#10546,#10547,#10548,#10549,#10550,#10551,#10552,#10553,#10554,#10555,#10556,#10557,#10558,#10559,#10560,#10561,#10562,#10563),(#10564,#10565,#10566,#10567,#10568,#10569,#10570,#10571,#10572,#10573,#10574,#10575,#10576,#10577,#10578,#10579,#10580,#10581,#10582,#10583,#10584,#10585,#10586,#10587,#10588),(#10589,#10590,#10591,#10592,#10593,#10594,#10595,#10596,#10597,#10598,#10599,#10600,#10601,#10602,#10603,#10604,#10605,#10606,#10607,#10608,#10609,#10610,#10611,#10612,#10613),(#10614,#10615,#10616,#10617,#10618,#10619,#10620,#10621,#10622,#10623,#10624,#10625,#10626,#10627,#10628,#10629,#10630,#10631,#10632,#10633,#10634,#10635,#10636,#10637,#10638),(#10639,#10640,#10641,#10642,#10643,#10644,#10645,#10646,#10647,#10648,#10649,#10650,#10651,#10652,#10653,#10654,#10655,#10656,#10657,#10658,#10659,#10660,#10661,#10662,#10663),(#10664,#10665,#10666,#10667,#10668,#10669,#10670,#10671,#10672,#10673,#10674,#10675,#10676,#10677,#10678,#10679,#10680,#10681,#10682,#10683,#10684,#10685,#10686,#10687,#10688),(#10689,#10690,#10691,#10692,#10693,#10694,#10695,#10696,#10697,#10698,#10699,#10700,#10701,#10702,#10703,#10704,#10705,#10706,#10707,#10708,#10709,#10710,#10711,#10712,#10713),(#10714,#10715,#10716,#10717,#10718,#10719,#10720,#10721,#10722,#10723,#10724,#10725,#10726,#10727,#10728,#10729,#10730,#10731,#10732,#10733,#10734,#10735,#10736,#10737,#10738),
(#10739,#10740,#10741,#10742,#10743,#10744,#10745,#10746,#10747,#10748,#10749,#10750,#10751,#10752,#10753,#10754,#10755,#10756,#10757,#10758,#10759,#10760,#10761,#10762,#10763)),.UNSPECIFIED.,.F.,.T.,.U.)
B_SPLINE_SURFACE_WITH_KNOTS((6,1,1,1,1,1,1,1,1,1,1,1,1,1,1,1,1,1,1,1,1,1,1,1,1,1,
1,1,1,1,1,1,1,1,1,1,1,1,1,1,1,1,2,3,6),(4,3,3,3,3,3,3,3,4),(-1.,-0.958333333,-0.916666667,-0.883333333,-0.875,-0.833333333,-0.8,-0.791666667,-0.758333333,-0.75,-0.716666667,-0.708333333,-0.666666667,-0.633333333,-0.625,-0.591666667,-0.583333333,-0.55,-0.541666667,-0.508333333,-0.5,-0.466666667,-0.458333333,-0.425,-0.416666667,-0.383333333,
-0.375,-0.341666667,-0.333333333,-0.3,-0.291666667,-0.258333333,-0.25,-0.216666667,-0.208333333,-0.175,-0.166666667,-0.133333333,-0.125,-0.091666667,-0.083333333,-0.066666667,-0.0625,-0.041666667,0.),(0.,0.000006971,1.570796327,1.570803298,3.141592654,3.141599625,4.71238898,4.712395951,6.283185307),.UNSPECIFIED.)
GEOMETRIC_REPRESENTATION_ITEM()
RATIONAL_B_SPLINE_SURFACE(((1.,0.999999133,0.999998267,0.9999974,0.804737854,0.804738721,1.,0.999999133,0.999998267,0.9999974,0.804737854,0.804738721,1.,0.999999133,0.999998267,0.9999974,0.804737854,0.804738721,1.,0.999999133,0.999998267,0.9999974,0.804737854,0.804738721,1.),(1.,0.999999133,0.999998267,0.9999974,0.804737854,0.804738721,1.,0.999999133,0.999998267,0.9999974,0.804737854,0.804738721,1.,0.999999133,0.999998267,0.9999974,0.804737854,0.804738721,1.,0.999999133,0.999998267,0.9999974,0.804737854,0.804738721,1.),(1.,0.999999133,0.999998267,0.9999974,0.804737854,0.804738721,1.,0.999999133,0.999998267,0.9999974,0.804737854,0.804738721,1.,0.999999133,0.999998267,0.9999974,0.804737854,0.804738721,1.,0.999999133,0.999998267,0.9999974,0.804737854,0.804738721,1.),(1.,0.999999133,0.999998267,0.9999974,0.804737854,0.804738721,1.,0.999999133,0.999998267,0.9999974,0.804737854,0.804738721,1.,0.999999133,0.999998267,0.9999974,0.804737854,0.804738721,1.,0.999999133,0.999998267,0.9999974,0.804737854,0.804738721,1.),(1.,0.999999133,0.999998267,0.9999974,0.804737854,0.804738721,1.,0.999999133,0.999998267,0.9999974,0.804737854,0.804738721,1.,0.999999133,0.999998267,0.9999974,0.804737854,0.804738721,1.,0.999999133,0.999998267,0.9999974,0.804737854,0.804738721,1.),(1.,0.999999133,0.999998267,0.9999974,0.804737854,0.804738721,1.,0.999999133,0.999998267,0.9999974,0.804737854,0.804738721,1.,0.999999133,0.999998267,0.9999974,0.804737854,0.804738721,1.,0.999999133,0.999998267,0.9999974,0.804737854,0.804738721,1.),(1.,0.999999133,0.999998267,0.9999974,0.804737854,0.804738721,1.,0.999999133,0.999998267,0.9999974,0.804737854,0.804738721,1.,0.999999133,0.999998267,0.9999974,0.804737854,0.804738721,1.,0.999999133,0.999998267,0.9999974,0.804737854,0.804738721,1.),(1.,0.999999133,0.999998267,0.9999974,0.804737854,0.804738721,1.,0.999999133,0.999998267,0.9999974,0.804737854,0.804738721,1.,0.999999133,0.999998267,0.9999974,0.804737854,0.804738721,1.,0.999999133,0.999998267,0.9999974,0.804737854,0.804738721,1.),(1.,0.999999133,0.999998267,0.9999974,0.804737854,0.804738721,1.,0.999999133,0.999998267,0.9999974,0.804737854,0.804738721,1.,0.999999133,0.999998267,0.9999974,0.804737854,0.804738721,1.,0.999999133,0.999998267,0.9999974,0.804737854,0.804738721,1.),(1.,0.999999133,0.999998267,0.9999974,0.804737854,0.804738721,1.,0.999999133,0.999998267,0.9999974,0.804737854,0.804738721,1.,0.999999133,0.999998267,0.9999974,0.804737854,0.804738721,1.,0.999999133,0.999998267,0.9999974,0.804737854,0.804738721,1.),(1.,0.999999133,0.999998267,0.9999974,0.804737854,0.804738721,1.,0.999999133,0.999998267,0.9999974,0.804737854,0.804738721,1.,0.999999133,0.999998267,0.9999974,0.804737854,0.804738721,1.,0.999999133,0.999998267,0.9999974,0.804737854,0.804738721,1.),(1.,0.999999133,0.999998267,0.9999974,0.804737854,0.804738721,1.,0.999999133,0.999998267,0.9999974,0.804737854,0.804738721,1.,0.999999133,0.999998267,0.9999974,0.804737854,0.804738721,1.,0.999999133,0.999998267,0.9999974,0.804737854,0.804738721,1.),(1.,0.999999133,0.999998267,0.9999974,0.804737854,0.804738721,1.,0.999999133,0.999998267,0.9999974,0.804737854,0.804738721,1.,0.999999133,0.999998267,0.9999974,0.804737854,0.804738721,1.,0.999999133,0.999998267,0.9999974,0.804737854,0.804738721,1.),(1.,0.999999133,0.999998267,0.9999974,0.804737854,0.804738721,1.,0.999999133,0.999998267,0.9999974,0.804737854,0.804738721,1.,0.999999133,0.999998267,0.9999974,0.804737854,0.804738721,1.,0.999999133,0.999998267,0.9999974,0.804737854,0.804738721,1.),(1.,0.999999133,0.999998267,0.9999974,0.804737854,0.804738721,1.,0.999999133,0.999998267,0.9999974,0.804737854,0.804738721,1.,0.999999133,0.999998267,0.9999974,0.804737854,0.804738721,1.,0.999999133,0.999998267,0.9999974,0.804737854,0.804738721,1.),(1.,0.999999133,0.999998267,0.9999974,0.804737854,0.804738721,1.,0.999999133,0.999998267,0.9999974,0.804737854,0.804738721,1.,0.999999133,0.999998267,0.9999974,0.804737854,0.804738721,1.,0.999999133,0.999998267,0.9999974,0.804737854,0.804738721,1.),(1.,0.999999133,0.999998267,0.9999974,0.804737854,0.804738721,1.,0.999999133,0.999998267,0.9999974,0.804737854,0.804738721,1.,0.999999133,0.999998267,0.9999974,0.804737854,0.804738721,1.,0.999999133,0.999998267,0.9999974,0.804737854,0.804738721,1.),(1.,0.999999133,0.999998267,0.9999974,0.804737854,0.804738721,1.,0.999999133,0.999998267,0.9999974,0.804737854,0.804738721,1.,0.999999133,0.999998267,0.9999974,0.804737854,0.804738721,1.,0.999999133,0.999998267,0.9999974,0.804737854,0.804738721,1.),(1.,0.999999133,0.999998267,0.9999974,0.804737854,0.804738721,1.,0.999999133,0.999998267,0.9999974,0.804737854,0.804738721,1.,0.999999133,0.999998267,0.9999974,0.804737854,0.804738721,1.,0.999999133,0.999998267,0.9999974,0.804737854,0.804738721,1.),(1.,0.999999133,0.999998267,0.9999974,0.804737854,0.804738721,1.,0.999999133,0.999998267,0.9999974,0.804737854,0.804738721,1.,0.999999133,0.999998267,0.9999974,0.804737854,0.804738721,1.,0.999999133,0.999998267,0.9999974,0.804737854,0.804738721,1.),(1.,0.999999133,0.999998267,0.9999974,0.804737854,0.804738721,1.,0.999999133,0.999998267,0.9999974,0.804737854,0.804738721,1.,0.999999133,0.999998267,0.9999974,0.804737854,0.804738721,1.,0.999999133,0.999998267,0.9999974,0.804737854,0.804738721,1.),(1.,0.999999133,0.999998267,0.9999974,0.804737854,0.804738721,1.,0.999999133,0.999998267,0.9999974,0.804737854,0.804738721,1.,0.999999133,0.999998267,0.9999974,0.804737854,0.804738721,1.,0.999999133,0.999998267,0.9999974,0.804737854,0.804738721,1.),(1.,0.999999133,0.999998267,0.9999974,0.804737854,0.804738721,1.,0.999999133,0.999998267,0.9999974,0.804737854,0.804738721,1.,0.999999133,0.999998267,0.9999974,0.804737854,0.804738721,1.,0.999999133,0.999998267,0.9999974,0.804737854,0.804738721,1.),(1.,0.999999133,0.999998267,0.9999974,0.804737854,0.804738721,1.,0.999999133,0.999998267,0.9999974,0.804737854,0.804738721,1.,0.999999133,0.999998267,0.9999974,0.804737854,0.804738721,1.,0.999999133,0.999998267,0.9999974,0.804737854,0.804738721,1.),(1.,0.999999133,0.999998267,0.9999974,0.804737854,0.804738721,1.,0.999999133,0.999998267,0.9999974,0.804737854,0.804738721,1.,0.999999133,0.999998267,0.9999974,0.804737854,0.804738721,1.,0.999999133,0.999998267,0.9999974,0.804737854,0.804738721,1.),(1.,0.999999133,0.999998267,0.9999974,0.804737854,0.804738721,1.,0.999999133,0.999998267,0.9999974,0.804737854,0.804738721,1.,0.999999133,0.999998267,0.9999974,0.804737854,0.804738721,1.,0.999999133,0.999998267,0.9999974,0.804737854,0.804738721,1.),
(1.,0.999999133,0.999998267,0.9999974,0.804737854,0.804738721,1.,0.999999133,0.999998267,0.9999974,0.804737854,0.804738721,1.,0.999999133,0.999998267,0.9999974,0.804737854,0.804738721,1.,0.999999133,0.999998267,0.9999974,0.804737854,0.804738721,1.),(1.,0.999999133,0.999998267,0.9999974,0.804737854,0.804738721,1.,0.999999133,0.999998267,0.9999974,0.804737854,0.804738721,1.,0.999999133,0.999998267,0.9999974,0.804737854,0.804738721,1.,0.999999133,0.999998267,0.9999974,0.804737854,0.804738721,1.),(1.,0.999999133,0.999998267,0.9999974,0.804737854,0.804738721,1.,0.999999133,0.999998267,0.9999974,0.804737854,0.804738721,1.,0.999999133,0.999998267,0.9999974,0.804737854,0.804738721,1.,0.999999133,0.999998267,0.9999974,0.804737854,0.804738721,1.),(1.,0.999999133,0.999998267,0.9999974,0.804737854,0.804738721,1.,0.999999133,0.999998267,0.9999974,0.804737854,0.804738721,1.,0.999999133,0.999998267,0.9999974,0.804737854,0.804738721,1.,0.999999133,0.999998267,0.9999974,0.804737854,0.804738721,1.),(1.,0.999999133,0.999998267,0.9999974,0.804737854,0.804738721,1.,0.999999133,0.999998267,0.9999974,0.804737854,0.804738721,1.,0.999999133,0.999998267,0.9999974,0.804737854,0.804738721,1.,0.999999133,0.999998267,0.9999974,0.804737854,0.804738721,1.),(1.,0.999999133,0.999998267,0.9999974,0.804737854,0.804738721,1.,0.999999133,0.999998267,0.9999974,0.804737854,0.804738721,1.,0.999999133,0.999998267,0.9999974,0.804737854,0.804738721,1.,0.999999133,0.999998267,0.9999974,0.804737854,0.804738721,1.),(1.,0.999999133,0.999998267,0.9999974,0.804737854,0.804738721,1.,0.999999133,0.999998267,0.9999974,0.804737854,0.804738721,1.,0.999999133,0.999998267,0.9999974,0.804737854,0.804738721,1.,0.999999133,0.999998267,0.9999974,0.804737854,0.804738721,1.),(1.,0.999999133,0.999998267,0.9999974,0.804737854,0.804738721,1.,0.999999133,0.999998267,0.9999974,0.804737854,0.804738721,1.,0.999999133,0.999998267,0.9999974,0.804737854,0.804738721,1.,0.999999133,0.999998267,0.9999974,0.804737854,0.804738721,1.),(1.,0.999999133,0.999998267,0.9999974,0.804737854,0.804738721,1.,0.999999133,0.999998267,0.9999974,0.804737854,0.804738721,1.,0.999999133,0.999998267,0.9999974,0.804737854,0.804738721,1.,0.999999133,0.999998267,0.9999974,0.804737854,0.804738721,1.),(1.,0.999999133,0.999998267,0.9999974,0.804737854,0.804738721,1.,0.999999133,0.999998267,0.9999974,0.804737854,0.804738721,1.,0.999999133,0.999998267,0.9999974,0.804737854,0.804738721,1.,0.999999133,0.999998267,0.9999974,0.804737854,0.804738721,1.),(1.,0.999999133,0.999998267,0.9999974,0.804737854,0.804738721,1.,0.999999133,0.999998267,0.9999974,0.804737854,0.804738721,1.,0.999999133,0.999998267,0.9999974,0.804737854,0.804738721,1.,0.999999133,0.999998267,0.9999974,0.804737854,0.804738721,1.),(1.,0.999999133,0.999998267,0.9999974,0.804737854,0.804738721,1.,0.999999133,0.999998267,0.9999974,0.804737854,0.804738721,1.,0.999999133,0.999998267,0.9999974,0.804737854,0.804738721,1.,0.999999133,0.999998267,0.9999974,0.804737854,0.804738721,1.),(1.,0.999999133,0.999998267,0.9999974,0.804737854,0.804738721,1.,0.999999133,0.999998267,0.9999974,0.804737854,0.804738721,1.,0.999999133,0.999998267,0.9999974,0.804737854,0.804738721,1.,0.999999133,0.999998267,0.9999974,0.804737854,0.804738721,1.),(1.,0.999999133,0.999998267,0.9999974,0.804737854,0.804738721,1.,0.999999133,0.999998267,0.9999974,0.804737854,0.804738721,1.,0.999999133,0.999998267,0.9999974,0.804737854,0.804738721,1.,0.999999133,0.999998267,0.9999974,0.804737854,0.804738721,1.),(1.,0.999999133,0.999998267,0.9999974,0.804737854,0.804738721,1.,0.999999133,0.999998267,0.9999974,0.804737854,0.804738721,1.,0.999999133,0.999998267,0.9999974,0.804737854,0.804738721,1.,0.999999133,0.999998267,0.9999974,0.804737854,0.804738721,1.),(1.,0.999999133,0.999998267,0.9999974,0.804737854,0.804738721,1.,0.999999133,0.999998267,0.9999974,0.804737854,0.804738721,1.,0.999999133,0.999998267,0.9999974,0.804737854,0.804738721,1.,0.999999133,0.999998267,0.9999974,0.804737854,0.804738721,1.),(1.,0.999999133,0.999998267,0.9999974,0.804737854,0.804738721,1.,0.999999133,0.999998267,0.9999974,0.804737854,0.804738721,1.,0.999999133,0.999998267,0.9999974,0.804737854,0.804738721,1.,0.999999133,0.999998267,0.9999974,0.804737854,0.804738721,1.),(1.,0.999999133,0.999998267,0.9999974,0.804737854,0.804738721,1.,0.999999133,0.999998267,0.9999974,0.804737854,0.804738721,1.,0.999999133,0.999998267,0.9999974,0.804737854,0.804738721,1.,0.999999133,0.999998267,0.9999974,0.804737854,0.804738721,1.),(1.,0.999999133,0.999998267,0.9999974,0.804737854,0.804738721,1.,0.999999133,0.999998267,0.9999974,0.804737854,0.804738721,1.,0.999999133,0.999998267,0.9999974,0.804737854,0.804738721,1.,0.999999133,0.999998267,0.9999974,0.804737854,0.804738721,1.),(1.,0.999999133,0.999998267,0.9999974,0.804737854,0.804738721,1.,0.999999133,0.999998267,0.9999974,0.804737854,0.804738721,1.,0.999999133,0.999998267,0.9999974,0.804737854,0.804738721,1.,0.999999133,0.999998267,0.9999974,0.804737854,0.804738721,1.),(1.,0.999999133,0.999998267,0.9999974,0.804737854,0.804738721,1.,0.999999133,0.999998267,0.9999974,0.804737854,0.804738721,1.,0.999999133,0.999998267,0.9999974,0.804737854,0.804738721,1.,0.999999133,0.999998267,0.9999974,0.804737854,0.804738721,1.),(1.,0.999999133,0.999998267,0.9999974,0.804737854,0.804738721,1.,0.999999133,0.999998267,0.9999974,0.804737854,0.804738721,1.,0.999999133,0.999998267,0.9999974,0.804737854,0.804738721,1.,0.999999133,0.999998267,0.9999974,0.804737854,0.804738721,1.),(1.,0.999999133,0.999998267,0.9999974,0.804737854,0.804738721,1.,0.999999133,0.999998267,0.9999974,0.804737854,0.804738721,1.,0.999999133,0.999998267,0.9999974,0.804737854,0.804738721,1.,0.999999133,0.999998267,0.9999974,0.804737854,0.804738721,1.),(1.,0.999999133,0.999998267,0.9999974,0.804737854,0.804738721,1.,0.999999133,0.999998267,0.9999974,0.804737854,0.804738721,1.,0.999999133,0.999998267,0.9999974,0.804737854,0.804738721,1.,0.999999133,0.999998267,0.9999974,0.804737854,0.804738721,1.),(1.,0.999999133,0.999998267,0.9999974,0.804737854,0.804738721,1.,0.999999133,0.999998267,0.9999974,0.804737854,0.804738721,1.,0.999999133,0.999998267,0.9999974,0.804737854,0.804738721,1.,0.999999133,0.999998267,0.9999974,0.804737854,0.804738721,1.),
(1.,0.999999133,0.999998267,0.9999974,0.804737854,0.804738721,1.,0.999999133,0.999998267,0.9999974,0.804737854,0.804738721,1.,0.999999133,0.999998267,0.9999974,0.804737854,0.804738721,1.,0.999999133,0.999998267,0.9999974,0.804737854,0.804738721,1.)))
REPRESENTATION_ITEM('')
SURFACE()
);
#10765=OFFSET_SURFACE('',#10764,0.05,.F.);
#10766=ORIENTED_EDGE('',*,*,#4722,.T.);
#10767=ORIENTED_EDGE('',*,*,#5360,.T.);
#10768=ORIENTED_EDGE('',*,*,#9293,.T.);
#10769=ORIENTED_EDGE('',*,*,#9153,.T.);
#10770=ORIENTED_EDGE('',*,*,#9225,.F.);
#10771=ORIENTED_EDGE('',*,*,#3152,.T.);
#10772=EDGE_LOOP('',(#10766,#10767,#10768,#10769,#10770,#10771));
#10773=FACE_BOUND('',#10772,.T.);
#10774=ADVANCED_FACE('',(#10773),#10765,.F.);
#10775=CARTESIAN_POINT('',(0.,22.,2.));
#10776=DIRECTION('',(0.,0.,1.));
#10777=DIRECTION('',(1.,0.,-0.));
#10778=AXIS2_PLACEMENT_3D('',#10775,#10776,#10777);
#10779=CONICAL_SURFACE('',#10778,6.,45.);
#10780=ORIENTED_EDGE('',*,*,#5547,.F.);
#10781=ORIENTED_EDGE('',*,*,#8139,.T.);
#10782=ORIENTED_EDGE('',*,*,#8249,.T.);
#10783=ORIENTED_EDGE('',*,*,#160,.T.);
#10784=ORIENTED_EDGE('',*,*,#5955,.F.);
#10785=EDGE_LOOP('',(#10780,#10781,#10782,#10783,#10784));
#10786=FACE_BOUND('',#10785,.T.);
#10787=ADVANCED_FACE('',(#10786),#10779,.T.);
#10788=CARTESIAN_POINT('',(0.,0.,6.5));
#10789=DIRECTION('',(0.,0.,-1.));
#10790=DIRECTION('',(-1.,0.,0.));
#10791=AXIS2_PLACEMENT_3D('',#10788,#10789,#10790);
#10792=CONICAL_SURFACE('',#10791,18.,45.);
#10793=ORIENTED_EDGE('',*,*,#6352,.F.);
#10794=CARTESIAN_POINT('',(0.,0.,4.792893219));
#10795=DIRECTION('',(-0.,-0.,1.));
#10796=DIRECTION('',(-1.,0.,0.));
#10797=AXIS2_PLACEMENT_3D('',#10794,#10795,#10796);
#10798=CIRCLE('',#10797,19.707106781);
#10799=EDGE_CURVE('',#6347,#7809,#10798,.T.);
#10800=ORIENTED_EDGE('',*,*,#10799,.T.);
#10801=ORIENTED_EDGE('',*,*,#7840,.T.);
#10802=ORIENTED_EDGE('',*,*,#7884,.T.);
#10803=ORIENTED_EDGE('',*,*,#5723,.T.);
#10804=ORIENTED_EDGE('',*,*,#8864,.T.);
#10805=ORIENTED_EDGE('',*,*,#6323,.F.);
#10806=EDGE_LOOP('',(#10793,#10800,#10801,#10802,#10803,#10804,#10805));
#10807=FACE_BOUND('',#10806,.T.);
#10808=ADVANCED_FACE('',(#10807),#10792,.T.);
#10809=CARTESIAN_POINT('',(0.,0.,2.));
#10810=DIRECTION('',(0.,0.,1.));
#10811=DIRECTION('',(1.,0.,-0.));
#10812=AXIS2_PLACEMENT_3D('',#10809,#10810,#10811);
#10813=CONICAL_SURFACE('',#10812,20.,45.);
#10814=ORIENTED_EDGE('',*,*,#6414,.F.);
#10815=CARTESIAN_POINT('',(0.,0.,1.707106781));
#10816=DIRECTION('',(-0.,-0.,-1.));
#10817=DIRECTION('',(1.,0.,-0.));
#10818=AXIS2_PLACEMENT_3D('',#10815,#10816,#10817);
#10819=CIRCLE('',#10818,19.707106781);
#10820=EDGE_CURVE('',#6409,#8588,#10819,.T.);
#10821=ORIENTED_EDGE('',*,*,#10820,.T.);
#10822=ORIENTED_EDGE('',*,*,#8603,.T.);
#10823=ORIENTED_EDGE('',*,*,#8531,.T.);
#10824=ORIENTED_EDGE('',*,*,#7360,.T.);
#10825=ORIENTED_EDGE('',*,*,#8682,.T.);
#10826=ORIENTED_EDGE('',*,*,#5974,.F.);
#10827=EDGE_LOOP('',(#10814,#10821,#10822,#10823,#10824,#10825,#10826));
#10828=FACE_BOUND('',#10827,.T.);
#10829=ADVANCED_FACE('',(#10828),#10813,.T.);
#10830=CARTESIAN_POINT('',(0.,0.,4.9));
#10831=DIRECTION('',(0.,0.,-1.));
#10832=DIRECTION('',(-1.,0.,0.));
#10833=AXIS2_PLACEMENT_3D('',#10830,#10831,#10832);
#10834=CYLINDRICAL_SURFACE('',#10833,20.);
#10835=ORIENTED_EDGE('',*,*,#6450,.F.);
#10836=CARTESIAN_POINT('',(0.,0.,2.414213562));
#10837=DIRECTION('',(-0.,-0.,1.));
#10838=DIRECTION('',(-1.,0.,0.));
#10839=AXIS2_PLACEMENT_3D('',#10836,#10837,#10838);
#10840=CIRCLE('',#10839,20.);
#10841=EDGE_CURVE('',#6443,#238,#10840,.T.);
#10842=ORIENTED_EDGE('',*,*,#10841,.T.);
#10843=ORIENTED_EDGE('',*,*,#245,.T.);
#10844=ORIENTED_EDGE('',*,*,#7824,.T.);
#10845=CARTESIAN_POINT('',(0.,0.,4.085786438));
#10846=DIRECTION('',(-0.,-0.,-1.));
#10847=DIRECTION('',(1.,0.,-0.));
#10848=AXIS2_PLACEMENT_3D('',#10845,#10846,#10847);
#10849=CIRCLE('',#10848,20.);
#10850=EDGE_CURVE('',#7811,#6445,#10849,.T.);
#10851=ORIENTED_EDGE('',*,*,#10850,.T.);
#10852=EDGE_LOOP('',(#10835,#10842,#10843,#10844,#10851));
#10853=FACE_BOUND('',#10852,.T.);
#10854=ADVANCED_FACE('',(#10853),#10834,.T.);
#10855=CARTESIAN_POINT('',(0.,22.,6.5));
#10856=DIRECTION('',(0.,0.,-1.));
#10857=DIRECTION('',(-1.,0.,0.));
#10858=AXIS2_PLACEMENT_3D('',#10855,#10856,#10857);
#10859=CYLINDRICAL_SURFACE('',#10858,6.);
#10860=ORIENTED_EDGE('',*,*,#6682,.F.);
#10861=CARTESIAN_POINT('',(0.,22.,2.414213562));
#10862=DIRECTION('',(-0.,-0.,1.));
#10863=DIRECTION('',(-1.,0.,0.));
#10864=AXIS2_PLACEMENT_3D('',#10861,#10862,#10863);
#10865=CIRCLE('',#10864,6.);
#10866=EDGE_CURVE('',#6675,#7157,#10865,.T.);
#10867=ORIENTED_EDGE('',*,*,#10866,.T.);
#10868=ORIENTED_EDGE('',*,*,#7164,.T.);
#10869=ORIENTED_EDGE('',*,*,#7587,.T.);
#10870=EDGE_LOOP('',(#10860,#10867,#10868,#10869));
#10871=FACE_BOUND('',#10870,.T.);
#10872=ADVANCED_FACE('',(#10871),#10859,.T.);
#10873=CARTESIAN_POINT('',(0.,22.,6.5));
#10874=DIRECTION('',(0.,0.,-1.));
#10875=DIRECTION('',(-1.,0.,0.));
#10876=AXIS2_PLACEMENT_3D('',#10873,#10874,#10875);
#10877=CONICAL_SURFACE('',#10876,4.,45.);
#10878=ORIENTED_EDGE('',*,*,#6765,.F.);
#10879=ORIENTED_EDGE('',*,*,#7565,.T.);
#10880=ORIENTED_EDGE('',*,*,#7638,.T.);
#10881=ORIENTED_EDGE('',*,*,#7125,.T.);
#10882=ORIENTED_EDGE('',*,*,#6269,.F.);
#10883=EDGE_LOOP('',(#10878,#10879,#10880,#10881,#10882));
#10884=FACE_BOUND('',#10883,.T.);
#10885=ADVANCED_FACE('',(#10884),#10877,.T.);
#10886=CARTESIAN_POINT('',(0.,0.,4.085786438));
#10887=DIRECTION('',(0.,0.,1.));
#10888=DIRECTION('',(1.,0.,-0.));
#10889=AXIS2_PLACEMENT_3D('',#10886,#10887,#10888);
#10890=TOROIDAL_SURFACE('',#10889,19.,1.);
#10891=ORIENTED_EDGE('',*,*,#7817,.F.);
#10892=ORIENTED_EDGE('',*,*,#10799,.F.);
#10893=ORIENTED_EDGE('',*,*,#6381,.F.);
#10894=ORIENTED_EDGE('',*,*,#7797,.T.);
#10895=ORIENTED_EDGE('',*,*,#6459,.F.);
#10896=ORIENTED_EDGE('',*,*,#10850,.F.);
#10897=EDGE_LOOP('',(#10891,#10892,#10893,#10894,#10895,#10896));
#10898=FACE_BOUND('',#10897,.T.);
#10899=ADVANCED_FACE('',(#10898),#10890,.T.);
#10900=CARTESIAN_POINT('',(0.,22.,4.085786438));
#10901=DIRECTION('',(0.,0.,1.));
#10902=DIRECTION('',(1.,0.,-0.));
#10903=AXIS2_PLACEMENT_3D('',#10900,#10901,#10902);
#10904=TOROIDAL_SURFACE('',#10903,5.,1.);
#10905=ORIENTED_EDGE('',*,*,#8059,.F.);
#10906=ORIENTED_EDGE('',*,*,#5761,.F.);
#10907=ORIENTED_EDGE('',*,*,#8043,.T.);
#10908=ORIENTED_EDGE('',*,*,#5842,.F.);
#10909=EDGE_LOOP('',(#10905,#10906,#10907,#10908));
#10910=FACE_BOUND('',#10909,.T.);
#10911=ADVANCED_FACE('',(#10910),#10904,.T.);
#10912=CARTESIAN_POINT('',(0.,22.,2.414213562));
#10913=DIRECTION('',(0.,0.,-1.));
#10914=DIRECTION('',(-1.,0.,0.));
#10915=AXIS2_PLACEMENT_3D('',#10912,#10913,#10914);
#10916=TOROIDAL_SURFACE('',#10915,5.,1.);
#10917=ORIENTED_EDGE('',*,*,#8098,.F.);
#10918=ORIENTED_EDGE('',*,*,#6831,.F.);
#10919=ORIENTED_EDGE('',*,*,#8196,.F.);
#10920=ORIENTED_EDGE('',*,*,#10866,.F.);
#10921=EDGE_LOOP('',(#10917,#10918,#10919,#10920));
#10922=FACE_BOUND('',#10921,.T.);
#10923=ADVANCED_FACE('',(#10922),#10916,.T.);
#10924=CARTESIAN_POINT('',(0.,0.,2.414213562));
#10925=DIRECTION('',(0.,0.,-1.));
#10926=DIRECTION('',(-1.,0.,0.));
#10927=AXIS2_PLACEMENT_3D('',#10924,#10925,#10926);
#10928=TOROIDAL_SURFACE('',#10927,19.,1.);
#10929=ORIENTED_EDGE('',*,*,#8594,.F.);
#10930=ORIENTED_EDGE('',*,*,#10820,.F.);
#10931=ORIENTED_EDGE('',*,*,#6432,.F.);
#10932=ORIENTED_EDGE('',*,*,#8576,.T.);
#10933=ORIENTED_EDGE('',*,*,#10841,.F.);
#10934=EDGE_LOOP('',(#10929,#10930,#10931,#10932,#10933));
#10935=FACE_BOUND('',#10934,.T.);
#10936=ADVANCED_FACE('',(#10935),#10928,.T.);
#10937=CLOSED_SHELL('',(#231,#333,#385,#3391,#5151,#5371,#5533,#5596,#5746,#5804,#5847,#5889,#5991,#6340,#6385,#6402,#6436,#6478,#6643,#6668,#6711,#6753,#6816,#6884,#6993,#7150,
#7243,#7383,#7552,#7598,#7642,#7764,#7802,#7844,#7888,#8010,#8048,#8087,#8126,#8165,#8209,#8253,#8375,#8497,#8543,#8581,#8607,#8636,#8666,#8694,#8728,
#8758,#8780,#8810,#8832,#8848,#8876,#8906,#8936,#8965,#8987,#9017,#9039,#9073,#9089,#9107,#9173,#9229,#9242,#9260,#9279,#9298,#9311,#9463,#10774,#10787,
#10808,#10829,#10854,#10872,#10885,#10899,#10911,#10923,#10936));
#10938=MANIFOLD_SOLID_BREP('Airtag Holder',#10937);
#10939=DRAUGHTING_PRE_DEFINED_COLOUR('red');
#10940=FILL_AREA_STYLE_COLOUR('',#10939);
#10941=FILL_AREA_STYLE('',(#10940));
#10942=SURFACE_STYLE_FILL_AREA(#10941);
#10943=SURFACE_SIDE_STYLE('',(#10942));
#10944=SURFACE_STYLE_USAGE(.BOTH.,#10943);
#10945=PRESENTATION_STYLE_ASSIGNMENT((#10944));
#26=STYLED_ITEM('',(#10945),#10938);
#16=SHAPE_REPRESENTATION('root',(#15),#10);
#17=ADVANCED_BREP_SHAPE_REPRESENTATION('root',(#10938),#10);
#10953=SHAPE_REPRESENTATION_RELATIONSHIP('','',#16,#17);
#10954=APPLICATION_CONTEXT('data for automotive mechanical design processes');
#10955=APPLICATION_PROTOCOL_DEFINITION('international standard','automotive_design',1994,#10954);
#10956=PRODUCT_CONTEXT('',#10954,'mechanical');
#10957=PRODUCT_DEFINITION_CONTEXT('part definition',#10954,'design');
#24=PRODUCT('root','root','',(#10956));
#10958=PRODUCT_RELATED_PRODUCT_CATEGORY('part','',(#24));
#10959=PRODUCT_DEFINITION_FORMATION_WITH_SPECIFIED_SOURCE('','',#24,.NOT_KNOWN.);
#25=PRODUCT_DEFINITION('design','',#10959,#10957);
#23=PRODUCT_DEFINITION_SHAPE('','',#25);
#10960=SHAPE_DEFINITION_REPRESENTATION(#23,#16);
#11=DRAUGHTING_MODEL('',(),#10);
#1=MECHANICAL_DESIGN_GEOMETRIC_PRESENTATION_REPRESENTATION('',(#26),#10);
ENDSEC;
END-ISO-10303-21;
