ISO-10303-21;
HEADER;

/* File generated by Shapr3D Version 26.120.0.11243 */

FILE_DESCRIPTION(('HOOPS Exchange Step'),'2;1');

FILE_NAME('/Users/userzero/Library/Containers/com.shapr3d.shapr/Data/tmp/export/temp_export',
'1970-01-01T00:00:00',
('userzero'),
('Shapr3D Limited'),
'HOOPS Exchange 2026.3',
'Shapr3D',
'Authorized');

FILE_SCHEMA( ('AP242_MANAGED_MODEL_BASED_3D_ENGINEERING_MIM_LF {1 0 10303 442 1 1 4}') );

ENDSEC;

DATA;
#3=(NAMED_UNIT(*)PLANE_ANGLE_UNIT()SI_UNIT($,.RADIAN.));
#4=PLANE_ANGLE_MEASURE_WITH_UNIT(PLANE_ANGLE_MEASURE(0.0174532925),#3);
#5=(CONVERSION_BASED_UNIT('DEGREE',#4)NAMED_UNIT(#6)PLANE_ANGLE_UNIT());
#6=DIMENSIONAL_EXPONENTS(0.,0.,0.,0.,0.,0.,0.);
#7=(NAMED_UNIT(*)SI_UNIT($,.STERADIAN.)SOLID_ANGLE_UNIT());
#8=(LENGTH_UNIT()NAMED_UNIT(*)SI_UNIT(.MILLI.,.METRE.));
#9=UNCERTAINTY_MEASURE_WITH_UNIT(LENGTH_MEASURE(1.000000E-03),#8,'DISTANCE_ACCURACY_VALUE','Maximum Tolerance applied to model');
#10=(GEOMETRIC_REPRESENTATION_CONTEXT(3)GLOBAL_UNCERTAINTY_ASSIGNED_CONTEXT((#9))GLOBAL_UNIT_ASSIGNED_CONTEXT((#8,#5,#7))REPRESENTATION_CONTEXT('','root'));
#12=CARTESIAN_POINT('',(0.,0.,0.));
#13=DIRECTION('',(0.,0.,1.));
#14=DIRECTION('',(1.,0.,0.));
#15=AXIS2_PLACEMENT_3D('',#12,#13,#14);
#26=(NAMED_UNIT(*)PLANE_ANGLE_UNIT()SI_UNIT($,.RADIAN.));
#27=PLANE_ANGLE_MEASURE_WITH_UNIT(PLANE_ANGLE_MEASURE(0.0174532925),#26);
#28=(CONVERSION_BASED_UNIT('DEGREE',#27)NAMED_UNIT(#29)PLANE_ANGLE_UNIT());
#29=DIMENSIONAL_EXPONENTS(0.,0.,0.,0.,0.,0.,0.);
#30=(NAMED_UNIT(*)SI_UNIT($,.STERADIAN.)SOLID_ANGLE_UNIT());
#31=(LENGTH_UNIT()NAMED_UNIT(*)SI_UNIT(.MILLI.,.METRE.));
#32=UNCERTAINTY_MEASURE_WITH_UNIT(LENGTH_MEASURE(1.000000E-03),#31,'DISTANCE_ACCURACY_VALUE','Maximum Tolerance applied to model');
#33=(GEOMETRIC_REPRESENTATION_CONTEXT(3)GLOBAL_UNCERTAINTY_ASSIGNED_CONTEXT((#32))GLOBAL_UNIT_ASSIGNED_CONTEXT((#31,#28,#30))REPRESENTATION_CONTEXT('','Folder 03'));
#45=CARTESIAN_POINT('',(0.,0.,0.));
#46=DIRECTION('',(0.,0.,1.));
#47=DIRECTION('',(1.,0.,-0.));
#48=AXIS2_PLACEMENT_3D('',#45,#46,#47);
#49=ITEM_DEFINED_TRANSFORMATION('','',#48,#15);
#50=(REPRESENTATION_RELATIONSHIP('','',#35,#16)REPRESENTATION_RELATIONSHIP_WITH_TRANSFORMATION(#49)SHAPE_REPRESENTATION_RELATIONSHIP());
#51=NEXT_ASSEMBLY_USAGE_OCCURRENCE('Folder 03_1','Folder 03','Folder 03',#25,#44,$);
#52=PRODUCT_DEFINITION_SHAPE('','',#51);
#53=CONTEXT_DEPENDENT_SHAPE_REPRESENTATION(#50,#52);
#35=SHAPE_REPRESENTATION('Folder 03',(#15),#33);
#54=CARTESIAN_POINT('',(0.,0.,0.));
#55=DIRECTION('',(0.,0.,1.));
#56=DIRECTION('',(1.,0.,0.));
#57=AXIS2_PLACEMENT_3D('',#54,#55,#56);
#59=MAPPED_ITEM('',#58,#57);
#58=REPRESENTATION_MAP(#57,#35);
#60=APPLICATION_CONTEXT('Managed model based 3d engineering');
#61=APPLICATION_PROTOCOL_DEFINITION('international standard','ap242_managed_model_based_3d_engineering',2014,#60);
#62=PRODUCT_CONTEXT('',#60,'mechanical');
#63=PRODUCT_DEFINITION_CONTEXT('part definition',#60,'design');
#43=PRODUCT('Folder 03','Folder 03','',(#62));
#64=PRODUCT_RELATED_PRODUCT_CATEGORY('part','',(#43));
#65=PRODUCT_DEFINITION_FORMATION_WITH_SPECIFIED_SOURCE('','',#43,.NOT_KNOWN.);
#44=PRODUCT_DEFINITION('design','',#65,#63);
#42=PRODUCT_DEFINITION_SHAPE('','',#44);
#66=SHAPE_DEFINITION_REPRESENTATION(#42,#35);
#34=DRAUGHTING_MODEL('',(#59),#33);
#67=(NAMED_UNIT(*)PLANE_ANGLE_UNIT()SI_UNIT($,.RADIAN.));
#68=PLANE_ANGLE_MEASURE_WITH_UNIT(PLANE_ANGLE_MEASURE(0.0174532925),#67);
#69=(CONVERSION_BASED_UNIT('DEGREE',#68)NAMED_UNIT(#70)PLANE_ANGLE_UNIT());
#70=DIMENSIONAL_EXPONENTS(0.,0.,0.,0.,0.,0.,0.);
#71=(NAMED_UNIT(*)SI_UNIT($,.STERADIAN.)SOLID_ANGLE_UNIT());
#72=(LENGTH_UNIT()NAMED_UNIT(*)SI_UNIT(.MILLI.,.METRE.));
#73=UNCERTAINTY_MEASURE_WITH_UNIT(LENGTH_MEASURE(1.000000E-05),#72,'DISTANCE_ACCURACY_VALUE','Maximum Tolerance applied to model');
#74=(GEOMETRIC_REPRESENTATION_CONTEXT(3)GLOBAL_UNCERTAINTY_ASSIGNED_CONTEXT((#73))GLOBAL_UNIT_ASSIGNED_CONTEXT((#72,#69,#71))REPRESENTATION_CONTEXT('','16mm spanner.step'));
#86=CARTESIAN_POINT('',(0.,0.,0.));
#87=DIRECTION('',(0.,0.,1.));
#88=DIRECTION('',(1.,0.,-0.));
#89=AXIS2_PLACEMENT_3D('',#86,#87,#88);
#90=ITEM_DEFINED_TRANSFORMATION('','',#89,#15);
#91=(REPRESENTATION_RELATIONSHIP('','',#76,#16)REPRESENTATION_RELATIONSHIP_WITH_TRANSFORMATION(#90)SHAPE_REPRESENTATION_RELATIONSHIP());
#92=NEXT_ASSEMBLY_USAGE_OCCURRENCE('16mm spanner.step_2','16mm spanner.step','16mm spanner.step',#25,#85,$);
#93=PRODUCT_DEFINITION_SHAPE('','',#92);
#94=CONTEXT_DEPENDENT_SHAPE_REPRESENTATION(#91,#93);
#96=CARTESIAN_POINT('',(-70.626752672,-39.12,16.018019011));
#97=DIRECTION('',(-0.,0.,1.));
#98=DIRECTION('',(1.,0.,0.));
#99=AXIS2_PLACEMENT_3D('',#96,#97,#98);
#100=PLANE('',#99);
#101=CARTESIAN_POINT('',(-85.976570404,10.067339825,16.018019011));
#102=VERTEX_POINT('',#101);
#103=CARTESIAN_POINT('',(-86.490481955,-10.525733203,16.018019011));
#104=VERTEX_POINT('',#103);
#105=CARTESIAN_POINT('',(-85.976551097,10.067348422,16.018019011));
#106=CARTESIAN_POINT('',(-85.594714992,9.209810877,16.018019011));
#107=CARTESIAN_POINT('',(-85.280444888,8.323063343,16.018019011));
#108=CARTESIAN_POINT('',(-84.774892946,6.896593149,16.018019011));
#109=CARTESIAN_POINT('',(-84.452492749,5.416871268,16.018019011));
#110=CARTESIAN_POINT('',(-84.141825539,3.991000339,16.018019011));
#111=CARTESIAN_POINT('',(-84.00627997,2.536944229,16.018019011));
#112=CARTESIAN_POINT('',(-83.876272262,1.142295154,16.018019011));
#113=CARTESIAN_POINT('',(-83.909569574,-0.259053253,16.018019011));
#114=CARTESIAN_POINT('',(-83.943394037,-1.682587325,16.018019011));
#115=CARTESIAN_POINT('',(-84.145618437,-3.093158707,16.018019011));
#116=CARTESIAN_POINT('',(-84.35601902,-4.560761237,16.018019011));
#117=CARTESIAN_POINT('',(-84.74590131,-5.992279455,16.018019011));
#118=CARTESIAN_POINT('',(-85.148751609,-7.471411893,16.018019011));
#119=CARTESIAN_POINT('',(-85.737089907,-8.888161345,16.018019011));
#120=CARTESIAN_POINT('',(-86.08332339,-9.721909716,16.018019011));
#121=CARTESIAN_POINT('',(-86.490455123,-10.525746792,16.018019011));
#122=B_SPLINE_CURVE_WITH_KNOTS('',2,(#105,#106,#107,#108,#109,#110,#111,#112,#113,#114,#115,#116,#117,#118,#119,#120,#121),.UNSPECIFIED.,.F.,.F.,(3,2,2,2,2,2,2,2,3),(0.049551968,0.125,0.25,0.375,0.5,0.625,0.75,0.875,0.946731602),.UNSPECIFIED.);
#123=EDGE_CURVE('',#102,#104,#122,.T.);
#124=ORIENTED_EDGE('',*,*,#123,.T.);
#125=CARTESIAN_POINT('',(-70.626752672,-6.42,16.018019011));
#126=VERTEX_POINT('',#125);
#127=CARTESIAN_POINT('',(-70.626752672,-39.12,16.018019011));
#128=DIRECTION('',(0.,-0.,-1.));
#129=DIRECTION('',(1.,0.,0.));
#130=AXIS2_PLACEMENT_3D('',#127,#128,#129);
#131=CIRCLE('',#130,32.7);
#132=EDGE_CURVE('',#104,#126,#131,.T.);
#133=ORIENTED_EDGE('',*,*,#132,.T.);
#134=CARTESIAN_POINT('',(-10.307803402,-6.42,16.018019011));
#135=VERTEX_POINT('',#134);
#136=CARTESIAN_POINT('',(-70.626752672,-6.42,16.018019011));
#137=DIRECTION('',(1.,0.,0.));
#138=VECTOR('',#137,60.31894927);
#139=LINE('',#136,#138);
#140=EDGE_CURVE('',#126,#135,#139,.T.);
#141=ORIENTED_EDGE('',*,*,#140,.T.);
#142=CARTESIAN_POINT('',(-6.007803402,-2.12,16.018019011));
#143=VERTEX_POINT('',#142);
#144=CARTESIAN_POINT('',(-10.307803402,-2.12,16.018019011));
#145=DIRECTION('',(-0.,0.,1.));
#146=DIRECTION('',(1.,0.,0.));
#147=AXIS2_PLACEMENT_3D('',#144,#145,#146);
#148=CIRCLE('',#147,4.3);
#149=EDGE_CURVE('',#135,#143,#148,.T.);
#150=ORIENTED_EDGE('',*,*,#149,.T.);
#151=CARTESIAN_POINT('',(-6.007803402,2.12,16.018019011));
#152=VERTEX_POINT('',#151);
#153=CARTESIAN_POINT('',(-6.007803402,-2.12,16.018019011));
#154=DIRECTION('',(-0.,1.,-0.));
#155=VECTOR('',#154,4.24);
#156=LINE('',#153,#155);
#157=EDGE_CURVE('',#143,#152,#156,.T.);
#158=ORIENTED_EDGE('',*,*,#157,.T.);
#159=CARTESIAN_POINT('',(-10.307803402,6.42,16.018019011));
#160=VERTEX_POINT('',#159);
#161=CARTESIAN_POINT('',(-10.307803402,2.12,16.018019011));
#162=DIRECTION('',(-0.,0.,1.));
#163=DIRECTION('',(1.,0.,0.));
#164=AXIS2_PLACEMENT_3D('',#161,#162,#163);
#165=CIRCLE('',#164,4.3);
#166=EDGE_CURVE('',#152,#160,#165,.T.);
#167=ORIENTED_EDGE('',*,*,#166,.T.);
#168=CARTESIAN_POINT('',(-71.850153151,6.42,16.018019011));
#169=VERTEX_POINT('',#168);
#170=CARTESIAN_POINT('',(-10.307803402,6.42,16.018019011));
#171=DIRECTION('',(-1.,-0.,-0.));
#172=VECTOR('',#171,61.542349749);
#173=LINE('',#170,#172);
#174=EDGE_CURVE('',#160,#169,#173,.T.);
#175=ORIENTED_EDGE('',*,*,#174,.T.);
#176=CARTESIAN_POINT('',(-71.850153151,35.6,16.018019011));
#177=DIRECTION('',(0.,-0.,-1.));
#178=DIRECTION('',(1.,0.,0.));
#179=AXIS2_PLACEMENT_3D('',#176,#177,#178);
#180=CIRCLE('',#179,29.18);
#181=EDGE_CURVE('',#169,#102,#180,.T.);
#182=ORIENTED_EDGE('',*,*,#181,.T.);
#183=EDGE_LOOP('',(#124,#133,#141,#150,#158,#167,#175,#182));
#184=FACE_BOUND('',#183,.T.);
#185=CARTESIAN_POINT('',(-19.759778658,0.,16.018019011));
#186=VERTEX_POINT('',#185);
#187=CARTESIAN_POINT('',(-17.445470104,-4.0085,16.018019011));
#188=VERTEX_POINT('',#187);
#189=CARTESIAN_POINT('',(-19.759778658,0.,16.018019011));
#190=DIRECTION('',(0.5,-0.866025404,0.));
#191=VECTOR('',#190,4.628617108);
#192=LINE('',#189,#191);
#193=EDGE_CURVE('',#186,#188,#192,.T.);
#194=ORIENTED_EDGE('',*,*,#193,.F.);
#195=CARTESIAN_POINT('',(-17.445470104,4.0085,16.018019011));
#196=VERTEX_POINT('',#195);
#197=CARTESIAN_POINT('',(-17.445470104,4.0085,16.018019011));
#198=DIRECTION('',(-0.5,-0.866025404,-0.));
#199=VECTOR('',#198,4.628617108);
#200=LINE('',#197,#199);
#201=EDGE_CURVE('',#196,#186,#200,.T.);
#202=ORIENTED_EDGE('',*,*,#201,.F.);
#203=CARTESIAN_POINT('',(-12.816852995,4.0085,16.018019011));
#204=VERTEX_POINT('',#203);
#205=CARTESIAN_POINT('',(-12.816852995,4.0085,16.018019011));
#206=DIRECTION('',(-1.,0.,-0.));
#207=VECTOR('',#206,4.628617108);
#208=LINE('',#205,#207);
#209=EDGE_CURVE('',#204,#196,#208,.T.);
#210=ORIENTED_EDGE('',*,*,#209,.F.);
#211=CARTESIAN_POINT('',(-10.502544441,-0.,16.018019011));
#212=VERTEX_POINT('',#211);
#213=CARTESIAN_POINT('',(-10.502544441,-0.,16.018019011));
#214=DIRECTION('',(-0.5,0.866025404,-0.));
#215=VECTOR('',#214,4.628617108);
#216=LINE('',#213,#215);
#217=EDGE_CURVE('',#212,#204,#216,.T.);
#218=ORIENTED_EDGE('',*,*,#217,.F.);
#219=CARTESIAN_POINT('',(-12.816852995,-4.0085,16.018019011));
#220=VERTEX_POINT('',#219);
#221=CARTESIAN_POINT('',(-12.816852995,-4.0085,16.018019011));
#222=DIRECTION('',(0.5,0.866025404,0.));
#223=VECTOR('',#222,4.628617108);
#224=LINE('',#221,#223);
#225=EDGE_CURVE('',#220,#212,#224,.T.);
#226=ORIENTED_EDGE('',*,*,#225,.F.);
#227=CARTESIAN_POINT('',(-17.445470104,-4.0085,16.018019011));
#228=DIRECTION('',(1.,-0.,0.));
#229=VECTOR('',#228,4.628617108);
#230=LINE('',#227,#229);
#231=EDGE_CURVE('',#188,#220,#230,.T.);
#232=ORIENTED_EDGE('',*,*,#231,.F.);
#233=EDGE_LOOP('',(#194,#202,#210,#218,#226,#232));
#234=FACE_BOUND('',#233,.T.);
#235=CARTESIAN_POINT('',(-56.6799591,1.767893661,16.018019011));
#236=VERTEX_POINT('',#235);
#237=CARTESIAN_POINT('',(-53.669052488,0.341172461,16.018019011));
#238=VERTEX_POINT('',#237);
#239=CARTESIAN_POINT('',(-56.6799591,1.767893661,16.018019011));
#240=CARTESIAN_POINT('',(-56.6799591,2.53135651,16.018019011));
#241=CARTESIAN_POINT('',(-56.131220177,3.051465576,16.018019011));
#242=CARTESIAN_POINT('',(-55.582481254,3.571574642,16.018019011));
#243=CARTESIAN_POINT('',(-54.671097478,3.571574642,16.018019011));
#244=CARTESIAN_POINT('',(-53.754942059,3.571574642,16.018019011));
#245=CARTESIAN_POINT('',(-53.19665985,3.039536469,16.018019011));
#246=CARTESIAN_POINT('',(-52.638377641,2.507498296,16.018019011));
#247=CARTESIAN_POINT('',(-52.638377641,1.744035446,16.018019011));
#248=CARTESIAN_POINT('',(-52.638377641,1.25732788,16.018019011));
#249=CARTESIAN_POINT('',(-52.893660532,0.897068848,16.018019011));
#250=CARTESIAN_POINT('',(-53.148943422,0.536809816,16.018019011));
#251=CARTESIAN_POINT('',(-53.669052488,0.341172461,16.018019011));
#252=B_SPLINE_CURVE_WITH_KNOTS('',2,(#239,#240,#241,#242,#243,#244,#245,#246,#247,#248,#249,#250,#251),.UNSPECIFIED.,.F.,.F.,(3,2,2,2,2,2,3),(0.,0.070573489,0.141146979,0.212089963,0.283032947,0.3282591,0.373485252),.UNSPECIFIED.);
#253=EDGE_CURVE('',#236,#238,#252,.T.);
#254=ORIENTED_EDGE('',*,*,#253,.T.);
#255=CARTESIAN_POINT('',(-55.630197682,0.341172461,16.018019011));
#256=VERTEX_POINT('',#255);
#257=CARTESIAN_POINT('',(-53.669052488,0.341172461,16.018019011));
#258=CARTESIAN_POINT('',(-53.024880709,0.131220177,16.018019011));
#259=CARTESIAN_POINT('',(-52.688479891,-0.336400818,16.018019011));
#260=CARTESIAN_POINT('',(-52.352079073,-0.804021813,16.018019011));
#261=CARTESIAN_POINT('',(-52.352079073,-1.452965235,16.018019011));
#262=CARTESIAN_POINT('',(-52.352079073,-2.350034083,16.018019011));
#263=CARTESIAN_POINT('',(-52.986707566,-2.960804363,16.018019011));
#264=CARTESIAN_POINT('',(-53.62133606,-3.571574642,16.018019011));
#265=CARTESIAN_POINT('',(-54.656782549,-3.571574642,16.018019011));
#266=CARTESIAN_POINT('',(-55.692229039,-3.571574642,16.018019011));
#267=CARTESIAN_POINT('',(-56.326857532,-2.958418541,16.018019011));
#268=CARTESIAN_POINT('',(-56.961486026,-2.34526244,16.018019011));
#269=CARTESIAN_POINT('',(-56.961486026,-1.429107021,16.018019011));
#270=CARTESIAN_POINT('',(-56.961486026,-0.7467621,16.018019011));
#271=CARTESIAN_POINT('',(-56.615541922,-0.286298569,16.018019011));
#272=CARTESIAN_POINT('',(-56.269597819,0.174164963,16.018019011));
#273=CARTESIAN_POINT('',(-55.630197682,0.341172461,16.018019011));
#274=B_SPLINE_CURVE_WITH_KNOTS('',2,(#257,#258,#259,#260,#261,#262,#263,#264,#265,#266,#267,#268,#269,#270,#271,#272,#273),.UNSPECIFIED.,.F.,.F.,(3,2,2,2,2,2,2,2,3),(0.373485252,0.428627416,0.483769581,0.559995513,0.636221446,0.712447379,0.788673312,0.845445752,0.902218191),.UNSPECIFIED.);
#275=EDGE_CURVE('',#238,#256,#274,.T.);
#276=ORIENTED_EDGE('',*,*,#275,.T.);
#277=CARTESIAN_POINT('',(-55.630197682,0.341172461,16.018019011));
#278=CARTESIAN_POINT('',(-56.164621677,0.536809816,16.018019011));
#279=CARTESIAN_POINT('',(-56.422290389,0.899454669,16.018019011));
#280=CARTESIAN_POINT('',(-56.6799591,1.262099523,16.018019011));
#281=CARTESIAN_POINT('',(-56.6799591,1.767893661,16.018019011));
#282=B_SPLINE_CURVE_WITH_KNOTS('',2,(#277,#278,#279,#280,#281),.UNSPECIFIED.,.F.,.F.,(3,2,3),(0.902218191,0.951109096,1.),.UNSPECIFIED.);
#283=EDGE_CURVE('',#256,#236,#282,.T.);
#284=ORIENTED_EDGE('',*,*,#283,.T.);
#285=EDGE_LOOP('',(#254,#276,#284));
#286=FACE_BOUND('',#285,.T.);
#287=CARTESIAN_POINT('',(-47.542263122,0.842194956,16.018019011));
#288=VERTEX_POINT('',#287);
#289=CARTESIAN_POINT('',(-44.41206544,0.026244035,16.018019011));
#290=VERTEX_POINT('',#289);
#291=CARTESIAN_POINT('',(-47.542263122,0.842194956,16.018019011));
#292=CARTESIAN_POINT('',(-46.941036128,1.729720518,16.018019011));
#293=CARTESIAN_POINT('',(-45.977164281,1.729720518,16.018019011));
#294=CARTESIAN_POINT('',(-45.223244717,1.729720518,16.018019011));
#295=CARTESIAN_POINT('',(-44.817655078,1.312201772,16.018019011));
#296=CARTESIAN_POINT('',(-44.41206544,0.894683027,16.018019011));
#297=CARTESIAN_POINT('',(-44.41206544,0.026244035,16.018019011));
#298=B_SPLINE_CURVE_WITH_KNOTS('',2,(#291,#292,#293,#294,#295,#296,#297),.UNSPECIFIED.,.F.,.F.,(3,2,2,3),(0.380751547,0.622234535,0.811117267,1.),.UNSPECIFIED.);
#299=EDGE_CURVE('',#288,#290,#298,.T.);
#300=ORIENTED_EDGE('',*,*,#299,.T.);
#301=CARTESIAN_POINT('',(-44.41206544,-3.452283572,16.018019011));
#302=VERTEX_POINT('',#301);
#303=CARTESIAN_POINT('',(-44.41206544,0.026244035,16.018019011));
#304=DIRECTION('',(0.,-1.,0.));
#305=VECTOR('',#304,3.478527607);
#306=LINE('',#303,#305);
#307=EDGE_CURVE('',#290,#302,#306,.T.);
#308=ORIENTED_EDGE('',*,*,#307,.T.);
#309=CARTESIAN_POINT('',(-45.266189502,-3.452283572,16.018019011));
#310=VERTEX_POINT('',#309);
#311=CARTESIAN_POINT('',(-44.41206544,-3.452283572,16.018019011));
#312=DIRECTION('',(-1.,0.,-0.));
#313=VECTOR('',#312,0.854124063);
#314=LINE('',#311,#313);
#315=EDGE_CURVE('',#302,#310,#314,.T.);
#316=ORIENTED_EDGE('',*,*,#315,.T.);
#317=CARTESIAN_POINT('',(-45.266189502,-0.260054533,16.018019011));
#318=VERTEX_POINT('',#317);
#319=CARTESIAN_POINT('',(-45.266189502,-3.452283572,16.018019011));
#320=DIRECTION('',(0.,1.,0.));
#321=VECTOR('',#320,3.192229039);
#322=LINE('',#319,#321);
#323=EDGE_CURVE('',#310,#318,#322,.T.);
#324=ORIENTED_EDGE('',*,*,#323,.T.);
#325=CARTESIAN_POINT('',(-47.408657123,-0.508179959,16.018019011));
#326=VERTEX_POINT('',#325);
#327=CARTESIAN_POINT('',(-45.266189502,-0.260054533,16.018019011));
#328=CARTESIAN_POINT('',(-45.266189502,0.25528289,16.018019011));
#329=CARTESIAN_POINT('',(-45.349693252,0.481935924,16.018019011));
#330=CARTESIAN_POINT('',(-45.433197001,0.708588957,16.018019011));
#331=CARTESIAN_POINT('',(-45.65269257,0.846966599,16.018019011));
#332=CARTESIAN_POINT('',(-45.872188139,0.98534424,16.018019011));
#333=CARTESIAN_POINT('',(-46.168029993,0.98534424,16.018019011));
#334=CARTESIAN_POINT('',(-46.702453988,0.98534424,16.018019011));
#335=CARTESIAN_POINT('',(-47.055555556,0.629856851,16.018019011));
#336=CARTESIAN_POINT('',(-47.408657123,0.274369461,16.018019011));
#337=CARTESIAN_POINT('',(-47.408657123,-0.508179959,16.018019011));
#338=B_SPLINE_CURVE_WITH_KNOTS('',2,(#327,#328,#329,#330,#331,#332,#333,#334,#335,#336,#337),.UNSPECIFIED.,.F.,.F.,(3,2,2,2,2,3),(0.,0.151219512,0.302439024,0.453658537,0.726829268,1.),.UNSPECIFIED.);
#339=EDGE_CURVE('',#318,#326,#338,.T.);
#340=ORIENTED_EDGE('',*,*,#339,.T.);
#341=CARTESIAN_POINT('',(-47.408657123,-3.452283572,16.018019011));
#342=VERTEX_POINT('',#341);
#343=CARTESIAN_POINT('',(-47.408657123,-0.508179959,16.018019011));
#344=DIRECTION('',(0.,-1.,0.));
#345=VECTOR('',#344,2.944103613);
#346=LINE('',#343,#345);
#347=EDGE_CURVE('',#326,#342,#346,.T.);
#348=ORIENTED_EDGE('',*,*,#347,.T.);
#349=CARTESIAN_POINT('',(-48.267552829,-3.452283572,16.018019011));
#350=VERTEX_POINT('',#349);
#351=CARTESIAN_POINT('',(-47.408657123,-3.452283572,16.018019011));
#352=DIRECTION('',(-1.,0.,-0.));
#353=VECTOR('',#352,0.858895706);
#354=LINE('',#351,#353);
#355=EDGE_CURVE('',#342,#350,#354,.T.);
#356=ORIENTED_EDGE('',*,*,#355,.T.);
#357=CARTESIAN_POINT('',(-48.267552829,-0.159850034,16.018019011));
#358=VERTEX_POINT('',#357);
#359=CARTESIAN_POINT('',(-48.267552829,-3.452283572,16.018019011));
#360=DIRECTION('',(0.,1.,0.));
#361=VECTOR('',#360,3.292433538);
#362=LINE('',#359,#361);
#363=EDGE_CURVE('',#350,#358,#362,.T.);
#364=ORIENTED_EDGE('',*,*,#363,.T.);
#365=CARTESIAN_POINT('',(-50.419563736,-0.823108384,16.018019011));
#366=VERTEX_POINT('',#365);
#367=CARTESIAN_POINT('',(-48.267552829,-0.159850034,16.018019011));
#368=CARTESIAN_POINT('',(-48.267552829,0.412747103,16.018019011));
#369=CARTESIAN_POINT('',(-48.477505112,0.699045671,16.018019011));
#370=CARTESIAN_POINT('',(-48.687457396,0.98534424,16.018019011));
#371=CARTESIAN_POINT('',(-49.164621677,0.98534424,16.018019011));
#372=CARTESIAN_POINT('',(-49.52726653,0.98534424,16.018019011));
#373=CARTESIAN_POINT('',(-49.835037491,0.794478528,16.018019011));
#374=CARTESIAN_POINT('',(-50.142808453,0.603612815,16.018019011));
#375=CARTESIAN_POINT('',(-50.281186094,0.236196319,16.018019011));
#376=CARTESIAN_POINT('',(-50.419563736,-0.131220177,16.018019011));
#377=CARTESIAN_POINT('',(-50.419563736,-0.823108384,16.018019011));
#378=B_SPLINE_CURVE_WITH_KNOTS('',2,(#367,#368,#369,#370,#371,#372,#373,#374,#375,#376,#377),.UNSPECIFIED.,.F.,.F.,(3,2,2,2,2,3),(0.,0.23364486,0.46728972,0.644859813,0.822429907,1.),.UNSPECIFIED.);
#379=EDGE_CURVE('',#358,#366,#378,.T.);
#380=ORIENTED_EDGE('',*,*,#379,.T.);
#381=CARTESIAN_POINT('',(-50.419563736,-3.452283572,16.018019011));
#382=VERTEX_POINT('',#381);
#383=CARTESIAN_POINT('',(-50.419563736,-0.823108384,16.018019011));
#384=DIRECTION('',(0.,-1.,0.));
#385=VECTOR('',#384,2.629175187);
#386=LINE('',#383,#385);
#387=EDGE_CURVE('',#366,#382,#386,.T.);
#388=ORIENTED_EDGE('',*,*,#387,.T.);
#389=CARTESIAN_POINT('',(-51.278459441,-3.452283572,16.018019011));
#390=VERTEX_POINT('',#389);
#391=CARTESIAN_POINT('',(-50.419563736,-3.452283572,16.018019011));
#392=DIRECTION('',(-1.,0.,-0.));
#393=VECTOR('',#392,0.858895706);
#394=LINE('',#391,#393);
#395=EDGE_CURVE('',#382,#390,#394,.T.);
#396=ORIENTED_EDGE('',*,*,#395,.T.);
#397=CARTESIAN_POINT('',(-51.278459441,1.615201091,16.018019011));
#398=VERTEX_POINT('',#397);
#399=CARTESIAN_POINT('',(-51.278459441,-3.452283572,16.018019011));
#400=DIRECTION('',(0.,1.,0.));
#401=VECTOR('',#400,5.067484663);
#402=LINE('',#399,#401);
#403=EDGE_CURVE('',#390,#398,#402,.T.);
#404=ORIENTED_EDGE('',*,*,#403,.T.);
#405=CARTESIAN_POINT('',(-50.510224949,1.615201091,16.018019011));
#406=VERTEX_POINT('',#405);
#407=CARTESIAN_POINT('',(-51.278459441,1.615201091,16.018019011));
#408=DIRECTION('',(1.,0.,0.));
#409=VECTOR('',#408,0.768234492);
#410=LINE('',#407,#409);
#411=EDGE_CURVE('',#398,#406,#410,.T.);
#412=ORIENTED_EDGE('',*,*,#411,.T.);
#413=CARTESIAN_POINT('',(-50.510224949,0.904226312,16.018019011));
#414=VERTEX_POINT('',#413);
#415=CARTESIAN_POINT('',(-50.510224949,1.615201091,16.018019011));
#416=DIRECTION('',(0.,-1.,0.));
#417=VECTOR('',#416,0.710974778);
#418=LINE('',#415,#417);
#419=EDGE_CURVE('',#406,#414,#418,.T.);
#420=ORIENTED_EDGE('',*,*,#419,.T.);
#421=CARTESIAN_POINT('',(-50.510224949,0.904226312,16.018019011));
#422=CARTESIAN_POINT('',(-50.271642808,1.276414451,16.018019011));
#423=CARTESIAN_POINT('',(-49.875596455,1.503067485,16.018019011));
#424=CARTESIAN_POINT('',(-49.479550102,1.729720518,16.018019011));
#425=CARTESIAN_POINT('',(-48.973755965,1.729720518,16.018019011));
#426=CARTESIAN_POINT('',(-48.410702113,1.729720518,16.018019011));
#427=CARTESIAN_POINT('',(-48.050443081,1.49591002,16.018019011));
#428=CARTESIAN_POINT('',(-47.690184049,1.262099523,16.018019011));
#429=CARTESIAN_POINT('',(-47.542263122,0.842194956,16.018019011));
#430=B_SPLINE_CURVE_WITH_KNOTS('',2,(#421,#422,#423,#424,#425,#426,#427,#428,#429),.UNSPECIFIED.,.F.,.F.,(3,2,2,2,3),(0.,0.090088536,0.180177072,0.280464309,0.380751547),.UNSPECIFIED.);
#431=EDGE_CURVE('',#414,#288,#430,.T.);
#432=ORIENTED_EDGE('',*,*,#431,.T.);
#433=EDGE_LOOP('',(#300,#308,#316,#324,#340,#348,#356,#364,#380,#388,#396,#404,#412,#420,#432));
#434=FACE_BOUND('',#433,.T.);
#435=CARTESIAN_POINT('',(-39.401840491,0.842194956,16.018019011));
#436=VERTEX_POINT('',#435);
#437=CARTESIAN_POINT('',(-36.271642808,0.026244035,16.018019011));
#438=VERTEX_POINT('',#437);
#439=CARTESIAN_POINT('',(-39.401840491,0.842194956,16.018019011));
#440=CARTESIAN_POINT('',(-38.800613497,1.729720518,16.018019011));
#441=CARTESIAN_POINT('',(-37.83674165,1.729720518,16.018019011));
#442=CARTESIAN_POINT('',(-37.082822086,1.729720518,16.018019011));
#443=CARTESIAN_POINT('',(-36.677232447,1.312201772,16.018019011));
#444=CARTESIAN_POINT('',(-36.271642808,0.894683027,16.018019011));
#445=CARTESIAN_POINT('',(-36.271642808,0.026244035,16.018019011));
#446=B_SPLINE_CURVE_WITH_KNOTS('',2,(#439,#440,#441,#442,#443,#444,#445),.UNSPECIFIED.,.F.,.F.,(3,2,2,3),(0.380751547,0.622234535,0.811117267,1.),.UNSPECIFIED.);
#447=EDGE_CURVE('',#436,#438,#446,.T.);
#448=ORIENTED_EDGE('',*,*,#447,.T.);
#449=CARTESIAN_POINT('',(-36.271642808,-3.452283572,16.018019011));
#450=VERTEX_POINT('',#449);
#451=CARTESIAN_POINT('',(-36.271642808,0.026244035,16.018019011));
#452=DIRECTION('',(0.,-1.,0.));
#453=VECTOR('',#452,3.478527607);
#454=LINE('',#451,#453);
#455=EDGE_CURVE('',#438,#450,#454,.T.);
#456=ORIENTED_EDGE('',*,*,#455,.T.);
#457=CARTESIAN_POINT('',(-37.125766871,-3.452283572,16.018019011));
#458=VERTEX_POINT('',#457);
#459=CARTESIAN_POINT('',(-36.271642808,-3.452283572,16.018019011));
#460=DIRECTION('',(-1.,0.,-0.));
#461=VECTOR('',#460,0.854124063);
#462=LINE('',#459,#461);
#463=EDGE_CURVE('',#450,#458,#462,.T.);
#464=ORIENTED_EDGE('',*,*,#463,.T.);
#465=CARTESIAN_POINT('',(-37.125766871,-0.260054533,16.018019011));
#466=VERTEX_POINT('',#465);
#467=CARTESIAN_POINT('',(-37.125766871,-3.452283572,16.018019011));
#468=DIRECTION('',(0.,1.,0.));
#469=VECTOR('',#468,3.192229039);
#470=LINE('',#467,#469);
#471=EDGE_CURVE('',#458,#466,#470,.T.);
#472=ORIENTED_EDGE('',*,*,#471,.T.);
#473=CARTESIAN_POINT('',(-39.268234492,-0.508179959,16.018019011));
#474=VERTEX_POINT('',#473);
#475=CARTESIAN_POINT('',(-37.125766871,-0.260054533,16.018019011));
#476=CARTESIAN_POINT('',(-37.125766871,0.25528289,16.018019011));
#477=CARTESIAN_POINT('',(-37.20927062,0.481935924,16.018019011));
#478=CARTESIAN_POINT('',(-37.292774369,0.708588957,16.018019011));
#479=CARTESIAN_POINT('',(-37.512269939,0.846966599,16.018019011));
#480=CARTESIAN_POINT('',(-37.731765508,0.98534424,16.018019011));
#481=CARTESIAN_POINT('',(-38.027607362,0.98534424,16.018019011));
#482=CARTESIAN_POINT('',(-38.562031357,0.98534424,16.018019011));
#483=CARTESIAN_POINT('',(-38.915132924,0.629856851,16.018019011));
#484=CARTESIAN_POINT('',(-39.268234492,0.274369461,16.018019011));
#485=CARTESIAN_POINT('',(-39.268234492,-0.508179959,16.018019011));
#486=B_SPLINE_CURVE_WITH_KNOTS('',2,(#475,#476,#477,#478,#479,#480,#481,#482,#483,#484,#485),.UNSPECIFIED.,.F.,.F.,(3,2,2,2,2,3),(0.,0.151219512,0.302439024,0.453658537,0.726829268,1.),.UNSPECIFIED.);
#487=EDGE_CURVE('',#466,#474,#486,.T.);
#488=ORIENTED_EDGE('',*,*,#487,.T.);
#489=CARTESIAN_POINT('',(-39.268234492,-3.452283572,16.018019011));
#490=VERTEX_POINT('',#489);
#491=CARTESIAN_POINT('',(-39.268234492,-0.508179959,16.018019011));
#492=DIRECTION('',(0.,-1.,0.));
#493=VECTOR('',#492,2.944103613);
#494=LINE('',#491,#493);
#495=EDGE_CURVE('',#474,#490,#494,.T.);
#496=ORIENTED_EDGE('',*,*,#495,.T.);
#497=CARTESIAN_POINT('',(-40.127130198,-3.452283572,16.018019011));
#498=VERTEX_POINT('',#497);
#499=CARTESIAN_POINT('',(-39.268234492,-3.452283572,16.018019011));
#500=DIRECTION('',(-1.,0.,-0.));
#501=VECTOR('',#500,0.858895706);
#502=LINE('',#499,#501);
#503=EDGE_CURVE('',#490,#498,#502,.T.);
#504=ORIENTED_EDGE('',*,*,#503,.T.);
#505=CARTESIAN_POINT('',(-40.127130198,-0.159850034,16.018019011));
#506=VERTEX_POINT('',#505);
#507=CARTESIAN_POINT('',(-40.127130198,-3.452283572,16.018019011));
#508=DIRECTION('',(0.,1.,0.));
#509=VECTOR('',#508,3.292433538);
#510=LINE('',#507,#509);
#511=EDGE_CURVE('',#498,#506,#510,.T.);
#512=ORIENTED_EDGE('',*,*,#511,.T.);
#513=CARTESIAN_POINT('',(-42.279141104,-0.823108384,16.018019011));
#514=VERTEX_POINT('',#513);
#515=CARTESIAN_POINT('',(-40.127130198,-0.159850034,16.018019011));
#516=CARTESIAN_POINT('',(-40.127130198,0.412747103,16.018019011));
#517=CARTESIAN_POINT('',(-40.337082481,0.699045671,16.018019011));
#518=CARTESIAN_POINT('',(-40.547034765,0.98534424,16.018019011));
#519=CARTESIAN_POINT('',(-41.024199046,0.98534424,16.018019011));
#520=CARTESIAN_POINT('',(-41.386843899,0.98534424,16.018019011));
#521=CARTESIAN_POINT('',(-41.69461486,0.794478528,16.018019011));
#522=CARTESIAN_POINT('',(-42.002385821,0.603612815,16.018019011));
#523=CARTESIAN_POINT('',(-42.140763463,0.236196319,16.018019011));
#524=CARTESIAN_POINT('',(-42.279141104,-0.131220177,16.018019011));
#525=CARTESIAN_POINT('',(-42.279141104,-0.823108384,16.018019011));
#526=B_SPLINE_CURVE_WITH_KNOTS('',2,(#515,#516,#517,#518,#519,#520,#521,#522,#523,#524,#525),.UNSPECIFIED.,.F.,.F.,(3,2,2,2,2,3),(0.,0.23364486,0.46728972,0.644859813,0.822429907,1.),.UNSPECIFIED.);
#527=EDGE_CURVE('',#506,#514,#526,.T.);
#528=ORIENTED_EDGE('',*,*,#527,.T.);
#529=CARTESIAN_POINT('',(-42.279141104,-3.452283572,16.018019011));
#530=VERTEX_POINT('',#529);
#531=CARTESIAN_POINT('',(-42.279141104,-0.823108384,16.018019011));
#532=DIRECTION('',(0.,-1.,0.));
#533=VECTOR('',#532,2.629175187);
#534=LINE('',#531,#533);
#535=EDGE_CURVE('',#514,#530,#534,.T.);
#536=ORIENTED_EDGE('',*,*,#535,.T.);
#537=CARTESIAN_POINT('',(-43.13803681,-3.452283572,16.018019011));
#538=VERTEX_POINT('',#537);
#539=CARTESIAN_POINT('',(-42.279141104,-3.452283572,16.018019011));
#540=DIRECTION('',(-1.,0.,-0.));
#541=VECTOR('',#540,0.858895706);
#542=LINE('',#539,#541);
#543=EDGE_CURVE('',#530,#538,#542,.T.);
#544=ORIENTED_EDGE('',*,*,#543,.T.);
#545=CARTESIAN_POINT('',(-43.13803681,1.615201091,16.018019011));
#546=VERTEX_POINT('',#545);
#547=CARTESIAN_POINT('',(-43.13803681,-3.452283572,16.018019011));
#548=DIRECTION('',(0.,1.,0.));
#549=VECTOR('',#548,5.067484663);
#550=LINE('',#547,#549);
#551=EDGE_CURVE('',#538,#546,#550,.T.);
#552=ORIENTED_EDGE('',*,*,#551,.T.);
#553=CARTESIAN_POINT('',(-42.369802318,1.615201091,16.018019011));
#554=VERTEX_POINT('',#553);
#555=CARTESIAN_POINT('',(-43.13803681,1.615201091,16.018019011));
#556=DIRECTION('',(1.,0.,0.));
#557=VECTOR('',#556,0.768234492);
#558=LINE('',#555,#557);
#559=EDGE_CURVE('',#546,#554,#558,.T.);
#560=ORIENTED_EDGE('',*,*,#559,.T.);
#561=CARTESIAN_POINT('',(-42.369802318,0.904226312,16.018019011));
#562=VERTEX_POINT('',#561);
#563=CARTESIAN_POINT('',(-42.369802318,1.615201091,16.018019011));
#564=DIRECTION('',(0.,-1.,0.));
#565=VECTOR('',#564,0.710974778);
#566=LINE('',#563,#565);
#567=EDGE_CURVE('',#554,#562,#566,.T.);
#568=ORIENTED_EDGE('',*,*,#567,.T.);
#569=CARTESIAN_POINT('',(-42.369802318,0.904226312,16.018019011));
#570=CARTESIAN_POINT('',(-42.131220177,1.276414451,16.018019011));
#571=CARTESIAN_POINT('',(-41.735173824,1.503067485,16.018019011));
#572=CARTESIAN_POINT('',(-41.339127471,1.729720518,16.018019011));
#573=CARTESIAN_POINT('',(-40.833333333,1.729720518,16.018019011));
#574=CARTESIAN_POINT('',(-40.270279482,1.729720518,16.018019011));
#575=CARTESIAN_POINT('',(-39.91002045,1.49591002,16.018019011));
#576=CARTESIAN_POINT('',(-39.549761418,1.262099523,16.018019011));
#577=CARTESIAN_POINT('',(-39.401840491,0.842194956,16.018019011));
#578=B_SPLINE_CURVE_WITH_KNOTS('',2,(#569,#570,#571,#572,#573,#574,#575,#576,#577),.UNSPECIFIED.,.F.,.F.,(3,2,2,2,3),(0.,0.090088536,0.180177072,0.280464309,0.380751547),.UNSPECIFIED.);
#579=EDGE_CURVE('',#562,#436,#578,.T.);
#580=ORIENTED_EDGE('',*,*,#579,.T.);
#581=EDGE_LOOP('',(#448,#456,#464,#472,#488,#496,#504,#512,#528,#536,#544,#552,#560,#568,#580));
#582=FACE_BOUND('',#581,.T.);
#583=CARTESIAN_POINT('',(-59.705180641,3.571574642,16.018019011));
#584=VERTEX_POINT('',#583);
#585=CARTESIAN_POINT('',(-59.151670075,3.571574642,16.018019011));
#586=VERTEX_POINT('',#585);
#587=CARTESIAN_POINT('',(-59.705180641,3.571574642,16.018019011));
#588=DIRECTION('',(1.,0.,0.));
#589=VECTOR('',#588,0.553510566);
#590=LINE('',#587,#589);
#591=EDGE_CURVE('',#584,#586,#590,.T.);
#592=ORIENTED_EDGE('',*,*,#591,.T.);
#593=CARTESIAN_POINT('',(-59.151670075,-3.452283572,16.018019011));
#594=VERTEX_POINT('',#593);
#595=CARTESIAN_POINT('',(-59.151670075,3.571574642,16.018019011));
#596=DIRECTION('',(0.,-1.,0.));
#597=VECTOR('',#596,7.023858214);
#598=LINE('',#595,#597);
#599=EDGE_CURVE('',#586,#594,#598,.T.);
#600=ORIENTED_EDGE('',*,*,#599,.T.);
#601=CARTESIAN_POINT('',(-60.010565781,-3.452283572,16.018019011));
#602=VERTEX_POINT('',#601);
#603=CARTESIAN_POINT('',(-59.151670075,-3.452283572,16.018019011));
#604=DIRECTION('',(-1.,0.,-0.));
#605=VECTOR('',#604,0.858895706);
#606=LINE('',#603,#605);
#607=EDGE_CURVE('',#594,#602,#606,.T.);
#608=ORIENTED_EDGE('',*,*,#607,.T.);
#609=CARTESIAN_POINT('',(-60.010565781,2.020790729,16.018019011));
#610=VERTEX_POINT('',#609);
#611=CARTESIAN_POINT('',(-60.010565781,-3.452283572,16.018019011));
#612=DIRECTION('',(0.,1.,0.));
#613=VECTOR('',#612,5.473074301);
#614=LINE('',#611,#613);
#615=EDGE_CURVE('',#602,#610,#614,.T.);
#616=ORIENTED_EDGE('',*,*,#615,.T.);
#617=CARTESIAN_POINT('',(-61.728357192,0.98534424,16.018019011));
#618=VERTEX_POINT('',#617);
#619=CARTESIAN_POINT('',(-60.010565781,2.020790729,16.018019011));
#620=CARTESIAN_POINT('',(-60.320722563,1.724948875,16.018019011));
#621=CARTESIAN_POINT('',(-60.824130879,1.429107021,16.018019011));
#622=CARTESIAN_POINT('',(-61.327539196,1.133265167,16.018019011));
#623=CARTESIAN_POINT('',(-61.728357192,0.98534424,16.018019011));
#624=B_SPLINE_CURVE_WITH_KNOTS('',2,(#619,#620,#621,#622,#623),.UNSPECIFIED.,.F.,.F.,(3,2,3),(0.,0.5,1.),.UNSPECIFIED.);
#625=EDGE_CURVE('',#610,#618,#624,.T.);
#626=ORIENTED_EDGE('',*,*,#625,.T.);
#627=CARTESIAN_POINT('',(-61.728357192,1.815610089,16.018019011));
#628=VERTEX_POINT('',#627);
#629=CARTESIAN_POINT('',(-61.728357192,0.98534424,16.018019011));
#630=DIRECTION('',(0.,1.,0.));
#631=VECTOR('',#630,0.830265849);
#632=LINE('',#629,#631);
#633=EDGE_CURVE('',#618,#628,#632,.T.);
#634=ORIENTED_EDGE('',*,*,#633,.T.);
#635=CARTESIAN_POINT('',(-61.728357192,1.815610089,16.018019011));
#636=CARTESIAN_POINT('',(-61.007839127,2.154396728,16.018019011));
#637=CARTESIAN_POINT('',(-60.46864349,2.636332652,16.018019011));
#638=CARTESIAN_POINT('',(-59.929447853,3.118268575,16.018019011));
#639=CARTESIAN_POINT('',(-59.705180641,3.571574642,16.018019011));
#640=B_SPLINE_CURVE_WITH_KNOTS('',2,(#635,#636,#637,#638,#639),.UNSPECIFIED.,.F.,.F.,(3,2,3),(0.,0.5,1.),.UNSPECIFIED.);
#641=EDGE_CURVE('',#628,#584,#640,.T.);
#642=ORIENTED_EDGE('',*,*,#641,.T.);
#643=EDGE_LOOP('',(#592,#600,#608,#616,#626,#634,#642));
#644=FACE_BOUND('',#643,.T.);
#645=ADVANCED_FACE('',(#184,#234,#286,#434,#582,#644),#100,.T.);
#646=CARTESIAN_POINT('',(88.031906109,-7.12,-20.134499249));
#647=DIRECTION('',(0.,-1.,0.));
#648=DIRECTION('',(1.,0.,0.));
#649=AXIS2_PLACEMENT_3D('',#646,#647,#648);
#650=PLANE('',#649);
#651=CARTESIAN_POINT('',(-10.307803402,-7.12,15.318019011));
#652=VERTEX_POINT('',#651);
#653=CARTESIAN_POINT('',(-70.626752672,-7.12,15.318019011));
#654=VERTEX_POINT('',#653);
#655=CARTESIAN_POINT('',(-10.307803402,-7.12,15.318019011));
#656=DIRECTION('',(-1.,-0.,-0.));
#657=VECTOR('',#656,60.31894927);
#658=LINE('',#655,#657);
#659=EDGE_CURVE('',#652,#654,#658,.T.);
#660=ORIENTED_EDGE('',*,*,#659,.T.);
#661=CARTESIAN_POINT('',(-70.626752672,-7.12,8.318018839));
#662=VERTEX_POINT('',#661);
#663=CARTESIAN_POINT('',(-70.626752672,-7.12,8.318018839));
#664=DIRECTION('',(-0.,-0.,1.));
#665=VECTOR('',#664,7.000000172);
#666=LINE('',#663,#665);
#667=EDGE_CURVE('',#662,#654,#666,.T.);
#668=ORIENTED_EDGE('',*,*,#667,.F.);
#669=CARTESIAN_POINT('',(-10.307803402,-7.12,8.318019011));
#670=VERTEX_POINT('',#669);
#671=CARTESIAN_POINT('',(-70.626752672,-7.12,8.318018925));
#672=DIRECTION('',(1.,0.,0.));
#673=VECTOR('',#672,60.31894927);
#674=LINE('',#671,#673);
#675=EDGE_CURVE('',#662,#670,#674,.T.);
#676=ORIENTED_EDGE('',*,*,#675,.T.);
#677=CARTESIAN_POINT('',(-10.307803402,-7.12,15.318019011));
#678=DIRECTION('',(0.,0.,-1.));
#679=VECTOR('',#678,7.);
#680=LINE('',#677,#679);
#681=EDGE_CURVE('',#652,#670,#680,.T.);
#682=ORIENTED_EDGE('',*,*,#681,.F.);
#683=EDGE_LOOP('',(#660,#668,#676,#682));
#684=FACE_BOUND('',#683,.T.);
#685=ADVANCED_FACE('',(#684),#650,.T.);
#686=CARTESIAN_POINT('',(-10.827100699,0.145147928,8.018019011));
#687=DIRECTION('',(-0.612372436,-0.353553391,-0.707106781));
#688=DIRECTION('',(-0.755928946,-0.,0.654653671));
#689=AXIS2_PLACEMENT_3D('',#686,#687,#688);
#690=PLANE('',#689);
#691=CARTESIAN_POINT('',(-10.974239611,0.,8.218019011));
#692=VERTEX_POINT('',#691);
#693=CARTESIAN_POINT('',(-13.05270058,3.6,8.218019011));
#694=VERTEX_POINT('',#693);
#695=CARTESIAN_POINT('',(-10.974239611,0.,8.218019011));
#696=DIRECTION('',(-0.5,0.866025404,-0.));
#697=VECTOR('',#696,4.156921938);
#698=LINE('',#695,#697);
#699=EDGE_CURVE('',#692,#694,#698,.T.);
#700=ORIENTED_EDGE('',*,*,#699,.T.);
#701=CARTESIAN_POINT('',(-12.821760473,4.,7.818019011));
#702=VERTEX_POINT('',#701);
#703=CARTESIAN_POINT('',(-13.05270058,3.6,8.218019011));
#704=CARTESIAN_POINT('',(-12.821760473,4.,7.818019011));
#705=B_SPLINE_CURVE_WITH_KNOTS('',1,(#703,#704),.UNSPECIFIED.,.F.,.F.,(2,2),(0.,0.611010093),.UNSPECIFIED.);
#706=EDGE_CURVE('',#694,#702,#705,.T.);
#707=ORIENTED_EDGE('',*,*,#706,.T.);
#708=CARTESIAN_POINT('',(-10.512359396,0.,7.818019011));
#709=VERTEX_POINT('',#708);
#710=CARTESIAN_POINT('',(-12.821760473,4.,7.818019011));
#711=CARTESIAN_POINT('',(-10.512359396,-0.,7.818019011));
#712=B_SPLINE_CURVE_WITH_KNOTS('',1,(#710,#711),.UNSPECIFIED.,.F.,.F.,(2,2),(0.,4.618802154),.UNSPECIFIED.);
#713=EDGE_CURVE('',#702,#709,#712,.T.);
#714=ORIENTED_EDGE('',*,*,#713,.T.);
#715=CARTESIAN_POINT('',(-10.512359396,-0.,7.818019011));
#716=DIRECTION('',(-0.755928946,-0.,0.654653671));
#717=VECTOR('',#716,0.611010093);
#718=LINE('',#715,#717);
#719=EDGE_CURVE('',#709,#692,#718,.T.);
#720=ORIENTED_EDGE('',*,*,#719,.T.);
#721=EDGE_LOOP('',(#700,#707,#714,#720));
#722=FACE_BOUND('',#721,.T.);
#723=ADVANCED_FACE('',(#722),#690,.T.);
#724=CARTESIAN_POINT('',(-43.918187595,3.8,8.018019011));
#725=DIRECTION('',(0.,-0.707106781,-0.707106781));
#726=DIRECTION('',(-1.,-0.,-0.));
#727=AXIS2_PLACEMENT_3D('',#724,#725,#726);
#728=PLANE('',#727);
#729=CARTESIAN_POINT('',(-17.440562626,4.,7.818019011));
#730=VERTEX_POINT('',#729);
#731=CARTESIAN_POINT('',(-17.440562626,4.,7.818019011));
#732=DIRECTION('',(1.,0.,0.));
#733=VECTOR('',#732,4.618802154);
#734=LINE('',#731,#733);
#735=EDGE_CURVE('',#730,#702,#734,.T.);
#736=ORIENTED_EDGE('',*,*,#735,.T.);
#737=ORIENTED_EDGE('',*,*,#706,.F.);
#738=CARTESIAN_POINT('',(-17.209622519,3.6,8.218019011));
#739=VERTEX_POINT('',#738);
#740=CARTESIAN_POINT('',(-13.05270058,3.6,8.218019011));
#741=DIRECTION('',(-1.,-0.,-0.));
#742=VECTOR('',#741,4.156921938);
#743=LINE('',#740,#742);
#744=EDGE_CURVE('',#694,#739,#743,.T.);
#745=ORIENTED_EDGE('',*,*,#744,.T.);
#746=CARTESIAN_POINT('',(-17.209622519,3.6,8.218019011));
#747=CARTESIAN_POINT('',(-17.440562626,4.,7.818019011));
#748=B_SPLINE_CURVE_WITH_KNOTS('',1,(#746,#747),.UNSPECIFIED.,.F.,.F.,(2,2),(0.,0.611010093),.UNSPECIFIED.);
#749=EDGE_CURVE('',#739,#730,#748,.T.);
#750=ORIENTED_EDGE('',*,*,#749,.T.);
#751=EDGE_LOOP('',(#736,#737,#745,#750));
#752=FACE_BOUND('',#751,.T.);
#753=ADVANCED_FACE('',(#752),#728,.T.);
#754=CARTESIAN_POINT('',(-34.348350666,-25.685147928,8.018019011));
#755=DIRECTION('',(0.612372436,-0.353553391,-0.707106781));
#756=DIRECTION('',(-0.755928946,0.,-0.654653671));
#757=AXIS2_PLACEMENT_3D('',#754,#755,#756);
#758=PLANE('',#757);
#759=CARTESIAN_POINT('',(-19.749963703,-0.,7.818019011));
#760=VERTEX_POINT('',#759);
#761=CARTESIAN_POINT('',(-19.749963703,-0.,7.818019011));
#762=CARTESIAN_POINT('',(-17.440562626,4.,7.818019011));
#763=B_SPLINE_CURVE_WITH_KNOTS('',1,(#761,#762),.UNSPECIFIED.,.F.,.F.,(2,2),(0.,4.618802154),.UNSPECIFIED.);
#764=EDGE_CURVE('',#760,#730,#763,.T.);
#765=ORIENTED_EDGE('',*,*,#764,.T.);
#766=ORIENTED_EDGE('',*,*,#749,.F.);
#767=CARTESIAN_POINT('',(-19.288083488,0.,8.218019011));
#768=VERTEX_POINT('',#767);
#769=CARTESIAN_POINT('',(-17.209622519,3.6,8.218019011));
#770=DIRECTION('',(-0.5,-0.866025404,-0.));
#771=VECTOR('',#770,4.156921938);
#772=LINE('',#769,#771);
#773=EDGE_CURVE('',#739,#768,#772,.T.);
#774=ORIENTED_EDGE('',*,*,#773,.T.);
#775=CARTESIAN_POINT('',(-19.288083488,-0.,8.218019011));
#776=DIRECTION('',(-0.755928946,0.,-0.654653671));
#777=VECTOR('',#776,0.611010093);
#778=LINE('',#775,#777);
#779=EDGE_CURVE('',#768,#760,#778,.T.);
#780=ORIENTED_EDGE('',*,*,#779,.T.);
#781=EDGE_LOOP('',(#765,#766,#774,#780));
#782=FACE_BOUND('',#781,.T.);
#783=ADVANCED_FACE('',(#782),#758,.T.);
#784=CARTESIAN_POINT('',(-26.727327112,-27.685147928,8.018019011));
#785=DIRECTION('',(-0.612372436,0.353553391,-0.707106781));
#786=DIRECTION('',(-0.755928946,-0.,0.654653671));
#787=AXIS2_PLACEMENT_3D('',#784,#785,#786);
#788=PLANE('',#787);
#789=CARTESIAN_POINT('',(-13.05270058,-3.6,8.218019011));
#790=VERTEX_POINT('',#789);
#791=CARTESIAN_POINT('',(-13.05270058,-3.6,8.218019011));
#792=DIRECTION('',(0.5,0.866025404,0.));
#793=VECTOR('',#792,4.156921938);
#794=LINE('',#791,#793);
#795=EDGE_CURVE('',#790,#692,#794,.T.);
#796=ORIENTED_EDGE('',*,*,#795,.T.);
#797=ORIENTED_EDGE('',*,*,#719,.F.);
#798=CARTESIAN_POINT('',(-12.821760473,-4.,7.818019011));
#799=VERTEX_POINT('',#798);
#800=CARTESIAN_POINT('',(-10.512359396,0.,7.818019011));
#801=CARTESIAN_POINT('',(-12.821760473,-4.,7.818019011));
#802=B_SPLINE_CURVE_WITH_KNOTS('',1,(#800,#801),.UNSPECIFIED.,.F.,.F.,(2,2),(0.,4.618802154),.UNSPECIFIED.);
#803=EDGE_CURVE('',#709,#799,#802,.T.);
#804=ORIENTED_EDGE('',*,*,#803,.T.);
#805=CARTESIAN_POINT('',(-13.05270058,-3.6,8.218019011));
#806=CARTESIAN_POINT('',(-12.821760473,-4.,7.818019011));
#807=B_SPLINE_CURVE_WITH_KNOTS('',1,(#805,#806),.UNSPECIFIED.,.F.,.F.,(2,2),(0.,0.611010093),.UNSPECIFIED.);
#808=EDGE_CURVE('',#790,#799,#807,.T.);
#809=ORIENTED_EDGE('',*,*,#808,.F.);
#810=EDGE_LOOP('',(#796,#797,#804,#809));
#811=FACE_BOUND('',#810,.T.);
#812=ADVANCED_FACE('',(#811),#788,.T.);
#813=CARTESIAN_POINT('',(-16.369663283,-5.454852072,8.018019011));
#814=DIRECTION('',(0.612372436,0.353553391,-0.707106781));
#815=DIRECTION('',(-0.755928946,-0.,-0.654653671));
#816=AXIS2_PLACEMENT_3D('',#813,#814,#815);
#817=PLANE('',#816);
#818=CARTESIAN_POINT('',(-17.440562626,-4.,7.818019011));
#819=VERTEX_POINT('',#818);
#820=CARTESIAN_POINT('',(-17.440562626,-4.,7.818019011));
#821=CARTESIAN_POINT('',(-19.749963703,0.,7.818019011));
#822=B_SPLINE_CURVE_WITH_KNOTS('',1,(#820,#821),.UNSPECIFIED.,.F.,.F.,(2,2),(0.,4.618802154),.UNSPECIFIED.);
#823=EDGE_CURVE('',#819,#760,#822,.T.);
#824=ORIENTED_EDGE('',*,*,#823,.T.);
#825=ORIENTED_EDGE('',*,*,#779,.F.);
#826=CARTESIAN_POINT('',(-17.209622519,-3.6,8.218019011));
#827=VERTEX_POINT('',#826);
#828=CARTESIAN_POINT('',(-19.288083488,0.,8.218019011));
#829=DIRECTION('',(0.5,-0.866025404,0.));
#830=VECTOR('',#829,4.156921938);
#831=LINE('',#828,#830);
#832=EDGE_CURVE('',#768,#827,#831,.T.);
#833=ORIENTED_EDGE('',*,*,#832,.T.);
#834=CARTESIAN_POINT('',(-17.209622519,-3.6,8.218019011));
#835=CARTESIAN_POINT('',(-17.440562626,-4.,7.818019011));
#836=B_SPLINE_CURVE_WITH_KNOTS('',1,(#834,#835),.UNSPECIFIED.,.F.,.F.,(2,2),(0.,0.611010093),.UNSPECIFIED.);
#837=EDGE_CURVE('',#827,#819,#836,.T.);
#838=ORIENTED_EDGE('',*,*,#837,.T.);
#839=EDGE_LOOP('',(#824,#825,#833,#838));
#840=FACE_BOUND('',#839,.T.);
#841=ADVANCED_FACE('',(#840),#817,.T.);
#842=CARTESIAN_POINT('',(-41.839726626,-3.8,8.018019011));
#843=DIRECTION('',(0.,0.707106781,-0.707106781));
#844=DIRECTION('',(-1.,0.,-0.));
#845=AXIS2_PLACEMENT_3D('',#842,#843,#844);
#846=PLANE('',#845);
#847=CARTESIAN_POINT('',(-12.821760473,-4.,7.818019011));
#848=DIRECTION('',(-1.,0.,-0.));
#849=VECTOR('',#848,4.618802154);
#850=LINE('',#847,#849);
#851=EDGE_CURVE('',#799,#819,#850,.T.);
#852=ORIENTED_EDGE('',*,*,#851,.T.);
#853=ORIENTED_EDGE('',*,*,#837,.F.);
#854=CARTESIAN_POINT('',(-17.209622519,-3.6,8.218019011));
#855=DIRECTION('',(1.,-0.,0.));
#856=VECTOR('',#855,4.156921938);
#857=LINE('',#854,#856);
#858=EDGE_CURVE('',#827,#790,#857,.T.);
#859=ORIENTED_EDGE('',*,*,#858,.T.);
#860=ORIENTED_EDGE('',*,*,#808,.T.);
#861=EDGE_LOOP('',(#852,#853,#859,#860));
#862=FACE_BOUND('',#861,.T.);
#863=ADVANCED_FACE('',(#862),#846,.T.);
#864=CARTESIAN_POINT('',(-19.288083488,0.,16.009519011));
#865=DIRECTION('',(-0.866025404,0.5,-0.));
#866=DIRECTION('',(-0.,0.,1.));
#867=AXIS2_PLACEMENT_3D('',#864,#865,#866);
#868=PLANE('',#867);
#869=ORIENTED_EDGE('',*,*,#773,.F.);
#870=CARTESIAN_POINT('',(-17.209622519,3.6,15.609519011));
#871=VERTEX_POINT('',#870);
#872=CARTESIAN_POINT('',(-17.209622519,3.6,15.609519011));
#873=DIRECTION('',(0.,-0.,-1.));
#874=VECTOR('',#873,7.3915);
#875=LINE('',#872,#874);
#876=EDGE_CURVE('',#871,#739,#875,.T.);
#877=ORIENTED_EDGE('',*,*,#876,.F.);
#878=CARTESIAN_POINT('',(-19.288083488,0.,15.609519011));
#879=VERTEX_POINT('',#878);
#880=CARTESIAN_POINT('',(-19.288083488,0.,15.609519011));
#881=DIRECTION('',(0.5,0.866025404,0.));
#882=VECTOR('',#881,4.156921938);
#883=LINE('',#880,#882);
#884=EDGE_CURVE('',#879,#871,#883,.T.);
#885=ORIENTED_EDGE('',*,*,#884,.F.);
#886=CARTESIAN_POINT('',(-19.288083488,0.,15.609519011));
#887=DIRECTION('',(0.,-0.,-1.));
#888=VECTOR('',#887,7.3915);
#889=LINE('',#886,#888);
#890=EDGE_CURVE('',#879,#768,#889,.T.);
#891=ORIENTED_EDGE('',*,*,#890,.T.);
#892=EDGE_LOOP('',(#869,#877,#885,#891));
#893=FACE_BOUND('',#892,.T.);
#894=ADVANCED_FACE('',(#893),#868,.F.);
#895=CARTESIAN_POINT('',(-17.209622519,3.6,16.009519011));
#896=DIRECTION('',(0.,1.,0.));
#897=DIRECTION('',(-1.,0.,-0.));
#898=AXIS2_PLACEMENT_3D('',#895,#896,#897);
#899=PLANE('',#898);
#900=ORIENTED_EDGE('',*,*,#744,.F.);
#901=CARTESIAN_POINT('',(-13.05270058,3.6,15.609519011));
#902=VERTEX_POINT('',#901);
#903=CARTESIAN_POINT('',(-13.05270058,3.6,15.609519011));
#904=DIRECTION('',(0.,-0.,-1.));
#905=VECTOR('',#904,7.3915);
#906=LINE('',#903,#905);
#907=EDGE_CURVE('',#902,#694,#906,.T.);
#908=ORIENTED_EDGE('',*,*,#907,.F.);
#909=CARTESIAN_POINT('',(-17.209622519,3.6,15.609519011));
#910=DIRECTION('',(1.,-0.,0.));
#911=VECTOR('',#910,4.156921938);
#912=LINE('',#909,#911);
#913=EDGE_CURVE('',#871,#902,#912,.T.);
#914=ORIENTED_EDGE('',*,*,#913,.F.);
#915=ORIENTED_EDGE('',*,*,#876,.T.);
#916=EDGE_LOOP('',(#900,#908,#914,#915));
#917=FACE_BOUND('',#916,.T.);
#918=ADVANCED_FACE('',(#917),#899,.F.);
#919=CARTESIAN_POINT('',(-13.05270058,3.6,16.009519011));
#920=DIRECTION('',(0.866025404,0.5,0.));
#921=DIRECTION('',(0.,0.,-1.));
#922=AXIS2_PLACEMENT_3D('',#919,#920,#921);
#923=PLANE('',#922);
#924=ORIENTED_EDGE('',*,*,#699,.F.);
#925=CARTESIAN_POINT('',(-10.974239611,0.,15.609519011));
#926=VERTEX_POINT('',#925);
#927=CARTESIAN_POINT('',(-10.974239611,0.,15.609519011));
#928=DIRECTION('',(0.,0.,-1.));
#929=VECTOR('',#928,7.3915);
#930=LINE('',#927,#929);
#931=EDGE_CURVE('',#926,#692,#930,.T.);
#932=ORIENTED_EDGE('',*,*,#931,.F.);
#933=CARTESIAN_POINT('',(-13.05270058,3.6,15.609519011));
#934=DIRECTION('',(0.5,-0.866025404,0.));
#935=VECTOR('',#934,4.156921938);
#936=LINE('',#933,#935);
#937=EDGE_CURVE('',#902,#926,#936,.T.);
#938=ORIENTED_EDGE('',*,*,#937,.F.);
#939=ORIENTED_EDGE('',*,*,#907,.T.);
#940=EDGE_LOOP('',(#924,#932,#938,#939));
#941=FACE_BOUND('',#940,.T.);
#942=ADVANCED_FACE('',(#941),#923,.F.);
#943=CARTESIAN_POINT('',(-70.626752672,-39.12,7.818019011));
#944=DIRECTION('',(0.,0.,-1.));
#945=DIRECTION('',(-1.,0.,-0.));
#946=AXIS2_PLACEMENT_3D('',#943,#944,#945);
#947=PLANE('',#946);
#948=CARTESIAN_POINT('',(-91.775803871,14.556976372,7.818019011));
#949=VERTEX_POINT('',#948);
#950=CARTESIAN_POINT('',(-71.850153151,6.62,7.818019011));
#951=VERTEX_POINT('',#950);
#952=CARTESIAN_POINT('',(-71.850153151,35.6,7.818019011));
#953=DIRECTION('',(-0.,-0.,1.));
#954=DIRECTION('',(-1.,0.,-0.));
#955=AXIS2_PLACEMENT_3D('',#952,#953,#954);
#956=CIRCLE('',#955,28.98);
#957=EDGE_CURVE('',#949,#951,#956,.T.);
#958=ORIENTED_EDGE('',*,*,#957,.T.);
#959=CARTESIAN_POINT('',(-10.307803402,6.62,7.818019011));
#960=VERTEX_POINT('',#959);
#961=CARTESIAN_POINT('',(-71.850153151,6.62,7.818019011));
#962=DIRECTION('',(1.,0.,0.));
#963=VECTOR('',#962,61.542349749);
#964=LINE('',#961,#963);
#965=EDGE_CURVE('',#951,#960,#964,.T.);
#966=ORIENTED_EDGE('',*,*,#965,.T.);
#967=CARTESIAN_POINT('',(-5.807803402,2.12,7.818019011));
#968=VERTEX_POINT('',#967);
#969=CARTESIAN_POINT('',(-10.307803402,2.12,7.818019011));
#970=DIRECTION('',(0.,0.,-1.));
#971=DIRECTION('',(-1.,0.,-0.));
#972=AXIS2_PLACEMENT_3D('',#969,#970,#971);
#973=CIRCLE('',#972,4.5);
#974=EDGE_CURVE('',#960,#968,#973,.T.);
#975=ORIENTED_EDGE('',*,*,#974,.T.);
#976=CARTESIAN_POINT('',(-5.807803402,-2.12,7.818019011));
#977=VERTEX_POINT('',#976);
#978=CARTESIAN_POINT('',(-5.807803402,2.12,7.818019011));
#979=DIRECTION('',(0.,-1.,0.));
#980=VECTOR('',#979,4.24);
#981=LINE('',#978,#980);
#982=EDGE_CURVE('',#968,#977,#981,.T.);
#983=ORIENTED_EDGE('',*,*,#982,.T.);
#984=CARTESIAN_POINT('',(-10.307803402,-6.62,7.818019011));
#985=VERTEX_POINT('',#984);
#986=CARTESIAN_POINT('',(-10.307803402,-2.12,7.818019011));
#987=DIRECTION('',(0.,0.,-1.));
#988=DIRECTION('',(-1.,0.,-0.));
#989=AXIS2_PLACEMENT_3D('',#986,#987,#988);
#990=CIRCLE('',#989,4.5);
#991=EDGE_CURVE('',#977,#985,#990,.T.);
#992=ORIENTED_EDGE('',*,*,#991,.T.);
#993=CARTESIAN_POINT('',(-70.626752672,-6.62,7.818019011));
#994=VERTEX_POINT('',#993);
#995=CARTESIAN_POINT('',(-10.307803402,-6.62,7.818019011));
#996=DIRECTION('',(-1.,-0.,-0.));
#997=VECTOR('',#996,60.31894927);
#998=LINE('',#995,#997);
#999=EDGE_CURVE('',#985,#994,#998,.T.);
#1000=ORIENTED_EDGE('',*,*,#999,.T.);
#1001=CARTESIAN_POINT('',(-94.453691701,-17.017353631,7.818019011));
#1002=VERTEX_POINT('',#1001);
#1003=CARTESIAN_POINT('',(-70.626752672,-39.12,7.818019011));
#1004=DIRECTION('',(-0.,-0.,1.));
#1005=DIRECTION('',(-1.,0.,-0.));
#1006=AXIS2_PLACEMENT_3D('',#1003,#1004,#1005);
#1007=CIRCLE('',#1006,32.5);
#1008=EDGE_CURVE('',#994,#1002,#1007,.T.);
#1009=ORIENTED_EDGE('',*,*,#1008,.T.);
#1010=CARTESIAN_POINT('',(-100.239831342,-19.667294258,7.818019011));
#1011=VERTEX_POINT('',#1010);
#1012=CARTESIAN_POINT('',(-100.53872536,-11.372677789,7.818019011));
#1013=DIRECTION('',(0.,0.,-1.));
#1014=DIRECTION('',(-1.,0.,-0.));
#1015=AXIS2_PLACEMENT_3D('',#1012,#1013,#1014);
#1016=CIRCLE('',#1015,8.3);
#1017=EDGE_CURVE('',#1002,#1011,#1016,.T.);
#1018=ORIENTED_EDGE('',*,*,#1017,.T.);
#1019=CARTESIAN_POINT('',(-113.994371309,-16.715523111,7.818019011));
#1020=VERTEX_POINT('',#1019);
#1021=CARTESIAN_POINT('',(-101.274125918,9.035444199,7.818019011));
#1022=DIRECTION('',(0.,0.,-1.));
#1023=DIRECTION('',(-1.,0.,-0.));
#1024=AXIS2_PLACEMENT_3D('',#1021,#1022,#1023);
#1025=CIRCLE('',#1024,28.721367658);
#1026=EDGE_CURVE('',#1011,#1020,#1025,.T.);
#1027=ORIENTED_EDGE('',*,*,#1026,.T.);
#1028=CARTESIAN_POINT('',(-113.718273292,-13.921766278,7.818019011));
#1029=VERTEX_POINT('',#1028);
#1030=CARTESIAN_POINT('',(-113.330044724,-15.370655017,7.818019011));
#1031=DIRECTION('',(0.,0.,-1.));
#1032=DIRECTION('',(-1.,0.,-0.));
#1033=AXIS2_PLACEMENT_3D('',#1030,#1031,#1032);
#1034=CIRCLE('',#1033,1.5);
#1035=EDGE_CURVE('',#1020,#1029,#1034,.T.);
#1036=ORIENTED_EDGE('',*,*,#1035,.T.);
#1037=CARTESIAN_POINT('',(-98.138638535,-9.747215726,7.818019011));
#1038=VERTEX_POINT('',#1037);
#1039=CARTESIAN_POINT('',(-113.718273292,-13.921766278,7.818019011));
#1040=DIRECTION('',(0.965925826,0.258819045,0.));
#1041=VECTOR('',#1040,16.129224763);
#1042=LINE('',#1039,#1041);
#1043=EDGE_CURVE('',#1029,#1038,#1042,.T.);
#1044=ORIENTED_EDGE('',*,*,#1043,.T.);
#1045=CARTESIAN_POINT('',(-97.077978363,-8.686555554,7.818019011));
#1046=VERTEX_POINT('',#1045);
#1047=CARTESIAN_POINT('',(-98.526867102,-8.298326987,7.818019011));
#1048=DIRECTION('',(-0.,-0.,1.));
#1049=DIRECTION('',(-1.,0.,-0.));
#1050=AXIS2_PLACEMENT_3D('',#1047,#1048,#1049);
#1051=CIRCLE('',#1050,1.5);
#1052=EDGE_CURVE('',#1038,#1046,#1051,.T.);
#1053=ORIENTED_EDGE('',*,*,#1052,.T.);
#1054=CARTESIAN_POINT('',(-94.657224588,0.347820526,7.818019011));
#1055=VERTEX_POINT('',#1054);
#1056=CARTESIAN_POINT('',(-97.077978363,-8.686555554,7.818019011));
#1057=DIRECTION('',(0.258819045,0.965925826,0.));
#1058=VECTOR('',#1057,9.353074361);
#1059=LINE('',#1056,#1058);
#1060=EDGE_CURVE('',#1046,#1055,#1059,.T.);
#1061=ORIENTED_EDGE('',*,*,#1060,.T.);
#1062=CARTESIAN_POINT('',(-95.045453156,1.796709265,7.818019011));
#1063=VERTEX_POINT('',#1062);
#1064=CARTESIAN_POINT('',(-96.106113328,0.736049094,7.818019011));
#1065=DIRECTION('',(-0.,-0.,1.));
#1066=DIRECTION('',(-1.,0.,-0.));
#1067=AXIS2_PLACEMENT_3D('',#1064,#1065,#1066);
#1068=CIRCLE('',#1067,1.5);
#1069=EDGE_CURVE('',#1055,#1063,#1068,.T.);
#1070=ORIENTED_EDGE('',*,*,#1069,.T.);
#1071=CARTESIAN_POINT('',(-101.659075461,8.410331571,7.818019011));
#1072=VERTEX_POINT('',#1071);
#1073=CARTESIAN_POINT('',(-95.045453156,1.796709265,7.818019011));
#1074=DIRECTION('',(-0.707106781,0.707106781,-0.));
#1075=VECTOR('',#1074,9.353074361);
#1076=LINE('',#1073,#1075);
#1077=EDGE_CURVE('',#1063,#1072,#1076,.T.);
#1078=ORIENTED_EDGE('',*,*,#1077,.T.);
#1079=CARTESIAN_POINT('',(-103.107964201,8.798560139,7.818019011));
#1080=VERTEX_POINT('',#1079);
#1081=CARTESIAN_POINT('',(-102.719735633,7.349671399,7.818019011));
#1082=DIRECTION('',(-0.,-0.,1.));
#1083=DIRECTION('',(-1.,0.,-0.));
#1084=AXIS2_PLACEMENT_3D('',#1081,#1082,#1083);
#1085=CIRCLE('',#1084,1.5);
#1086=EDGE_CURVE('',#1072,#1080,#1085,.T.);
#1087=ORIENTED_EDGE('',*,*,#1086,.T.);
#1088=CARTESIAN_POINT('',(-118.687598958,4.624009587,7.818019011));
#1089=VERTEX_POINT('',#1088);
#1090=CARTESIAN_POINT('',(-103.107964201,8.798560139,7.818019011));
#1091=DIRECTION('',(-0.965925826,-0.258819045,-0.));
#1092=VECTOR('',#1091,16.129224763);
#1093=LINE('',#1090,#1092);
#1094=EDGE_CURVE('',#1080,#1089,#1093,.T.);
#1095=ORIENTED_EDGE('',*,*,#1094,.T.);
#1096=CARTESIAN_POINT('',(-120.323585271,6.905424968,7.818019011));
#1097=VERTEX_POINT('',#1096);
#1098=CARTESIAN_POINT('',(-119.075827525,6.072898326,7.818019011));
#1099=DIRECTION('',(0.,0.,-1.));
#1100=DIRECTION('',(-1.,0.,-0.));
#1101=AXIS2_PLACEMENT_3D('',#1098,#1099,#1100);
#1102=CIRCLE('',#1101,1.5);
#1103=EDGE_CURVE('',#1089,#1097,#1102,.T.);
#1104=ORIENTED_EDGE('',*,*,#1103,.T.);
#1105=CARTESIAN_POINT('',(-107.597816369,17.426651929,7.818019011));
#1106=VERTEX_POINT('',#1105);
#1107=CARTESIAN_POINT('',(-96.432045965,-9.035444199,7.818019011));
#1108=DIRECTION('',(0.,0.,-1.));
#1109=DIRECTION('',(-1.,0.,-0.));
#1110=AXIS2_PLACEMENT_3D('',#1107,#1108,#1109);
#1111=CIRCLE('',#1110,28.721367658);
#1112=EDGE_CURVE('',#1097,#1106,#1111,.T.);
#1113=ORIENTED_EDGE('',*,*,#1112,.T.);
#1114=CARTESIAN_POINT('',(-101.883018004,3.88297888,7.818019011));
#1115=DIRECTION('',(0.,0.,-1.));
#1116=DIRECTION('',(-1.,0.,-0.));
#1117=AXIS2_PLACEMENT_3D('',#1114,#1115,#1116);
#1118=CIRCLE('',#1117,14.7);
#1119=EDGE_CURVE('',#1106,#949,#1118,.T.);
#1120=ORIENTED_EDGE('',*,*,#1119,.T.);
#1121=EDGE_LOOP('',(#958,#966,#975,#983,#992,#1000,#1009,#1018,#1027,#1036,#1044,#1053,#1061,#1070,#1078,#1087,#1095,#1104,#1113,#1120));
#1122=FACE_BOUND('',#1121,.T.);
#1123=ORIENTED_EDGE('',*,*,#713,.F.);
#1124=ORIENTED_EDGE('',*,*,#735,.F.);
#1125=ORIENTED_EDGE('',*,*,#764,.F.);
#1126=ORIENTED_EDGE('',*,*,#823,.F.);
#1127=ORIENTED_EDGE('',*,*,#851,.F.);
#1128=ORIENTED_EDGE('',*,*,#803,.F.);
#1129=EDGE_LOOP('',(#1123,#1124,#1125,#1126,#1127,#1128));
#1130=FACE_BOUND('',#1129,.T.);
#1131=ADVANCED_FACE('',(#1122,#1130),#947,.T.);
#1132=CARTESIAN_POINT('',(-10.827100699,0.145147928,15.809519011));
#1133=DIRECTION('',(-0.612372436,-0.353553391,0.707106781));
#1134=DIRECTION('',(0.755928946,0.,0.654653671));
#1135=AXIS2_PLACEMENT_3D('',#1132,#1133,#1134);
#1136=PLANE('',#1135);
#1137=ORIENTED_EDGE('',*,*,#937,.T.);
#1138=CARTESIAN_POINT('',(-10.974239611,0.,15.609519011));
#1139=DIRECTION('',(0.755928946,0.,0.654653671));
#1140=VECTOR('',#1139,0.623994057);
#1141=LINE('',#1138,#1140);
#1142=EDGE_CURVE('',#926,#212,#1141,.T.);
#1143=ORIENTED_EDGE('',*,*,#1142,.T.);
#1144=ORIENTED_EDGE('',*,*,#217,.T.);
#1145=CARTESIAN_POINT('',(-13.05270058,3.6,15.609519011));
#1146=CARTESIAN_POINT('',(-12.816852995,4.0085,16.018019011));
#1147=B_SPLINE_CURVE_WITH_KNOTS('',1,(#1145,#1146),.UNSPECIFIED.,.F.,.F.,(2,2),(-0.012983964,0.611010093),.UNSPECIFIED.);
#1148=EDGE_CURVE('',#902,#204,#1147,.T.);
#1149=ORIENTED_EDGE('',*,*,#1148,.F.);
#1150=EDGE_LOOP('',(#1137,#1143,#1144,#1149));
#1151=FACE_BOUND('',#1150,.T.);
#1152=ADVANCED_FACE('',(#1151),#1136,.T.);
#1153=CARTESIAN_POINT('',(-16.369663283,-5.454852072,15.809519011));
#1154=DIRECTION('',(0.612372436,0.353553391,0.707106781));
#1155=DIRECTION('',(0.755928946,0.,-0.654653671));
#1156=AXIS2_PLACEMENT_3D('',#1153,#1154,#1155);
#1157=PLANE('',#1156);
#1158=ORIENTED_EDGE('',*,*,#193,.T.);
#1159=CARTESIAN_POINT('',(-17.209622519,-3.6,15.609519011));
#1160=VERTEX_POINT('',#1159);
#1161=CARTESIAN_POINT('',(-17.445470104,-4.0085,16.018019011));
#1162=CARTESIAN_POINT('',(-17.209622519,-3.6,15.609519011));
#1163=B_SPLINE_CURVE_WITH_KNOTS('',1,(#1161,#1162),.UNSPECIFIED.,.F.,.F.,(2,2),(-0.012983964,0.611010093),.UNSPECIFIED.);
#1164=EDGE_CURVE('',#188,#1160,#1163,.T.);
#1165=ORIENTED_EDGE('',*,*,#1164,.T.);
#1166=CARTESIAN_POINT('',(-17.209622519,-3.6,15.609519011));
#1167=DIRECTION('',(-0.5,0.866025404,-0.));
#1168=VECTOR('',#1167,4.156921938);
#1169=LINE('',#1166,#1168);
#1170=EDGE_CURVE('',#1160,#879,#1169,.T.);
#1171=ORIENTED_EDGE('',*,*,#1170,.T.);
#1172=CARTESIAN_POINT('',(-19.288083488,0.,15.609519011));
#1173=DIRECTION('',(-0.755928946,-0.,0.654653671));
#1174=VECTOR('',#1173,0.623994057);
#1175=LINE('',#1172,#1174);
#1176=EDGE_CURVE('',#879,#186,#1175,.T.);
#1177=ORIENTED_EDGE('',*,*,#1176,.T.);
#1178=EDGE_LOOP('',(#1158,#1165,#1171,#1177));
#1179=FACE_BOUND('',#1178,.T.);
#1180=ADVANCED_FACE('',(#1179),#1157,.T.);
#1181=CARTESIAN_POINT('',(-26.727327112,-27.685147928,15.809519011));
#1182=DIRECTION('',(-0.612372436,0.353553391,0.707106781));
#1183=DIRECTION('',(0.755928946,0.,0.654653671));
#1184=AXIS2_PLACEMENT_3D('',#1181,#1182,#1183);
#1185=PLANE('',#1184);
#1186=CARTESIAN_POINT('',(-13.05270058,-3.6,15.609519011));
#1187=VERTEX_POINT('',#1186);
#1188=CARTESIAN_POINT('',(-10.974239611,0.,15.609519011));
#1189=DIRECTION('',(-0.5,-0.866025404,-0.));
#1190=VECTOR('',#1189,4.156921938);
#1191=LINE('',#1188,#1190);
#1192=EDGE_CURVE('',#926,#1187,#1191,.T.);
#1193=ORIENTED_EDGE('',*,*,#1192,.T.);
#1194=CARTESIAN_POINT('',(-13.05270058,-3.6,15.609519011));
#1195=CARTESIAN_POINT('',(-12.816852995,-4.0085,16.018019011));
#1196=B_SPLINE_CURVE_WITH_KNOTS('',1,(#1194,#1195),.UNSPECIFIED.,.F.,.F.,(2,2),(0.,0.623994057),.UNSPECIFIED.);
#1197=EDGE_CURVE('',#1187,#220,#1196,.T.);
#1198=ORIENTED_EDGE('',*,*,#1197,.T.);
#1199=ORIENTED_EDGE('',*,*,#225,.T.);
#1200=ORIENTED_EDGE('',*,*,#1142,.F.);
#1201=EDGE_LOOP('',(#1193,#1198,#1199,#1200));
#1202=FACE_BOUND('',#1201,.T.);
#1203=ADVANCED_FACE('',(#1202),#1185,.T.);
#1204=CARTESIAN_POINT('',(-41.839726626,-3.8,15.809519011));
#1205=DIRECTION('',(0.,0.707106781,0.707106781));
#1206=DIRECTION('',(1.,0.,-0.));
#1207=AXIS2_PLACEMENT_3D('',#1204,#1205,#1206);
#1208=PLANE('',#1207);
#1209=ORIENTED_EDGE('',*,*,#231,.T.);
#1210=ORIENTED_EDGE('',*,*,#1197,.F.);
#1211=CARTESIAN_POINT('',(-13.05270058,-3.6,15.609519011));
#1212=DIRECTION('',(-1.,-0.,0.));
#1213=VECTOR('',#1212,4.156921938);
#1214=LINE('',#1211,#1213);
#1215=EDGE_CURVE('',#1187,#1160,#1214,.T.);
#1216=ORIENTED_EDGE('',*,*,#1215,.T.);
#1217=ORIENTED_EDGE('',*,*,#1164,.F.);
#1218=EDGE_LOOP('',(#1209,#1210,#1216,#1217));
#1219=FACE_BOUND('',#1218,.T.);
#1220=ADVANCED_FACE('',(#1219),#1208,.T.);
#1221=CARTESIAN_POINT('',(-34.348350666,-25.685147928,15.809519011));
#1222=DIRECTION('',(0.612372436,-0.353553391,0.707106781));
#1223=DIRECTION('',(0.755928946,-0.,-0.654653671));
#1224=AXIS2_PLACEMENT_3D('',#1221,#1222,#1223);
#1225=PLANE('',#1224);
#1226=ORIENTED_EDGE('',*,*,#201,.T.);
#1227=ORIENTED_EDGE('',*,*,#1176,.F.);
#1228=ORIENTED_EDGE('',*,*,#884,.T.);
#1229=CARTESIAN_POINT('',(-17.209622519,3.6,15.609519011));
#1230=CARTESIAN_POINT('',(-17.445470104,4.0085,16.018019011));
#1231=B_SPLINE_CURVE_WITH_KNOTS('',1,(#1229,#1230),.UNSPECIFIED.,.F.,.F.,(2,2),(0.,0.623994057),.UNSPECIFIED.);
#1232=EDGE_CURVE('',#871,#196,#1231,.T.);
#1233=ORIENTED_EDGE('',*,*,#1232,.T.);
#1234=EDGE_LOOP('',(#1226,#1227,#1228,#1233));
#1235=FACE_BOUND('',#1234,.T.);
#1236=ADVANCED_FACE('',(#1235),#1225,.T.);
#1237=CARTESIAN_POINT('',(-43.918187595,3.8,15.809519011));
#1238=DIRECTION('',(-0.,-0.707106781,0.707106781));
#1239=DIRECTION('',(1.,0.,0.));
#1240=AXIS2_PLACEMENT_3D('',#1237,#1238,#1239);
#1241=PLANE('',#1240);
#1242=ORIENTED_EDGE('',*,*,#209,.T.);
#1243=ORIENTED_EDGE('',*,*,#1232,.F.);
#1244=ORIENTED_EDGE('',*,*,#913,.T.);
#1245=ORIENTED_EDGE('',*,*,#1148,.T.);
#1246=EDGE_LOOP('',(#1242,#1243,#1244,#1245));
#1247=FACE_BOUND('',#1246,.T.);
#1248=ADVANCED_FACE('',(#1247),#1241,.T.);
#1249=CARTESIAN_POINT('',(-17.209622519,-3.6,16.009519011));
#1250=DIRECTION('',(-0.866025404,-0.5,-0.));
#1251=DIRECTION('',(-0.,0.,1.));
#1252=AXIS2_PLACEMENT_3D('',#1249,#1250,#1251);
#1253=PLANE('',#1252);
#1254=ORIENTED_EDGE('',*,*,#832,.F.);
#1255=ORIENTED_EDGE('',*,*,#890,.F.);
#1256=ORIENTED_EDGE('',*,*,#1170,.F.);
#1257=CARTESIAN_POINT('',(-17.209622519,-3.6,15.609519011));
#1258=DIRECTION('',(0.,-0.,-1.));
#1259=VECTOR('',#1258,7.3915);
#1260=LINE('',#1257,#1259);
#1261=EDGE_CURVE('',#1160,#827,#1260,.T.);
#1262=ORIENTED_EDGE('',*,*,#1261,.T.);
#1263=EDGE_LOOP('',(#1254,#1255,#1256,#1262));
#1264=FACE_BOUND('',#1263,.T.);
#1265=ADVANCED_FACE('',(#1264),#1253,.F.);
#1266=CARTESIAN_POINT('',(-98.526867102,-8.298326987,-4.110365119));
#1267=DIRECTION('',(-0.,-0.,1.));
#1268=DIRECTION('',(0.707106781,-0.707106781,0.));
#1269=AXIS2_PLACEMENT_3D('',#1266,#1267,#1268);
#1270=CYLINDRICAL_SURFACE('',#1269,1.);
#1271=CARTESIAN_POINT('',(-97.819760321,-9.005433768,16.118019011));
#1272=VERTEX_POINT('',#1271);
#1273=CARTESIAN_POINT('',(-97.819760321,-9.005433768,8.318019011));
#1274=VERTEX_POINT('',#1273);
#1275=CARTESIAN_POINT('',(-97.819760321,-9.005433768,16.118019011));
#1276=DIRECTION('',(0.,0.,-1.));
#1277=VECTOR('',#1276,7.8);
#1278=LINE('',#1275,#1277);
#1279=EDGE_CURVE('',#1272,#1274,#1278,.T.);
#1280=ORIENTED_EDGE('',*,*,#1279,.F.);
#1281=CARTESIAN_POINT('',(-97.560941276,-8.557146032,16.118019011));
#1282=VERTEX_POINT('',#1281);
#1283=CARTESIAN_POINT('',(-98.526867102,-8.298326987,16.118019011));
#1284=DIRECTION('',(-0.,0.,1.));
#1285=DIRECTION('',(1.,0.,0.));
#1286=AXIS2_PLACEMENT_3D('',#1283,#1284,#1285);
#1287=CIRCLE('',#1286,1.);
#1288=EDGE_CURVE('',#1272,#1282,#1287,.T.);
#1289=ORIENTED_EDGE('',*,*,#1288,.T.);
#1290=CARTESIAN_POINT('',(-97.560941276,-8.557146032,8.318019011));
#1291=VERTEX_POINT('',#1290);
#1292=CARTESIAN_POINT('',(-97.560941276,-8.557146032,16.118019011));
#1293=DIRECTION('',(0.,0.,-1.));
#1294=VECTOR('',#1293,7.8);
#1295=LINE('',#1292,#1294);
#1296=EDGE_CURVE('',#1282,#1291,#1295,.T.);
#1297=ORIENTED_EDGE('',*,*,#1296,.T.);
#1298=CARTESIAN_POINT('',(-98.526867102,-8.298326987,8.318019011));
#1299=DIRECTION('',(0.,0.,-1.));
#1300=DIRECTION('',(-1.,0.,0.));
#1301=AXIS2_PLACEMENT_3D('',#1298,#1299,#1300);
#1302=CIRCLE('',#1301,1.);
#1303=EDGE_CURVE('',#1291,#1274,#1302,.T.);
#1304=ORIENTED_EDGE('',*,*,#1303,.T.);
#1305=EDGE_LOOP('',(#1280,#1289,#1297,#1304));
#1306=FACE_BOUND('',#1305,.T.);
#1307=ADVANCED_FACE('',(#1306),#1270,.F.);
#1308=CARTESIAN_POINT('',(-98.128772409,-10.676320668,11.913769011));
#1309=DIRECTION('',(-0.965925826,0.258819045,-0.));
#1310=DIRECTION('',(-0.,0.,1.));
#1311=AXIS2_PLACEMENT_3D('',#1308,#1309,#1310);
#1312=PLANE('',#1311);
#1313=CARTESIAN_POINT('',(-95.140187501,0.477230048,8.318019011));
#1314=VERTEX_POINT('',#1313);
#1315=CARTESIAN_POINT('',(-95.140187501,0.477230048,16.118019011));
#1316=VERTEX_POINT('',#1315);
#1317=CARTESIAN_POINT('',(-95.140187501,0.477230048,8.318019011));
#1318=DIRECTION('',(-0.,0.,1.));
#1319=VECTOR('',#1318,7.8);
#1320=LINE('',#1317,#1319);
#1321=EDGE_CURVE('',#1314,#1316,#1320,.T.);
#1322=ORIENTED_EDGE('',*,*,#1321,.F.);
#1323=CARTESIAN_POINT('',(-95.140187501,0.477230048,8.318019011));
#1324=DIRECTION('',(-0.258819045,-0.965925826,-0.));
#1325=VECTOR('',#1324,9.353074361);
#1326=LINE('',#1323,#1325);
#1327=EDGE_CURVE('',#1314,#1291,#1326,.T.);
#1328=ORIENTED_EDGE('',*,*,#1327,.T.);
#1329=ORIENTED_EDGE('',*,*,#1296,.F.);
#1330=CARTESIAN_POINT('',(-97.560941276,-8.557146032,16.118019011));
#1331=DIRECTION('',(0.258819045,0.965925826,0.));
#1332=VECTOR('',#1331,9.353074361);
#1333=LINE('',#1330,#1332);
#1334=EDGE_CURVE('',#1282,#1316,#1333,.T.);
#1335=ORIENTED_EDGE('',*,*,#1334,.T.);
#1336=EDGE_LOOP('',(#1322,#1328,#1329,#1335));
#1337=FACE_BOUND('',#1336,.T.);
#1338=ADVANCED_FACE('',(#1337),#1312,.T.);
#1339=CARTESIAN_POINT('',(-102.719735633,7.349671399,-4.110365119));
#1340=DIRECTION('',(-0.,-0.,1.));
#1341=DIRECTION('',(0.258819045,0.965925826,0.));
#1342=AXIS2_PLACEMENT_3D('',#1339,#1340,#1341);
#1343=CYLINDRICAL_SURFACE('',#1342,1.);
#1344=CARTESIAN_POINT('',(-102.460916588,8.315597225,16.118019011));
#1345=VERTEX_POINT('',#1344);
#1346=CARTESIAN_POINT('',(-102.460916588,8.315597225,8.318019011));
#1347=VERTEX_POINT('',#1346);
#1348=CARTESIAN_POINT('',(-102.460916588,8.315597225,16.118019011));
#1349=DIRECTION('',(0.,0.,-1.));
#1350=VECTOR('',#1349,7.8);
#1351=LINE('',#1348,#1350);
#1352=EDGE_CURVE('',#1345,#1347,#1351,.T.);
#1353=ORIENTED_EDGE('',*,*,#1352,.F.);
#1354=CARTESIAN_POINT('',(-102.978554678,8.315597225,16.118019011));
#1355=VERTEX_POINT('',#1354);
#1356=CARTESIAN_POINT('',(-102.719735633,7.349671399,16.118019011));
#1357=DIRECTION('',(-0.,0.,1.));
#1358=DIRECTION('',(1.,0.,0.));
#1359=AXIS2_PLACEMENT_3D('',#1356,#1357,#1358);
#1360=CIRCLE('',#1359,1.);
#1361=EDGE_CURVE('',#1345,#1355,#1360,.T.);
#1362=ORIENTED_EDGE('',*,*,#1361,.T.);
#1363=CARTESIAN_POINT('',(-102.978554678,8.315597225,8.318019011));
#1364=VERTEX_POINT('',#1363);
#1365=CARTESIAN_POINT('',(-102.978554678,8.315597225,16.118019011));
#1366=DIRECTION('',(0.,0.,-1.));
#1367=VECTOR('',#1366,7.8);
#1368=LINE('',#1365,#1367);
#1369=EDGE_CURVE('',#1355,#1364,#1368,.T.);
#1370=ORIENTED_EDGE('',*,*,#1369,.T.);
#1371=CARTESIAN_POINT('',(-102.719735633,7.349671399,8.318019011));
#1372=DIRECTION('',(0.,0.,-1.));
#1373=DIRECTION('',(-1.,0.,0.));
#1374=AXIS2_PLACEMENT_3D('',#1371,#1372,#1373);
#1375=CIRCLE('',#1374,1.);
#1376=EDGE_CURVE('',#1364,#1347,#1375,.T.);
#1377=ORIENTED_EDGE('',*,*,#1376,.T.);
#1378=EDGE_LOOP('',(#1353,#1362,#1370,#1377));
#1379=FACE_BOUND('',#1378,.T.);
#1380=ADVANCED_FACE('',(#1379),#1343,.F.);
#1381=CARTESIAN_POINT('',(-97.031999708,3.076149037,11.913769011));
#1382=DIRECTION('',(-0.707106781,-0.707106781,-0.));
#1383=DIRECTION('',(-0.,0.,1.));
#1384=AXIS2_PLACEMENT_3D('',#1381,#1382,#1383);
#1385=PLANE('',#1384);
#1386=CARTESIAN_POINT('',(-102.012628852,8.05677818,8.318019011));
#1387=VERTEX_POINT('',#1386);
#1388=CARTESIAN_POINT('',(-102.012628852,8.05677818,16.118019011));
#1389=VERTEX_POINT('',#1388);
#1390=CARTESIAN_POINT('',(-102.012628852,8.05677818,8.318019011));
#1391=DIRECTION('',(-0.,-0.,1.));
#1392=VECTOR('',#1391,7.8);
#1393=LINE('',#1390,#1392);
#1394=EDGE_CURVE('',#1387,#1389,#1393,.T.);
#1395=ORIENTED_EDGE('',*,*,#1394,.F.);
#1396=CARTESIAN_POINT('',(-95.399006546,1.443155875,8.318019011));
#1397=VERTEX_POINT('',#1396);
#1398=CARTESIAN_POINT('',(-102.012628852,8.05677818,8.318019011));
#1399=DIRECTION('',(0.707106781,-0.707106781,0.));
#1400=VECTOR('',#1399,9.353074361);
#1401=LINE('',#1398,#1400);
#1402=EDGE_CURVE('',#1387,#1397,#1401,.T.);
#1403=ORIENTED_EDGE('',*,*,#1402,.T.);
#1404=CARTESIAN_POINT('',(-95.399006546,1.443155875,16.118019011));
#1405=VERTEX_POINT('',#1404);
#1406=CARTESIAN_POINT('',(-95.399006546,1.443155875,16.118019011));
#1407=DIRECTION('',(0.,-0.,-1.));
#1408=VECTOR('',#1407,7.8);
#1409=LINE('',#1406,#1408);
#1410=EDGE_CURVE('',#1405,#1397,#1409,.T.);
#1411=ORIENTED_EDGE('',*,*,#1410,.F.);
#1412=CARTESIAN_POINT('',(-95.399006546,1.443155875,16.118019011));
#1413=DIRECTION('',(-0.707106781,0.707106781,-0.));
#1414=VECTOR('',#1413,9.353074361);
#1415=LINE('',#1412,#1414);
#1416=EDGE_CURVE('',#1405,#1389,#1415,.T.);
#1417=ORIENTED_EDGE('',*,*,#1416,.T.);
#1418=EDGE_LOOP('',(#1395,#1403,#1411,#1417));
#1419=FACE_BOUND('',#1418,.T.);
#1420=ADVANCED_FACE('',(#1419),#1385,.T.);
#1421=CARTESIAN_POINT('',(-96.106113328,0.736049094,11.913769011));
#1422=DIRECTION('',(-0.,0.,1.));
#1423=DIRECTION('',(0.965925826,0.258819045,0.));
#1424=AXIS2_PLACEMENT_3D('',#1421,#1422,#1423);
#1425=CYLINDRICAL_SURFACE('',#1424,1.);
#1426=CARTESIAN_POINT('',(-95.140187501,0.994868139,16.118019011));
#1427=VERTEX_POINT('',#1426);
#1428=CARTESIAN_POINT('',(-95.140187501,0.994868139,8.318019011));
#1429=VERTEX_POINT('',#1428);
#1430=CARTESIAN_POINT('',(-95.140187501,0.994868139,16.118019011));
#1431=DIRECTION('',(0.,-0.,-1.));
#1432=VECTOR('',#1431,7.8);
#1433=LINE('',#1430,#1432);
#1434=EDGE_CURVE('',#1427,#1429,#1433,.T.);
#1435=ORIENTED_EDGE('',*,*,#1434,.F.);
#1436=CARTESIAN_POINT('',(-96.106113328,0.736049094,16.118019011));
#1437=DIRECTION('',(-0.,0.,1.));
#1438=DIRECTION('',(1.,0.,0.));
#1439=AXIS2_PLACEMENT_3D('',#1436,#1437,#1438);
#1440=CIRCLE('',#1439,1.);
#1441=EDGE_CURVE('',#1427,#1405,#1440,.T.);
#1442=ORIENTED_EDGE('',*,*,#1441,.T.);
#1443=ORIENTED_EDGE('',*,*,#1410,.T.);
#1444=CARTESIAN_POINT('',(-96.106113328,0.736049094,8.318019011));
#1445=DIRECTION('',(0.,0.,-1.));
#1446=DIRECTION('',(-1.,0.,0.));
#1447=AXIS2_PLACEMENT_3D('',#1444,#1445,#1446);
#1448=CIRCLE('',#1447,1.);
#1449=EDGE_CURVE('',#1397,#1429,#1448,.T.);
#1450=ORIENTED_EDGE('',*,*,#1449,.T.);
#1451=EDGE_LOOP('',(#1435,#1442,#1443,#1450));
#1452=FACE_BOUND('',#1451,.T.);
#1453=ADVANCED_FACE('',(#1452),#1425,.F.);
#1454=CARTESIAN_POINT('',(-10.307803402,2.12,-2.062490119));
#1455=DIRECTION('',(-0.,-0.,1.));
#1456=DIRECTION('',(0.707106781,0.707106781,0.));
#1457=AXIS2_PLACEMENT_3D('',#1454,#1455,#1456);
#1458=CYLINDRICAL_SURFACE('',#1457,5.);
#1459=CARTESIAN_POINT('',(-6.772269496,5.655533906,15.318019011));
#1460=VERTEX_POINT('',#1459);
#1461=CARTESIAN_POINT('',(-6.772269496,5.655533906,8.318019011));
#1462=VERTEX_POINT('',#1461);
#1463=CARTESIAN_POINT('',(-6.772269496,5.655533906,15.318019011));
#1464=DIRECTION('',(0.,0.,-1.));
#1465=VECTOR('',#1464,7.);
#1466=LINE('',#1463,#1465);
#1467=EDGE_CURVE('',#1460,#1462,#1466,.T.);
#1468=ORIENTED_EDGE('',*,*,#1467,.T.);
#1469=CARTESIAN_POINT('',(-10.307803402,7.12,8.318019011));
#1470=VERTEX_POINT('',#1469);
#1471=CARTESIAN_POINT('',(-10.307803402,2.12,8.318019011));
#1472=DIRECTION('',(-0.,-0.,1.));
#1473=DIRECTION('',(-1.,0.,0.));
#1474=AXIS2_PLACEMENT_3D('',#1471,#1472,#1473);
#1475=CIRCLE('',#1474,5.);
#1476=EDGE_CURVE('',#1462,#1470,#1475,.T.);
#1477=ORIENTED_EDGE('',*,*,#1476,.T.);
#1478=CARTESIAN_POINT('',(-10.307803402,7.12,15.318019011));
#1479=VERTEX_POINT('',#1478);
#1480=CARTESIAN_POINT('',(-10.307803402,7.12,8.318019011));
#1481=DIRECTION('',(-0.,-0.,1.));
#1482=VECTOR('',#1481,7.);
#1483=LINE('',#1480,#1482);
#1484=EDGE_CURVE('',#1470,#1479,#1483,.T.);
#1485=ORIENTED_EDGE('',*,*,#1484,.T.);
#1486=CARTESIAN_POINT('',(-10.307803402,2.12,15.318019011));
#1487=DIRECTION('',(0.,-0.,-1.));
#1488=DIRECTION('',(1.,0.,0.));
#1489=AXIS2_PLACEMENT_3D('',#1486,#1487,#1488);
#1490=CIRCLE('',#1489,5.);
#1491=EDGE_CURVE('',#1479,#1460,#1490,.T.);
#1492=ORIENTED_EDGE('',*,*,#1491,.T.);
#1493=EDGE_LOOP('',(#1468,#1477,#1485,#1492));
#1494=FACE_BOUND('',#1493,.T.);
#1495=ADVANCED_FACE('',(#1494),#1458,.T.);
#1496=CARTESIAN_POINT('',(-5.307803402,-24.77944313,16.009519011));
#1497=DIRECTION('',(-1.,0.,-0.));
#1498=DIRECTION('',(-0.,0.,1.));
#1499=AXIS2_PLACEMENT_3D('',#1496,#1497,#1498);
#1500=PLANE('',#1499);
#1501=CARTESIAN_POINT('',(-5.307803402,-2.12,8.318019011));
#1502=VERTEX_POINT('',#1501);
#1503=CARTESIAN_POINT('',(-5.307803402,-2.12,15.318019011));
#1504=VERTEX_POINT('',#1503);
#1505=CARTESIAN_POINT('',(-5.307803402,-2.12,8.318019011));
#1506=DIRECTION('',(-0.,0.,1.));
#1507=VECTOR('',#1506,7.);
#1508=LINE('',#1505,#1507);
#1509=EDGE_CURVE('',#1502,#1504,#1508,.T.);
#1510=ORIENTED_EDGE('',*,*,#1509,.F.);
#1511=CARTESIAN_POINT('',(-5.307803402,2.12,8.318019011));
#1512=VERTEX_POINT('',#1511);
#1513=CARTESIAN_POINT('',(-5.307803402,-2.12,8.318019011));
#1514=DIRECTION('',(0.,1.,0.));
#1515=VECTOR('',#1514,4.24);
#1516=LINE('',#1513,#1515);
#1517=EDGE_CURVE('',#1502,#1512,#1516,.T.);
#1518=ORIENTED_EDGE('',*,*,#1517,.T.);
#1519=CARTESIAN_POINT('',(-5.307803402,2.12,15.318019011));
#1520=VERTEX_POINT('',#1519);
#1521=CARTESIAN_POINT('',(-5.307803402,2.12,15.318019011));
#1522=DIRECTION('',(0.,-0.,-1.));
#1523=VECTOR('',#1522,7.);
#1524=LINE('',#1521,#1523);
#1525=EDGE_CURVE('',#1520,#1512,#1524,.T.);
#1526=ORIENTED_EDGE('',*,*,#1525,.F.);
#1527=CARTESIAN_POINT('',(-5.307803402,2.12,15.318019011));
#1528=DIRECTION('',(0.,-1.,0.));
#1529=VECTOR('',#1528,4.24);
#1530=LINE('',#1527,#1529);
#1531=EDGE_CURVE('',#1520,#1504,#1530,.T.);
#1532=ORIENTED_EDGE('',*,*,#1531,.T.);
#1533=EDGE_LOOP('',(#1510,#1518,#1526,#1532));
#1534=FACE_BOUND('',#1533,.T.);
#1535=ADVANCED_FACE('',(#1534),#1500,.F.);
#1536=CARTESIAN_POINT('',(-10.307803402,-2.12,-2.062490119));
#1537=DIRECTION('',(-0.,0.,1.));
#1538=DIRECTION('',(0.707106781,-0.707106781,0.));
#1539=AXIS2_PLACEMENT_3D('',#1536,#1537,#1538);
#1540=CYLINDRICAL_SURFACE('',#1539,5.);
#1541=CARTESIAN_POINT('',(-6.772269496,-5.655533906,15.318019011));
#1542=VERTEX_POINT('',#1541);
#1543=CARTESIAN_POINT('',(-6.772269496,-5.655533906,8.318019011));
#1544=VERTEX_POINT('',#1543);
#1545=CARTESIAN_POINT('',(-6.772269496,-5.655533906,15.318019011));
#1546=DIRECTION('',(0.,-0.,-1.));
#1547=VECTOR('',#1546,7.);
#1548=LINE('',#1545,#1547);
#1549=EDGE_CURVE('',#1542,#1544,#1548,.T.);
#1550=ORIENTED_EDGE('',*,*,#1549,.T.);
#1551=CARTESIAN_POINT('',(-10.307803402,-2.12,8.318019011));
#1552=DIRECTION('',(-0.,-0.,1.));
#1553=DIRECTION('',(-1.,0.,0.));
#1554=AXIS2_PLACEMENT_3D('',#1551,#1552,#1553);
#1555=CIRCLE('',#1554,5.);
#1556=EDGE_CURVE('',#1544,#1502,#1555,.T.);
#1557=ORIENTED_EDGE('',*,*,#1556,.T.);
#1558=ORIENTED_EDGE('',*,*,#1509,.T.);
#1559=CARTESIAN_POINT('',(-10.307803402,-2.12,15.318019011));
#1560=DIRECTION('',(0.,-0.,-1.));
#1561=DIRECTION('',(1.,0.,0.));
#1562=AXIS2_PLACEMENT_3D('',#1559,#1560,#1561);
#1563=CIRCLE('',#1562,5.);
#1564=EDGE_CURVE('',#1504,#1542,#1563,.T.);
#1565=ORIENTED_EDGE('',*,*,#1564,.T.);
#1566=EDGE_LOOP('',(#1550,#1557,#1558,#1565));
#1567=FACE_BOUND('',#1566,.T.);
#1568=ADVANCED_FACE('',(#1567),#1540,.T.);
#1569=CARTESIAN_POINT('',(-13.05270058,-3.6,16.009519011));
#1570=DIRECTION('',(-0.,-1.,-0.));
#1571=DIRECTION('',(1.,-0.,0.));
#1572=AXIS2_PLACEMENT_3D('',#1569,#1570,#1571);
#1573=PLANE('',#1572);
#1574=ORIENTED_EDGE('',*,*,#858,.F.);
#1575=ORIENTED_EDGE('',*,*,#1261,.F.);
#1576=ORIENTED_EDGE('',*,*,#1215,.F.);
#1577=CARTESIAN_POINT('',(-13.05270058,-3.6,15.609519011));
#1578=DIRECTION('',(0.,-0.,-1.));
#1579=VECTOR('',#1578,7.3915);
#1580=LINE('',#1577,#1579);
#1581=EDGE_CURVE('',#1187,#790,#1580,.T.);
#1582=ORIENTED_EDGE('',*,*,#1581,.T.);
#1583=EDGE_LOOP('',(#1574,#1575,#1576,#1582));
#1584=FACE_BOUND('',#1583,.T.);
#1585=ADVANCED_FACE('',(#1584),#1573,.F.);
#1586=CARTESIAN_POINT('',(-10.974239611,0.,16.009519011));
#1587=DIRECTION('',(0.866025404,-0.5,0.));
#1588=DIRECTION('',(0.,0.,-1.));
#1589=AXIS2_PLACEMENT_3D('',#1586,#1587,#1588);
#1590=PLANE('',#1589);
#1591=ORIENTED_EDGE('',*,*,#795,.F.);
#1592=ORIENTED_EDGE('',*,*,#1581,.F.);
#1593=ORIENTED_EDGE('',*,*,#1192,.F.);
#1594=ORIENTED_EDGE('',*,*,#931,.T.);
#1595=EDGE_LOOP('',(#1591,#1592,#1593,#1594));
#1596=FACE_BOUND('',#1595,.T.);
#1597=ADVANCED_FACE('',(#1596),#1590,.F.);
#1598=CARTESIAN_POINT('',(-71.850153151,7.12,-20.134499249));
#1599=DIRECTION('',(-0.,1.,-0.));
#1600=DIRECTION('',(-1.,-0.,-0.));
#1601=AXIS2_PLACEMENT_3D('',#1598,#1599,#1600);
#1602=PLANE('',#1601);
#1603=CARTESIAN_POINT('',(-43.717445806,7.12,13.676204719));
#1604=VERTEX_POINT('',#1603);
#1605=CARTESIAN_POINT('',(-43.717445806,7.12,9.659833275));
#1606=VERTEX_POINT('',#1605);
#1607=CARTESIAN_POINT('',(-43.717445806,7.12,13.676204719));
#1608=DIRECTION('',(0.,-0.,-1.));
#1609=VECTOR('',#1608,4.016371444);
#1610=LINE('',#1607,#1609);
#1611=EDGE_CURVE('',#1604,#1606,#1610,.T.);
#1612=ORIENTED_EDGE('',*,*,#1611,.T.);
#1613=CARTESIAN_POINT('',(-42.950732633,7.12,9.659833275));
#1614=VERTEX_POINT('',#1613);
#1615=CARTESIAN_POINT('',(-43.717445806,7.12,9.659833275));
#1616=DIRECTION('',(1.,0.,-0.));
#1617=VECTOR('',#1616,0.766713172);
#1618=LINE('',#1615,#1617);
#1619=EDGE_CURVE('',#1606,#1614,#1618,.T.);
#1620=ORIENTED_EDGE('',*,*,#1619,.T.);
#1621=CARTESIAN_POINT('',(-42.950732633,7.12,12.549328618));
#1622=VERTEX_POINT('',#1621);
#1623=CARTESIAN_POINT('',(-42.950732633,7.12,9.659833275));
#1624=DIRECTION('',(-0.,0.,1.));
#1625=VECTOR('',#1624,2.889495343);
#1626=LINE('',#1623,#1625);
#1627=EDGE_CURVE('',#1614,#1622,#1626,.T.);
#1628=ORIENTED_EDGE('',*,*,#1627,.T.);
#1629=CARTESIAN_POINT('',(-41.960282251,7.12,11.968155392));
#1630=VERTEX_POINT('',#1629);
#1631=CARTESIAN_POINT('',(-42.950732633,7.12,12.549328618));
#1632=CARTESIAN_POINT('',(-42.670605704,7.12,12.287390418));
#1633=CARTESIAN_POINT('',(-42.340455577,7.12,12.09366601));
#1634=CARTESIAN_POINT('',(-41.960282251,7.12,11.968155392));
#1635=B_SPLINE_CURVE_WITH_KNOTS('',3,(#1631,#1632,#1633,#1634),.UNSPECIFIED.,.F.,.F.,(4,4),(0.,1.),.UNSPECIFIED.);
#1636=EDGE_CURVE('',#1622,#1630,#1635,.T.);
#1637=ORIENTED_EDGE('',*,*,#1636,.T.);
#1638=CARTESIAN_POINT('',(-41.960282251,7.12,12.663925998));
#1639=VERTEX_POINT('',#1638);
#1640=CARTESIAN_POINT('',(-41.960282251,7.12,11.968155392));
#1641=DIRECTION('',(-0.,0.,1.));
#1642=VECTOR('',#1641,0.695770606);
#1643=LINE('',#1640,#1642);
#1644=EDGE_CURVE('',#1630,#1639,#1643,.T.);
#1645=ORIENTED_EDGE('',*,*,#1644,.T.);
#1646=CARTESIAN_POINT('',(-43.095344678,7.12,13.676204719));
#1647=VERTEX_POINT('',#1646);
#1648=CARTESIAN_POINT('',(-41.960282251,7.12,12.663925998));
#1649=CARTESIAN_POINT('',(-42.160371318,7.12,12.729411013));
#1650=CARTESIAN_POINT('',(-42.377745733,7.12,12.853558175));
#1651=CARTESIAN_POINT('',(-42.612398043,7.12,13.036367483));
#1652=CARTESIAN_POINT('',(-42.847050354,7.12,13.219178654));
#1653=CARTESIAN_POINT('',(-43.008031324,7.12,13.432457112));
#1654=CARTESIAN_POINT('',(-43.095344678,7.12,13.676204719));
#1655=B_SPLINE_CURVE_WITH_KNOTS('',3,(#1648,#1649,#1650,#1651,#1652,#1653,#1654),.UNSPECIFIED.,.F.,.F.,(4,3,4),(0.,0.499999038,1.),.UNSPECIFIED.);
#1656=EDGE_CURVE('',#1639,#1647,#1655,.T.);
#1657=ORIENTED_EDGE('',*,*,#1656,.T.);
#1658=CARTESIAN_POINT('',(-43.095344678,7.12,13.676204719));
#1659=DIRECTION('',(-1.,-0.,0.));
#1660=VECTOR('',#1659,0.622101128);
#1661=LINE('',#1658,#1660);
#1662=EDGE_CURVE('',#1647,#1604,#1661,.T.);
#1663=ORIENTED_EDGE('',*,*,#1662,.T.);
#1664=EDGE_LOOP('',(#1612,#1620,#1628,#1637,#1645,#1657,#1663));
#1665=FACE_BOUND('',#1664,.T.);
#1666=CARTESIAN_POINT('',(-40.110351518,7.12,11.078660376));
#1667=VERTEX_POINT('',#1666);
#1668=CARTESIAN_POINT('',(-40.661508217,7.12,12.557514943));
#1669=VERTEX_POINT('',#1668);
#1670=CARTESIAN_POINT('',(-40.110351518,7.12,11.078660376));
#1671=DIRECTION('',(-0.349226354,-0.,0.937038395));
#1672=VECTOR('',#1671,1.578221954);
#1673=LINE('',#1670,#1672);
#1674=EDGE_CURVE('',#1667,#1669,#1673,.T.);
#1675=ORIENTED_EDGE('',*,*,#1674,.T.);
#1676=CARTESIAN_POINT('',(-41.450051591,7.12,12.557514943));
#1677=VERTEX_POINT('',#1676);
#1678=CARTESIAN_POINT('',(-40.661508217,7.12,12.557514943));
#1679=DIRECTION('',(-1.,-0.,0.));
#1680=VECTOR('',#1679,0.788543373);
#1681=LINE('',#1678,#1680);
#1682=EDGE_CURVE('',#1669,#1677,#1681,.T.);
#1683=ORIENTED_EDGE('',*,*,#1682,.T.);
#1684=CARTESIAN_POINT('',(-40.298616514,7.12,9.659833275));
#1685=VERTEX_POINT('',#1684);
#1686=CARTESIAN_POINT('',(-41.450051591,7.12,12.557514943));
#1687=DIRECTION('',(0.369278112,0.,-0.929318931));
#1688=VECTOR('',#1687,3.118070203);
#1689=LINE('',#1686,#1688);
#1690=EDGE_CURVE('',#1677,#1685,#1689,.T.);
#1691=ORIENTED_EDGE('',*,*,#1690,.T.);
#1692=CARTESIAN_POINT('',(-39.60830532,7.12,9.659833275));
#1693=VERTEX_POINT('',#1692);
#1694=CARTESIAN_POINT('',(-40.298616514,7.12,9.659833275));
#1695=DIRECTION('',(1.,0.,-0.));
#1696=VECTOR('',#1695,0.690311193);
#1697=LINE('',#1694,#1696);
#1698=EDGE_CURVE('',#1685,#1693,#1697,.T.);
#1699=ORIENTED_EDGE('',*,*,#1698,.T.);
#1700=CARTESIAN_POINT('',(-38.440501317,7.12,12.557514943));
#1701=VERTEX_POINT('',#1700);
#1702=CARTESIAN_POINT('',(-39.60830532,7.12,9.659833275));
#1703=DIRECTION('',(0.373798724,0.,0.927509846));
#1704=VECTOR('',#1703,3.124151923);
#1705=LINE('',#1702,#1704);
#1706=EDGE_CURVE('',#1693,#1701,#1705,.T.);
#1707=ORIENTED_EDGE('',*,*,#1706,.T.);
#1708=CARTESIAN_POINT('',(-39.245409891,7.12,12.557514943));
#1709=VERTEX_POINT('',#1708);
#1710=CARTESIAN_POINT('',(-38.440501317,7.12,12.557514943));
#1711=DIRECTION('',(-1.,-0.,0.));
#1712=VECTOR('',#1711,0.804908574);
#1713=LINE('',#1710,#1712);
#1714=EDGE_CURVE('',#1701,#1709,#1713,.T.);
#1715=ORIENTED_EDGE('',*,*,#1714,.T.);
#1716=CARTESIAN_POINT('',(-39.791112766,7.12,11.078660376));
#1717=VERTEX_POINT('',#1716);
#1718=CARTESIAN_POINT('',(-39.245409891,7.12,12.557514943));
#1719=DIRECTION('',(-0.346186643,-0.,-0.938165661));
#1720=VECTOR('',#1719,1.576325619);
#1721=LINE('',#1718,#1720);
#1722=EDGE_CURVE('',#1709,#1717,#1721,.T.);
#1723=ORIENTED_EDGE('',*,*,#1722,.T.);
#1724=CARTESIAN_POINT('',(-39.949366823,7.12,10.584798642));
#1725=VERTEX_POINT('',#1724);
#1726=CARTESIAN_POINT('',(-39.791112766,7.12,11.078660376));
#1727=DIRECTION('',(-0.305157548,-0.,-0.95230188));
#1728=VECTOR('',#1727,0.518597879);
#1729=LINE('',#1726,#1728);
#1730=EDGE_CURVE('',#1717,#1725,#1729,.T.);
#1731=ORIENTED_EDGE('',*,*,#1730,.T.);
#1732=CARTESIAN_POINT('',(-40.028495714,7.12,10.833092965));
#1733=VERTEX_POINT('',#1732);
#1734=CARTESIAN_POINT('',(-39.949366823,7.12,10.584798642));
#1735=CARTESIAN_POINT('',(-39.991205558,7.12,10.710311122));
#1736=CARTESIAN_POINT('',(-40.017580613,7.12,10.793075897));
#1737=CARTESIAN_POINT('',(-40.028495714,7.12,10.833092965));
#1738=B_SPLINE_CURVE_WITH_KNOTS('',3,(#1734,#1735,#1736,#1737),.UNSPECIFIED.,.F.,.F.,(4,4),(0.,1.),.UNSPECIFIED.);
#1739=EDGE_CURVE('',#1725,#1733,#1738,.T.);
#1740=ORIENTED_EDGE('',*,*,#1739,.T.);
#1741=CARTESIAN_POINT('',(-40.028495714,7.12,10.833092965));
#1742=CARTESIAN_POINT('',(-40.053961799,7.12,10.914948769));
#1743=CARTESIAN_POINT('',(-40.081245825,7.12,10.996804573));
#1744=CARTESIAN_POINT('',(-40.110351518,7.12,11.078660376));
#1745=B_SPLINE_CURVE_WITH_KNOTS('',3,(#1741,#1742,#1743,#1744),.UNSPECIFIED.,.F.,.F.,(4,4),(0.,1.),.UNSPECIFIED.);
#1746=EDGE_CURVE('',#1733,#1667,#1745,.T.);
#1747=ORIENTED_EDGE('',*,*,#1746,.T.);
#1748=EDGE_LOOP('',(#1675,#1683,#1691,#1699,#1707,#1715,#1723,#1731,#1740,#1747));
#1749=FACE_BOUND('',#1748,.T.);
#1750=ORIENTED_EDGE('',*,*,#1484,.F.);
#1751=CARTESIAN_POINT('',(-71.850153151,7.12,8.318019011));
#1752=VERTEX_POINT('',#1751);
#1753=CARTESIAN_POINT('',(-10.307803402,7.12,8.318019011));
#1754=DIRECTION('',(-1.,-0.,-0.));
#1755=VECTOR('',#1754,61.542349749);
#1756=LINE('',#1753,#1755);
#1757=EDGE_CURVE('',#1470,#1752,#1756,.T.);
#1758=ORIENTED_EDGE('',*,*,#1757,.T.);
#1759=CARTESIAN_POINT('',(-71.850153151,7.12,15.318019011));
#1760=VERTEX_POINT('',#1759);
#1761=CARTESIAN_POINT('',(-71.850153151,7.12,8.318019011));
#1762=DIRECTION('',(-0.,-0.,1.));
#1763=VECTOR('',#1762,7.);
#1764=LINE('',#1761,#1763);
#1765=EDGE_CURVE('',#1752,#1760,#1764,.T.);
#1766=ORIENTED_EDGE('',*,*,#1765,.T.);
#1767=CARTESIAN_POINT('',(-71.850153151,7.12,15.318019011));
#1768=DIRECTION('',(1.,0.,0.));
#1769=VECTOR('',#1768,61.542349749);
#1770=LINE('',#1767,#1769);
#1771=EDGE_CURVE('',#1760,#1479,#1770,.T.);
#1772=ORIENTED_EDGE('',*,*,#1771,.T.);
#1773=EDGE_LOOP('',(#1750,#1758,#1766,#1772));
#1774=FACE_BOUND('',#1773,.T.);
#1775=ADVANCED_FACE('',(#1665,#1749,#1774),#1602,.T.);
#1776=CARTESIAN_POINT('',(-101.274125918,9.035444199,-20.134499249));
#1777=DIRECTION('',(0.,0.,-1.));
#1778=DIRECTION('',(-1.,0.,-0.));
#1779=AXIS2_PLACEMENT_3D('',#1776,#1777,#1778);
#1780=CYLINDRICAL_SURFACE('',#1779,29.221367658);
#1781=CARTESIAN_POINT('',(-114.215813504,-17.163812475,8.318019011));
#1782=VERTEX_POINT('',#1781);
#1783=CARTESIAN_POINT('',(-114.215813504,-17.163812475,16.118019011));
#1784=VERTEX_POINT('',#1783);
#1785=CARTESIAN_POINT('',(-114.215813504,-17.163812475,8.318019011));
#1786=DIRECTION('',(-0.,-0.,1.));
#1787=VECTOR('',#1786,7.8);
#1788=LINE('',#1785,#1787);
#1789=EDGE_CURVE('',#1782,#1784,#1788,.T.);
#1790=ORIENTED_EDGE('',*,*,#1789,.F.);
#1791=CARTESIAN_POINT('',(-100.221825679,-20.166969949,8.318019011));
#1792=VERTEX_POINT('',#1791);
#1793=CARTESIAN_POINT('',(-101.274125918,9.035444199,8.318019011));
#1794=DIRECTION('',(-0.,-0.,1.));
#1795=DIRECTION('',(-1.,0.,0.));
#1796=AXIS2_PLACEMENT_3D('',#1793,#1794,#1795);
#1797=CIRCLE('',#1796,29.221367658);
#1798=EDGE_CURVE('',#1782,#1792,#1797,.T.);
#1799=ORIENTED_EDGE('',*,*,#1798,.T.);
#1800=CARTESIAN_POINT('',(-100.221825679,-20.166969949,16.118019011));
#1801=VERTEX_POINT('',#1800);
#1802=CARTESIAN_POINT('',(-100.221825679,-20.166969949,8.318019011));
#1803=DIRECTION('',(-0.,-0.,1.));
#1804=VECTOR('',#1803,7.8);
#1805=LINE('',#1802,#1804);
#1806=EDGE_CURVE('',#1792,#1801,#1805,.T.);
#1807=ORIENTED_EDGE('',*,*,#1806,.T.);
#1808=CARTESIAN_POINT('',(-101.274125918,9.035444199,16.118019011));
#1809=DIRECTION('',(0.,-0.,-1.));
#1810=DIRECTION('',(1.,0.,0.));
#1811=AXIS2_PLACEMENT_3D('',#1808,#1809,#1810);
#1812=CIRCLE('',#1811,29.221367658);
#1813=EDGE_CURVE('',#1801,#1784,#1812,.T.);
#1814=ORIENTED_EDGE('',*,*,#1813,.T.);
#1815=EDGE_LOOP('',(#1790,#1799,#1807,#1814));
#1816=FACE_BOUND('',#1815,.T.);
#1817=ADVANCED_FACE('',(#1816),#1780,.T.);
#1818=CARTESIAN_POINT('',(-100.53872536,-11.372677789,-20.134499249));
#1819=DIRECTION('',(-0.,0.,1.));
#1820=DIRECTION('',(1.,0.,0.));
#1821=AXIS2_PLACEMENT_3D('',#1818,#1819,#1820);
#1822=CYLINDRICAL_SURFACE('',#1821,8.8);
#1823=ORIENTED_EDGE('',*,*,#1806,.F.);
#1824=CARTESIAN_POINT('',(-94.087123408,-17.357394344,8.318018925));
#1825=VERTEX_POINT('',#1824);
#1826=CARTESIAN_POINT('',(-100.53872536,-11.372677789,8.318019011));
#1827=DIRECTION('',(-0.,-0.,1.));
#1828=DIRECTION('',(-1.,0.,0.));
#1829=AXIS2_PLACEMENT_3D('',#1826,#1827,#1828);
#1830=CIRCLE('',#1829,8.8);
#1831=EDGE_CURVE('',#1792,#1825,#1830,.T.);
#1832=ORIENTED_EDGE('',*,*,#1831,.T.);
#1833=CARTESIAN_POINT('',(-94.087123408,-17.357394344,16.118019011));
#1834=VERTEX_POINT('',#1833);
#1835=CARTESIAN_POINT('',(-94.087123408,-17.357394344,8.318018925));
#1836=DIRECTION('',(-0.,0.,1.));
#1837=VECTOR('',#1836,7.800000086);
#1838=LINE('',#1835,#1837);
#1839=EDGE_CURVE('',#1825,#1834,#1838,.T.);
#1840=ORIENTED_EDGE('',*,*,#1839,.T.);
#1841=CARTESIAN_POINT('',(-100.53872536,-11.372677789,16.118019011));
#1842=DIRECTION('',(0.,-0.,-1.));
#1843=DIRECTION('',(1.,0.,0.));
#1844=AXIS2_PLACEMENT_3D('',#1841,#1842,#1843);
#1845=CIRCLE('',#1844,8.8);
#1846=EDGE_CURVE('',#1834,#1801,#1845,.T.);
#1847=ORIENTED_EDGE('',*,*,#1846,.T.);
#1848=EDGE_LOOP('',(#1823,#1832,#1840,#1847));
#1849=FACE_BOUND('',#1848,.T.);
#1850=ADVANCED_FACE('',(#1849),#1822,.T.);
#1851=CARTESIAN_POINT('',(-70.626752672,-39.12,-20.134499249));
#1852=DIRECTION('',(-0.,0.,1.));
#1853=DIRECTION('',(1.,0.,0.));
#1854=AXIS2_PLACEMENT_3D('',#1851,#1852,#1853);
#1855=CYLINDRICAL_SURFACE('',#1854,32.);
#1856=ORIENTED_EDGE('',*,*,#1839,.F.);
#1857=CARTESIAN_POINT('',(-70.626752672,-39.12,8.318018925));
#1858=DIRECTION('',(0.,0.,-1.));
#1859=DIRECTION('',(-1.,0.,0.));
#1860=AXIS2_PLACEMENT_3D('',#1857,#1858,#1859);
#1861=CIRCLE('',#1860,32.);
#1862=EDGE_CURVE('',#1825,#662,#1861,.T.);
#1863=ORIENTED_EDGE('',*,*,#1862,.T.);
#1864=ORIENTED_EDGE('',*,*,#667,.T.);
#1865=CARTESIAN_POINT('',(-86.150937287,-11.137868344,15.318019011));
#1866=VERTEX_POINT('',#1865);
#1867=CARTESIAN_POINT('',(-70.626752672,-39.12,15.318019011));
#1868=DIRECTION('',(-0.,0.,1.));
#1869=DIRECTION('',(1.,0.,0.));
#1870=AXIS2_PLACEMENT_3D('',#1867,#1868,#1869);
#1871=CIRCLE('',#1870,32.);
#1872=EDGE_CURVE('',#654,#1866,#1871,.T.);
#1873=ORIENTED_EDGE('',*,*,#1872,.T.);
#1874=CARTESIAN_POINT('',(-90.094069326,-13.72268553,16.118019011));
#1875=VERTEX_POINT('',#1874);
#1876=CARTESIAN_POINT('',(-86.150937287,-11.137868344,15.318019011));
#1877=CARTESIAN_POINT('',(-86.502302205,-11.332801808,15.318019006));
#1878=CARTESIAN_POINT('',(-86.846787265,-11.532553633,15.346025197));
#1879=CARTESIAN_POINT('',(-87.185542345,-11.737405445,15.392599635));
#1880=CARTESIAN_POINT('',(-87.524297425,-11.942257257,15.439174073));
#1881=CARTESIAN_POINT('',(-87.857303089,-12.1522015,15.504488519));
#1882=CARTESIAN_POINT('',(-88.185403912,-12.367546531,15.58116664));
#1883=CARTESIAN_POINT('',(-88.841605559,-12.798236593,15.734522882));
#1884=CARTESIAN_POINT('',(-89.476382095,-13.249221506,15.934050318));
#1885=CARTESIAN_POINT('',(-90.094071132,-13.722686914,16.118003779));
#1886=B_SPLINE_CURVE_WITH_KNOTS('',3,(#1876,#1877,#1878,#1879,#1880,#1881,#1882,#1883,#1884,#1885),.UNSPECIFIED.,.F.,.F.,(4,3,3,4),(0.,0.001221577,0.002443155,0.00488631),.UNSPECIFIED.);
#1887=EDGE_CURVE('',#1866,#1875,#1886,.T.);
#1888=ORIENTED_EDGE('',*,*,#1887,.T.);
#1889=CARTESIAN_POINT('',(-70.626752672,-39.12,16.118019011));
#1890=DIRECTION('',(-0.,0.,1.));
#1891=DIRECTION('',(1.,0.,0.));
#1892=AXIS2_PLACEMENT_3D('',#1889,#1890,#1891);
#1893=CIRCLE('',#1892,32.);
#1894=EDGE_CURVE('',#1875,#1834,#1893,.T.);
#1895=ORIENTED_EDGE('',*,*,#1894,.T.);
#1896=EDGE_LOOP('',(#1856,#1863,#1864,#1873,#1888,#1895));
#1897=FACE_BOUND('',#1896,.T.);
#1898=ADVANCED_FACE('',(#1897),#1855,.F.);
#1899=CARTESIAN_POINT('',(-71.850153151,35.6,-20.134499249));
#1900=DIRECTION('',(-0.,0.,1.));
#1901=DIRECTION('',(1.,0.,0.));
#1902=AXIS2_PLACEMENT_3D('',#1899,#1900,#1901);
#1903=CYLINDRICAL_SURFACE('',#1902,28.48);
#1904=ORIENTED_EDGE('',*,*,#1765,.F.);
#1905=CARTESIAN_POINT('',(-91.432021077,14.920037512,8.318019011));
#1906=VERTEX_POINT('',#1905);
#1907=CARTESIAN_POINT('',(-71.850153151,35.6,8.318019011));
#1908=DIRECTION('',(0.,0.,-1.));
#1909=DIRECTION('',(-1.,0.,0.));
#1910=AXIS2_PLACEMENT_3D('',#1907,#1908,#1909);
#1911=CIRCLE('',#1910,28.48);
#1912=EDGE_CURVE('',#1752,#1906,#1911,.T.);
#1913=ORIENTED_EDGE('',*,*,#1912,.T.);
#1914=CARTESIAN_POINT('',(-91.432021077,14.920037512,16.118019011));
#1915=VERTEX_POINT('',#1914);
#1916=CARTESIAN_POINT('',(-91.432021077,14.920037512,8.318019011));
#1917=DIRECTION('',(-0.,0.,1.));
#1918=VECTOR('',#1917,7.8);
#1919=LINE('',#1916,#1918);
#1920=EDGE_CURVE('',#1906,#1915,#1919,.T.);
#1921=ORIENTED_EDGE('',*,*,#1920,.T.);
#1922=CARTESIAN_POINT('',(-89.079244229,12.922504093,16.118019011));
#1923=VERTEX_POINT('',#1922);
#1924=CARTESIAN_POINT('',(-71.850153151,35.6,16.118019011));
#1925=DIRECTION('',(-0.,0.,1.));
#1926=DIRECTION('',(1.,0.,0.));
#1927=AXIS2_PLACEMENT_3D('',#1924,#1925,#1926);
#1928=CIRCLE('',#1927,28.48);
#1929=EDGE_CURVE('',#1915,#1923,#1928,.T.);
#1930=ORIENTED_EDGE('',*,*,#1929,.T.);
#1931=CARTESIAN_POINT('',(-85.637661346,10.679827092,15.318019011));
#1932=VERTEX_POINT('',#1931);
#1933=CARTESIAN_POINT('',(-89.079244368,12.922504198,16.118018333));
#1934=CARTESIAN_POINT('',(-88.812314881,12.719706113,16.013501723));
#1935=CARTESIAN_POINT('',(-88.541091099,12.521057355,15.911688339));
#1936=CARTESIAN_POINT('',(-88.264441252,12.325946934,15.817516862));
#1937=CARTESIAN_POINT('',(-87.987791405,12.130836512,15.723345386));
#1938=CARTESIAN_POINT('',(-87.705703538,11.939296175,15.63681822));
#1939=CARTESIAN_POINT('',(-87.419306433,11.752319482,15.563246272));
#1940=CARTESIAN_POINT('',(-86.846512223,11.378366097,15.416102375));
#1941=CARTESIAN_POINT('',(-86.255027928,11.021395629,15.318013871));
#1942=CARTESIAN_POINT('',(-85.637661553,10.679827207,15.318020423));
#1943=B_SPLINE_CURVE_WITH_KNOTS('',3,(#1933,#1934,#1935,#1936,#1937,#1938,#1939,#1940,#1941,#1942),.UNSPECIFIED.,.F.,.F.,(4,3,3,4),(-0.000000069,0.00107174,0.002143549,0.004287168),.UNSPECIFIED.);
#1944=EDGE_CURVE('',#1923,#1932,#1943,.T.);
#1945=ORIENTED_EDGE('',*,*,#1944,.T.);
#1946=CARTESIAN_POINT('',(-71.850153151,35.6,15.318019011));
#1947=DIRECTION('',(-0.,0.,1.));
#1948=DIRECTION('',(1.,0.,0.));
#1949=AXIS2_PLACEMENT_3D('',#1946,#1947,#1948);
#1950=CIRCLE('',#1949,28.48);
#1951=EDGE_CURVE('',#1932,#1760,#1950,.T.);
#1952=ORIENTED_EDGE('',*,*,#1951,.T.);
#1953=EDGE_LOOP('',(#1904,#1913,#1921,#1930,#1945,#1952));
#1954=FACE_BOUND('',#1953,.T.);
#1955=ADVANCED_FACE('',(#1954),#1903,.F.);
#1956=CARTESIAN_POINT('',(-107.312890245,-2.266797731,16.818019011));
#1957=DIRECTION('',(-0.,0.,1.));
#1958=DIRECTION('',(1.,0.,0.));
#1959=AXIS2_PLACEMENT_3D('',#1956,#1957,#1958);
#1960=PLANE('',#1959);
#1961=CARTESIAN_POINT('',(-100.247033608,-19.467423981,16.818019011));
#1962=VERTEX_POINT('',#1961);
#1963=CARTESIAN_POINT('',(-94.600319018,-16.881337345,16.818019011));
#1964=VERTEX_POINT('',#1963);
#1965=CARTESIAN_POINT('',(-100.53872536,-11.372677789,16.818019011));
#1966=DIRECTION('',(-0.,0.,1.));
#1967=DIRECTION('',(1.,0.,0.));
#1968=AXIS2_PLACEMENT_3D('',#1965,#1966,#1967);
#1969=CIRCLE('',#1968,8.1);
#1970=EDGE_CURVE('',#1962,#1964,#1969,.T.);
#1971=ORIENTED_EDGE('',*,*,#1970,.T.);
#1972=CARTESIAN_POINT('',(-89.71789953,-12.571589282,16.818019011));
#1973=VERTEX_POINT('',#1972);
#1974=CARTESIAN_POINT('',(-70.626752672,-39.12,16.818019011));
#1975=DIRECTION('',(0.,-0.,-1.));
#1976=DIRECTION('',(1.,0.,0.));
#1977=AXIS2_PLACEMENT_3D('',#1974,#1975,#1976);
#1978=CIRCLE('',#1977,32.7);
#1979=EDGE_CURVE('',#1964,#1973,#1978,.T.);
#1980=ORIENTED_EDGE('',*,*,#1979,.T.);
#1981=CARTESIAN_POINT('',(-88.861262829,11.891466778,16.818019011));
#1982=VERTEX_POINT('',#1981);
#1983=CARTESIAN_POINT('',(-89.71789953,-12.571589282,16.818019011));
#1984=CARTESIAN_POINT('',(-89.093105128,-11.690355536,16.818019011));
#1985=CARTESIAN_POINT('',(-88.537104907,-10.770995553,16.818019011));
#1986=CARTESIAN_POINT('',(-88.048761032,-9.814139928,16.818019011));
#1987=CARTESIAN_POINT('',(-87.804589094,-9.335712116,16.818019011));
#1988=CARTESIAN_POINT('',(-87.577398859,-8.84787292,16.818019011));
#1989=CARTESIAN_POINT('',(-87.367451718,-8.350477476,16.818019011));
#1990=CARTESIAN_POINT('',(-87.262478148,-8.101779753,16.818019011));
#1991=CARTESIAN_POINT('',(-87.161819992,-7.850690397,16.818019011));
#1992=CARTESIAN_POINT('',(-87.065536496,-7.597176572,16.818019011));
#1993=CARTESIAN_POINT('',(-86.969253,-7.343662747,16.818019011));
#1994=CARTESIAN_POINT('',(-86.877169598,-7.087190629,16.818019011));
#1995=CARTESIAN_POINT('',(-86.790037313,-6.829755213,16.818019011));
#1996=CARTESIAN_POINT('',(-86.441508171,-5.800013548,16.818019011));
#1997=CARTESIAN_POINT('',(-86.171990018,-4.756814938,16.818019011));
#1998=CARTESIAN_POINT('',(-85.978596545,-3.700650973,16.818019011));
#1999=CARTESIAN_POINT('',(-85.785203072,-2.644487007,16.818019011));
#2000=CARTESIAN_POINT('',(-85.667944408,-1.57535596,16.818019011));
#2001=CARTESIAN_POINT('',(-85.628839427,-0.492913984,16.818019011));
#2002=CARTESIAN_POINT('',(-85.609286936,0.048307005,16.818019011));
#2003=CARTESIAN_POINT('',(-85.609461535,0.593994598,16.818019011));
#2004=CARTESIAN_POINT('',(-85.629670251,1.138033552,16.818019011));
#2005=CARTESIAN_POINT('',(-85.649878967,1.682072506,16.818019011));
#2006=CARTESIAN_POINT('',(-85.689975813,2.224538205,16.818019011));
#2007=CARTESIAN_POINT('',(-85.74993819,2.765432436,16.818019011));
#2008=CARTESIAN_POINT('',(-85.809900568,3.306326667,16.818019011));
#2009=CARTESIAN_POINT('',(-85.889701198,3.844447422,16.818019011));
#2010=CARTESIAN_POINT('',(-85.988267825,4.37555478,16.818019011));
#2011=CARTESIAN_POINT('',(-86.086834452,4.906662139,16.818019011));
#2012=CARTESIAN_POINT('',(-86.20429181,5.432028838,16.818019011));
#2013=CARTESIAN_POINT('',(-86.340337472,5.951746781,16.818019011));
#2014=CARTESIAN_POINT('',(-86.612428798,6.991182668,16.818019011));
#2015=CARTESIAN_POINT('',(-86.958566703,8.008116716,16.818019011));
#2016=CARTESIAN_POINT('',(-87.379842915,9.002217163,16.818019011));
#2017=CARTESIAN_POINT('',(-87.485161968,9.250742275,16.818019011));
#2018=CARTESIAN_POINT('',(-87.595200097,9.497833318,16.818019011));
#2019=CARTESIAN_POINT('',(-87.710022169,9.74347058,16.818019011));
#2020=CARTESIAN_POINT('',(-87.82484424,9.989107842,16.818019011));
#2021=CARTESIAN_POINT('',(-87.944705845,10.233779508,16.818019011));
#2022=CARTESIAN_POINT('',(-88.068746333,10.475645387,16.818019011));
#2023=CARTESIAN_POINT('',(-88.316827309,10.959377145,16.818019011));
#2024=CARTESIAN_POINT('',(-88.581142671,11.431212678,16.818019011));
#2025=CARTESIAN_POINT('',(-88.861262829,11.891466778,16.818019011));
#2026=B_SPLINE_CURVE_WITH_KNOTS('',3,(#1983,#1984,#1985,#1986,#1987,#1988,#1989,#1990,#1991,#1992,#1993,#1994,#1995,#1996,#1997,#1998,#1999,#2000,#2001,#2002,#2003,#2004,#2005,#2006,#2007,#2008,
#2009,#2010,#2011,#2012,#2013,#2014,#2015,#2016,#2017,#2018,#2019,#2020,#2021,#2022,#2023,#2024,#2025),.UNSPECIFIED.,.F.,.F.,(4,3,3,3,3,3,3,3,3,3,3,3,3,3,4),(0.013079707,0.016332204,0.017958453,0.018771578,0.019584702,0.0228372,0.026089697,0.027715946,0.029342195,0.030968444,0.032594693,0.03584719,0.036660315,0.037473439,0.039099688),.UNSPECIFIED.);
#2027=EDGE_CURVE('',#1973,#1982,#2026,.T.);
#2028=ORIENTED_EDGE('',*,*,#2027,.T.);
#2029=CARTESIAN_POINT('',(-91.913316988,14.411751917,16.818019011));
#2030=VERTEX_POINT('',#2029);
#2031=CARTESIAN_POINT('',(-71.850153151,35.6,16.818019011));
#2032=DIRECTION('',(0.,-0.,-1.));
#2033=DIRECTION('',(1.,0.,0.));
#2034=AXIS2_PLACEMENT_3D('',#2031,#2032,#2033);
#2035=CIRCLE('',#2034,29.18);
#2036=EDGE_CURVE('',#1982,#2030,#2035,.T.);
#2037=ORIENTED_EDGE('',*,*,#2036,.T.);
#2038=CARTESIAN_POINT('',(-107.52006401,17.242384268,16.818019011));
#2039=VERTEX_POINT('',#2038);
#2040=CARTESIAN_POINT('',(-101.883018004,3.88297888,16.818019011));
#2041=DIRECTION('',(-0.,0.,1.));
#2042=DIRECTION('',(1.,0.,0.));
#2043=AXIS2_PLACEMENT_3D('',#2040,#2041,#2042);
#2044=CIRCLE('',#2043,14.5);
#2045=EDGE_CURVE('',#2030,#2039,#2044,.T.);
#2046=ORIENTED_EDGE('',*,*,#2045,.T.);
#2047=CARTESIAN_POINT('',(-120.157217571,6.794421416,16.818019011));
#2048=VERTEX_POINT('',#2047);
#2049=CARTESIAN_POINT('',(-96.432045965,-9.035444199,16.818019011));
#2050=DIRECTION('',(-0.,0.,1.));
#2051=DIRECTION('',(1.,0.,0.));
#2052=AXIS2_PLACEMENT_3D('',#2049,#2050,#2051);
#2053=CIRCLE('',#2052,28.521367658);
#2054=EDGE_CURVE('',#2039,#2048,#2053,.T.);
#2055=ORIENTED_EDGE('',*,*,#2054,.T.);
#2056=CARTESIAN_POINT('',(-118.739362767,4.817194752,16.818019011));
#2057=VERTEX_POINT('',#2056);
#2058=CARTESIAN_POINT('',(-119.075827525,6.072898326,16.818019011));
#2059=DIRECTION('',(-0.,0.,1.));
#2060=DIRECTION('',(1.,0.,0.));
#2061=AXIS2_PLACEMENT_3D('',#2058,#2059,#2060);
#2062=CIRCLE('',#2061,1.3);
#2063=EDGE_CURVE('',#2048,#2057,#2062,.T.);
#2064=ORIENTED_EDGE('',*,*,#2063,.T.);
#2065=CARTESIAN_POINT('',(-103.15972801,8.991745304,16.818019011));
#2066=VERTEX_POINT('',#2065);
#2067=CARTESIAN_POINT('',(-118.739362767,4.817194752,16.818019011));
#2068=DIRECTION('',(0.965925826,0.258819045,0.));
#2069=VECTOR('',#2068,16.129224763);
#2070=LINE('',#2067,#2069);
#2071=EDGE_CURVE('',#2057,#2066,#2070,.T.);
#2072=ORIENTED_EDGE('',*,*,#2071,.T.);
#2073=CARTESIAN_POINT('',(-101.517654105,8.551752927,16.818019011));
#2074=VERTEX_POINT('',#2073);
#2075=CARTESIAN_POINT('',(-102.719735633,7.349671399,16.818019011));
#2076=DIRECTION('',(0.,-0.,-1.));
#2077=DIRECTION('',(1.,0.,0.));
#2078=AXIS2_PLACEMENT_3D('',#2075,#2076,#2077);
#2079=CIRCLE('',#2078,1.7);
#2080=EDGE_CURVE('',#2066,#2074,#2079,.T.);
#2081=ORIENTED_EDGE('',*,*,#2080,.T.);
#2082=CARTESIAN_POINT('',(-94.9040318,1.938130622,16.818019011));
#2083=VERTEX_POINT('',#2082);
#2084=CARTESIAN_POINT('',(-101.517654105,8.551752927,16.818019011));
#2085=DIRECTION('',(0.707106781,-0.707106781,0.));
#2086=VECTOR('',#2085,9.353074361);
#2087=LINE('',#2084,#2086);
#2088=EDGE_CURVE('',#2074,#2083,#2087,.T.);
#2089=ORIENTED_EDGE('',*,*,#2088,.T.);
#2090=CARTESIAN_POINT('',(-94.406113328,0.736049094,16.818019011));
#2091=VERTEX_POINT('',#2090);
#2092=CARTESIAN_POINT('',(-96.106113328,0.736049094,16.818019011));
#2093=DIRECTION('',(0.,-0.,-1.));
#2094=DIRECTION('',(1.,0.,0.));
#2095=AXIS2_PLACEMENT_3D('',#2092,#2093,#2094);
#2096=CIRCLE('',#2095,1.7);
#2097=EDGE_CURVE('',#2083,#2091,#2096,.T.);
#2098=ORIENTED_EDGE('',*,*,#2097,.T.);
#2099=CARTESIAN_POINT('',(-94.464039423,0.296056717,16.818019011));
#2100=VERTEX_POINT('',#2099);
#2101=CARTESIAN_POINT('',(-96.106113328,0.736049094,16.818019011));
#2102=DIRECTION('',(0.,-0.,-1.));
#2103=DIRECTION('',(1.,0.,0.));
#2104=AXIS2_PLACEMENT_3D('',#2101,#2102,#2103);
#2105=CIRCLE('',#2104,1.7);
#2106=EDGE_CURVE('',#2091,#2100,#2105,.T.);
#2107=ORIENTED_EDGE('',*,*,#2106,.T.);
#2108=CARTESIAN_POINT('',(-96.884793198,-8.738319363,16.818019011));
#2109=VERTEX_POINT('',#2108);
#2110=CARTESIAN_POINT('',(-94.464039423,0.296056717,16.818019011));
#2111=DIRECTION('',(-0.258819045,-0.965925826,-0.));
#2112=VECTOR('',#2111,9.353074361);
#2113=LINE('',#2110,#2112);
#2114=EDGE_CURVE('',#2100,#2109,#2113,.T.);
#2115=ORIENTED_EDGE('',*,*,#2114,.T.);
#2116=CARTESIAN_POINT('',(-98.086874726,-9.940400891,16.818019011));
#2117=VERTEX_POINT('',#2116);
#2118=CARTESIAN_POINT('',(-98.526867102,-8.298326987,16.818019011));
#2119=DIRECTION('',(0.,-0.,-1.));
#2120=DIRECTION('',(1.,0.,0.));
#2121=AXIS2_PLACEMENT_3D('',#2118,#2119,#2120);
#2122=CIRCLE('',#2121,1.7);
#2123=EDGE_CURVE('',#2109,#2117,#2122,.T.);
#2124=ORIENTED_EDGE('',*,*,#2123,.T.);
#2125=CARTESIAN_POINT('',(-113.666509483,-14.114951443,16.818019011));
#2126=VERTEX_POINT('',#2125);
#2127=CARTESIAN_POINT('',(-98.086874726,-9.940400891,16.818019011));
#2128=DIRECTION('',(-0.965925826,-0.258819045,-0.));
#2129=VECTOR('',#2128,16.129224763);
#2130=LINE('',#2127,#2129);
#2131=EDGE_CURVE('',#2117,#2126,#2130,.T.);
#2132=ORIENTED_EDGE('',*,*,#2131,.T.);
#2133=CARTESIAN_POINT('',(-113.905794431,-16.536207365,16.818019011));
#2134=VERTEX_POINT('',#2133);
#2135=CARTESIAN_POINT('',(-113.330044724,-15.370655017,16.818019011));
#2136=DIRECTION('',(-0.,0.,1.));
#2137=DIRECTION('',(1.,0.,0.));
#2138=AXIS2_PLACEMENT_3D('',#2135,#2136,#2137);
#2139=CIRCLE('',#2138,1.3);
#2140=EDGE_CURVE('',#2126,#2134,#2139,.T.);
#2141=ORIENTED_EDGE('',*,*,#2140,.T.);
#2142=CARTESIAN_POINT('',(-101.274125918,9.035444199,16.818019011));
#2143=DIRECTION('',(-0.,0.,1.));
#2144=DIRECTION('',(1.,0.,0.));
#2145=AXIS2_PLACEMENT_3D('',#2142,#2143,#2144);
#2146=CIRCLE('',#2145,28.521367658);
#2147=EDGE_CURVE('',#2134,#1962,#2146,.T.);
#2148=ORIENTED_EDGE('',*,*,#2147,.T.);
#2149=EDGE_LOOP('',(#1971,#1980,#2028,#2037,#2046,#2055,#2064,#2072,#2081,#2089,#2098,#2107,#2115,#2124,#2132,#2141,#2148));
#2150=FACE_BOUND('',#2149,.T.);
#2151=ADVANCED_FACE('',(#2150),#1960,.T.);
#2152=CARTESIAN_POINT('',(-118.841850153,4.065040014,-20.134499249));
#2153=DIRECTION('',(0.258819045,-0.965925826,0.));
#2154=DIRECTION('',(0.965925826,0.258819045,0.));
#2155=AXIS2_PLACEMENT_3D('',#2152,#2153,#2154);
#2156=PLANE('',#2155);
#2157=CARTESIAN_POINT('',(-118.558189435,4.141046674,8.318019011));
#2158=VERTEX_POINT('',#2157);
#2159=CARTESIAN_POINT('',(-118.558189435,4.141046674,16.118019011));
#2160=VERTEX_POINT('',#2159);
#2161=CARTESIAN_POINT('',(-118.558189435,4.141046674,8.318019011));
#2162=DIRECTION('',(-0.,-0.,1.));
#2163=VECTOR('',#2162,7.8);
#2164=LINE('',#2161,#2163);
#2165=EDGE_CURVE('',#2158,#2160,#2164,.T.);
#2166=ORIENTED_EDGE('',*,*,#2165,.F.);
#2167=CARTESIAN_POINT('',(-118.558189435,4.141046674,8.318019011));
#2168=DIRECTION('',(0.965925826,0.258819045,0.));
#2169=VECTOR('',#2168,16.129224763);
#2170=LINE('',#2167,#2169);
#2171=EDGE_CURVE('',#2158,#1364,#2170,.T.);
#2172=ORIENTED_EDGE('',*,*,#2171,.T.);
#2173=ORIENTED_EDGE('',*,*,#1369,.F.);
#2174=CARTESIAN_POINT('',(-102.978554678,8.315597225,16.118019011));
#2175=DIRECTION('',(-0.965925826,-0.258819045,-0.));
#2176=VECTOR('',#2175,16.129224763);
#2177=LINE('',#2174,#2176);
#2178=EDGE_CURVE('',#1355,#2160,#2177,.T.);
#2179=ORIENTED_EDGE('',*,*,#2178,.T.);
#2180=EDGE_LOOP('',(#2166,#2172,#2173,#2179));
#2181=FACE_BOUND('',#2180,.T.);
#2182=ADVANCED_FACE('',(#2181),#2156,.T.);
#2183=CARTESIAN_POINT('',(-114.131343532,-13.514810025,-20.134499249));
#2184=DIRECTION('',(-0.258819045,0.965925826,-0.));
#2185=DIRECTION('',(-0.965925826,-0.258819045,-0.));
#2186=AXIS2_PLACEMENT_3D('',#2183,#2184,#2185);
#2187=PLANE('',#2186);
#2188=CARTESIAN_POINT('',(-98.268048057,-9.264252813,8.318019011));
#2189=VERTEX_POINT('',#2188);
#2190=CARTESIAN_POINT('',(-98.268048057,-9.264252813,16.118019011));
#2191=VERTEX_POINT('',#2190);
#2192=CARTESIAN_POINT('',(-98.268048057,-9.264252813,8.318019011));
#2193=DIRECTION('',(-0.,-0.,1.));
#2194=VECTOR('',#2193,7.8);
#2195=LINE('',#2192,#2194);
#2196=EDGE_CURVE('',#2189,#2191,#2195,.T.);
#2197=ORIENTED_EDGE('',*,*,#2196,.F.);
#2198=CARTESIAN_POINT('',(-113.847682814,-13.438803365,8.318019011));
#2199=VERTEX_POINT('',#2198);
#2200=CARTESIAN_POINT('',(-98.268048057,-9.264252813,8.318019011));
#2201=DIRECTION('',(-0.965925826,-0.258819045,-0.));
#2202=VECTOR('',#2201,16.129224763);
#2203=LINE('',#2200,#2202);
#2204=EDGE_CURVE('',#2189,#2199,#2203,.T.);
#2205=ORIENTED_EDGE('',*,*,#2204,.T.);
#2206=CARTESIAN_POINT('',(-113.847682814,-13.438803365,16.118019011));
#2207=VERTEX_POINT('',#2206);
#2208=CARTESIAN_POINT('',(-113.847682814,-13.438803365,8.318019011));
#2209=DIRECTION('',(-0.,-0.,1.));
#2210=VECTOR('',#2209,7.8);
#2211=LINE('',#2208,#2210);
#2212=EDGE_CURVE('',#2199,#2207,#2211,.T.);
#2213=ORIENTED_EDGE('',*,*,#2212,.T.);
#2214=CARTESIAN_POINT('',(-113.847682814,-13.438803365,16.118019011));
#2215=DIRECTION('',(0.965925826,0.258819045,0.));
#2216=VECTOR('',#2215,16.129224763);
#2217=LINE('',#2214,#2216);
#2218=EDGE_CURVE('',#2207,#2191,#2217,.T.);
#2219=ORIENTED_EDGE('',*,*,#2218,.T.);
#2220=EDGE_LOOP('',(#2197,#2205,#2213,#2219));
#2221=FACE_BOUND('',#2220,.T.);
#2222=ADVANCED_FACE('',(#2221),#2187,.T.);
#2223=CARTESIAN_POINT('',(-113.330044724,-15.370655017,-20.134499249));
#2224=DIRECTION('',(0.,0.,-1.));
#2225=DIRECTION('',(-1.,0.,-0.));
#2226=AXIS2_PLACEMENT_3D('',#2223,#2224,#2225);
#2227=CYLINDRICAL_SURFACE('',#2226,2.);
#2228=CARTESIAN_POINT('',(-115.330044724,-15.370655017,8.318019011));
#2229=VERTEX_POINT('',#2228);
#2230=CARTESIAN_POINT('',(-115.330044724,-15.370655017,16.118019011));
#2231=VERTEX_POINT('',#2230);
#2232=CARTESIAN_POINT('',(-115.330044724,-15.370655017,8.318019011));
#2233=DIRECTION('',(-0.,-0.,1.));
#2234=VECTOR('',#2233,7.8);
#2235=LINE('',#2232,#2234);
#2236=EDGE_CURVE('',#2229,#2231,#2235,.T.);
#2237=ORIENTED_EDGE('',*,*,#2236,.T.);
#2238=CARTESIAN_POINT('',(-113.330044724,-15.370655017,16.118019011));
#2239=DIRECTION('',(0.,-0.,-1.));
#2240=DIRECTION('',(1.,0.,0.));
#2241=AXIS2_PLACEMENT_3D('',#2238,#2239,#2240);
#2242=CIRCLE('',#2241,2.);
#2243=EDGE_CURVE('',#2231,#2207,#2242,.T.);
#2244=ORIENTED_EDGE('',*,*,#2243,.T.);
#2245=ORIENTED_EDGE('',*,*,#2212,.F.);
#2246=CARTESIAN_POINT('',(-113.330044724,-15.370655017,8.318019011));
#2247=DIRECTION('',(-0.,-0.,1.));
#2248=DIRECTION('',(-1.,0.,0.));
#2249=AXIS2_PLACEMENT_3D('',#2246,#2247,#2248);
#2250=CIRCLE('',#2249,2.);
#2251=EDGE_CURVE('',#2199,#2229,#2250,.T.);
#2252=ORIENTED_EDGE('',*,*,#2251,.T.);
#2253=EDGE_LOOP('',(#2237,#2244,#2245,#2252));
#2254=FACE_BOUND('',#2253,.T.);
#2255=ADVANCED_FACE('',(#2254),#2227,.T.);
#2256=CARTESIAN_POINT('',(-101.883018004,3.88297888,-20.134499249));
#2257=DIRECTION('',(-0.,0.,1.));
#2258=DIRECTION('',(1.,0.,0.));
#2259=AXIS2_PLACEMENT_3D('',#2256,#2257,#2258);
#2260=CYLINDRICAL_SURFACE('',#2259,15.2);
#2261=ORIENTED_EDGE('',*,*,#1920,.F.);
#2262=CARTESIAN_POINT('',(-107.792197266,17.88732108,8.318019011));
#2263=VERTEX_POINT('',#2262);
#2264=CARTESIAN_POINT('',(-101.883018004,3.88297888,8.318019011));
#2265=DIRECTION('',(-0.,-0.,1.));
#2266=DIRECTION('',(-1.,0.,0.));
#2267=AXIS2_PLACEMENT_3D('',#2264,#2265,#2266);
#2268=CIRCLE('',#2267,15.2);
#2269=EDGE_CURVE('',#1906,#2263,#2268,.T.);
#2270=ORIENTED_EDGE('',*,*,#2269,.T.);
#2271=CARTESIAN_POINT('',(-107.792197266,17.88732108,16.118019011));
#2272=VERTEX_POINT('',#2271);
#2273=CARTESIAN_POINT('',(-107.792197266,17.88732108,8.318019011));
#2274=DIRECTION('',(-0.,-0.,1.));
#2275=VECTOR('',#2274,7.8);
#2276=LINE('',#2273,#2275);
#2277=EDGE_CURVE('',#2263,#2272,#2276,.T.);
#2278=ORIENTED_EDGE('',*,*,#2277,.T.);
#2279=CARTESIAN_POINT('',(-101.883018004,3.88297888,16.118019011));
#2280=DIRECTION('',(0.,-0.,-1.));
#2281=DIRECTION('',(1.,0.,0.));
#2282=AXIS2_PLACEMENT_3D('',#2279,#2280,#2281);
#2283=CIRCLE('',#2282,15.2);
#2284=EDGE_CURVE('',#2272,#1915,#2283,.T.);
#2285=ORIENTED_EDGE('',*,*,#2284,.T.);
#2286=EDGE_LOOP('',(#2261,#2270,#2278,#2285));
#2287=FACE_BOUND('',#2286,.T.);
#2288=ADVANCED_FACE('',(#2287),#2260,.T.);
#2289=CARTESIAN_POINT('',(-96.432045965,-9.035444199,-20.134499249));
#2290=DIRECTION('',(0.,0.,-1.));
#2291=DIRECTION('',(-1.,0.,-0.));
#2292=AXIS2_PLACEMENT_3D('',#2289,#2290,#2291);
#2293=CYLINDRICAL_SURFACE('',#2292,29.221367658);
#2294=ORIENTED_EDGE('',*,*,#2277,.F.);
#2295=CARTESIAN_POINT('',(-120.739504519,7.182933848,8.318019011));
#2296=VERTEX_POINT('',#2295);
#2297=CARTESIAN_POINT('',(-96.432045965,-9.035444199,8.318019011));
#2298=DIRECTION('',(-0.,-0.,1.));
#2299=DIRECTION('',(-1.,0.,0.));
#2300=AXIS2_PLACEMENT_3D('',#2297,#2298,#2299);
#2301=CIRCLE('',#2300,29.221367658);
#2302=EDGE_CURVE('',#2263,#2296,#2301,.T.);
#2303=ORIENTED_EDGE('',*,*,#2302,.T.);
#2304=CARTESIAN_POINT('',(-120.739504519,7.182933848,16.118019011));
#2305=VERTEX_POINT('',#2304);
#2306=CARTESIAN_POINT('',(-120.739504519,7.182933848,8.318019011));
#2307=DIRECTION('',(-0.,-0.,1.));
#2308=VECTOR('',#2307,7.8);
#2309=LINE('',#2306,#2308);
#2310=EDGE_CURVE('',#2296,#2305,#2309,.T.);
#2311=ORIENTED_EDGE('',*,*,#2310,.T.);
#2312=CARTESIAN_POINT('',(-96.432045965,-9.035444199,16.118019011));
#2313=DIRECTION('',(0.,-0.,-1.));
#2314=DIRECTION('',(1.,0.,0.));
#2315=AXIS2_PLACEMENT_3D('',#2312,#2313,#2314);
#2316=CIRCLE('',#2315,29.221367658);
#2317=EDGE_CURVE('',#2305,#2272,#2316,.T.);
#2318=ORIENTED_EDGE('',*,*,#2317,.T.);
#2319=EDGE_LOOP('',(#2294,#2303,#2311,#2318));
#2320=FACE_BOUND('',#2319,.T.);
#2321=ADVANCED_FACE('',(#2320),#2293,.T.);
#2322=CARTESIAN_POINT('',(-119.075827525,6.072898326,-20.134499249));
#2323=DIRECTION('',(0.,0.,-1.));
#2324=DIRECTION('',(-1.,0.,-0.));
#2325=AXIS2_PLACEMENT_3D('',#2322,#2323,#2324);
#2326=CYLINDRICAL_SURFACE('',#2325,2.);
#2327=CARTESIAN_POINT('',(-121.075827525,6.072898326,8.318019011));
#2328=VERTEX_POINT('',#2327);
#2329=CARTESIAN_POINT('',(-121.075827525,6.072898326,16.118019011));
#2330=VERTEX_POINT('',#2329);
#2331=CARTESIAN_POINT('',(-121.075827525,6.072898326,8.318019011));
#2332=DIRECTION('',(-0.,-0.,1.));
#2333=VECTOR('',#2332,7.8);
#2334=LINE('',#2331,#2333);
#2335=EDGE_CURVE('',#2328,#2330,#2334,.T.);
#2336=ORIENTED_EDGE('',*,*,#2335,.T.);
#2337=CARTESIAN_POINT('',(-119.075827525,6.072898326,16.118019011));
#2338=DIRECTION('',(0.,-0.,-1.));
#2339=DIRECTION('',(1.,0.,0.));
#2340=AXIS2_PLACEMENT_3D('',#2337,#2338,#2339);
#2341=CIRCLE('',#2340,2.);
#2342=EDGE_CURVE('',#2330,#2305,#2341,.T.);
#2343=ORIENTED_EDGE('',*,*,#2342,.T.);
#2344=ORIENTED_EDGE('',*,*,#2310,.F.);
#2345=CARTESIAN_POINT('',(-119.075827525,6.072898326,8.318019011));
#2346=DIRECTION('',(-0.,-0.,1.));
#2347=DIRECTION('',(-1.,0.,0.));
#2348=AXIS2_PLACEMENT_3D('',#2345,#2346,#2347);
#2349=CIRCLE('',#2348,2.);
#2350=EDGE_CURVE('',#2296,#2328,#2349,.T.);
#2351=ORIENTED_EDGE('',*,*,#2350,.T.);
#2352=EDGE_LOOP('',(#2336,#2343,#2344,#2351));
#2353=FACE_BOUND('',#2352,.T.);
#2354=ADVANCED_FACE('',(#2353),#2326,.T.);
#2355=CARTESIAN_POINT('',(-129.333818056,0.311220757,19.057519011));
#2356=CARTESIAN_POINT('',(-129.333818056,0.311193807,19.057519011));
#2357=CARTESIAN_POINT('',(-129.333818056,0.311166857,19.057519011));
#2358=CARTESIAN_POINT('',(-129.333818055,0.311139908,19.057519011));
#2359=CARTESIAN_POINT('',(-129.333770695,-12.251318077,19.057519011));
#2360=CARTESIAN_POINT('',(-120.450753532,-21.134293627,19.057519011));
#2361=CARTESIAN_POINT('',(-107.888303672,-21.134293627,19.057519011));
#2362=CARTESIAN_POINT('',(-107.888276723,-21.134293627,19.057519011));
#2363=CARTESIAN_POINT('',(-107.888249773,-21.134293627,19.057519011));
#2364=CARTESIAN_POINT('',(-107.888222824,-21.134293627,19.057519011));
#2365=CARTESIAN_POINT('',(-95.325764839,-21.134246267,19.057519011));
#2366=CARTESIAN_POINT('',(-86.442789289,-12.251229103,19.057519011));
#2367=CARTESIAN_POINT('',(-86.442789289,0.311220757,19.057519011));
#2368=CARTESIAN_POINT('',(-86.442789289,0.311247706,19.057519011));
#2369=CARTESIAN_POINT('',(-86.442789289,0.311274656,19.057519011));
#2370=CARTESIAN_POINT('',(-86.442789289,0.311301605,19.057519011));
#2371=CARTESIAN_POINT('',(-86.442836649,12.87375959,19.057519011));
#2372=CARTESIAN_POINT('',(-95.325853813,21.75673514,19.057519011));
#2373=CARTESIAN_POINT('',(-107.888303672,21.75673514,19.057519011));
#2374=CARTESIAN_POINT('',(-107.888330622,21.75673514,19.057519011));
#2375=CARTESIAN_POINT('',(-107.888357571,21.75673514,19.057519011));
#2376=CARTESIAN_POINT('',(-107.888384521,21.75673514,19.057519011));
#2377=CARTESIAN_POINT('',(-120.450842506,21.75668778,19.057519011));
#2378=CARTESIAN_POINT('',(-129.333818056,12.873670616,19.057519011));
#2379=CARTESIAN_POINT('',(-129.333818056,0.311220757,19.057519011));
#2380=CARTESIAN_POINT('',(-129.333818056,0.311220757,19.057485678));
#2381=CARTESIAN_POINT('',(-129.333818056,0.311193807,19.057485678));
#2382=CARTESIAN_POINT('',(-129.333818056,0.311166857,19.057485678));
#2383=CARTESIAN_POINT('',(-129.333818055,0.311139908,19.057485678));
#2384=CARTESIAN_POINT('',(-129.333770695,-12.251318077,19.057485678));
#2385=CARTESIAN_POINT('',(-120.450753532,-21.134293627,19.057485678));
#2386=CARTESIAN_POINT('',(-107.888303672,-21.134293627,19.057485678));
#2387=CARTESIAN_POINT('',(-107.888276723,-21.134293627,19.057485678));
#2388=CARTESIAN_POINT('',(-107.888249773,-21.134293627,19.057485678));
#2389=CARTESIAN_POINT('',(-107.888222824,-21.134293627,19.057485678));
#2390=CARTESIAN_POINT('',(-95.325764839,-21.134246267,19.057485678));
#2391=CARTESIAN_POINT('',(-86.442789289,-12.251229103,19.057485678));
#2392=CARTESIAN_POINT('',(-86.442789289,0.311220757,19.057485678));
#2393=CARTESIAN_POINT('',(-86.442789289,0.311247706,19.057485678));
#2394=CARTESIAN_POINT('',(-86.442789289,0.311274656,19.057485678));
#2395=CARTESIAN_POINT('',(-86.442789289,0.311301605,19.057485678));
#2396=CARTESIAN_POINT('',(-86.442836649,12.87375959,19.057485678));
#2397=CARTESIAN_POINT('',(-95.325853813,21.75673514,19.057485678));
#2398=CARTESIAN_POINT('',(-107.888303672,21.75673514,19.057485678));
#2399=CARTESIAN_POINT('',(-107.888330622,21.75673514,19.057485678));
#2400=CARTESIAN_POINT('',(-107.888357571,21.75673514,19.057485678));
#2401=CARTESIAN_POINT('',(-107.888384521,21.75673514,19.057485678));
#2402=CARTESIAN_POINT('',(-120.450842506,21.75668778,19.057485678));
#2403=CARTESIAN_POINT('',(-129.333818056,12.873670616,19.057485678));
#2404=CARTESIAN_POINT('',(-129.333818056,0.311220757,19.057485678));
#2405=CARTESIAN_POINT('',(-129.333818056,0.311220757,19.057452344));
#2406=CARTESIAN_POINT('',(-129.333818056,0.311193807,19.057452344));
#2407=CARTESIAN_POINT('',(-129.333818056,0.311166857,19.057452344));
#2408=CARTESIAN_POINT('',(-129.333818056,0.311139908,19.057452344));
#2409=CARTESIAN_POINT('',(-129.333770696,-12.251318077,19.057452344));
#2410=CARTESIAN_POINT('',(-120.450753532,-21.134293627,19.057452344));
#2411=CARTESIAN_POINT('',(-107.888303672,-21.134293627,19.057452344));
#2412=CARTESIAN_POINT('',(-107.888276723,-21.134293627,19.057452344));
#2413=CARTESIAN_POINT('',(-107.888249773,-21.134293627,19.057452344));
#2414=CARTESIAN_POINT('',(-107.888222824,-21.134293627,19.057452344));
#2415=CARTESIAN_POINT('',(-95.325764839,-21.134246267,19.057452344));
#2416=CARTESIAN_POINT('',(-86.442789289,-12.251229103,19.057452344));
#2417=CARTESIAN_POINT('',(-86.442789289,0.311220757,19.057452344));
#2418=CARTESIAN_POINT('',(-86.442789289,0.311247706,19.057452344));
#2419=CARTESIAN_POINT('',(-86.442789289,0.311274656,19.057452344));
#2420=CARTESIAN_POINT('',(-86.442789289,0.311301605,19.057452344));
#2421=CARTESIAN_POINT('',(-86.442836649,12.87375959,19.057452344));
#2422=CARTESIAN_POINT('',(-95.325853813,21.75673514,19.057452344));
#2423=CARTESIAN_POINT('',(-107.888303672,21.75673514,19.057452344));
#2424=CARTESIAN_POINT('',(-107.888330622,21.75673514,19.057452344));
#2425=CARTESIAN_POINT('',(-107.888357571,21.75673514,19.057452344));
#2426=CARTESIAN_POINT('',(-107.888384521,21.75673514,19.057452344));
#2427=CARTESIAN_POINT('',(-120.450842506,21.75668778,19.057452344));
#2428=CARTESIAN_POINT('',(-129.333818056,12.873670616,19.057452344));
#2429=CARTESIAN_POINT('',(-129.333818056,0.311220757,19.057452344));
#2430=CARTESIAN_POINT('',(-129.333818057,0.311220757,19.05741901));
#2431=CARTESIAN_POINT('',(-129.333818057,0.311193807,19.05741901));
#2432=CARTESIAN_POINT('',(-129.333818057,0.311166857,19.05741901));
#2433=CARTESIAN_POINT('',(-129.333818057,0.311139908,19.05741901));
#2434=CARTESIAN_POINT('',(-129.333770697,-12.251318078,19.05741901));
#2435=CARTESIAN_POINT('',(-120.450753533,-21.134293628,19.05741901));
#2436=CARTESIAN_POINT('',(-107.888303672,-21.134293628,19.05741901));
#2437=CARTESIAN_POINT('',(-107.888276723,-21.134293628,19.05741901));
#2438=CARTESIAN_POINT('',(-107.888249773,-21.134293628,19.05741901));
#2439=CARTESIAN_POINT('',(-107.888222824,-21.134293628,19.05741901));
#2440=CARTESIAN_POINT('',(-95.325764838,-21.134246268,19.05741901));
#2441=CARTESIAN_POINT('',(-86.442789288,-12.251229104,19.05741901));
#2442=CARTESIAN_POINT('',(-86.442789288,0.311220757,19.05741901));
#2443=CARTESIAN_POINT('',(-86.442789288,0.311247706,19.05741901));
#2444=CARTESIAN_POINT('',(-86.442789288,0.311274656,19.05741901));
#2445=CARTESIAN_POINT('',(-86.442789288,0.311301605,19.05741901));
#2446=CARTESIAN_POINT('',(-86.442836648,12.873759591,19.05741901));
#2447=CARTESIAN_POINT('',(-95.325853812,21.756735141,19.05741901));
#2448=CARTESIAN_POINT('',(-107.888303672,21.756735141,19.05741901));
#2449=CARTESIAN_POINT('',(-107.888330622,21.756735141,19.05741901));
#2450=CARTESIAN_POINT('',(-107.888357571,21.756735141,19.05741901));
#2451=CARTESIAN_POINT('',(-107.888384521,21.756735141,19.05741901));
#2452=CARTESIAN_POINT('',(-120.450842507,21.756687781,19.05741901));
#2453=CARTESIAN_POINT('',(-129.333818057,12.873670617,19.05741901));
#2454=CARTESIAN_POINT('',(-129.333818057,0.311220757,19.05741901));
#2455=CARTESIAN_POINT('',(-129.333866872,0.311220757,17.271983371));
#2456=CARTESIAN_POINT('',(-129.333866872,0.311193807,17.271983371));
#2457=CARTESIAN_POINT('',(-129.333866872,0.311166857,17.271983371));
#2458=CARTESIAN_POINT('',(-129.333866872,0.311139908,17.271983371));
#2459=CARTESIAN_POINT('',(-129.333819511,-12.251346673,17.271983371));
#2460=CARTESIAN_POINT('',(-120.450782127,-21.134342443,17.271983371));
#2461=CARTESIAN_POINT('',(-107.888303672,-21.134342443,17.271983371));
#2462=CARTESIAN_POINT('',(-107.888276723,-21.134342443,17.271983371));
#2463=CARTESIAN_POINT('',(-107.888249773,-21.134342443,17.271983371));
#2464=CARTESIAN_POINT('',(-107.888222824,-21.134342443,17.271983371));
#2465=CARTESIAN_POINT('',(-95.325736243,-21.134295083,17.271983371));
#2466=CARTESIAN_POINT('',(-86.442740473,-12.251257699,17.271983371));
#2467=CARTESIAN_POINT('',(-86.442740473,0.311220757,17.271983371));
#2468=CARTESIAN_POINT('',(-86.442740473,0.311247706,17.271983371));
#2469=CARTESIAN_POINT('',(-86.442740473,0.311274656,17.271983371));
#2470=CARTESIAN_POINT('',(-86.442740473,0.311301605,17.271983371));
#2471=CARTESIAN_POINT('',(-86.442787833,12.873788186,17.271983371));
#2472=CARTESIAN_POINT('',(-95.325825217,21.756783956,17.271983371));
#2473=CARTESIAN_POINT('',(-107.888303672,21.756783956,17.271983371));
#2474=CARTESIAN_POINT('',(-107.888330622,21.756783956,17.271983371));
#2475=CARTESIAN_POINT('',(-107.888357572,21.756783956,17.271983371));
#2476=CARTESIAN_POINT('',(-107.888384521,21.756783956,17.271983371));
#2477=CARTESIAN_POINT('',(-120.450871102,21.756736596,17.271983371));
#2478=CARTESIAN_POINT('',(-129.333866872,12.873699212,17.271983371));
#2479=CARTESIAN_POINT('',(-129.333866872,0.311220757,17.271983371));
#2480=CARTESIAN_POINT('',(-130.385963397,0.311220757,16.009519011));
#2481=CARTESIAN_POINT('',(-130.385963397,0.311192485,16.009519011));
#2482=CARTESIAN_POINT('',(-130.385963397,0.311164213,16.009519011));
#2483=CARTESIAN_POINT('',(-130.385963397,0.311135941,16.009519011));
#2484=CARTESIAN_POINT('',(-130.385913713,-12.867652872,16.009519011));
#2485=CARTESIAN_POINT('',(-121.067083961,-22.186438968,16.009519011));
#2486=CARTESIAN_POINT('',(-107.888303672,-22.186438968,16.009519011));
#2487=CARTESIAN_POINT('',(-107.888275401,-22.186438968,16.009519011));
#2488=CARTESIAN_POINT('',(-107.888247129,-22.186438968,16.009519011));
#2489=CARTESIAN_POINT('',(-107.888218857,-22.186438968,16.009519011));
#2490=CARTESIAN_POINT('',(-94.709430044,-22.186389284,16.009519011));
#2491=CARTESIAN_POINT('',(-85.390643948,-12.867559533,16.009519011));
#2492=CARTESIAN_POINT('',(-85.390643948,0.311220757,16.009519011));
#2493=CARTESIAN_POINT('',(-85.390643948,0.311249028,16.009519011));
#2494=CARTESIAN_POINT('',(-85.390643948,0.3112773,16.009519011));
#2495=CARTESIAN_POINT('',(-85.390643948,0.311305572,16.009519011));
#2496=CARTESIAN_POINT('',(-85.390693631,13.490094385,16.009519011));
#2497=CARTESIAN_POINT('',(-94.709523383,22.808880481,16.009519011));
#2498=CARTESIAN_POINT('',(-107.888303672,22.808880481,16.009519011));
#2499=CARTESIAN_POINT('',(-107.888331944,22.808880481,16.009519011));
#2500=CARTESIAN_POINT('',(-107.888360216,22.808880481,16.009519011));
#2501=CARTESIAN_POINT('',(-107.888388488,22.808880481,16.009519011));
#2502=CARTESIAN_POINT('',(-121.067177301,22.808830798,16.009519011));
#2503=CARTESIAN_POINT('',(-130.385963397,13.490001046,16.009519011));
#2504=CARTESIAN_POINT('',(-130.385963397,0.311220757,16.009519011));
#2505=CARTESIAN_POINT('',(-131.873818056,0.311220757,16.009519011));
#2506=CARTESIAN_POINT('',(-131.873818056,0.311190615,16.009519011));
#2507=CARTESIAN_POINT('',(-131.873818056,0.311160474,16.009519011));
#2508=CARTESIAN_POINT('',(-131.873818055,0.311130332,16.009519011));
#2509=CARTESIAN_POINT('',(-131.873765086,-13.739221238,16.009519011));
#2510=CARTESIAN_POINT('',(-121.938646155,-23.674293627,16.009519011));
#2511=CARTESIAN_POINT('',(-107.888303672,-23.674293627,16.009519011));
#2512=CARTESIAN_POINT('',(-107.888273531,-23.674293627,16.009519011));
#2513=CARTESIAN_POINT('',(-107.888243389,-23.674293627,16.009519011));
#2514=CARTESIAN_POINT('',(-107.888213248,-23.674293627,16.009519011));
#2515=CARTESIAN_POINT('',(-93.837861678,-23.674240657,16.009519011));
#2516=CARTESIAN_POINT('',(-83.902789289,-13.739121726,16.009519011));
#2517=CARTESIAN_POINT('',(-83.902789289,0.311220757,16.009519011));
#2518=CARTESIAN_POINT('',(-83.902789289,0.311250898,16.009519011));
#2519=CARTESIAN_POINT('',(-83.902789289,0.311281039,16.009519011));
#2520=CARTESIAN_POINT('',(-83.902789289,0.311311181,16.009519011));
#2521=CARTESIAN_POINT('',(-83.902842259,14.361662751,16.009519011));
#2522=CARTESIAN_POINT('',(-93.83796119,24.29673514,16.009519011));
#2523=CARTESIAN_POINT('',(-107.888303672,24.29673514,16.009519011));
#2524=CARTESIAN_POINT('',(-107.888333814,24.29673514,16.009519011));
#2525=CARTESIAN_POINT('',(-107.888363955,24.29673514,16.009519011));
#2526=CARTESIAN_POINT('',(-107.888394097,24.29673514,16.009519011));
#2527=CARTESIAN_POINT('',(-121.938745667,24.29668217,16.009519011));
#2528=CARTESIAN_POINT('',(-131.873818056,14.361563239,16.009519011));
#2529=CARTESIAN_POINT('',(-131.873818056,0.311220757,16.009519011));
#2530=CARTESIAN_POINT('',(-131.873851389,0.311220757,16.009519011));
#2531=CARTESIAN_POINT('',(-131.873851389,0.311190615,16.009519011));
#2532=CARTESIAN_POINT('',(-131.873851389,0.311160474,16.009519011));
#2533=CARTESIAN_POINT('',(-131.873851389,0.311130332,16.009519011));
#2534=CARTESIAN_POINT('',(-131.87379842,-13.739240764,16.009519011));
#2535=CARTESIAN_POINT('',(-121.938665681,-23.67432696,16.009519011));
#2536=CARTESIAN_POINT('',(-107.888303672,-23.67432696,16.009519011));
#2537=CARTESIAN_POINT('',(-107.888273531,-23.67432696,16.009519011));
#2538=CARTESIAN_POINT('',(-107.888243389,-23.67432696,16.009519011));
#2539=CARTESIAN_POINT('',(-107.888213248,-23.67432696,16.009519011));
#2540=CARTESIAN_POINT('',(-93.837842152,-23.674273991,16.009519011));
#2541=CARTESIAN_POINT('',(-83.902755956,-13.739141252,16.009519011));
#2542=CARTESIAN_POINT('',(-83.902755956,0.311220757,16.009519011));
#2543=CARTESIAN_POINT('',(-83.902755956,0.311250898,16.009519011));
#2544=CARTESIAN_POINT('',(-83.902755956,0.31128104,16.009519011));
#2545=CARTESIAN_POINT('',(-83.902755956,0.311311181,16.009519011));
#2546=CARTESIAN_POINT('',(-83.902808925,14.361682277,16.009519011));
#2547=CARTESIAN_POINT('',(-93.837941664,24.296768473,16.009519011));
#2548=CARTESIAN_POINT('',(-107.888303672,24.296768473,16.009519011));
#2549=CARTESIAN_POINT('',(-107.888333814,24.296768473,16.009519011));
#2550=CARTESIAN_POINT('',(-107.888363955,24.296768473,16.009519011));
#2551=CARTESIAN_POINT('',(-107.888394097,24.296768473,16.009519011));
#2552=CARTESIAN_POINT('',(-121.938765193,24.296715504,16.009519011));
#2553=CARTESIAN_POINT('',(-131.873851389,14.361582765,16.009519011));
#2554=CARTESIAN_POINT('',(-131.873851389,0.311220757,16.009519011));
#2555=CARTESIAN_POINT('',(-131.873884723,0.311220757,16.009519012));
#2556=CARTESIAN_POINT('',(-131.873884723,0.311190615,16.009519012));
#2557=CARTESIAN_POINT('',(-131.873884723,0.311160473,16.009519012));
#2558=CARTESIAN_POINT('',(-131.873884723,0.311130332,16.009519012));
#2559=CARTESIAN_POINT('',(-131.873831753,-13.739260291,16.009519012));
#2560=CARTESIAN_POINT('',(-121.938685207,-23.674360294,16.009519012));
#2561=CARTESIAN_POINT('',(-107.888303672,-23.674360294,16.009519012));
#2562=CARTESIAN_POINT('',(-107.888273531,-23.674360294,16.009519012));
#2563=CARTESIAN_POINT('',(-107.888243389,-23.674360294,16.009519012));
#2564=CARTESIAN_POINT('',(-107.888213248,-23.674360294,16.009519012));
#2565=CARTESIAN_POINT('',(-93.837822625,-23.674307324,16.009519012));
#2566=CARTESIAN_POINT('',(-83.902722622,-13.739160778,16.009519012));
#2567=CARTESIAN_POINT('',(-83.902722622,0.311220757,16.009519012));
#2568=CARTESIAN_POINT('',(-83.902722622,0.311250898,16.009519012));
#2569=CARTESIAN_POINT('',(-83.902722622,0.31128104,16.009519012));
#2570=CARTESIAN_POINT('',(-83.902722622,0.311311181,16.009519012));
#2571=CARTESIAN_POINT('',(-83.902775592,14.361701804,16.009519012));
#2572=CARTESIAN_POINT('',(-93.837922138,24.296801807,16.009519012));
#2573=CARTESIAN_POINT('',(-107.888303672,24.296801807,16.009519012));
#2574=CARTESIAN_POINT('',(-107.888333814,24.296801807,16.009519012));
#2575=CARTESIAN_POINT('',(-107.888363955,24.296801807,16.009519012));
#2576=CARTESIAN_POINT('',(-107.888394097,24.296801807,16.009519012));
#2577=CARTESIAN_POINT('',(-121.93878472,24.296748837,16.009519012));
#2578=CARTESIAN_POINT('',(-131.873884723,14.361602291,16.009519012));
#2579=CARTESIAN_POINT('',(-131.873884723,0.311220757,16.009519012));
#2580=CARTESIAN_POINT('',(-131.873918056,0.311220757,16.009519013));
#2581=CARTESIAN_POINT('',(-131.873918056,0.311190615,16.009519013));
#2582=CARTESIAN_POINT('',(-131.873918056,0.311160473,16.009519013));
#2583=CARTESIAN_POINT('',(-131.873918056,0.311130332,16.009519013));
#2584=CARTESIAN_POINT('',(-131.873865087,-13.739279817,16.009519013));
#2585=CARTESIAN_POINT('',(-121.938704733,-23.674393627,16.009519013));
#2586=CARTESIAN_POINT('',(-107.888303672,-23.674393627,16.009519013));
#2587=CARTESIAN_POINT('',(-107.888273531,-23.674393627,16.009519013));
#2588=CARTESIAN_POINT('',(-107.888243389,-23.674393627,16.009519013));
#2589=CARTESIAN_POINT('',(-107.888213248,-23.674393627,16.009519013));
#2590=CARTESIAN_POINT('',(-93.837803099,-23.674340658,16.009519013));
#2591=CARTESIAN_POINT('',(-83.902689288,-13.739180305,16.009519013));
#2592=CARTESIAN_POINT('',(-83.902689288,0.311220757,16.009519013));
#2593=CARTESIAN_POINT('',(-83.902689288,0.311250898,16.009519013));
#2594=CARTESIAN_POINT('',(-83.902689288,0.31128104,16.009519013));
#2595=CARTESIAN_POINT('',(-83.902689289,0.311311181,16.009519013));
#2596=CARTESIAN_POINT('',(-83.902742258,14.36172133,16.009519013));
#2597=CARTESIAN_POINT('',(-93.837902611,24.296835141,16.009519013));
#2598=CARTESIAN_POINT('',(-107.888303672,24.296835141,16.009519013));
#2599=CARTESIAN_POINT('',(-107.888333814,24.296835141,16.009519013));
#2600=CARTESIAN_POINT('',(-107.888363956,24.296835141,16.009519013));
#2601=CARTESIAN_POINT('',(-107.888394097,24.29683514,16.009519013));
#2602=CARTESIAN_POINT('',(-121.938804246,24.296782171,16.009519013));
#2603=CARTESIAN_POINT('',(-131.873918056,14.361621818,16.009519013));
#2604=CARTESIAN_POINT('',(-131.873918056,0.311220757,16.009519013));
#2605=CARTESIAN_POINT('',(-133.361774185,0.311220757,16.009589306));
#2606=CARTESIAN_POINT('',(-133.361774185,0.311188745,16.009589306));
#2607=CARTESIAN_POINT('',(-133.361774185,0.311156734,16.009589306));
#2608=CARTESIAN_POINT('',(-133.361774185,0.311124723,16.009589306));
#2609=CARTESIAN_POINT('',(-133.36171793,-14.610849044,16.009589306));
#2610=CARTESIAN_POINT('',(-122.810267788,-25.162249756,16.009589306));
#2611=CARTESIAN_POINT('',(-107.888303672,-25.162249756,16.009589306));
#2612=CARTESIAN_POINT('',(-107.888271661,-25.162249756,16.009589306));
#2613=CARTESIAN_POINT('',(-107.88823965,-25.162249756,16.009589306));
#2614=CARTESIAN_POINT('',(-107.888207638,-25.162249756,16.009589306));
#2615=CARTESIAN_POINT('',(-92.966233871,-25.162193501,16.009589306));
#2616=CARTESIAN_POINT('',(-82.41483316,-14.610743359,16.009589306));
#2617=CARTESIAN_POINT('',(-82.41483316,0.311220757,16.009589306));
#2618=CARTESIAN_POINT('',(-82.41483316,0.311252768,16.009589306));
#2619=CARTESIAN_POINT('',(-82.41483316,0.311284779,16.009589306));
#2620=CARTESIAN_POINT('',(-82.41483316,0.31131679,16.009589306));
#2621=CARTESIAN_POINT('',(-82.414889415,15.233290557,16.009589306));
#2622=CARTESIAN_POINT('',(-92.966339557,25.784691269,16.009589306));
#2623=CARTESIAN_POINT('',(-107.888303672,25.784691269,16.009589306));
#2624=CARTESIAN_POINT('',(-107.888335684,25.784691269,16.009589306));
#2625=CARTESIAN_POINT('',(-107.888367695,25.784691269,16.009589306));
#2626=CARTESIAN_POINT('',(-107.888399706,25.784691269,16.009589306));
#2627=CARTESIAN_POINT('',(-122.810373473,25.784635014,16.009589306));
#2628=CARTESIAN_POINT('',(-133.361774185,15.233184872,16.009589306));
#2629=CARTESIAN_POINT('',(-133.361774185,0.311220757,16.009589306));
#2630=CARTESIAN_POINT('',(-134.413818056,0.311220757,17.272103715));
#2631=CARTESIAN_POINT('',(-134.413818056,0.311187423,17.272103715));
#2632=CARTESIAN_POINT('',(-134.413818056,0.31115409,17.272103715));
#2633=CARTESIAN_POINT('',(-134.413818055,0.311120756,17.272103715));
#2634=CARTESIAN_POINT('',(-134.413759477,-15.227124399,17.272103715));
#2635=CARTESIAN_POINT('',(-123.426538777,-26.214293627,17.272103715));
#2636=CARTESIAN_POINT('',(-107.888303672,-26.214293627,17.272103715));
#2637=CARTESIAN_POINT('',(-107.888270339,-26.214293627,17.272103715));
#2638=CARTESIAN_POINT('',(-107.888237006,-26.214293627,17.272103715));
#2639=CARTESIAN_POINT('',(-107.888203672,-26.214293626,17.272103715));
#2640=CARTESIAN_POINT('',(-92.349958517,-26.214235048,17.272103715));
#2641=CARTESIAN_POINT('',(-81.362789289,-15.227014348,17.272103715));
#2642=CARTESIAN_POINT('',(-81.362789289,0.311220757,17.272103715));
#2643=CARTESIAN_POINT('',(-81.362789289,0.31125409,17.272103715));
#2644=CARTESIAN_POINT('',(-81.362789289,0.311287423,17.272103715));
#2645=CARTESIAN_POINT('',(-81.362789289,0.311320757,17.272103715));
#2646=CARTESIAN_POINT('',(-81.362847868,15.849565912,17.272103715));
#2647=CARTESIAN_POINT('',(-92.350068567,26.83673514,17.272103715));
#2648=CARTESIAN_POINT('',(-107.888303672,26.83673514,17.272103715));
#2649=CARTESIAN_POINT('',(-107.888337006,26.83673514,17.272103715));
#2650=CARTESIAN_POINT('',(-107.888370339,26.83673514,17.272103715));
#2651=CARTESIAN_POINT('',(-107.888403672,26.83673514,17.272103715));
#2652=CARTESIAN_POINT('',(-123.426648828,26.836676561,17.272103715));
#2653=CARTESIAN_POINT('',(-134.413818056,15.849455861,17.272103715));
#2654=CARTESIAN_POINT('',(-134.413818056,0.311220757,17.272103715));
#2655=CARTESIAN_POINT('',(-134.413818056,0.311220757,19.057519011));
#2656=CARTESIAN_POINT('',(-134.413818056,0.311187423,19.057519011));
#2657=CARTESIAN_POINT('',(-134.413818056,0.31115409,19.057519011));
#2658=CARTESIAN_POINT('',(-134.413818055,0.311120756,19.057519011));
#2659=CARTESIAN_POINT('',(-134.413759477,-15.227124399,19.057519011));
#2660=CARTESIAN_POINT('',(-123.426538777,-26.214293627,19.057519011));
#2661=CARTESIAN_POINT('',(-107.888303672,-26.214293627,19.057519011));
#2662=CARTESIAN_POINT('',(-107.888270339,-26.214293627,19.057519011));
#2663=CARTESIAN_POINT('',(-107.888237006,-26.214293627,19.057519011));
#2664=CARTESIAN_POINT('',(-107.888203672,-26.214293626,19.057519011));
#2665=CARTESIAN_POINT('',(-92.349958517,-26.214235048,19.057519011));
#2666=CARTESIAN_POINT('',(-81.362789289,-15.227014348,19.057519011));
#2667=CARTESIAN_POINT('',(-81.362789289,0.311220757,19.057519011));
#2668=CARTESIAN_POINT('',(-81.362789289,0.31125409,19.057519011));
#2669=CARTESIAN_POINT('',(-81.362789289,0.311287423,19.057519011));
#2670=CARTESIAN_POINT('',(-81.362789289,0.311320757,19.057519011));
#2671=CARTESIAN_POINT('',(-81.362847868,15.849565912,19.057519011));
#2672=CARTESIAN_POINT('',(-92.350068567,26.83673514,19.057519011));
#2673=CARTESIAN_POINT('',(-107.888303672,26.83673514,19.057519011));
#2674=CARTESIAN_POINT('',(-107.888337006,26.83673514,19.057519011));
#2675=CARTESIAN_POINT('',(-107.888370339,26.83673514,19.057519011));
#2676=CARTESIAN_POINT('',(-107.888403672,26.83673514,19.057519011));
#2677=CARTESIAN_POINT('',(-123.426648828,26.836676561,19.057519011));
#2678=CARTESIAN_POINT('',(-134.413818056,15.849455861,19.057519011));
#2679=CARTESIAN_POINT('',(-134.413818056,0.311220757,19.057519011));
#2680=CARTESIAN_POINT('',(-134.413818056,0.311220757,19.057552345));
#2681=CARTESIAN_POINT('',(-134.413818056,0.311187423,19.057552345));
#2682=CARTESIAN_POINT('',(-134.413818056,0.31115409,19.057552345));
#2683=CARTESIAN_POINT('',(-134.413818055,0.311120756,19.057552345));
#2684=CARTESIAN_POINT('',(-134.413759477,-15.227124399,19.057552345));
#2685=CARTESIAN_POINT('',(-123.426538777,-26.214293627,19.057552345));
#2686=CARTESIAN_POINT('',(-107.888303672,-26.214293627,19.057552345));
#2687=CARTESIAN_POINT('',(-107.888270339,-26.214293627,19.057552345));
#2688=CARTESIAN_POINT('',(-107.888237006,-26.214293627,19.057552345));
#2689=CARTESIAN_POINT('',(-107.888203672,-26.214293626,19.057552345));
#2690=CARTESIAN_POINT('',(-92.349958517,-26.214235048,19.057552345));
#2691=CARTESIAN_POINT('',(-81.362789289,-15.227014348,19.057552345));
#2692=CARTESIAN_POINT('',(-81.362789289,0.311220757,19.057552345));
#2693=CARTESIAN_POINT('',(-81.362789289,0.31125409,19.057552345));
#2694=CARTESIAN_POINT('',(-81.362789289,0.311287423,19.057552345));
#2695=CARTESIAN_POINT('',(-81.362789289,0.311320757,19.057552345));
#2696=CARTESIAN_POINT('',(-81.362847868,15.849565912,19.057552345));
#2697=CARTESIAN_POINT('',(-92.350068567,26.83673514,19.057552345));
#2698=CARTESIAN_POINT('',(-107.888303672,26.83673514,19.057552345));
#2699=CARTESIAN_POINT('',(-107.888337006,26.83673514,19.057552345));
#2700=CARTESIAN_POINT('',(-107.888370339,26.83673514,19.057552345));
#2701=CARTESIAN_POINT('',(-107.888403672,26.83673514,19.057552345));
#2702=CARTESIAN_POINT('',(-123.426648828,26.836676561,19.057552345));
#2703=CARTESIAN_POINT('',(-134.413818056,15.849455861,19.057552345));
#2704=CARTESIAN_POINT('',(-134.413818056,0.311220757,19.057552345));
#2705=CARTESIAN_POINT('',(-134.413818055,0.311220757,19.057585678));
#2706=CARTESIAN_POINT('',(-134.413818055,0.311187423,19.057585678));
#2707=CARTESIAN_POINT('',(-134.413818055,0.31115409,19.057585678));
#2708=CARTESIAN_POINT('',(-134.413818055,0.311120756,19.057585678));
#2709=CARTESIAN_POINT('',(-134.413759476,-15.227124399,19.057585678));
#2710=CARTESIAN_POINT('',(-123.426538777,-26.214293626,19.057585678));
#2711=CARTESIAN_POINT('',(-107.888303672,-26.214293626,19.057585678));
#2712=CARTESIAN_POINT('',(-107.888270339,-26.214293626,19.057585678));
#2713=CARTESIAN_POINT('',(-107.888237006,-26.214293626,19.057585678));
#2714=CARTESIAN_POINT('',(-107.888203672,-26.214293626,19.057585678));
#2715=CARTESIAN_POINT('',(-92.349958517,-26.214235048,19.057585678));
#2716=CARTESIAN_POINT('',(-81.36278929,-15.227014348,19.057585678));
#2717=CARTESIAN_POINT('',(-81.36278929,0.311220757,19.057585678));
#2718=CARTESIAN_POINT('',(-81.36278929,0.31125409,19.057585678));
#2719=CARTESIAN_POINT('',(-81.36278929,0.311287423,19.057585678));
#2720=CARTESIAN_POINT('',(-81.36278929,0.311320757,19.057585678));
#2721=CARTESIAN_POINT('',(-81.362847868,15.849565912,19.057585678));
#2722=CARTESIAN_POINT('',(-92.350068568,26.836735139,19.057585678));
#2723=CARTESIAN_POINT('',(-107.888303672,26.836735139,19.057585678));
#2724=CARTESIAN_POINT('',(-107.888337006,26.836735139,19.057585678));
#2725=CARTESIAN_POINT('',(-107.888370339,26.836735139,19.057585678));
#2726=CARTESIAN_POINT('',(-107.888403672,26.836735139,19.057585678));
#2727=CARTESIAN_POINT('',(-123.426648827,26.836676561,19.057585678));
#2728=CARTESIAN_POINT('',(-134.413818055,15.849455861,19.057585678));
#2729=CARTESIAN_POINT('',(-134.413818055,0.311220757,19.057585678));
#2730=CARTESIAN_POINT('',(-134.413818054,0.311220757,19.057619012));
#2731=CARTESIAN_POINT('',(-134.413818054,0.311187423,19.057619012));
#2732=CARTESIAN_POINT('',(-134.413818054,0.31115409,19.057619012));
#2733=CARTESIAN_POINT('',(-134.413818054,0.311120756,19.057619012));
#2734=CARTESIAN_POINT('',(-134.413759476,-15.227124398,19.057619012));
#2735=CARTESIAN_POINT('',(-123.426538777,-26.214293625,19.057619012));
#2736=CARTESIAN_POINT('',(-107.888303672,-26.214293625,19.057619012));
#2737=CARTESIAN_POINT('',(-107.888270339,-26.214293625,19.057619012));
#2738=CARTESIAN_POINT('',(-107.888237006,-26.214293625,19.057619012));
#2739=CARTESIAN_POINT('',(-107.888203672,-26.214293625,19.057619012));
#2740=CARTESIAN_POINT('',(-92.349958518,-26.214235047,19.057619012));
#2741=CARTESIAN_POINT('',(-81.362789291,-15.227014348,19.057619012));
#2742=CARTESIAN_POINT('',(-81.362789291,0.311220757,19.057619012));
#2743=CARTESIAN_POINT('',(-81.362789291,0.31125409,19.057619012));
#2744=CARTESIAN_POINT('',(-81.362789291,0.311287423,19.057619012));
#2745=CARTESIAN_POINT('',(-81.362789291,0.311320757,19.057619012));
#2746=CARTESIAN_POINT('',(-81.362847869,15.849565911,19.057619012));
#2747=CARTESIAN_POINT('',(-92.350068568,26.836735138,19.057619012));
#2748=CARTESIAN_POINT('',(-107.888303672,26.836735138,19.057619012));
#2749=CARTESIAN_POINT('',(-107.888337006,26.836735138,19.057619012));
#2750=CARTESIAN_POINT('',(-107.888370339,26.836735138,19.057619012));
#2751=CARTESIAN_POINT('',(-107.888403672,26.836735138,19.057619012));
#2752=CARTESIAN_POINT('',(-123.426648827,26.83667656,19.057619012));
#2753=CARTESIAN_POINT('',(-134.413818054,15.849455861,19.057619012));
#2754=CARTESIAN_POINT('',(-134.413818054,0.311220757,19.057619012));
#2755=CARTESIAN_POINT('',(-134.413769239,0.311220757,20.843054651));
#2756=CARTESIAN_POINT('',(-134.413769239,0.311187423,20.843054651));
#2757=CARTESIAN_POINT('',(-134.413769239,0.31115409,20.843054651));
#2758=CARTESIAN_POINT('',(-134.413769239,0.311120757,20.843054651));
#2759=CARTESIAN_POINT('',(-134.413710661,-15.227095803,20.843054651));
#2760=CARTESIAN_POINT('',(-123.426510182,-26.214244811,20.843054651));
#2761=CARTESIAN_POINT('',(-107.888303672,-26.214244811,20.843054651));
#2762=CARTESIAN_POINT('',(-107.888270339,-26.214244811,20.843054651));
#2763=CARTESIAN_POINT('',(-107.888237006,-26.214244811,20.843054651));
#2764=CARTESIAN_POINT('',(-107.888203672,-26.21424481,20.843054651));
#2765=CARTESIAN_POINT('',(-92.349987113,-26.214186232,20.843054651));
#2766=CARTESIAN_POINT('',(-81.362838105,-15.226985753,20.843054651));
#2767=CARTESIAN_POINT('',(-81.362838105,0.311220757,20.843054651));
#2768=CARTESIAN_POINT('',(-81.362838105,0.31125409,20.843054651));
#2769=CARTESIAN_POINT('',(-81.362838105,0.311287423,20.843054651));
#2770=CARTESIAN_POINT('',(-81.362838105,0.311320756,20.843054651));
#2771=CARTESIAN_POINT('',(-81.362896684,15.849537316,20.843054651));
#2772=CARTESIAN_POINT('',(-92.350097163,26.836686324,20.843054651));
#2773=CARTESIAN_POINT('',(-107.888303672,26.836686324,20.843054651));
#2774=CARTESIAN_POINT('',(-107.888337006,26.836686324,20.843054651));
#2775=CARTESIAN_POINT('',(-107.888370339,26.836686324,20.843054651));
#2776=CARTESIAN_POINT('',(-107.888403672,26.836686323,20.843054651));
#2777=CARTESIAN_POINT('',(-123.426620232,26.836627745,20.843054651));
#2778=CARTESIAN_POINT('',(-134.413769239,15.849427266,20.843054651));
#2779=CARTESIAN_POINT('',(-134.413769239,0.311220757,20.843054651));
#2780=CARTESIAN_POINT('',(-133.361672714,0.311220757,22.105519011));
#2781=CARTESIAN_POINT('',(-133.361672714,0.311188745,22.105519011));
#2782=CARTESIAN_POINT('',(-133.361672714,0.311156734,22.105519011));
#2783=CARTESIAN_POINT('',(-133.361672714,0.311124723,22.105519011));
#2784=CARTESIAN_POINT('',(-133.361616459,-14.610789604,22.105519011));
#2785=CARTESIAN_POINT('',(-122.810208348,-25.162148285,22.105519011));
#2786=CARTESIAN_POINT('',(-107.888303672,-25.162148285,22.105519011));
#2787=CARTESIAN_POINT('',(-107.888271661,-25.162148285,22.105519011));
#2788=CARTESIAN_POINT('',(-107.88823965,-25.162148285,22.105519011));
#2789=CARTESIAN_POINT('',(-107.888207639,-25.162148285,22.105519011));
#2790=CARTESIAN_POINT('',(-92.966293312,-25.16209203,22.105519011));
#2791=CARTESIAN_POINT('',(-82.414934631,-14.610683919,22.105519011));
#2792=CARTESIAN_POINT('',(-82.414934631,0.311220757,22.105519011));
#2793=CARTESIAN_POINT('',(-82.414934631,0.311252768,22.105519011));
#2794=CARTESIAN_POINT('',(-82.414934631,0.311284779,22.105519011));
#2795=CARTESIAN_POINT('',(-82.414934631,0.31131679,22.105519011));
#2796=CARTESIAN_POINT('',(-82.414990886,15.233231117,22.105519011));
#2797=CARTESIAN_POINT('',(-92.966398997,25.784589798,22.105519011));
#2798=CARTESIAN_POINT('',(-107.888303672,25.784589798,22.105519011));
#2799=CARTESIAN_POINT('',(-107.888335684,25.784589798,22.105519011));
#2800=CARTESIAN_POINT('',(-107.888367695,25.784589798,22.105519011));
#2801=CARTESIAN_POINT('',(-107.888399706,25.784589798,22.105519011));
#2802=CARTESIAN_POINT('',(-122.810314033,25.784533543,22.105519011));
#2803=CARTESIAN_POINT('',(-133.361672714,15.233125432,22.105519011));
#2804=CARTESIAN_POINT('',(-133.361672714,0.311220757,22.105519011));
#2805=CARTESIAN_POINT('',(-131.873818056,0.311220757,22.105519011));
#2806=CARTESIAN_POINT('',(-131.873818056,0.311190615,22.105519011));
#2807=CARTESIAN_POINT('',(-131.873818056,0.311160474,22.105519011));
#2808=CARTESIAN_POINT('',(-131.873818055,0.311130332,22.105519011));
#2809=CARTESIAN_POINT('',(-131.873765086,-13.739221238,22.105519011));
#2810=CARTESIAN_POINT('',(-121.938646155,-23.674293627,22.105519011));
#2811=CARTESIAN_POINT('',(-107.888303672,-23.674293627,22.105519011));
#2812=CARTESIAN_POINT('',(-107.888273531,-23.674293627,22.105519011));
#2813=CARTESIAN_POINT('',(-107.888243389,-23.674293627,22.105519011));
#2814=CARTESIAN_POINT('',(-107.888213248,-23.674293627,22.105519011));
#2815=CARTESIAN_POINT('',(-93.837861678,-23.674240657,22.105519011));
#2816=CARTESIAN_POINT('',(-83.902789289,-13.739121726,22.105519011));
#2817=CARTESIAN_POINT('',(-83.902789289,0.311220757,22.105519011));
#2818=CARTESIAN_POINT('',(-83.902789289,0.311250898,22.105519011));
#2819=CARTESIAN_POINT('',(-83.902789289,0.311281039,22.105519011));
#2820=CARTESIAN_POINT('',(-83.902789289,0.311311181,22.105519011));
#2821=CARTESIAN_POINT('',(-83.902842259,14.361662751,22.105519011));
#2822=CARTESIAN_POINT('',(-93.83796119,24.29673514,22.105519011));
#2823=CARTESIAN_POINT('',(-107.888303672,24.29673514,22.105519011));
#2824=CARTESIAN_POINT('',(-107.888333814,24.29673514,22.105519011));
#2825=CARTESIAN_POINT('',(-107.888363955,24.29673514,22.105519011));
#2826=CARTESIAN_POINT('',(-107.888394097,24.29673514,22.105519011));
#2827=CARTESIAN_POINT('',(-121.938745667,24.29668217,22.105519011));
#2828=CARTESIAN_POINT('',(-131.873818056,14.361563239,22.105519011));
#2829=CARTESIAN_POINT('',(-131.873818056,0.311220757,22.105519011));
#2830=CARTESIAN_POINT('',(-131.873784722,0.311220757,22.105519011));
#2831=CARTESIAN_POINT('',(-131.873784722,0.311190615,22.105519011));
#2832=CARTESIAN_POINT('',(-131.873784722,0.311160474,22.105519011));
#2833=CARTESIAN_POINT('',(-131.873784722,0.311130332,22.105519011));
#2834=CARTESIAN_POINT('',(-131.873731753,-13.739201712,22.105519011));
#2835=CARTESIAN_POINT('',(-121.938626628,-23.674260293,22.105519011));
#2836=CARTESIAN_POINT('',(-107.888303672,-23.674260293,22.105519011));
#2837=CARTESIAN_POINT('',(-107.888273531,-23.674260293,22.105519011));
#2838=CARTESIAN_POINT('',(-107.88824339,-23.674260293,22.105519011));
#2839=CARTESIAN_POINT('',(-107.888213248,-23.674260293,22.105519011));
#2840=CARTESIAN_POINT('',(-93.837881204,-23.674207324,22.105519011));
#2841=CARTESIAN_POINT('',(-83.902822623,-13.739102199,22.105519011));
#2842=CARTESIAN_POINT('',(-83.902822623,0.311220757,22.105519011));
#2843=CARTESIAN_POINT('',(-83.902822623,0.311250898,22.105519011));
#2844=CARTESIAN_POINT('',(-83.902822623,0.311281039,22.105519011));
#2845=CARTESIAN_POINT('',(-83.902822623,0.311311181,22.105519011));
#2846=CARTESIAN_POINT('',(-83.902875592,14.361643225,22.105519011));
#2847=CARTESIAN_POINT('',(-93.837980716,24.296701806,22.105519011));
#2848=CARTESIAN_POINT('',(-107.888303672,24.296701806,22.105519011));
#2849=CARTESIAN_POINT('',(-107.888333814,24.296701806,22.105519011));
#2850=CARTESIAN_POINT('',(-107.888363955,24.296701806,22.105519011));
#2851=CARTESIAN_POINT('',(-107.888394097,24.296701806,22.105519011));
#2852=CARTESIAN_POINT('',(-121.93872614,24.296648837,22.105519011));
#2853=CARTESIAN_POINT('',(-131.873784722,14.361543712,22.105519011));
#2854=CARTESIAN_POINT('',(-131.873784722,0.311220757,22.105519011));
#2855=CARTESIAN_POINT('',(-131.873751388,0.311220757,22.10551901));
#2856=CARTESIAN_POINT('',(-131.873751388,0.311190615,22.10551901));
#2857=CARTESIAN_POINT('',(-131.873751388,0.311160474,22.10551901));
#2858=CARTESIAN_POINT('',(-131.873751388,0.311130332,22.10551901));
#2859=CARTESIAN_POINT('',(-131.873698419,-13.739182185,22.10551901));
#2860=CARTESIAN_POINT('',(-121.938607102,-23.67422696,22.10551901));
#2861=CARTESIAN_POINT('',(-107.888303672,-23.67422696,22.10551901));
#2862=CARTESIAN_POINT('',(-107.888273531,-23.67422696,22.10551901));
#2863=CARTESIAN_POINT('',(-107.88824339,-23.67422696,22.10551901));
#2864=CARTESIAN_POINT('',(-107.888213248,-23.674226959,22.10551901));
#2865=CARTESIAN_POINT('',(-93.837900731,-23.67417399,22.10551901));
#2866=CARTESIAN_POINT('',(-83.902855956,-13.739082673,22.10551901));
#2867=CARTESIAN_POINT('',(-83.902855956,0.311220757,22.10551901));
#2868=CARTESIAN_POINT('',(-83.902855956,0.311250898,22.10551901));
#2869=CARTESIAN_POINT('',(-83.902855956,0.311281039,22.10551901));
#2870=CARTESIAN_POINT('',(-83.902855956,0.311311181,22.10551901));
#2871=CARTESIAN_POINT('',(-83.902908926,14.361623698,22.10551901));
#2872=CARTESIAN_POINT('',(-93.838000243,24.296668473,22.10551901));
#2873=CARTESIAN_POINT('',(-107.888303672,24.296668473,22.10551901));
#2874=CARTESIAN_POINT('',(-107.888333814,24.296668473,22.10551901));
#2875=CARTESIAN_POINT('',(-107.888363955,24.296668473,22.10551901));
#2876=CARTESIAN_POINT('',(-107.888394097,24.296668472,22.10551901));
#2877=CARTESIAN_POINT('',(-121.938706614,24.296615503,22.10551901));
#2878=CARTESIAN_POINT('',(-131.873751388,14.361524186,22.10551901));
#2879=CARTESIAN_POINT('',(-131.873751388,0.311220757,22.10551901));
#2880=CARTESIAN_POINT('',(-131.873718055,0.311220757,22.105519009));
#2881=CARTESIAN_POINT('',(-131.873718055,0.311190615,22.105519009));
#2882=CARTESIAN_POINT('',(-131.873718055,0.311160474,22.105519009));
#2883=CARTESIAN_POINT('',(-131.873718055,0.311130333,22.105519009));
#2884=CARTESIAN_POINT('',(-131.873665086,-13.739162659,22.105519009));
#2885=CARTESIAN_POINT('',(-121.938587576,-23.674193626,22.105519009));
#2886=CARTESIAN_POINT('',(-107.888303672,-23.674193626,22.105519009));
#2887=CARTESIAN_POINT('',(-107.888273531,-23.674193626,22.105519009));
#2888=CARTESIAN_POINT('',(-107.88824339,-23.674193626,22.105519009));
#2889=CARTESIAN_POINT('',(-107.888213248,-23.674193626,22.105519009));
#2890=CARTESIAN_POINT('',(-93.837920257,-23.674140657,22.105519009));
#2891=CARTESIAN_POINT('',(-83.90288929,-13.739063147,22.105519009));
#2892=CARTESIAN_POINT('',(-83.90288929,0.311220757,22.105519009));
#2893=CARTESIAN_POINT('',(-83.90288929,0.311250898,22.105519009));
#2894=CARTESIAN_POINT('',(-83.90288929,0.311281039,22.105519009));
#2895=CARTESIAN_POINT('',(-83.90288929,0.311311181,22.105519009));
#2896=CARTESIAN_POINT('',(-83.902942259,14.361604172,22.105519009));
#2897=CARTESIAN_POINT('',(-93.838019769,24.296635139,22.105519009));
#2898=CARTESIAN_POINT('',(-107.888303672,24.296635139,22.105519009));
#2899=CARTESIAN_POINT('',(-107.888333814,24.296635139,22.105519009));
#2900=CARTESIAN_POINT('',(-107.888363955,24.296635139,22.105519009));
#2901=CARTESIAN_POINT('',(-107.888394096,24.296635139,22.105519009));
#2902=CARTESIAN_POINT('',(-121.938687088,24.29658217,22.105519009));
#2903=CARTESIAN_POINT('',(-131.873718055,14.36150466,22.105519009));
#2904=CARTESIAN_POINT('',(-131.873718055,0.311220757,22.105519009));
#2905=CARTESIAN_POINT('',(-130.385861926,0.311220757,22.105448716));
#2906=CARTESIAN_POINT('',(-130.385861926,0.311192485,22.105448716));
#2907=CARTESIAN_POINT('',(-130.385861926,0.311164213,22.105448716));
#2908=CARTESIAN_POINT('',(-130.385861926,0.311135942,22.105448716));
#2909=CARTESIAN_POINT('',(-130.385812243,-12.867593431,22.105448716));
#2910=CARTESIAN_POINT('',(-121.067024521,-22.186337497,22.105448716));
#2911=CARTESIAN_POINT('',(-107.888303672,-22.186337497,22.105448716));
#2912=CARTESIAN_POINT('',(-107.888275401,-22.186337497,22.105448716));
#2913=CARTESIAN_POINT('',(-107.888247129,-22.186337497,22.105448716));
#2914=CARTESIAN_POINT('',(-107.888218858,-22.186337497,22.105448716));
#2915=CARTESIAN_POINT('',(-94.709489484,-22.186287814,22.105448716));
#2916=CARTESIAN_POINT('',(-85.390745419,-12.867500092,22.105448716));
#2917=CARTESIAN_POINT('',(-85.390745419,0.311220757,22.105448716));
#2918=CARTESIAN_POINT('',(-85.390745419,0.311249028,22.105448716));
#2919=CARTESIAN_POINT('',(-85.390745419,0.3112773,22.105448716));
#2920=CARTESIAN_POINT('',(-85.390745419,0.311305571,22.105448716));
#2921=CARTESIAN_POINT('',(-85.390795102,13.490034945,22.105448716));
#2922=CARTESIAN_POINT('',(-94.709582823,22.80877901,22.105448716));
#2923=CARTESIAN_POINT('',(-107.888303672,22.80877901,22.105448716));
#2924=CARTESIAN_POINT('',(-107.888331944,22.80877901,22.105448716));
#2925=CARTESIAN_POINT('',(-107.888360216,22.80877901,22.105448716));
#2926=CARTESIAN_POINT('',(-107.888388487,22.80877901,22.105448716));
#2927=CARTESIAN_POINT('',(-121.06711786,22.808729327,22.105448716));
#2928=CARTESIAN_POINT('',(-130.385861926,13.489941605,22.105448716));
#2929=CARTESIAN_POINT('',(-130.385861926,0.311220757,22.105448716));
#2930=CARTESIAN_POINT('',(-129.333818056,0.311220757,20.842934307));
#2931=CARTESIAN_POINT('',(-129.333818056,0.311193807,20.842934307));
#2932=CARTESIAN_POINT('',(-129.333818056,0.311166857,20.842934307));
#2933=CARTESIAN_POINT('',(-129.333818055,0.311139908,20.842934307));
#2934=CARTESIAN_POINT('',(-129.333770695,-12.251318077,20.842934307));
#2935=CARTESIAN_POINT('',(-120.450753532,-21.134293627,20.842934307));
#2936=CARTESIAN_POINT('',(-107.888303672,-21.134293627,20.842934307));
#2937=CARTESIAN_POINT('',(-107.888276723,-21.134293627,20.842934307));
#2938=CARTESIAN_POINT('',(-107.888249773,-21.134293627,20.842934307));
#2939=CARTESIAN_POINT('',(-107.888222824,-21.134293627,20.842934307));
#2940=CARTESIAN_POINT('',(-95.325764839,-21.134246267,20.842934307));
#2941=CARTESIAN_POINT('',(-86.442789289,-12.251229103,20.842934307));
#2942=CARTESIAN_POINT('',(-86.442789289,0.311220757,20.842934307));
#2943=CARTESIAN_POINT('',(-86.442789289,0.311247706,20.842934307));
#2944=CARTESIAN_POINT('',(-86.442789289,0.311274656,20.842934307));
#2945=CARTESIAN_POINT('',(-86.442789289,0.311301605,20.842934307));
#2946=CARTESIAN_POINT('',(-86.442836649,12.87375959,20.842934307));
#2947=CARTESIAN_POINT('',(-95.325853813,21.75673514,20.842934307));
#2948=CARTESIAN_POINT('',(-107.888303672,21.75673514,20.842934307));
#2949=CARTESIAN_POINT('',(-107.888330622,21.75673514,20.842934307));
#2950=CARTESIAN_POINT('',(-107.888357571,21.75673514,20.842934307));
#2951=CARTESIAN_POINT('',(-107.888384521,21.75673514,20.842934307));
#2952=CARTESIAN_POINT('',(-120.450842506,21.75668778,20.842934307));
#2953=CARTESIAN_POINT('',(-129.333818056,12.873670616,20.842934307));
#2954=CARTESIAN_POINT('',(-129.333818056,0.311220757,20.842934307));
#2955=CARTESIAN_POINT('',(-129.333818056,0.311220757,19.057519011));
#2956=CARTESIAN_POINT('',(-129.333818056,0.311193807,19.057519011));
#2957=CARTESIAN_POINT('',(-129.333818056,0.311166857,19.057519011));
#2958=CARTESIAN_POINT('',(-129.333818055,0.311139908,19.057519011));
#2959=CARTESIAN_POINT('',(-129.333770695,-12.251318077,19.057519011));
#2960=CARTESIAN_POINT('',(-120.450753532,-21.134293627,19.057519011));
#2961=CARTESIAN_POINT('',(-107.888303672,-21.134293627,19.057519011));
#2962=CARTESIAN_POINT('',(-107.888276723,-21.134293627,19.057519011));
#2963=CARTESIAN_POINT('',(-107.888249773,-21.134293627,19.057519011));
#2964=CARTESIAN_POINT('',(-107.888222824,-21.134293627,19.057519011));
#2965=CARTESIAN_POINT('',(-95.325764839,-21.134246267,19.057519011));
#2966=CARTESIAN_POINT('',(-86.442789289,-12.251229103,19.057519011));
#2967=CARTESIAN_POINT('',(-86.442789289,0.311220757,19.057519011));
#2968=CARTESIAN_POINT('',(-86.442789289,0.311247706,19.057519011));
#2969=CARTESIAN_POINT('',(-86.442789289,0.311274656,19.057519011));
#2970=CARTESIAN_POINT('',(-86.442789289,0.311301605,19.057519011));
#2971=CARTESIAN_POINT('',(-86.442836649,12.87375959,19.057519011));
#2972=CARTESIAN_POINT('',(-95.325853813,21.75673514,19.057519011));
#2973=CARTESIAN_POINT('',(-107.888303672,21.75673514,19.057519011));
#2974=CARTESIAN_POINT('',(-107.888330622,21.75673514,19.057519011));
#2975=CARTESIAN_POINT('',(-107.888357571,21.75673514,19.057519011));
#2976=CARTESIAN_POINT('',(-107.888384521,21.75673514,19.057519011));
#2977=CARTESIAN_POINT('',(-120.450842506,21.75668778,19.057519011));
#2978=CARTESIAN_POINT('',(-129.333818056,12.873670616,19.057519011));
#2979=CARTESIAN_POINT('',(-129.333818056,0.311220757,19.057519011));
#2980=(BOUNDED_SURFACE()
B_SPLINE_SURFACE(3,3,((#2355,#2356,#2357,#2358,#2359,#2360,#2361,#2362,#2363,#2364,#2365,#2366,#2367,#2368,#2369,#2370,#2371,#2372,#2373,#2374,#2375,#2376,#2377,#2378,#2379),(#2380,#2381,#2382,#2383,#2384,#2385,#2386,#2387,#2388,#2389,#2390,#2391,#2392,#2393,#2394,#2395,#2396,#2397,#2398,#2399,#2400,#2401,#2402,#2403,#2404),(#2405,#2406,#2407,#2408,#2409,#2410,#2411,#2412,#2413,#2414,#2415,#2416,#2417,#2418,#2419,#2420,#2421,#2422,#2423,#2424,#2425,#2426,#2427,#2428,#2429),(#2430,#2431,#2432,#2433,#2434,#2435,#2436,#2437,#2438,#2439,#2440,#2441,#2442,#2443,#2444,#2445,#2446,#2447,#2448,#2449,#2450,#2451,#2452,#2453,#2454),(#2455,#2456,#2457,#2458,#2459,#2460,#2461,#2462,#2463,#2464,#2465,#2466,#2467,#2468,#2469,#2470,#2471,#2472,#2473,#2474,#2475,#2476,#2477,#2478,#2479),(#2480,#2481,#2482,#2483,#2484,#2485,#2486,#2487,#2488,#2489,#2490,#2491,#2492,#2493,#2494,#2495,#2496,#2497,#2498,#2499,#2500,#2501,#2502,#2503,#2504),(#2505,#2506,#2507,#2508,#2509,#2510,#2511,#2512,#2513,#2514,#2515,#2516,#2517,#2518,#2519,#2520,#2521,#2522,#2523,#2524,#2525,#2526,#2527,#2528,#2529),(#2530,#2531,#2532,#2533,#2534,#2535,#2536,#2537,#2538,#2539,#2540,#2541,#2542,#2543,#2544,#2545,#2546,#2547,#2548,#2549,#2550,#2551,#2552,#2553,#2554),(#2555,#2556,#2557,#2558,#2559,#2560,#2561,#2562,#2563,#2564,#2565,#2566,#2567,#2568,#2569,#2570,#2571,#2572,#2573,#2574,#2575,#2576,#2577,#2578,#2579),(#2580,#2581,#2582,#2583,#2584,#2585,#2586,#2587,#2588,#2589,#2590,#2591,#2592,#2593,#2594,#2595,#2596,#2597,#2598,#2599,#2600,#2601,#2602,#2603,#2604),(#2605,#2606,#2607,#2608,#2609,#2610,#2611,#2612,#2613,#2614,#2615,#2616,#2617,#2618,#2619,#2620,#2621,#2622,#2623,#2624,#2625,#2626,#2627,#2628,#2629),(#2630,#2631,#2632,#2633,#2634,#2635,#2636,#2637,#2638,#2639,#2640,#2641,#2642,#2643,#2644,#2645,#2646,#2647,#2648,#2649,#2650,#2651,#2652,#2653,#2654),(#2655,#2656,#2657,#2658,#2659,#2660,#2661,#2662,#2663,#2664,#2665,#2666,#2667,#2668,#2669,#2670,#2671,#2672,#2673,#2674,#2675,#2676,#2677,#2678,#2679),(#2680,#2681,#2682,#2683,#2684,#2685,#2686,#2687,#2688,#2689,#2690,#2691,#2692,#2693,#2694,#2695,#2696,#2697,#2698,#2699,#2700,#2701,#2702,#2703,#2704),(#2705,#2706,#2707,#2708,#2709,#2710,#2711,#2712,#2713,#2714,#2715,#2716,#2717,#2718,#2719,#2720,#2721,#2722,#2723,#2724,#2725,#2726,#2727,#2728,#2729),(#2730,#2731,#2732,#2733,#2734,#2735,#2736,#2737,#2738,#2739,#2740,#2741,#2742,#2743,#2744,#2745,#2746,#2747,#2748,#2749,#2750,#2751,#2752,#2753,#2754),(#2755,#2756,#2757,#2758,#2759,#2760,#2761,#2762,#2763,#2764,#2765,#2766,#2767,#2768,#2769,#2770,#2771,#2772,#2773,#2774,#2775,#2776,#2777,#2778,#2779),(#2780,#2781,#2782,#2783,#2784,#2785,#2786,#2787,#2788,#2789,#2790,#2791,#2792,#2793,#2794,#2795,#2796,#2797,#2798,#2799,#2800,#2801,#2802,#2803,#2804),(#2805,#2806,#2807,#2808,#2809,#2810,#2811,#2812,#2813,#2814,#2815,#2816,#2817,#2818,#2819,#2820,#2821,#2822,#2823,#2824,#2825,#2826,#2827,#2828,#2829),(#2830,#2831,#2832,#2833,#2834,#2835,#2836,#2837,#2838,#2839,#2840,#2841,#2842,#2843,#2844,#2845,#2846,#2847,#2848,#2849,#2850,#2851,#2852,#2853,#2854),(#2855,#2856,#2857,#2858,#2859,#2860,#2861,#2862,#2863,#2864,#2865,#2866,#2867,#2868,#2869,#2870,#2871,#2872,#2873,#2874,#2875,#2876,#2877,#2878,#2879),(#2880,#2881,#2882,#2883,#2884,#2885,#2886,#2887,#2888,#2889,#2890,#2891,#2892,#2893,#2894,#2895,#2896,#2897,#2898,#2899,#2900,#2901,#2902,#2903,#2904),(#2905,#2906,#2907,#2908,#2909,#2910,#2911,#2912,#2913,#2914,#2915,#2916,#2917,#2918,#2919,#2920,#2921,#2922,#2923,#2924,#2925,#2926,#2927,#2928,#2929),(#2930,#2931,#2932,#2933,#2934,#2935,#2936,#2937,#2938,#2939,#2940,#2941,#2942,#2943,#2944,#2945,#2946,#2947,#2948,#2949,#2950,#2951,#2952,#2953,#2954),(#2955,#2956,#2957,#2958,#2959,#2960,#2961,#2962,#2963,#2964,#2965,#2966,#2967,#2968,#2969,#2970,#2971,#2972,#2973,#2974,#2975,#2976,#2977,#2978,#2979)),.UNSPECIFIED.,.T.,.T.,.U.)
B_SPLINE_SURFACE_WITH_KNOTS((4,3,3,3,3,3,3,3,4),(4,3,3,3,3,3,3,3,4),(-3.141592654,-3.141556213,-1.570796327,-1.570752598,0.,0.000036441,1.570796327,1.570840056,3.141592654),(0.,0.000004187,1.570796327,1.570800514,3.141592654,3.141596841,4.71238898,4.712393168,6.283185307),.UNSPECIFIED.)
GEOMETRIC_REPRESENTATION_ITEM()
RATIONAL_B_SPLINE_SURFACE(((1.,0.999999479,0.999998959,0.999998438,0.804737854,0.804738375,1.,0.999999479,0.999998959,0.999998438,0.804737854,0.804738375,1.,0.999999479,0.999998959,0.999998438,0.804737854,0.804738375,1.,0.999999479,0.999998959,0.999998438,0.804737854,0.804738375,1.),(0.99999547,0.99999495,0.999994429,0.999993909,0.804734209,0.804734729,0.99999547,0.99999495,0.999994429,0.999993909,0.804734209,0.804734729,0.99999547,0.99999495,0.999994429,0.999993909,0.804734209,0.804734729,0.99999547,0.99999495,0.999994429,0.999993909,0.804734209,0.804734729,0.99999547),(0.99999094,0.99999042,0.999989899,0.999989379,0.804730563,0.804731084,0.99999094,0.99999042,0.999989899,0.999989379,0.804730563,0.804731084,0.99999094,0.99999042,0.999989899,0.999989379,0.804730563,0.804731084,0.99999094,0.99999042,0.999989899,0.999989379,0.804730563,0.804731084,0.99999094),(0.999986411,0.99998589,0.99998537,0.999984849,0.804726918,0.804727439,0.999986411,0.99998589,0.99998537,0.999984849,0.804726918,0.804727439,0.999986411,0.99998589,0.99998537,0.999984849,0.804726918,0.804727439,0.999986411,0.99998589,0.99998537,0.999984849,0.804726918,0.804727439,0.999986411),(0.804737854,0.804737435,0.804737016,0.804736598,0.647603014,0.647603433,0.804737854,0.804737435,0.804737016,0.804736598,0.647603014,0.647603433,0.804737854,0.804737435,0.804737016,0.804736598,0.647603014,0.647603433,0.804737854,0.804737435,0.804737016,0.804736598,0.647603014,0.647603433,0.804737854),(0.804742384,0.804741965,0.804741546,0.804741127,0.647606659,0.647607078,0.804742384,0.804741965,0.804741546,0.804741127,0.647606659,0.647607078,0.804742384,0.804741965,0.804741546,0.804741127,0.647606659,0.647607078,0.804742384,0.804741965,0.804741546,0.804741127,0.647606659,0.647607078,0.804742384),(1.,0.999999479,0.999998959,0.999998438,0.804737854,0.804738375,1.,0.999999479,0.999998959,0.999998438,0.804737854,0.804738375,1.,0.999999479,0.999998959,0.999998438,0.804737854,0.804738375,1.,0.999999479,0.999998959,0.999998438,0.804737854,0.804738375,1.),(0.999994564,0.999994044,0.999993523,0.999993003,0.80473348,0.804734,0.999994564,0.999994044,0.999993523,0.999993003,0.80473348,0.804734,0.999994564,0.999994044,0.999993523,0.999993003,0.80473348,0.804734,0.999994564,0.999994044,0.999993523,0.999993003,0.80473348,0.804734,0.999994564),(0.999989128,0.999988608,0.999988087,0.999987567,0.804729105,0.804729626,0.999989128,0.999988608,0.999988087,0.999987567,0.804729105,0.804729626,0.999989128,0.999988608,0.999988087,0.999987567,0.804729105,0.804729626,0.999989128,0.999988608,0.999988087,0.999987567,0.804729105,0.804729626,0.999989128),(0.999983693,0.999983172,0.999982652,0.999982131,0.804724731,0.804725252,0.999983693,0.999983172,0.999982652,0.999982131,0.804724731,0.804725252,0.999983693,0.999983172,0.999982652,0.999982131,0.804724731,0.804725252,0.999983693,0.999983172,0.999982652,0.999982131,0.804724731,0.804725252,0.999983693),(0.804737854,0.804737435,0.804737017,0.804736598,0.647603014,0.647603433,0.804737854,0.804737435,0.804737017,0.804736598,0.647603014,0.647603433,0.804737854,0.804737435,0.804737017,0.804736598,0.647603014,0.647603433,0.804737854,0.804737435,0.804737017,0.804736598,0.647603014,0.647603433,0.804737854),(0.80474329,0.804742871,0.804742452,0.804742033,0.647607388,0.647607807,0.80474329,0.804742871,0.804742452,0.804742033,0.647607388,0.647607807,0.80474329,0.804742871,0.804742452,0.804742033,0.647607388,0.647607807,0.80474329,0.804742871,0.804742452,0.804742033,0.647607388,0.647607807,0.80474329),(1.,0.999999479,0.999998959,0.999998438,0.804737854,0.804738375,1.,0.999999479,0.999998959,0.999998438,0.804737854,0.804738375,1.,0.999999479,0.999998959,0.999998438,0.804737854,0.804738375,1.,0.999999479,0.999998959,0.999998438,0.804737854,0.804738375,1.),(0.99999547,0.99999495,0.999994429,0.999993909,0.804734209,0.804734729,0.99999547,0.99999495,0.999994429,0.999993909,0.804734209,0.804734729,0.99999547,0.99999495,0.999994429,0.999993909,0.804734209,0.804734729,0.99999547,0.99999495,0.999994429,0.999993909,0.804734209,0.804734729,0.99999547),(0.99999094,0.99999042,0.999989899,0.999989379,0.804730563,0.804731084,0.99999094,0.99999042,0.999989899,0.999989379,0.804730563,0.804731084,0.99999094,0.99999042,0.999989899,0.999989379,0.804730563,0.804731084,0.99999094,0.99999042,0.999989899,0.999989379,0.804730563,0.804731084,0.99999094),(0.999986411,0.99998589,0.99998537,0.999984849,0.804726918,0.804727439,0.999986411,0.99998589,0.99998537,0.999984849,0.804726918,0.804727439,0.999986411,0.99998589,0.99998537,0.999984849,0.804726918,0.804727439,0.999986411,0.99998589,0.99998537,0.999984849,0.804726918,0.804727439,0.999986411),(0.804737854,0.804737435,0.804737016,0.804736598,0.647603014,0.647603433,0.804737854,0.804737435,0.804737016,0.804736598,0.647603014,0.647603433,0.804737854,0.804737435,0.804737016,0.804736598,0.647603014,0.647603433,0.804737854,0.804737435,0.804737016,0.804736598,0.647603014,0.647603433,0.804737854),(0.804742384,0.804741965,0.804741546,0.804741127,0.647606659,0.647607078,0.804742384,0.804741965,0.804741546,0.804741127,0.647606659,0.647607078,0.804742384,0.804741965,0.804741546,0.804741127,0.647606659,0.647607078,0.804742384,0.804741965,0.804741546,0.804741127,0.647606659,0.647607078,0.804742384),(1.,0.999999479,0.999998959,0.999998438,0.804737854,0.804738375,1.,0.999999479,0.999998959,0.999998438,0.804737854,0.804738375,1.,0.999999479,0.999998959,0.999998438,0.804737854,0.804738375,1.,0.999999479,0.999998959,0.999998438,0.804737854,0.804738375,1.),(0.999994564,0.999994044,0.999993523,0.999993003,0.80473348,0.804734,0.999994564,0.999994044,0.999993523,0.999993003,0.80473348,0.804734,0.999994564,0.999994044,0.999993523,0.999993003,0.80473348,0.804734,0.999994564,0.999994044,0.999993523,0.999993003,0.80473348,0.804734,0.999994564),(0.999989128,0.999988608,0.999988087,0.999987567,0.804729105,0.804729626,0.999989128,0.999988608,0.999988087,0.999987567,0.804729105,0.804729626,0.999989128,0.999988608,0.999988087,0.999987567,0.804729105,0.804729626,0.999989128,0.999988608,0.999988087,0.999987567,0.804729105,0.804729626,0.999989128),(0.999983693,0.999983172,0.999982652,0.999982131,0.804724731,0.804725252,0.999983693,0.999983172,0.999982652,0.999982131,0.804724731,0.804725252,0.999983693,0.999983172,0.999982652,0.999982131,0.804724731,0.804725252,0.999983693,0.999983172,0.999982652,0.999982131,0.804724731,0.804725252,0.999983693),(0.804737854,0.804737435,0.804737017,0.804736598,0.647603014,0.647603433,0.804737854,0.804737435,0.804737017,0.804736598,0.647603014,0.647603433,0.804737854,0.804737435,0.804737017,0.804736598,0.647603014,0.647603433,0.804737854,0.804737435,0.804737017,0.804736598,0.647603014,0.647603433,0.804737854),(0.80474329,0.804742871,0.804742452,0.804742033,0.647607388,0.647607807,0.80474329,0.804742871,0.804742452,0.804742033,0.647607388,0.647607807,0.80474329,0.804742871,0.804742452,0.804742033,0.647607388,0.647607807,0.80474329,0.804742871,0.804742452,0.804742033,0.647607388,0.647607807,0.80474329),(1.,0.999999479,0.999998959,0.999998438,0.804737854,0.804738375,1.,0.999999479,0.999998959,0.999998438,0.804737854,0.804738375,1.,0.999999479,0.999998959,0.999998438,0.804737854,0.804738375,1.,0.999999479,0.999998959,0.999998438,0.804737854,0.804738375,1.)))
REPRESENTATION_ITEM('')
SURFACE()
);
#2981=OFFSET_SURFACE('',#2980,0.0085,.F.);
#2982=ORIENTED_EDGE('',*,*,#2027,.F.);
#2983=CARTESIAN_POINT('',(-90.192819465,-13.494960165,16.64641163));
#2984=VERTEX_POINT('',#2983);
#2985=CARTESIAN_POINT('',(-89.71789953,-12.571589282,16.818019011));
#2986=CARTESIAN_POINT('',(-89.822640261,-12.719319583,16.818019011));
#2987=CARTESIAN_POINT('',(-89.924444666,-12.869281605,16.811344245));
#2988=CARTESIAN_POINT('',(-90.017357148,-13.023491691,16.792271444));
#2989=CARTESIAN_POINT('',(-90.063813389,-13.100596734,16.782735044));
#2990=CARTESIAN_POINT('',(-90.108412008,-13.178921158,16.77026369));
#2991=CARTESIAN_POINT('',(-90.145612133,-13.258955567,16.750617151));
#2992=CARTESIAN_POINT('',(-90.164212196,-13.298972772,16.740793882));
#2993=CARTESIAN_POINT('',(-90.181181305,-13.339654575,16.729188327));
#2994=CARTESIAN_POINT('',(-90.192551815,-13.380506788,16.713326793));
#2995=CARTESIAN_POINT('',(-90.19823707,-13.400932894,16.705396026));
#2996=CARTESIAN_POINT('',(-90.202499865,-13.421586108,16.696275521));
#2997=CARTESIAN_POINT('',(-90.203476524,-13.441199613,16.685435101));
#2998=CARTESIAN_POINT('',(-90.204453183,-13.460813119,16.674594681));
#2999=CARTESIAN_POINT('',(-90.202007731,-13.480158942,16.661478798));
#3000=CARTESIAN_POINT('',(-90.192819465,-13.494960165,16.64641163));
#3001=B_SPLINE_CURVE_WITH_KNOTS('',3,(#2985,#2986,#2987,#2988,#2989,#2990,#2991,#2992,#2993,#2994,#2995,#2996,#2997,#2998,#2999,#3000),.UNSPECIFIED.,.F.,.F.,(4,3,3,3,3,4),(0.,0.000542956,0.000814434,0.000950173,0.001018043,0.001085912),.UNSPECIFIED.);
#3002=EDGE_CURVE('',#1973,#2984,#3001,.T.);
#3003=ORIENTED_EDGE('',*,*,#3002,.T.);
#3004=CARTESIAN_POINT('',(-90.192817805,-13.494966437,16.646406868));
#3005=CARTESIAN_POINT('',(-89.577408696,-12.964781302,16.499813097));
#3006=CARTESIAN_POINT('',(-88.961669365,-12.451416439,16.341770286));
#3007=CARTESIAN_POINT('',(-88.345078416,-11.955242037,16.221968762));
#3008=CARTESIAN_POINT('',(-87.728487467,-11.459067636,16.102167238));
#3009=CARTESIAN_POINT('',(-87.113792839,-10.981586978,16.018014865));
#3010=CARTESIAN_POINT('',(-86.490485429,-10.525728112,16.018019011));
#3011=B_SPLINE_CURVE_WITH_KNOTS('',3,(#3004,#3005,#3006,#3007,#3008,#3009,#3010),.UNSPECIFIED.,.F.,.F.,(4,3,4),(-0.000000058,0.002473413,0.004946883),.UNSPECIFIED.);
#3012=EDGE_CURVE('',#2984,#104,#3011,.T.);
#3013=ORIENTED_EDGE('',*,*,#3012,.T.);
#3014=ORIENTED_EDGE('',*,*,#123,.F.);
#3015=CARTESIAN_POINT('',(-89.166906467,12.674995749,16.654397105));
#3016=VERTEX_POINT('',#3015);
#3017=CARTESIAN_POINT('',(-85.97657274,10.067336109,16.018019011));
#3018=CARTESIAN_POINT('',(-86.520015907,10.46890207,16.018016248));
#3019=CARTESIAN_POINT('',(-87.052236334,10.888664287,16.094080451));
#3020=CARTESIAN_POINT('',(-87.58335448,11.324546658,16.210307794));
#3021=CARTESIAN_POINT('',(-87.848913554,11.542487843,16.268421465));
#3022=CARTESIAN_POINT('',(-88.114399713,11.764857688,16.337171664));
#3023=CARTESIAN_POINT('',(-88.37838857,11.990067804,16.412515477));
#3024=CARTESIAN_POINT('',(-88.642377428,12.21527792,16.487859289));
#3025=CARTESIAN_POINT('',(-88.904988396,12.443419306,16.569837022));
#3026=CARTESIAN_POINT('',(-89.166906485,12.674996157,16.65439691));
#3027=B_SPLINE_CURVE_WITH_KNOTS('',3,(#3017,#3018,#3019,#3020,#3021,#3022,#3023,#3024,#3025,#3026),.UNSPECIFIED.,.F.,.F.,(4,3,3,4),(-0.000000038,0.002184076,0.003276132,0.004368189),.UNSPECIFIED.);
#3028=EDGE_CURVE('',#102,#3016,#3027,.T.);
#3029=ORIENTED_EDGE('',*,*,#3028,.T.);
#3030=CARTESIAN_POINT('',(-89.166906467,12.674995749,16.654397105));
#3031=CARTESIAN_POINT('',(-89.18150944,12.64978854,16.678644073));
#3032=CARTESIAN_POINT('',(-89.183030858,12.616165577,16.69794305));
#3033=CARTESIAN_POINT('',(-89.179389671,12.582371678,16.713292002));
#3034=CARTESIAN_POINT('',(-89.175748485,12.548577779,16.728640954));
#3035=CARTESIAN_POINT('',(-89.166997283,12.513978724,16.740461671));
#3036=CARTESIAN_POINT('',(-89.156389287,12.480028973,16.750346934));
#3037=CARTESIAN_POINT('',(-89.135173293,12.412129472,16.770117461));
#3038=CARTESIAN_POINT('',(-89.105843595,12.344444546,16.782907878));
#3039=CARTESIAN_POINT('',(-89.074329512,12.278293785,16.792484037));
#3040=CARTESIAN_POINT('',(-89.011301346,12.145992262,16.811636357));
#3041=CARTESIAN_POINT('',(-88.938245234,12.017953501,16.818019011));
#3042=CARTESIAN_POINT('',(-88.861262829,11.891466778,16.818019011));
#3043=B_SPLINE_CURVE_WITH_KNOTS('',3,(#3030,#3031,#3032,#3033,#3034,#3035,#3036,#3037,#3038,#3039,#3040,#3041,#3042),.UNSPECIFIED.,.F.,.F.,(4,3,3,3,4),(0.,0.000111662,0.000223323,0.000446646,0.000893293),.UNSPECIFIED.);
#3044=EDGE_CURVE('',#3016,#1982,#3043,.T.);
#3045=ORIENTED_EDGE('',*,*,#3044,.T.);
#3046=EDGE_LOOP('',(#2982,#3003,#3013,#3014,#3029,#3045));
#3047=FACE_BOUND('',#3046,.T.);
#3048=ADVANCED_FACE('',(#3047),#2981,.T.);
#3049=CARTESIAN_POINT('',(-40.385929868,7.52,11.81808766));
#3050=DIRECTION('',(0.937038395,0.,0.349226354));
#3051=DIRECTION('',(0.349226354,0.,-0.937038395));
#3052=AXIS2_PLACEMENT_3D('',#3049,#3050,#3051);
#3053=PLANE('',#3052);
#3054=ORIENTED_EDGE('',*,*,#1674,.F.);
#3055=CARTESIAN_POINT('',(-40.110351518,7.52,11.078660376));
#3056=VERTEX_POINT('',#3055);
#3057=CARTESIAN_POINT('',(-40.110351518,7.52,11.078660376));
#3058=DIRECTION('',(0.,-1.,0.));
#3059=VECTOR('',#3058,0.4);
#3060=LINE('',#3057,#3059);
#3061=EDGE_CURVE('',#3056,#1667,#3060,.T.);
#3062=ORIENTED_EDGE('',*,*,#3061,.F.);
#3063=CARTESIAN_POINT('',(-40.661508217,7.52,12.557514943));
#3064=VERTEX_POINT('',#3063);
#3065=CARTESIAN_POINT('',(-40.110351518,7.52,11.078660376));
#3066=DIRECTION('',(-0.349226354,-0.,0.937038395));
#3067=VECTOR('',#3066,1.578221954);
#3068=LINE('',#3065,#3067);
#3069=EDGE_CURVE('',#3056,#3064,#3068,.T.);
#3070=ORIENTED_EDGE('',*,*,#3069,.T.);
#3071=CARTESIAN_POINT('',(-40.661508217,7.52,12.557514943));
#3072=DIRECTION('',(0.,-1.,0.));
#3073=VECTOR('',#3072,0.4);
#3074=LINE('',#3071,#3073);
#3075=EDGE_CURVE('',#3064,#1669,#3074,.T.);
#3076=ORIENTED_EDGE('',*,*,#3075,.T.);
#3077=EDGE_LOOP('',(#3054,#3062,#3070,#3076));
#3078=FACE_BOUND('',#3077,.T.);
#3079=ADVANCED_FACE('',(#3078),#3053,.T.);
#3080=CARTESIAN_POINT('',(-40.028495762,7.52,10.83309312));
#3081=CARTESIAN_POINT('',(-40.028495762,7.12,10.83309312));
#3082=CARTESIAN_POINT('',(-40.053961833,7.52,10.914948872));
#3083=CARTESIAN_POINT('',(-40.053961833,7.12,10.914948872));
#3084=CARTESIAN_POINT('',(-40.081245843,7.52,10.996804624));
#3085=CARTESIAN_POINT('',(-40.081245843,7.12,10.996804624));
#3086=CARTESIAN_POINT('',(-40.110351518,7.52,11.078660376));
#3087=CARTESIAN_POINT('',(-40.110351518,7.12,11.078660376));
#3088=B_SPLINE_SURFACE_WITH_KNOTS('',3,1,((#3080,#3081),(#3082,#3083),(#3084,#3085),(#3086,#3087)),.UNSPECIFIED.,.F.,.F.,.U.,(4,4),(2,2),(0.000000631,1.),(0.,1.),.UNSPECIFIED.);
#3089=ORIENTED_EDGE('',*,*,#1746,.F.);
#3090=CARTESIAN_POINT('',(-40.028495714,7.52,10.833092965));
#3091=VERTEX_POINT('',#3090);
#3092=CARTESIAN_POINT('',(-40.028495714,7.52,10.833092965));
#3093=DIRECTION('',(0.,-1.,0.));
#3094=VECTOR('',#3093,0.4);
#3095=LINE('',#3092,#3094);
#3096=EDGE_CURVE('',#3091,#1733,#3095,.T.);
#3097=ORIENTED_EDGE('',*,*,#3096,.F.);
#3098=CARTESIAN_POINT('',(-40.028495714,7.52,10.833092965));
#3099=CARTESIAN_POINT('',(-40.053961799,7.52,10.914948769));
#3100=CARTESIAN_POINT('',(-40.081245825,7.52,10.996804573));
#3101=CARTESIAN_POINT('',(-40.110351518,7.52,11.078660376));
#3102=B_SPLINE_CURVE_WITH_KNOTS('',3,(#3098,#3099,#3100,#3101),.UNSPECIFIED.,.F.,.F.,(4,4),(0.,1.),.UNSPECIFIED.);
#3103=EDGE_CURVE('',#3091,#3056,#3102,.T.);
#3104=ORIENTED_EDGE('',*,*,#3103,.T.);
#3105=ORIENTED_EDGE('',*,*,#3061,.T.);
#3106=EDGE_LOOP('',(#3089,#3097,#3104,#3105));
#3107=FACE_BOUND('',#3106,.T.);
#3108=ADVANCED_FACE('',(#3107),#3088,.T.);
#3109=CARTESIAN_POINT('',(-39.949366823,7.52,10.584798642));
#3110=CARTESIAN_POINT('',(-39.949366823,7.12,10.584798642));
#3111=CARTESIAN_POINT('',(-39.991205558,7.52,10.710311122));
#3112=CARTESIAN_POINT('',(-39.991205558,7.12,10.710311122));
#3113=CARTESIAN_POINT('',(-40.017580613,7.52,10.793075897));
#3114=CARTESIAN_POINT('',(-40.017580613,7.12,10.793075897));
#3115=CARTESIAN_POINT('',(-40.028495714,7.52,10.833092965));
#3116=CARTESIAN_POINT('',(-40.028495714,7.12,10.833092965));
#3117=B_SPLINE_SURFACE_WITH_KNOTS('',3,1,((#3109,#3110),(#3111,#3112),(#3113,#3114),(#3115,#3116)),.UNSPECIFIED.,.F.,.F.,.U.,(4,4),(2,2),(0.,1.),(0.,1.),.UNSPECIFIED.);
#3118=ORIENTED_EDGE('',*,*,#1739,.F.);
#3119=CARTESIAN_POINT('',(-39.949366823,7.52,10.584798642));
#3120=VERTEX_POINT('',#3119);
#3121=CARTESIAN_POINT('',(-39.949366823,7.52,10.584798642));
#3122=DIRECTION('',(0.,-1.,0.));
#3123=VECTOR('',#3122,0.4);
#3124=LINE('',#3121,#3123);
#3125=EDGE_CURVE('',#3120,#1725,#3124,.T.);
#3126=ORIENTED_EDGE('',*,*,#3125,.F.);
#3127=CARTESIAN_POINT('',(-39.949366823,7.52,10.584798642));
#3128=CARTESIAN_POINT('',(-39.991205558,7.52,10.710311122));
#3129=CARTESIAN_POINT('',(-40.017580613,7.52,10.793075897));
#3130=CARTESIAN_POINT('',(-40.028495714,7.52,10.833092965));
#3131=B_SPLINE_CURVE_WITH_KNOTS('',3,(#3127,#3128,#3129,#3130),.UNSPECIFIED.,.F.,.F.,(4,4),(0.,1.),.UNSPECIFIED.);
#3132=EDGE_CURVE('',#3120,#3091,#3131,.T.);
#3133=ORIENTED_EDGE('',*,*,#3132,.T.);
#3134=ORIENTED_EDGE('',*,*,#3096,.T.);
#3135=EDGE_LOOP('',(#3118,#3126,#3133,#3134));
#3136=FACE_BOUND('',#3135,.T.);
#3137=ADVANCED_FACE('',(#3136),#3117,.T.);
#3138=CARTESIAN_POINT('',(-39.870239794,7.52,10.831729509));
#3139=DIRECTION('',(-0.95230188,-0.,0.305157548));
#3140=DIRECTION('',(0.305157548,0.,0.95230188));
#3141=AXIS2_PLACEMENT_3D('',#3138,#3139,#3140);
#3142=PLANE('',#3141);
#3143=ORIENTED_EDGE('',*,*,#1730,.F.);
#3144=CARTESIAN_POINT('',(-39.791112766,7.52,11.078660376));
#3145=VERTEX_POINT('',#3144);
#3146=CARTESIAN_POINT('',(-39.791112766,7.52,11.078660376));
#3147=DIRECTION('',(0.,-1.,0.));
#3148=VECTOR('',#3147,0.4);
#3149=LINE('',#3146,#3148);
#3150=EDGE_CURVE('',#3145,#1717,#3149,.T.);
#3151=ORIENTED_EDGE('',*,*,#3150,.F.);
#3152=CARTESIAN_POINT('',(-39.791112766,7.52,11.078660376));
#3153=DIRECTION('',(-0.305157548,-0.,-0.95230188));
#3154=VECTOR('',#3153,0.518597879);
#3155=LINE('',#3152,#3154);
#3156=EDGE_CURVE('',#3145,#3120,#3155,.T.);
#3157=ORIENTED_EDGE('',*,*,#3156,.T.);
#3158=ORIENTED_EDGE('',*,*,#3125,.T.);
#3159=EDGE_LOOP('',(#3143,#3151,#3157,#3158));
#3160=FACE_BOUND('',#3159,.T.);
#3161=ADVANCED_FACE('',(#3160),#3142,.T.);
#3162=CARTESIAN_POINT('',(-39.518261328,7.52,11.81808766));
#3163=DIRECTION('',(-0.938165661,-0.,0.346186643));
#3164=DIRECTION('',(0.346186643,0.,0.938165661));
#3165=AXIS2_PLACEMENT_3D('',#3162,#3163,#3164);
#3166=PLANE('',#3165);
#3167=ORIENTED_EDGE('',*,*,#1722,.F.);
#3168=CARTESIAN_POINT('',(-39.245409891,7.52,12.557514943));
#3169=VERTEX_POINT('',#3168);
#3170=CARTESIAN_POINT('',(-39.245409891,7.52,12.557514943));
#3171=DIRECTION('',(0.,-1.,0.));
#3172=VECTOR('',#3171,0.4);
#3173=LINE('',#3170,#3172);
#3174=EDGE_CURVE('',#3169,#1709,#3173,.T.);
#3175=ORIENTED_EDGE('',*,*,#3174,.F.);
#3176=CARTESIAN_POINT('',(-39.245409891,7.52,12.557514943));
#3177=DIRECTION('',(-0.346186643,-0.,-0.938165661));
#3178=VECTOR('',#3177,1.576325619);
#3179=LINE('',#3176,#3178);
#3180=EDGE_CURVE('',#3169,#3145,#3179,.T.);
#3181=ORIENTED_EDGE('',*,*,#3180,.T.);
#3182=ORIENTED_EDGE('',*,*,#3150,.T.);
#3183=EDGE_LOOP('',(#3167,#3175,#3181,#3182));
#3184=FACE_BOUND('',#3183,.T.);
#3185=ADVANCED_FACE('',(#3184),#3166,.T.);
#3186=CARTESIAN_POINT('',(-38.842955604,7.52,12.557514943));
#3187=DIRECTION('',(0.,0.,1.));
#3188=DIRECTION('',(0.,-1.,0.));
#3189=AXIS2_PLACEMENT_3D('',#3186,#3187,#3188);
#3190=PLANE('',#3189);
#3191=ORIENTED_EDGE('',*,*,#1714,.F.);
#3192=CARTESIAN_POINT('',(-38.440501317,7.52,12.557514943));
#3193=VERTEX_POINT('',#3192);
#3194=CARTESIAN_POINT('',(-38.440501317,7.52,12.557514943));
#3195=DIRECTION('',(0.,-1.,0.));
#3196=VECTOR('',#3195,0.4);
#3197=LINE('',#3194,#3196);
#3198=EDGE_CURVE('',#3193,#1701,#3197,.T.);
#3199=ORIENTED_EDGE('',*,*,#3198,.F.);
#3200=CARTESIAN_POINT('',(-38.440501317,7.52,12.557514943));
#3201=DIRECTION('',(-1.,-0.,0.));
#3202=VECTOR('',#3201,0.804908574);
#3203=LINE('',#3200,#3202);
#3204=EDGE_CURVE('',#3193,#3169,#3203,.T.);
#3205=ORIENTED_EDGE('',*,*,#3204,.T.);
#3206=ORIENTED_EDGE('',*,*,#3174,.T.);
#3207=EDGE_LOOP('',(#3191,#3199,#3205,#3206));
#3208=FACE_BOUND('',#3207,.T.);
#3209=ADVANCED_FACE('',(#3208),#3190,.T.);
#3210=CARTESIAN_POINT('',(-39.024403319,7.52,11.108674109));
#3211=DIRECTION('',(0.927509846,0.,-0.373798724));
#3212=DIRECTION('',(-0.373798724,-0.,-0.927509846));
#3213=AXIS2_PLACEMENT_3D('',#3210,#3211,#3212);
#3214=PLANE('',#3213);
#3215=ORIENTED_EDGE('',*,*,#1706,.F.);
#3216=CARTESIAN_POINT('',(-39.60830532,7.52,9.659833275));
#3217=VERTEX_POINT('',#3216);
#3218=CARTESIAN_POINT('',(-39.60830532,7.52,9.659833275));
#3219=DIRECTION('',(0.,-1.,0.));
#3220=VECTOR('',#3219,0.4);
#3221=LINE('',#3218,#3220);
#3222=EDGE_CURVE('',#3217,#1693,#3221,.T.);
#3223=ORIENTED_EDGE('',*,*,#3222,.F.);
#3224=CARTESIAN_POINT('',(-39.60830532,7.52,9.659833275));
#3225=DIRECTION('',(0.373798724,0.,0.927509846));
#3226=VECTOR('',#3225,3.124151923);
#3227=LINE('',#3224,#3226);
#3228=EDGE_CURVE('',#3217,#3193,#3227,.T.);
#3229=ORIENTED_EDGE('',*,*,#3228,.T.);
#3230=ORIENTED_EDGE('',*,*,#3198,.T.);
#3231=EDGE_LOOP('',(#3215,#3223,#3229,#3230));
#3232=FACE_BOUND('',#3231,.T.);
#3233=ADVANCED_FACE('',(#3232),#3214,.T.);
#3234=CARTESIAN_POINT('',(-39.953460917,7.52,9.659833275));
#3235=DIRECTION('',(0.,-0.,-1.));
#3236=DIRECTION('',(0.,1.,-0.));
#3237=AXIS2_PLACEMENT_3D('',#3234,#3235,#3236);
#3238=PLANE('',#3237);
#3239=ORIENTED_EDGE('',*,*,#1698,.F.);
#3240=CARTESIAN_POINT('',(-40.298616514,7.52,9.659833275));
#3241=VERTEX_POINT('',#3240);
#3242=CARTESIAN_POINT('',(-40.298616514,7.52,9.659833275));
#3243=DIRECTION('',(0.,-1.,0.));
#3244=VECTOR('',#3243,0.4);
#3245=LINE('',#3242,#3244);
#3246=EDGE_CURVE('',#3241,#1685,#3245,.T.);
#3247=ORIENTED_EDGE('',*,*,#3246,.F.);
#3248=CARTESIAN_POINT('',(-40.298616514,7.52,9.659833275));
#3249=DIRECTION('',(1.,0.,-0.));
#3250=VECTOR('',#3249,0.690311193);
#3251=LINE('',#3248,#3250);
#3252=EDGE_CURVE('',#3241,#3217,#3251,.T.);
#3253=ORIENTED_EDGE('',*,*,#3252,.T.);
#3254=ORIENTED_EDGE('',*,*,#3222,.T.);
#3255=EDGE_LOOP('',(#3239,#3247,#3253,#3254));
#3256=FACE_BOUND('',#3255,.T.);
#3257=ADVANCED_FACE('',(#3256),#3238,.T.);
#3258=CARTESIAN_POINT('',(-40.874334052,7.52,11.108674109));
#3259=DIRECTION('',(-0.929318931,-0.,-0.369278112));
#3260=DIRECTION('',(-0.369278112,0.,0.929318931));
#3261=AXIS2_PLACEMENT_3D('',#3258,#3259,#3260);
#3262=PLANE('',#3261);
#3263=ORIENTED_EDGE('',*,*,#1690,.F.);
#3264=CARTESIAN_POINT('',(-41.450051591,7.52,12.557514943));
#3265=VERTEX_POINT('',#3264);
#3266=CARTESIAN_POINT('',(-41.450051591,7.52,12.557514943));
#3267=DIRECTION('',(0.,-1.,0.));
#3268=VECTOR('',#3267,0.4);
#3269=LINE('',#3266,#3268);
#3270=EDGE_CURVE('',#3265,#1677,#3269,.T.);
#3271=ORIENTED_EDGE('',*,*,#3270,.F.);
#3272=CARTESIAN_POINT('',(-41.450051591,7.52,12.557514943));
#3273=DIRECTION('',(0.369278112,0.,-0.929318931));
#3274=VECTOR('',#3273,3.118070203);
#3275=LINE('',#3272,#3274);
#3276=EDGE_CURVE('',#3265,#3241,#3275,.T.);
#3277=ORIENTED_EDGE('',*,*,#3276,.T.);
#3278=ORIENTED_EDGE('',*,*,#3246,.T.);
#3279=EDGE_LOOP('',(#3263,#3271,#3277,#3278));
#3280=FACE_BOUND('',#3279,.T.);
#3281=ADVANCED_FACE('',(#3280),#3262,.T.);
#3282=CARTESIAN_POINT('',(-41.055779904,7.52,12.557514943));
#3283=DIRECTION('',(0.,0.,1.));
#3284=DIRECTION('',(0.,-1.,0.));
#3285=AXIS2_PLACEMENT_3D('',#3282,#3283,#3284);
#3286=PLANE('',#3285);
#3287=ORIENTED_EDGE('',*,*,#1682,.F.);
#3288=ORIENTED_EDGE('',*,*,#3075,.F.);
#3289=CARTESIAN_POINT('',(-40.661508217,7.52,12.557514943));
#3290=DIRECTION('',(-1.,-0.,0.));
#3291=VECTOR('',#3290,0.788543373);
#3292=LINE('',#3289,#3291);
#3293=EDGE_CURVE('',#3064,#3265,#3292,.T.);
#3294=ORIENTED_EDGE('',*,*,#3293,.T.);
#3295=ORIENTED_EDGE('',*,*,#3270,.T.);
#3296=EDGE_LOOP('',(#3287,#3288,#3294,#3295));
#3297=FACE_BOUND('',#3296,.T.);
#3298=ADVANCED_FACE('',(#3297),#3286,.T.);
#3299=CARTESIAN_POINT('',(-0.,7.52,-0.));
#3300=DIRECTION('',(-0.,1.,-0.));
#3301=DIRECTION('',(-1.,-0.,0.));
#3302=AXIS2_PLACEMENT_3D('',#3299,#3300,#3301);
#3303=PLANE('',#3302);
#3304=ORIENTED_EDGE('',*,*,#3069,.F.);
#3305=ORIENTED_EDGE('',*,*,#3103,.F.);
#3306=ORIENTED_EDGE('',*,*,#3132,.F.);
#3307=ORIENTED_EDGE('',*,*,#3156,.F.);
#3308=ORIENTED_EDGE('',*,*,#3180,.F.);
#3309=ORIENTED_EDGE('',*,*,#3204,.F.);
#3310=ORIENTED_EDGE('',*,*,#3228,.F.);
#3311=ORIENTED_EDGE('',*,*,#3252,.F.);
#3312=ORIENTED_EDGE('',*,*,#3276,.F.);
#3313=ORIENTED_EDGE('',*,*,#3293,.F.);
#3314=EDGE_LOOP('',(#3304,#3305,#3306,#3307,#3308,#3309,#3310,#3311,#3312,#3313));
#3315=FACE_BOUND('',#3314,.T.);
#3316=ADVANCED_FACE('',(#3315),#3303,.T.);
#3317=CARTESIAN_POINT('',(-43.717445806,7.52,11.668018997));
#3318=DIRECTION('',(-1.,-0.,-0.));
#3319=DIRECTION('',(0.,-1.,0.));
#3320=AXIS2_PLACEMENT_3D('',#3317,#3318,#3319);
#3321=PLANE('',#3320);
#3322=ORIENTED_EDGE('',*,*,#1611,.F.);
#3323=CARTESIAN_POINT('',(-43.717445806,7.52,13.676204719));
#3324=VERTEX_POINT('',#3323);
#3325=CARTESIAN_POINT('',(-43.717445806,7.52,13.676204719));
#3326=DIRECTION('',(0.,-1.,0.));
#3327=VECTOR('',#3326,0.4);
#3328=LINE('',#3325,#3327);
#3329=EDGE_CURVE('',#3324,#1604,#3328,.T.);
#3330=ORIENTED_EDGE('',*,*,#3329,.F.);
#3331=CARTESIAN_POINT('',(-43.717445806,7.52,9.659833275));
#3332=VERTEX_POINT('',#3331);
#3333=CARTESIAN_POINT('',(-43.717445806,7.52,13.676204719));
#3334=DIRECTION('',(0.,-0.,-1.));
#3335=VECTOR('',#3334,4.016371444);
#3336=LINE('',#3333,#3335);
#3337=EDGE_CURVE('',#3324,#3332,#3336,.T.);
#3338=ORIENTED_EDGE('',*,*,#3337,.T.);
#3339=CARTESIAN_POINT('',(-43.717445806,7.52,9.659833275));
#3340=DIRECTION('',(0.,-1.,0.));
#3341=VECTOR('',#3340,0.4);
#3342=LINE('',#3339,#3341);
#3343=EDGE_CURVE('',#3332,#1606,#3342,.T.);
#3344=ORIENTED_EDGE('',*,*,#3343,.T.);
#3345=EDGE_LOOP('',(#3322,#3330,#3338,#3344));
#3346=FACE_BOUND('',#3345,.T.);
#3347=ADVANCED_FACE('',(#3346),#3321,.T.);
#3348=CARTESIAN_POINT('',(-43.406395242,7.52,13.676204719));
#3349=DIRECTION('',(0.,0.,1.));
#3350=DIRECTION('',(0.,-1.,0.));
#3351=AXIS2_PLACEMENT_3D('',#3348,#3349,#3350);
#3352=PLANE('',#3351);
#3353=ORIENTED_EDGE('',*,*,#1662,.F.);
#3354=CARTESIAN_POINT('',(-43.095344678,7.52,13.676204719));
#3355=VERTEX_POINT('',#3354);
#3356=CARTESIAN_POINT('',(-43.095344678,7.52,13.676204719));
#3357=DIRECTION('',(0.,-1.,0.));
#3358=VECTOR('',#3357,0.4);
#3359=LINE('',#3356,#3358);
#3360=EDGE_CURVE('',#3355,#1647,#3359,.T.);
#3361=ORIENTED_EDGE('',*,*,#3360,.F.);
#3362=CARTESIAN_POINT('',(-43.095344678,7.52,13.676204719));
#3363=DIRECTION('',(-1.,-0.,0.));
#3364=VECTOR('',#3363,0.622101128);
#3365=LINE('',#3362,#3364);
#3366=EDGE_CURVE('',#3355,#3324,#3365,.T.);
#3367=ORIENTED_EDGE('',*,*,#3366,.T.);
#3368=ORIENTED_EDGE('',*,*,#3329,.T.);
#3369=EDGE_LOOP('',(#3353,#3361,#3367,#3368));
#3370=FACE_BOUND('',#3369,.T.);
#3371=ADVANCED_FACE('',(#3370),#3352,.T.);
#3372=CARTESIAN_POINT('',(-41.960282251,7.52,12.663925998));
#3373=CARTESIAN_POINT('',(-41.960282251,7.12,12.663925998));
#3374=CARTESIAN_POINT('',(-42.160371318,7.52,12.729411013));
#3375=CARTESIAN_POINT('',(-42.160371318,7.12,12.729411013));
#3376=CARTESIAN_POINT('',(-42.377745733,7.52,12.853558175));
#3377=CARTESIAN_POINT('',(-42.377745733,7.12,12.853558175));
#3378=CARTESIAN_POINT('',(-42.612398043,7.52,13.036367483));
#3379=CARTESIAN_POINT('',(-42.612398043,7.12,13.036367483));
#3380=CARTESIAN_POINT('',(-42.847050354,7.52,13.219178654));
#3381=CARTESIAN_POINT('',(-42.847050354,7.12,13.219178654));
#3382=CARTESIAN_POINT('',(-43.008031324,7.52,13.432457112));
#3383=CARTESIAN_POINT('',(-43.008031324,7.12,13.432457112));
#3384=CARTESIAN_POINT('',(-43.095344678,7.52,13.676204719));
#3385=CARTESIAN_POINT('',(-43.095344678,7.12,13.676204719));
#3386=B_SPLINE_SURFACE_WITH_KNOTS('',3,1,((#3372,#3373),(#3374,#3375),(#3376,#3377),(#3378,#3379),(#3380,#3381),(#3382,#3383),(#3384,#3385)),.UNSPECIFIED.,.F.,.F.,.U.,(4,3,4),(2,2),(0.,0.499999038,1.),(0.,1.),.UNSPECIFIED.);
#3387=ORIENTED_EDGE('',*,*,#1656,.F.);
#3388=CARTESIAN_POINT('',(-41.960282251,7.52,12.663925998));
#3389=VERTEX_POINT('',#3388);
#3390=CARTESIAN_POINT('',(-41.960282251,7.52,12.663925998));
#3391=DIRECTION('',(0.,-1.,0.));
#3392=VECTOR('',#3391,0.4);
#3393=LINE('',#3390,#3392);
#3394=EDGE_CURVE('',#3389,#1639,#3393,.T.);
#3395=ORIENTED_EDGE('',*,*,#3394,.F.);
#3396=CARTESIAN_POINT('',(-41.960282251,7.52,12.663925998));
#3397=CARTESIAN_POINT('',(-42.160371318,7.52,12.729411013));
#3398=CARTESIAN_POINT('',(-42.377745733,7.52,12.853558175));
#3399=CARTESIAN_POINT('',(-42.612398043,7.52,13.036367483));
#3400=CARTESIAN_POINT('',(-42.847050354,7.52,13.219178654));
#3401=CARTESIAN_POINT('',(-43.008031324,7.52,13.432457112));
#3402=CARTESIAN_POINT('',(-43.095344678,7.52,13.676204719));
#3403=B_SPLINE_CURVE_WITH_KNOTS('',3,(#3396,#3397,#3398,#3399,#3400,#3401,#3402),.UNSPECIFIED.,.F.,.F.,(4,3,4),(0.,0.499999038,1.),.UNSPECIFIED.);
#3404=EDGE_CURVE('',#3389,#3355,#3403,.T.);
#3405=ORIENTED_EDGE('',*,*,#3404,.T.);
#3406=ORIENTED_EDGE('',*,*,#3360,.T.);
#3407=EDGE_LOOP('',(#3387,#3395,#3405,#3406));
#3408=FACE_BOUND('',#3407,.T.);
#3409=ADVANCED_FACE('',(#3408),#3386,.T.);
#3410=CARTESIAN_POINT('',(-41.960282251,7.52,12.316040695));
#3411=DIRECTION('',(1.,0.,0.));
#3412=DIRECTION('',(-0.,1.,0.));
#3413=AXIS2_PLACEMENT_3D('',#3410,#3411,#3412);
#3414=PLANE('',#3413);
#3415=ORIENTED_EDGE('',*,*,#1644,.F.);
#3416=CARTESIAN_POINT('',(-41.960282251,7.52,11.968155392));
#3417=VERTEX_POINT('',#3416);
#3418=CARTESIAN_POINT('',(-41.960282251,7.52,11.968155392));
#3419=DIRECTION('',(0.,-1.,0.));
#3420=VECTOR('',#3419,0.4);
#3421=LINE('',#3418,#3420);
#3422=EDGE_CURVE('',#3417,#1630,#3421,.T.);
#3423=ORIENTED_EDGE('',*,*,#3422,.F.);
#3424=CARTESIAN_POINT('',(-41.960282251,7.52,11.968155392));
#3425=DIRECTION('',(-0.,0.,1.));
#3426=VECTOR('',#3425,0.695770606);
#3427=LINE('',#3424,#3426);
#3428=EDGE_CURVE('',#3417,#3389,#3427,.T.);
#3429=ORIENTED_EDGE('',*,*,#3428,.T.);
#3430=ORIENTED_EDGE('',*,*,#3394,.T.);
#3431=EDGE_LOOP('',(#3415,#3423,#3429,#3430));
#3432=FACE_BOUND('',#3431,.T.);
#3433=ADVANCED_FACE('',(#3432),#3414,.T.);
#3434=CARTESIAN_POINT('',(-42.950732633,7.52,12.549328618));
#3435=CARTESIAN_POINT('',(-42.950732633,7.12,12.549328618));
#3436=CARTESIAN_POINT('',(-42.670605704,7.52,12.287390418));
#3437=CARTESIAN_POINT('',(-42.670605704,7.12,12.287390418));
#3438=CARTESIAN_POINT('',(-42.340455577,7.52,12.09366601));
#3439=CARTESIAN_POINT('',(-42.340455577,7.12,12.09366601));
#3440=CARTESIAN_POINT('',(-41.960282251,7.52,11.968155392));
#3441=CARTESIAN_POINT('',(-41.960282251,7.12,11.968155392));
#3442=B_SPLINE_SURFACE_WITH_KNOTS('',3,1,((#3434,#3435),(#3436,#3437),(#3438,#3439),(#3440,#3441)),.UNSPECIFIED.,.F.,.F.,.U.,(4,4),(2,2),(0.,1.),(0.,1.),.UNSPECIFIED.);
#3443=ORIENTED_EDGE('',*,*,#1636,.F.);
#3444=CARTESIAN_POINT('',(-42.950732633,7.52,12.549328618));
#3445=VERTEX_POINT('',#3444);
#3446=CARTESIAN_POINT('',(-42.950732633,7.52,12.549328618));
#3447=DIRECTION('',(0.,-1.,0.));
#3448=VECTOR('',#3447,0.4);
#3449=LINE('',#3446,#3448);
#3450=EDGE_CURVE('',#3445,#1622,#3449,.T.);
#3451=ORIENTED_EDGE('',*,*,#3450,.F.);
#3452=CARTESIAN_POINT('',(-42.950732633,7.52,12.549328618));
#3453=CARTESIAN_POINT('',(-42.670605704,7.52,12.287390418));
#3454=CARTESIAN_POINT('',(-42.340455577,7.52,12.09366601));
#3455=CARTESIAN_POINT('',(-41.960282251,7.52,11.968155392));
#3456=B_SPLINE_CURVE_WITH_KNOTS('',3,(#3452,#3453,#3454,#3455),.UNSPECIFIED.,.F.,.F.,(4,4),(0.,1.),.UNSPECIFIED.);
#3457=EDGE_CURVE('',#3445,#3417,#3456,.T.);
#3458=ORIENTED_EDGE('',*,*,#3457,.T.);
#3459=ORIENTED_EDGE('',*,*,#3422,.T.);
#3460=EDGE_LOOP('',(#3443,#3451,#3458,#3459));
#3461=FACE_BOUND('',#3460,.T.);
#3462=ADVANCED_FACE('',(#3461),#3442,.T.);
#3463=CARTESIAN_POINT('',(-42.950732633,7.52,11.104580946));
#3464=DIRECTION('',(1.,0.,0.));
#3465=DIRECTION('',(-0.,1.,0.));
#3466=AXIS2_PLACEMENT_3D('',#3463,#3464,#3465);
#3467=PLANE('',#3466);
#3468=ORIENTED_EDGE('',*,*,#1627,.F.);
#3469=CARTESIAN_POINT('',(-42.950732633,7.52,9.659833275));
#3470=VERTEX_POINT('',#3469);
#3471=CARTESIAN_POINT('',(-42.950732633,7.52,9.659833275));
#3472=DIRECTION('',(0.,-1.,0.));
#3473=VECTOR('',#3472,0.4);
#3474=LINE('',#3471,#3473);
#3475=EDGE_CURVE('',#3470,#1614,#3474,.T.);
#3476=ORIENTED_EDGE('',*,*,#3475,.F.);
#3477=CARTESIAN_POINT('',(-42.950732633,7.52,9.659833275));
#3478=DIRECTION('',(-0.,0.,1.));
#3479=VECTOR('',#3478,2.889495343);
#3480=LINE('',#3477,#3479);
#3481=EDGE_CURVE('',#3470,#3445,#3480,.T.);
#3482=ORIENTED_EDGE('',*,*,#3481,.T.);
#3483=ORIENTED_EDGE('',*,*,#3450,.T.);
#3484=EDGE_LOOP('',(#3468,#3476,#3482,#3483));
#3485=FACE_BOUND('',#3484,.T.);
#3486=ADVANCED_FACE('',(#3485),#3467,.T.);
#3487=CARTESIAN_POINT('',(-43.33408922,7.52,9.659833275));
#3488=DIRECTION('',(0.,-0.,-1.));
#3489=DIRECTION('',(0.,1.,-0.));
#3490=AXIS2_PLACEMENT_3D('',#3487,#3488,#3489);
#3491=PLANE('',#3490);
#3492=ORIENTED_EDGE('',*,*,#1619,.F.);
#3493=ORIENTED_EDGE('',*,*,#3343,.F.);
#3494=CARTESIAN_POINT('',(-43.717445806,7.52,9.659833275));
#3495=DIRECTION('',(1.,0.,-0.));
#3496=VECTOR('',#3495,0.766713172);
#3497=LINE('',#3494,#3496);
#3498=EDGE_CURVE('',#3332,#3470,#3497,.T.);
#3499=ORIENTED_EDGE('',*,*,#3498,.T.);
#3500=ORIENTED_EDGE('',*,*,#3475,.T.);
#3501=EDGE_LOOP('',(#3492,#3493,#3499,#3500));
#3502=FACE_BOUND('',#3501,.T.);
#3503=ADVANCED_FACE('',(#3502),#3491,.T.);
#3504=CARTESIAN_POINT('',(-0.,7.52,-0.));
#3505=DIRECTION('',(-0.,1.,-0.));
#3506=DIRECTION('',(-1.,-0.,0.));
#3507=AXIS2_PLACEMENT_3D('',#3504,#3505,#3506);
#3508=PLANE('',#3507);
#3509=ORIENTED_EDGE('',*,*,#3337,.F.);
#3510=ORIENTED_EDGE('',*,*,#3366,.F.);
#3511=ORIENTED_EDGE('',*,*,#3404,.F.);
#3512=ORIENTED_EDGE('',*,*,#3428,.F.);
#3513=ORIENTED_EDGE('',*,*,#3457,.F.);
#3514=ORIENTED_EDGE('',*,*,#3481,.F.);
#3515=ORIENTED_EDGE('',*,*,#3498,.F.);
#3516=EDGE_LOOP('',(#3509,#3510,#3511,#3512,#3513,#3514,#3515));
#3517=FACE_BOUND('',#3516,.T.);
#3518=ADVANCED_FACE('',(#3517),#3508,.T.);
#3519=CARTESIAN_POINT('',(-53.669052488,0.341172461,15.718019011));
#3520=CARTESIAN_POINT('',(-53.669052488,0.341172461,16.018019011));
#3521=CARTESIAN_POINT('',(-53.024880709,0.131220177,15.718019011));
#3522=CARTESIAN_POINT('',(-53.024880709,0.131220177,16.018019011));
#3523=CARTESIAN_POINT('',(-52.688479891,-0.336400818,15.718019011));
#3524=CARTESIAN_POINT('',(-52.688479891,-0.336400818,16.018019011));
#3525=CARTESIAN_POINT('',(-52.352079073,-0.804021813,15.718019011));
#3526=CARTESIAN_POINT('',(-52.352079073,-0.804021813,16.018019011));
#3527=CARTESIAN_POINT('',(-52.352079073,-1.452965235,15.718019011));
#3528=CARTESIAN_POINT('',(-52.352079073,-1.452965235,16.018019011));
#3529=CARTESIAN_POINT('',(-52.352079073,-2.350034083,15.718019011));
#3530=CARTESIAN_POINT('',(-52.352079073,-2.350034083,16.018019011));
#3531=CARTESIAN_POINT('',(-52.986707566,-2.960804363,15.718019011));
#3532=CARTESIAN_POINT('',(-52.986707566,-2.960804363,16.018019011));
#3533=CARTESIAN_POINT('',(-53.62133606,-3.571574642,15.718019011));
#3534=CARTESIAN_POINT('',(-53.62133606,-3.571574642,16.018019011));
#3535=CARTESIAN_POINT('',(-54.656782549,-3.571574642,15.718019011));
#3536=CARTESIAN_POINT('',(-54.656782549,-3.571574642,16.018019011));
#3537=CARTESIAN_POINT('',(-55.692229039,-3.571574642,15.718019011));
#3538=CARTESIAN_POINT('',(-55.692229039,-3.571574642,16.018019011));
#3539=CARTESIAN_POINT('',(-56.326857532,-2.958418541,15.718019011));
#3540=CARTESIAN_POINT('',(-56.326857532,-2.958418541,16.018019011));
#3541=CARTESIAN_POINT('',(-56.961486026,-2.34526244,15.718019011));
#3542=CARTESIAN_POINT('',(-56.961486026,-2.34526244,16.018019011));
#3543=CARTESIAN_POINT('',(-56.961486026,-1.429107021,15.718019011));
#3544=CARTESIAN_POINT('',(-56.961486026,-1.429107021,16.018019011));
#3545=CARTESIAN_POINT('',(-56.961486026,-0.7467621,15.718019011));
#3546=CARTESIAN_POINT('',(-56.961486026,-0.7467621,16.018019011));
#3547=CARTESIAN_POINT('',(-56.615541922,-0.286298569,15.718019011));
#3548=CARTESIAN_POINT('',(-56.615541922,-0.286298569,16.018019011));
#3549=CARTESIAN_POINT('',(-56.269597819,0.174164963,15.718019011));
#3550=CARTESIAN_POINT('',(-56.269597819,0.174164963,16.018019011));
#3551=CARTESIAN_POINT('',(-55.630197682,0.341172461,15.718019011));
#3552=CARTESIAN_POINT('',(-55.630197682,0.341172461,16.018019011));
#3553=B_SPLINE_SURFACE_WITH_KNOTS('',2,1,((#3519,#3520),(#3521,#3522),(#3523,#3524),(#3525,#3526),(#3527,#3528),(#3529,#3530),(#3531,#3532),(#3533,#3534),(#3535,#3536),(#3537,#3538),(#3539,#3540),(#3541,#3542),(#3543,#3544),(#3545,#3546),(#3547,#3548),(#3549,#3550),(#3551,#3552)),.UNSPECIFIED.,.F.,.F.,.U.,(3,2,2,2,2,2,2,2,3),(2,2),(0.373485252,0.428627416,0.483769581,0.559995513,0.636221446,0.712447379,0.788673312,0.845445752,0.902218191),(0.,1.),.UNSPECIFIED.);
#3554=ORIENTED_EDGE('',*,*,#275,.F.);
#3555=CARTESIAN_POINT('',(-53.669052488,0.341172461,15.718019011));
#3556=VERTEX_POINT('',#3555);
#3557=CARTESIAN_POINT('',(-53.669052488,0.341172461,15.718019011));
#3558=DIRECTION('',(-0.,0.,1.));
#3559=VECTOR('',#3558,0.3);
#3560=LINE('',#3557,#3559);
#3561=EDGE_CURVE('',#3556,#238,#3560,.T.);
#3562=ORIENTED_EDGE('',*,*,#3561,.F.);
#3563=CARTESIAN_POINT('',(-55.630197682,0.341172461,15.718019011));
#3564=VERTEX_POINT('',#3563);
#3565=CARTESIAN_POINT('',(-53.669052488,0.341172461,15.718019011));
#3566=CARTESIAN_POINT('',(-53.024880709,0.131220177,15.718019011));
#3567=CARTESIAN_POINT('',(-52.688479891,-0.336400818,15.718019011));
#3568=CARTESIAN_POINT('',(-52.352079073,-0.804021813,15.718019011));
#3569=CARTESIAN_POINT('',(-52.352079073,-1.452965235,15.718019011));
#3570=CARTESIAN_POINT('',(-52.352079073,-2.350034083,15.718019011));
#3571=CARTESIAN_POINT('',(-52.986707566,-2.960804363,15.718019011));
#3572=CARTESIAN_POINT('',(-53.62133606,-3.571574642,15.718019011));
#3573=CARTESIAN_POINT('',(-54.656782549,-3.571574642,15.718019011));
#3574=CARTESIAN_POINT('',(-55.692229039,-3.571574642,15.718019011));
#3575=CARTESIAN_POINT('',(-56.326857532,-2.958418541,15.718019011));
#3576=CARTESIAN_POINT('',(-56.961486026,-2.34526244,15.718019011));
#3577=CARTESIAN_POINT('',(-56.961486026,-1.429107021,15.718019011));
#3578=CARTESIAN_POINT('',(-56.961486026,-0.7467621,15.718019011));
#3579=CARTESIAN_POINT('',(-56.615541922,-0.286298569,15.718019011));
#3580=CARTESIAN_POINT('',(-56.269597819,0.174164963,15.718019011));
#3581=CARTESIAN_POINT('',(-55.630197682,0.341172461,15.718019011));
#3582=B_SPLINE_CURVE_WITH_KNOTS('',2,(#3565,#3566,#3567,#3568,#3569,#3570,#3571,#3572,#3573,#3574,#3575,#3576,#3577,#3578,#3579,#3580,#3581),.UNSPECIFIED.,.F.,.F.,(3,2,2,2,2,2,2,2,3),(0.373485252,0.428627416,0.483769581,0.559995513,0.636221446,0.712447379,0.788673312,0.845445752,0.902218191),.UNSPECIFIED.);
#3583=EDGE_CURVE('',#3556,#3564,#3582,.T.);
#3584=ORIENTED_EDGE('',*,*,#3583,.T.);
#3585=CARTESIAN_POINT('',(-55.630197682,0.341172461,15.718019011));
#3586=DIRECTION('',(-0.,0.,1.));
#3587=VECTOR('',#3586,0.3);
#3588=LINE('',#3585,#3587);
#3589=EDGE_CURVE('',#3564,#256,#3588,.T.);
#3590=ORIENTED_EDGE('',*,*,#3589,.T.);
#3591=EDGE_LOOP('',(#3554,#3562,#3584,#3590));
#3592=FACE_BOUND('',#3591,.T.);
#3593=ADVANCED_FACE('',(#3592),#3553,.T.);
#3594=CARTESIAN_POINT('',(-56.6799591,1.767893661,15.718019011));
#3595=CARTESIAN_POINT('',(-56.6799591,1.767893661,16.018019011));
#3596=CARTESIAN_POINT('',(-56.6799591,2.53135651,15.718019011));
#3597=CARTESIAN_POINT('',(-56.6799591,2.53135651,16.018019011));
#3598=CARTESIAN_POINT('',(-56.131220177,3.051465576,15.718019011));
#3599=CARTESIAN_POINT('',(-56.131220177,3.051465576,16.018019011));
#3600=CARTESIAN_POINT('',(-55.582481254,3.571574642,15.718019011));
#3601=CARTESIAN_POINT('',(-55.582481254,3.571574642,16.018019011));
#3602=CARTESIAN_POINT('',(-54.671097478,3.571574642,15.718019011));
#3603=CARTESIAN_POINT('',(-54.671097478,3.571574642,16.018019011));
#3604=CARTESIAN_POINT('',(-53.754942059,3.571574642,15.718019011));
#3605=CARTESIAN_POINT('',(-53.754942059,3.571574642,16.018019011));
#3606=CARTESIAN_POINT('',(-53.19665985,3.039536469,15.718019011));
#3607=CARTESIAN_POINT('',(-53.19665985,3.039536469,16.018019011));
#3608=CARTESIAN_POINT('',(-52.638377641,2.507498296,15.718019011));
#3609=CARTESIAN_POINT('',(-52.638377641,2.507498296,16.018019011));
#3610=CARTESIAN_POINT('',(-52.638377641,1.744035446,15.718019011));
#3611=CARTESIAN_POINT('',(-52.638377641,1.744035446,16.018019011));
#3612=CARTESIAN_POINT('',(-52.638377641,1.25732788,15.718019011));
#3613=CARTESIAN_POINT('',(-52.638377641,1.25732788,16.018019011));
#3614=CARTESIAN_POINT('',(-52.893660532,0.897068848,15.718019011));
#3615=CARTESIAN_POINT('',(-52.893660532,0.897068848,16.018019011));
#3616=CARTESIAN_POINT('',(-53.148943422,0.536809816,15.718019011));
#3617=CARTESIAN_POINT('',(-53.148943422,0.536809816,16.018019011));
#3618=CARTESIAN_POINT('',(-53.669052488,0.341172461,15.718019011));
#3619=CARTESIAN_POINT('',(-53.669052488,0.341172461,16.018019011));
#3620=B_SPLINE_SURFACE_WITH_KNOTS('',2,1,((#3594,#3595),(#3596,#3597),(#3598,#3599),(#3600,#3601),(#3602,#3603),(#3604,#3605),(#3606,#3607),(#3608,#3609),(#3610,#3611),(#3612,#3613),(#3614,#3615),(#3616,#3617),(#3618,#3619)),.UNSPECIFIED.,.F.,.F.,.U.,(3,2,2,2,2,2,3),(2,2),(0.,0.070573489,0.141146979,0.212089963,0.283032947,0.3282591,0.373485252),(0.,1.),.UNSPECIFIED.);
#3621=ORIENTED_EDGE('',*,*,#253,.F.);
#3622=CARTESIAN_POINT('',(-56.6799591,1.767893661,15.718019011));
#3623=VERTEX_POINT('',#3622);
#3624=CARTESIAN_POINT('',(-56.6799591,1.767893661,15.718019011));
#3625=DIRECTION('',(-0.,0.,1.));
#3626=VECTOR('',#3625,0.3);
#3627=LINE('',#3624,#3626);
#3628=EDGE_CURVE('',#3623,#236,#3627,.T.);
#3629=ORIENTED_EDGE('',*,*,#3628,.F.);
#3630=CARTESIAN_POINT('',(-56.6799591,1.767893661,15.718019011));
#3631=CARTESIAN_POINT('',(-56.6799591,2.53135651,15.718019011));
#3632=CARTESIAN_POINT('',(-56.131220177,3.051465576,15.718019011));
#3633=CARTESIAN_POINT('',(-55.582481254,3.571574642,15.718019011));
#3634=CARTESIAN_POINT('',(-54.671097478,3.571574642,15.718019011));
#3635=CARTESIAN_POINT('',(-53.754942059,3.571574642,15.718019011));
#3636=CARTESIAN_POINT('',(-53.19665985,3.039536469,15.718019011));
#3637=CARTESIAN_POINT('',(-52.638377641,2.507498296,15.718019011));
#3638=CARTESIAN_POINT('',(-52.638377641,1.744035446,15.718019011));
#3639=CARTESIAN_POINT('',(-52.638377641,1.25732788,15.718019011));
#3640=CARTESIAN_POINT('',(-52.893660532,0.897068848,15.718019011));
#3641=CARTESIAN_POINT('',(-53.148943422,0.536809816,15.718019011));
#3642=CARTESIAN_POINT('',(-53.669052488,0.341172461,15.718019011));
#3643=B_SPLINE_CURVE_WITH_KNOTS('',2,(#3630,#3631,#3632,#3633,#3634,#3635,#3636,#3637,#3638,#3639,#3640,#3641,#3642),.UNSPECIFIED.,.F.,.F.,(3,2,2,2,2,2,3),(0.,0.070573489,0.141146979,0.212089963,0.283032947,0.3282591,0.373485252),.UNSPECIFIED.);
#3644=EDGE_CURVE('',#3623,#3556,#3643,.T.);
#3645=ORIENTED_EDGE('',*,*,#3644,.T.);
#3646=ORIENTED_EDGE('',*,*,#3561,.T.);
#3647=EDGE_LOOP('',(#3621,#3629,#3645,#3646));
#3648=FACE_BOUND('',#3647,.T.);
#3649=ADVANCED_FACE('',(#3648),#3620,.T.);
#3650=CARTESIAN_POINT('',(-53.642808453,-0.436605317,15.718019011));
#3651=CARTESIAN_POINT('',(-53.642808453,-0.436605317,16.018019011));
#3652=CARTESIAN_POINT('',(-54.055555556,-0.031015678,15.718019011));
#3653=CARTESIAN_POINT('',(-54.055555556,-0.031015678,16.018019011));
#3654=CARTESIAN_POINT('',(-54.675869121,-0.031015678,15.718019011));
#3655=CARTESIAN_POINT('',(-54.675869121,-0.031015678,16.018019011));
#3656=CARTESIAN_POINT('',(-55.281867757,-0.031015678,15.718019011));
#3657=CARTESIAN_POINT('',(-55.281867757,-0.031015678,16.018019011));
#3658=CARTESIAN_POINT('',(-55.680299932,-0.431833674,15.718019011));
#3659=CARTESIAN_POINT('',(-55.680299932,-0.431833674,16.018019011));
#3660=CARTESIAN_POINT('',(-56.078732106,-0.83265167,15.718019011));
#3661=CARTESIAN_POINT('',(-56.078732106,-0.83265167,16.018019011));
#3662=CARTESIAN_POINT('',(-56.078732106,-1.433878664,15.718019011));
#3663=CARTESIAN_POINT('',(-56.078732106,-1.433878664,16.018019011));
#3664=CARTESIAN_POINT('',(-56.078732106,-1.80129516,15.718019011));
#3665=CARTESIAN_POINT('',(-56.078732106,-1.80129516,16.018019011));
#3666=CARTESIAN_POINT('',(-55.904567144,-2.144853442,15.718019011));
#3667=CARTESIAN_POINT('',(-55.904567144,-2.144853442,16.018019011));
#3668=CARTESIAN_POINT('',(-55.730402181,-2.488411725,15.718019011));
#3669=CARTESIAN_POINT('',(-55.730402181,-2.488411725,16.018019011));
#3670=CARTESIAN_POINT('',(-55.386843899,-2.676891616,15.718019011));
#3671=CARTESIAN_POINT('',(-55.386843899,-2.676891616,16.018019011));
#3672=B_SPLINE_SURFACE_WITH_KNOTS('',2,1,((#3650,#3651),(#3652,#3653),(#3654,#3655),(#3656,#3657),(#3658,#3659),(#3660,#3661),(#3662,#3663),(#3664,#3665),(#3666,#3667),(#3668,#3669),(#3670,#3671)),.UNSPECIFIED.,.F.,.F.,.U.,(3,2,2,2,2,3),(2,2),(0.464833702,0.593855868,0.719900598,0.845945329,0.922972665,1.),(0.,1.),.UNSPECIFIED.);
#3673=CARTESIAN_POINT('',(-53.642808453,-0.436605317,16.018019011));
#3674=VERTEX_POINT('',#3673);
#3675=CARTESIAN_POINT('',(-55.386843899,-2.676891616,16.018019011));
#3676=VERTEX_POINT('',#3675);
#3677=CARTESIAN_POINT('',(-53.642808453,-0.436605317,16.018019011));
#3678=CARTESIAN_POINT('',(-54.055555556,-0.031015678,16.018019011));
#3679=CARTESIAN_POINT('',(-54.675869121,-0.031015678,16.018019011));
#3680=CARTESIAN_POINT('',(-55.281867757,-0.031015678,16.018019011));
#3681=CARTESIAN_POINT('',(-55.680299932,-0.431833674,16.018019011));
#3682=CARTESIAN_POINT('',(-56.078732106,-0.83265167,16.018019011));
#3683=CARTESIAN_POINT('',(-56.078732106,-1.433878664,16.018019011));
#3684=CARTESIAN_POINT('',(-56.078732106,-1.80129516,16.018019011));
#3685=CARTESIAN_POINT('',(-55.904567144,-2.144853442,16.018019011));
#3686=CARTESIAN_POINT('',(-55.730402181,-2.488411725,16.018019011));
#3687=CARTESIAN_POINT('',(-55.386843899,-2.676891616,16.018019011));
#3688=B_SPLINE_CURVE_WITH_KNOTS('',2,(#3677,#3678,#3679,#3680,#3681,#3682,#3683,#3684,#3685,#3686,#3687),.UNSPECIFIED.,.F.,.F.,(3,2,2,2,2,3),(0.464833702,0.593855868,0.719900598,0.845945329,0.922972665,1.),.UNSPECIFIED.);
#3689=EDGE_CURVE('',#3674,#3676,#3688,.T.);
#3690=ORIENTED_EDGE('',*,*,#3689,.F.);
#3691=CARTESIAN_POINT('',(-53.642808453,-0.436605317,15.718019011));
#3692=VERTEX_POINT('',#3691);
#3693=CARTESIAN_POINT('',(-53.642808453,-0.436605317,15.718019011));
#3694=DIRECTION('',(-0.,0.,1.));
#3695=VECTOR('',#3694,0.3);
#3696=LINE('',#3693,#3695);
#3697=EDGE_CURVE('',#3692,#3674,#3696,.T.);
#3698=ORIENTED_EDGE('',*,*,#3697,.F.);
#3699=CARTESIAN_POINT('',(-55.386843899,-2.676891616,15.718019011));
#3700=VERTEX_POINT('',#3699);
#3701=CARTESIAN_POINT('',(-53.642808453,-0.436605317,15.718019011));
#3702=CARTESIAN_POINT('',(-54.055555556,-0.031015678,15.718019011));
#3703=CARTESIAN_POINT('',(-54.675869121,-0.031015678,15.718019011));
#3704=CARTESIAN_POINT('',(-55.281867757,-0.031015678,15.718019011));
#3705=CARTESIAN_POINT('',(-55.680299932,-0.431833674,15.718019011));
#3706=CARTESIAN_POINT('',(-56.078732106,-0.83265167,15.718019011));
#3707=CARTESIAN_POINT('',(-56.078732106,-1.433878664,15.718019011));
#3708=CARTESIAN_POINT('',(-56.078732106,-1.80129516,15.718019011));
#3709=CARTESIAN_POINT('',(-55.904567144,-2.144853442,15.718019011));
#3710=CARTESIAN_POINT('',(-55.730402181,-2.488411725,15.718019011));
#3711=CARTESIAN_POINT('',(-55.386843899,-2.676891616,15.718019011));
#3712=B_SPLINE_CURVE_WITH_KNOTS('',2,(#3701,#3702,#3703,#3704,#3705,#3706,#3707,#3708,#3709,#3710,#3711),.UNSPECIFIED.,.F.,.F.,(3,2,2,2,2,3),(0.464833702,0.593855868,0.719900598,0.845945329,0.922972665,1.),.UNSPECIFIED.);
#3713=EDGE_CURVE('',#3692,#3700,#3712,.T.);
#3714=ORIENTED_EDGE('',*,*,#3713,.T.);
#3715=CARTESIAN_POINT('',(-55.386843899,-2.676891616,15.718019011));
#3716=DIRECTION('',(-0.,0.,1.));
#3717=VECTOR('',#3716,0.3);
#3718=LINE('',#3715,#3717);
#3719=EDGE_CURVE('',#3700,#3676,#3718,.T.);
#3720=ORIENTED_EDGE('',*,*,#3719,.T.);
#3721=EDGE_LOOP('',(#3690,#3698,#3714,#3720));
#3722=FACE_BOUND('',#3721,.T.);
#3723=ADVANCED_FACE('',(#3722),#3672,.T.);
#3724=CARTESIAN_POINT('',(-54.652010907,0.670415815,15.718019011));
#3725=CARTESIAN_POINT('',(-54.652010907,0.670415815,16.018019011));
#3726=CARTESIAN_POINT('',(-54.155760055,0.670415815,15.718019011));
#3727=CARTESIAN_POINT('',(-54.155760055,0.670415815,16.018019011));
#3728=CARTESIAN_POINT('',(-53.838445808,0.982958419,15.718019011));
#3729=CARTESIAN_POINT('',(-53.838445808,0.982958419,16.018019011));
#3730=CARTESIAN_POINT('',(-53.521131561,1.295501022,15.718019011));
#3731=CARTESIAN_POINT('',(-53.521131561,1.295501022,16.018019011));
#3732=CARTESIAN_POINT('',(-53.521131561,1.748807089,15.718019011));
#3733=CARTESIAN_POINT('',(-53.521131561,1.748807089,16.018019011));
#3734=CARTESIAN_POINT('',(-53.521131561,2.221199727,15.718019011));
#3735=CARTESIAN_POINT('',(-53.521131561,2.221199727,16.018019011));
#3736=CARTESIAN_POINT('',(-53.847989093,2.543285617,15.718019011));
#3737=CARTESIAN_POINT('',(-53.847989093,2.543285617,16.018019011));
#3738=CARTESIAN_POINT('',(-54.174846626,2.865371506,15.718019011));
#3739=CARTESIAN_POINT('',(-54.174846626,2.865371506,16.018019011));
#3740=CARTESIAN_POINT('',(-54.661554192,2.865371506,15.718019011));
#3741=CARTESIAN_POINT('',(-54.661554192,2.865371506,16.018019011));
#3742=B_SPLINE_SURFACE_WITH_KNOTS('',2,1,((#3724,#3725),(#3726,#3727),(#3728,#3729),(#3730,#3731),(#3732,#3733),(#3734,#3735),(#3736,#3737),(#3738,#3739),(#3740,#3741)),.UNSPECIFIED.,.F.,.F.,.U.,(3,2,2,2,3),(2,2),(0.,0.116713117,0.233426235,0.355053588,0.476680942),(0.,1.),.UNSPECIFIED.);
#3743=CARTESIAN_POINT('',(-54.652010907,0.670415815,16.018019011));
#3744=VERTEX_POINT('',#3743);
#3745=CARTESIAN_POINT('',(-54.661554192,2.865371506,16.018019011));
#3746=VERTEX_POINT('',#3745);
#3747=CARTESIAN_POINT('',(-54.652010907,0.670415815,16.018019011));
#3748=CARTESIAN_POINT('',(-54.155760055,0.670415815,16.018019011));
#3749=CARTESIAN_POINT('',(-53.838445808,0.982958419,16.018019011));
#3750=CARTESIAN_POINT('',(-53.521131561,1.295501022,16.018019011));
#3751=CARTESIAN_POINT('',(-53.521131561,1.748807089,16.018019011));
#3752=CARTESIAN_POINT('',(-53.521131561,2.221199727,16.018019011));
#3753=CARTESIAN_POINT('',(-53.847989093,2.543285617,16.018019011));
#3754=CARTESIAN_POINT('',(-54.174846626,2.865371506,16.018019011));
#3755=CARTESIAN_POINT('',(-54.661554192,2.865371506,16.018019011));
#3756=B_SPLINE_CURVE_WITH_KNOTS('',2,(#3747,#3748,#3749,#3750,#3751,#3752,#3753,#3754,#3755),.UNSPECIFIED.,.F.,.F.,(3,2,2,2,3),(0.,0.116713117,0.233426235,0.355053588,0.476680942),.UNSPECIFIED.);
#3757=EDGE_CURVE('',#3744,#3746,#3756,.T.);
#3758=ORIENTED_EDGE('',*,*,#3757,.F.);
#3759=CARTESIAN_POINT('',(-54.652010907,0.670415815,15.718019011));
#3760=VERTEX_POINT('',#3759);
#3761=CARTESIAN_POINT('',(-54.652010907,0.670415815,15.718019011));
#3762=DIRECTION('',(-0.,0.,1.));
#3763=VECTOR('',#3762,0.3);
#3764=LINE('',#3761,#3763);
#3765=EDGE_CURVE('',#3760,#3744,#3764,.T.);
#3766=ORIENTED_EDGE('',*,*,#3765,.F.);
#3767=CARTESIAN_POINT('',(-54.661554192,2.865371506,15.718019011));
#3768=VERTEX_POINT('',#3767);
#3769=CARTESIAN_POINT('',(-54.652010907,0.670415815,15.718019011));
#3770=CARTESIAN_POINT('',(-54.155760055,0.670415815,15.718019011));
#3771=CARTESIAN_POINT('',(-53.838445808,0.982958419,15.718019011));
#3772=CARTESIAN_POINT('',(-53.521131561,1.295501022,15.718019011));
#3773=CARTESIAN_POINT('',(-53.521131561,1.748807089,15.718019011));
#3774=CARTESIAN_POINT('',(-53.521131561,2.221199727,15.718019011));
#3775=CARTESIAN_POINT('',(-53.847989093,2.543285617,15.718019011));
#3776=CARTESIAN_POINT('',(-54.174846626,2.865371506,15.718019011));
#3777=CARTESIAN_POINT('',(-54.661554192,2.865371506,15.718019011));
#3778=B_SPLINE_CURVE_WITH_KNOTS('',2,(#3769,#3770,#3771,#3772,#3773,#3774,#3775,#3776,#3777),.UNSPECIFIED.,.F.,.F.,(3,2,2,2,3),(0.,0.116713117,0.233426235,0.355053588,0.476680942),.UNSPECIFIED.);
#3779=EDGE_CURVE('',#3760,#3768,#3778,.T.);
#3780=ORIENTED_EDGE('',*,*,#3779,.T.);
#3781=CARTESIAN_POINT('',(-54.661554192,2.865371506,15.718019011));
#3782=DIRECTION('',(-0.,0.,1.));
#3783=VECTOR('',#3782,0.3);
#3784=LINE('',#3781,#3783);
#3785=EDGE_CURVE('',#3768,#3746,#3784,.T.);
#3786=ORIENTED_EDGE('',*,*,#3785,.T.);
#3787=EDGE_LOOP('',(#3758,#3766,#3780,#3786));
#3788=FACE_BOUND('',#3787,.T.);
#3789=ADVANCED_FACE('',(#3788),#3742,.T.);
#3790=CARTESIAN_POINT('',(-55.386843899,-2.676891616,15.718019011));
#3791=CARTESIAN_POINT('',(-55.386843899,-2.676891616,16.018019011));
#3792=CARTESIAN_POINT('',(-55.043285617,-2.865371506,15.718019011));
#3793=CARTESIAN_POINT('',(-55.043285617,-2.865371506,16.018019011));
#3794=CARTESIAN_POINT('',(-54.647239264,-2.865371506,15.718019011));
#3795=CARTESIAN_POINT('',(-54.647239264,-2.865371506,16.018019011));
#3796=CARTESIAN_POINT('',(-54.031697342,-2.865371506,15.718019011));
#3797=CARTESIAN_POINT('',(-54.031697342,-2.865371506,16.018019011));
#3798=CARTESIAN_POINT('',(-53.630879346,-2.469325153,15.718019011));
#3799=CARTESIAN_POINT('',(-53.630879346,-2.469325153,16.018019011));
#3800=CARTESIAN_POINT('',(-53.23006135,-2.0732788,15.718019011));
#3801=CARTESIAN_POINT('',(-53.23006135,-2.0732788,16.018019011));
#3802=CARTESIAN_POINT('',(-53.23006135,-1.462508521,15.718019011));
#3803=CARTESIAN_POINT('',(-53.23006135,-1.462508521,16.018019011));
#3804=CARTESIAN_POINT('',(-53.23006135,-0.842194956,15.718019011));
#3805=CARTESIAN_POINT('',(-53.23006135,-0.842194956,16.018019011));
#3806=CARTESIAN_POINT('',(-53.642808453,-0.436605317,15.718019011));
#3807=CARTESIAN_POINT('',(-53.642808453,-0.436605317,16.018019011));
#3808=B_SPLINE_SURFACE_WITH_KNOTS('',2,1,((#3790,#3791),(#3792,#3793),(#3794,#3795),(#3796,#3797),(#3798,#3799),(#3800,#3801),(#3802,#3803),(#3804,#3805),(#3806,#3807)),.UNSPECIFIED.,.F.,.F.,.U.,(3,2,2,2,3),(2,2),(0.,0.081737119,0.208774328,0.335811537,0.464833702),(0.,1.),.UNSPECIFIED.);
#3809=CARTESIAN_POINT('',(-55.386843899,-2.676891616,16.018019011));
#3810=CARTESIAN_POINT('',(-55.043285617,-2.865371506,16.018019011));
#3811=CARTESIAN_POINT('',(-54.647239264,-2.865371506,16.018019011));
#3812=CARTESIAN_POINT('',(-54.031697342,-2.865371506,16.018019011));
#3813=CARTESIAN_POINT('',(-53.630879346,-2.469325153,16.018019011));
#3814=CARTESIAN_POINT('',(-53.23006135,-2.0732788,16.018019011));
#3815=CARTESIAN_POINT('',(-53.23006135,-1.462508521,16.018019011));
#3816=CARTESIAN_POINT('',(-53.23006135,-0.842194956,16.018019011));
#3817=CARTESIAN_POINT('',(-53.642808453,-0.436605317,16.018019011));
#3818=B_SPLINE_CURVE_WITH_KNOTS('',2,(#3809,#3810,#3811,#3812,#3813,#3814,#3815,#3816,#3817),.UNSPECIFIED.,.F.,.F.,(3,2,2,2,3),(0.,0.081737119,0.208774328,0.335811537,0.464833702),.UNSPECIFIED.);
#3819=EDGE_CURVE('',#3676,#3674,#3818,.T.);
#3820=ORIENTED_EDGE('',*,*,#3819,.F.);
#3821=ORIENTED_EDGE('',*,*,#3719,.F.);
#3822=CARTESIAN_POINT('',(-55.386843899,-2.676891616,15.718019011));
#3823=CARTESIAN_POINT('',(-55.043285617,-2.865371506,15.718019011));
#3824=CARTESIAN_POINT('',(-54.647239264,-2.865371506,15.718019011));
#3825=CARTESIAN_POINT('',(-54.031697342,-2.865371506,15.718019011));
#3826=CARTESIAN_POINT('',(-53.630879346,-2.469325153,15.718019011));
#3827=CARTESIAN_POINT('',(-53.23006135,-2.0732788,15.718019011));
#3828=CARTESIAN_POINT('',(-53.23006135,-1.462508521,15.718019011));
#3829=CARTESIAN_POINT('',(-53.23006135,-0.842194956,15.718019011));
#3830=CARTESIAN_POINT('',(-53.642808453,-0.436605317,15.718019011));
#3831=B_SPLINE_CURVE_WITH_KNOTS('',2,(#3822,#3823,#3824,#3825,#3826,#3827,#3828,#3829,#3830),.UNSPECIFIED.,.F.,.F.,(3,2,2,2,3),(0.,0.081737119,0.208774328,0.335811537,0.464833702),.UNSPECIFIED.);
#3832=EDGE_CURVE('',#3700,#3692,#3831,.T.);
#3833=ORIENTED_EDGE('',*,*,#3832,.T.);
#3834=ORIENTED_EDGE('',*,*,#3697,.T.);
#3835=EDGE_LOOP('',(#3820,#3821,#3833,#3834));
#3836=FACE_BOUND('',#3835,.T.);
#3837=ADVANCED_FACE('',(#3836),#3808,.T.);
#3838=CARTESIAN_POINT('',(-54.661554192,2.865371506,15.718019011));
#3839=CARTESIAN_POINT('',(-54.661554192,2.865371506,16.018019011));
#3840=CARTESIAN_POINT('',(-55.153033401,2.865371506,15.718019011));
#3841=CARTESIAN_POINT('',(-55.153033401,2.865371506,16.018019011));
#3842=CARTESIAN_POINT('',(-55.477505112,2.550443081,15.718019011));
#3843=CARTESIAN_POINT('',(-55.477505112,2.550443081,16.018019011));
#3844=CARTESIAN_POINT('',(-55.801976823,2.235514656,15.718019011));
#3845=CARTESIAN_POINT('',(-55.801976823,2.235514656,16.018019011));
#3846=CARTESIAN_POINT('',(-55.801976823,1.796523517,15.718019011));
#3847=CARTESIAN_POINT('',(-55.801976823,1.796523517,16.018019011));
#3848=CARTESIAN_POINT('',(-55.801976823,1.300272665,15.718019011));
#3849=CARTESIAN_POINT('',(-55.801976823,1.300272665,16.018019011));
#3850=CARTESIAN_POINT('',(-55.482276755,0.98534424,15.718019011));
#3851=CARTESIAN_POINT('',(-55.482276755,0.98534424,16.018019011));
#3852=CARTESIAN_POINT('',(-55.162576687,0.670415815,15.718019011));
#3853=CARTESIAN_POINT('',(-55.162576687,0.670415815,16.018019011));
#3854=CARTESIAN_POINT('',(-54.652010907,0.670415815,15.718019011));
#3855=CARTESIAN_POINT('',(-54.652010907,0.670415815,16.018019011));
#3856=B_SPLINE_SURFACE_WITH_KNOTS('',2,1,((#3838,#3839),(#3840,#3841),(#3842,#3843),(#3844,#3845),(#3846,#3847),(#3848,#3849),(#3850,#3851),(#3852,#3853),(#3854,#3855)),.UNSPECIFIED.,.F.,.F.,.U.,(3,2,2,2,3),(2,2),(0.476680942,0.599500721,0.7223205,0.86116025,1.),(0.,1.),.UNSPECIFIED.);
#3857=CARTESIAN_POINT('',(-54.661554192,2.865371506,16.018019011));
#3858=CARTESIAN_POINT('',(-55.153033401,2.865371506,16.018019011));
#3859=CARTESIAN_POINT('',(-55.477505112,2.550443081,16.018019011));
#3860=CARTESIAN_POINT('',(-55.801976823,2.235514656,16.018019011));
#3861=CARTESIAN_POINT('',(-55.801976823,1.796523517,16.018019011));
#3862=CARTESIAN_POINT('',(-55.801976823,1.300272665,16.018019011));
#3863=CARTESIAN_POINT('',(-55.482276755,0.98534424,16.018019011));
#3864=CARTESIAN_POINT('',(-55.162576687,0.670415815,16.018019011));
#3865=CARTESIAN_POINT('',(-54.652010907,0.670415815,16.018019011));
#3866=B_SPLINE_CURVE_WITH_KNOTS('',2,(#3857,#3858,#3859,#3860,#3861,#3862,#3863,#3864,#3865),.UNSPECIFIED.,.F.,.F.,(3,2,2,2,3),(0.476680942,0.599500721,0.7223205,0.86116025,1.),.UNSPECIFIED.);
#3867=EDGE_CURVE('',#3746,#3744,#3866,.T.);
#3868=ORIENTED_EDGE('',*,*,#3867,.F.);
#3869=ORIENTED_EDGE('',*,*,#3785,.F.);
#3870=CARTESIAN_POINT('',(-54.661554192,2.865371506,15.718019011));
#3871=CARTESIAN_POINT('',(-55.153033401,2.865371506,15.718019011));
#3872=CARTESIAN_POINT('',(-55.477505112,2.550443081,15.718019011));
#3873=CARTESIAN_POINT('',(-55.801976823,2.235514656,15.718019011));
#3874=CARTESIAN_POINT('',(-55.801976823,1.796523517,15.718019011));
#3875=CARTESIAN_POINT('',(-55.801976823,1.300272665,15.718019011));
#3876=CARTESIAN_POINT('',(-55.482276755,0.98534424,15.718019011));
#3877=CARTESIAN_POINT('',(-55.162576687,0.670415815,15.718019011));
#3878=CARTESIAN_POINT('',(-54.652010907,0.670415815,15.718019011));
#3879=B_SPLINE_CURVE_WITH_KNOTS('',2,(#3870,#3871,#3872,#3873,#3874,#3875,#3876,#3877,#3878),.UNSPECIFIED.,.F.,.F.,(3,2,2,2,3),(0.476680942,0.599500721,0.7223205,0.86116025,1.),.UNSPECIFIED.);
#3880=EDGE_CURVE('',#3768,#3760,#3879,.T.);
#3881=ORIENTED_EDGE('',*,*,#3880,.T.);
#3882=ORIENTED_EDGE('',*,*,#3765,.T.);
#3883=EDGE_LOOP('',(#3868,#3869,#3881,#3882));
#3884=FACE_BOUND('',#3883,.T.);
#3885=ADVANCED_FACE('',(#3884),#3856,.T.);
#3886=CARTESIAN_POINT('',(-55.630197682,0.341172461,15.718019011));
#3887=CARTESIAN_POINT('',(-55.630197682,0.341172461,16.018019011));
#3888=CARTESIAN_POINT('',(-56.164621677,0.536809816,15.718019011));
#3889=CARTESIAN_POINT('',(-56.164621677,0.536809816,16.018019011));
#3890=CARTESIAN_POINT('',(-56.422290389,0.899454669,15.718019011));
#3891=CARTESIAN_POINT('',(-56.422290389,0.899454669,16.018019011));
#3892=CARTESIAN_POINT('',(-56.6799591,1.262099523,15.718019011));
#3893=CARTESIAN_POINT('',(-56.6799591,1.262099523,16.018019011));
#3894=CARTESIAN_POINT('',(-56.6799591,1.767893661,15.718019011));
#3895=CARTESIAN_POINT('',(-56.6799591,1.767893661,16.018019011));
#3896=B_SPLINE_SURFACE_WITH_KNOTS('',2,1,((#3886,#3887),(#3888,#3889),(#3890,#3891),(#3892,#3893),(#3894,#3895)),.UNSPECIFIED.,.F.,.F.,.U.,(3,2,3),(2,2),(0.902218191,0.951109096,1.),(0.,1.),.UNSPECIFIED.);
#3897=ORIENTED_EDGE('',*,*,#283,.F.);
#3898=ORIENTED_EDGE('',*,*,#3589,.F.);
#3899=CARTESIAN_POINT('',(-55.630197682,0.341172461,15.718019011));
#3900=CARTESIAN_POINT('',(-56.164621677,0.536809816,15.718019011));
#3901=CARTESIAN_POINT('',(-56.422290389,0.899454669,15.718019011));
#3902=CARTESIAN_POINT('',(-56.6799591,1.262099523,15.718019011));
#3903=CARTESIAN_POINT('',(-56.6799591,1.767893661,15.718019011));
#3904=B_SPLINE_CURVE_WITH_KNOTS('',2,(#3899,#3900,#3901,#3902,#3903),.UNSPECIFIED.,.F.,.F.,(3,2,3),(0.902218191,0.951109096,1.),.UNSPECIFIED.);
#3905=EDGE_CURVE('',#3564,#3623,#3904,.T.);
#3906=ORIENTED_EDGE('',*,*,#3905,.T.);
#3907=ORIENTED_EDGE('',*,*,#3628,.T.);
#3908=EDGE_LOOP('',(#3897,#3898,#3906,#3907));
#3909=FACE_BOUND('',#3908,.T.);
#3910=ADVANCED_FACE('',(#3909),#3896,.T.);
#3911=CARTESIAN_POINT('',(0.,0.,15.718019011));
#3912=DIRECTION('',(-0.,0.,1.));
#3913=DIRECTION('',(1.,0.,0.));
#3914=AXIS2_PLACEMENT_3D('',#3911,#3912,#3913);
#3915=PLANE('',#3914);
#3916=ORIENTED_EDGE('',*,*,#3779,.F.);
#3917=ORIENTED_EDGE('',*,*,#3880,.F.);
#3918=EDGE_LOOP('',(#3916,#3917));
#3919=FACE_BOUND('',#3918,.T.);
#3920=ORIENTED_EDGE('',*,*,#3713,.F.);
#3921=ORIENTED_EDGE('',*,*,#3832,.F.);
#3922=EDGE_LOOP('',(#3920,#3921));
#3923=FACE_BOUND('',#3922,.T.);
#3924=ORIENTED_EDGE('',*,*,#3583,.F.);
#3925=ORIENTED_EDGE('',*,*,#3644,.F.);
#3926=ORIENTED_EDGE('',*,*,#3905,.F.);
#3927=EDGE_LOOP('',(#3924,#3925,#3926));
#3928=FACE_BOUND('',#3927,.T.);
#3929=ADVANCED_FACE('',(#3919,#3923,#3928),#3915,.T.);
#3930=CARTESIAN_POINT('',(-70.626752672,-39.12,16.018019011));
#3931=DIRECTION('',(-0.,0.,1.));
#3932=DIRECTION('',(1.,0.,0.));
#3933=AXIS2_PLACEMENT_3D('',#3930,#3931,#3932);
#3934=PLANE('',#3933);
#3935=ORIENTED_EDGE('',*,*,#3867,.T.);
#3936=ORIENTED_EDGE('',*,*,#3757,.T.);
#3937=EDGE_LOOP('',(#3935,#3936));
#3938=FACE_BOUND('',#3937,.T.);
#3939=ADVANCED_FACE('',(#3938),#3934,.T.);
#3940=CARTESIAN_POINT('',(-70.626752672,-39.12,16.018019011));
#3941=DIRECTION('',(-0.,0.,1.));
#3942=DIRECTION('',(1.,0.,0.));
#3943=AXIS2_PLACEMENT_3D('',#3940,#3941,#3942);
#3944=PLANE('',#3943);
#3945=ORIENTED_EDGE('',*,*,#3819,.T.);
#3946=ORIENTED_EDGE('',*,*,#3689,.T.);
#3947=EDGE_LOOP('',(#3945,#3946));
#3948=FACE_BOUND('',#3947,.T.);
#3949=ADVANCED_FACE('',(#3948),#3944,.T.);
#3950=CARTESIAN_POINT('',(-44.41206544,-1.713019768,15.718019011));
#3951=DIRECTION('',(-1.,0.,-0.));
#3952=DIRECTION('',(-0.,0.,1.));
#3953=AXIS2_PLACEMENT_3D('',#3950,#3951,#3952);
#3954=PLANE('',#3953);
#3955=ORIENTED_EDGE('',*,*,#307,.F.);
#3956=CARTESIAN_POINT('',(-44.41206544,0.026244035,15.718019011));
#3957=VERTEX_POINT('',#3956);
#3958=CARTESIAN_POINT('',(-44.41206544,0.026244035,15.718019011));
#3959=DIRECTION('',(-0.,0.,1.));
#3960=VECTOR('',#3959,0.3);
#3961=LINE('',#3958,#3960);
#3962=EDGE_CURVE('',#3957,#290,#3961,.T.);
#3963=ORIENTED_EDGE('',*,*,#3962,.F.);
#3964=CARTESIAN_POINT('',(-44.41206544,-3.452283572,15.718019011));
#3965=VERTEX_POINT('',#3964);
#3966=CARTESIAN_POINT('',(-44.41206544,0.026244035,15.718019011));
#3967=DIRECTION('',(0.,-1.,0.));
#3968=VECTOR('',#3967,3.478527607);
#3969=LINE('',#3966,#3968);
#3970=EDGE_CURVE('',#3957,#3965,#3969,.T.);
#3971=ORIENTED_EDGE('',*,*,#3970,.T.);
#3972=CARTESIAN_POINT('',(-44.41206544,-3.452283572,15.718019011));
#3973=DIRECTION('',(-0.,0.,1.));
#3974=VECTOR('',#3973,0.3);
#3975=LINE('',#3972,#3974);
#3976=EDGE_CURVE('',#3965,#302,#3975,.T.);
#3977=ORIENTED_EDGE('',*,*,#3976,.T.);
#3978=EDGE_LOOP('',(#3955,#3963,#3971,#3977));
#3979=FACE_BOUND('',#3978,.T.);
#3980=ADVANCED_FACE('',(#3979),#3954,.T.);
#3981=CARTESIAN_POINT('',(-47.542263122,0.842194956,15.718019011));
#3982=CARTESIAN_POINT('',(-47.542263122,0.842194956,16.018019011));
#3983=CARTESIAN_POINT('',(-46.941036128,1.729720518,15.718019011));
#3984=CARTESIAN_POINT('',(-46.941036128,1.729720518,16.018019011));
#3985=CARTESIAN_POINT('',(-45.977164281,1.729720518,15.718019011));
#3986=CARTESIAN_POINT('',(-45.977164281,1.729720518,16.018019011));
#3987=CARTESIAN_POINT('',(-45.223244717,1.729720518,15.718019011));
#3988=CARTESIAN_POINT('',(-45.223244717,1.729720518,16.018019011));
#3989=CARTESIAN_POINT('',(-44.817655078,1.312201772,15.718019011));
#3990=CARTESIAN_POINT('',(-44.817655078,1.312201772,16.018019011));
#3991=CARTESIAN_POINT('',(-44.41206544,0.894683027,15.718019011));
#3992=CARTESIAN_POINT('',(-44.41206544,0.894683027,16.018019011));
#3993=CARTESIAN_POINT('',(-44.41206544,0.026244035,15.718019011));
#3994=CARTESIAN_POINT('',(-44.41206544,0.026244035,16.018019011));
#3995=B_SPLINE_SURFACE_WITH_KNOTS('',2,1,((#3981,#3982),(#3983,#3984),(#3985,#3986),(#3987,#3988),(#3989,#3990),(#3991,#3992),(#3993,#3994)),.UNSPECIFIED.,.F.,.F.,.U.,(3,2,2,3),(2,2),(0.380751547,0.622234535,0.811117267,1.),(0.,1.),.UNSPECIFIED.);
#3996=ORIENTED_EDGE('',*,*,#299,.F.);
#3997=CARTESIAN_POINT('',(-47.542263122,0.842194956,15.718019011));
#3998=VERTEX_POINT('',#3997);
#3999=CARTESIAN_POINT('',(-47.542263122,0.842194956,15.718019011));
#4000=DIRECTION('',(-0.,0.,1.));
#4001=VECTOR('',#4000,0.3);
#4002=LINE('',#3999,#4001);
#4003=EDGE_CURVE('',#3998,#288,#4002,.T.);
#4004=ORIENTED_EDGE('',*,*,#4003,.F.);
#4005=CARTESIAN_POINT('',(-47.542263122,0.842194956,15.718019011));
#4006=CARTESIAN_POINT('',(-46.941036128,1.729720518,15.718019011));
#4007=CARTESIAN_POINT('',(-45.977164281,1.729720518,15.718019011));
#4008=CARTESIAN_POINT('',(-45.223244717,1.729720518,15.718019011));
#4009=CARTESIAN_POINT('',(-44.817655078,1.312201772,15.718019011));
#4010=CARTESIAN_POINT('',(-44.41206544,0.894683027,15.718019011));
#4011=CARTESIAN_POINT('',(-44.41206544,0.026244035,15.718019011));
#4012=B_SPLINE_CURVE_WITH_KNOTS('',2,(#4005,#4006,#4007,#4008,#4009,#4010,#4011),.UNSPECIFIED.,.F.,.F.,(3,2,2,3),(0.380751547,0.622234535,0.811117267,1.),.UNSPECIFIED.);
#4013=EDGE_CURVE('',#3998,#3957,#4012,.T.);
#4014=ORIENTED_EDGE('',*,*,#4013,.T.);
#4015=ORIENTED_EDGE('',*,*,#3962,.T.);
#4016=EDGE_LOOP('',(#3996,#4004,#4014,#4015));
#4017=FACE_BOUND('',#4016,.T.);
#4018=ADVANCED_FACE('',(#4017),#3995,.T.);
#4019=CARTESIAN_POINT('',(-50.510224949,0.904226312,15.718019011));
#4020=CARTESIAN_POINT('',(-50.510224949,0.904226312,16.018019011));
#4021=CARTESIAN_POINT('',(-50.271642808,1.276414451,15.718019011));
#4022=CARTESIAN_POINT('',(-50.271642808,1.276414451,16.018019011));
#4023=CARTESIAN_POINT('',(-49.875596455,1.503067485,15.718019011));
#4024=CARTESIAN_POINT('',(-49.875596455,1.503067485,16.018019011));
#4025=CARTESIAN_POINT('',(-49.479550102,1.729720518,15.718019011));
#4026=CARTESIAN_POINT('',(-49.479550102,1.729720518,16.018019011));
#4027=CARTESIAN_POINT('',(-48.973755965,1.729720518,15.718019011));
#4028=CARTESIAN_POINT('',(-48.973755965,1.729720518,16.018019011));
#4029=CARTESIAN_POINT('',(-48.410702113,1.729720518,15.718019011));
#4030=CARTESIAN_POINT('',(-48.410702113,1.729720518,16.018019011));
#4031=CARTESIAN_POINT('',(-48.050443081,1.49591002,15.718019011));
#4032=CARTESIAN_POINT('',(-48.050443081,1.49591002,16.018019011));
#4033=CARTESIAN_POINT('',(-47.690184049,1.262099523,15.718019011));
#4034=CARTESIAN_POINT('',(-47.690184049,1.262099523,16.018019011));
#4035=CARTESIAN_POINT('',(-47.542263122,0.842194956,15.718019011));
#4036=CARTESIAN_POINT('',(-47.542263122,0.842194956,16.018019011));
#4037=B_SPLINE_SURFACE_WITH_KNOTS('',2,1,((#4019,#4020),(#4021,#4022),(#4023,#4024),(#4025,#4026),(#4027,#4028),(#4029,#4030),(#4031,#4032),(#4033,#4034),(#4035,#4036)),.UNSPECIFIED.,.F.,.F.,.U.,(3,2,2,2,3),(2,2),(0.,0.090088536,0.180177072,0.280464309,0.380751547),(0.,1.),.UNSPECIFIED.);
#4038=ORIENTED_EDGE('',*,*,#431,.F.);
#4039=CARTESIAN_POINT('',(-50.510224949,0.904226312,15.718019011));
#4040=VERTEX_POINT('',#4039);
#4041=CARTESIAN_POINT('',(-50.510224949,0.904226312,15.718019011));
#4042=DIRECTION('',(-0.,0.,1.));
#4043=VECTOR('',#4042,0.3);
#4044=LINE('',#4041,#4043);
#4045=EDGE_CURVE('',#4040,#414,#4044,.T.);
#4046=ORIENTED_EDGE('',*,*,#4045,.F.);
#4047=CARTESIAN_POINT('',(-50.510224949,0.904226312,15.718019011));
#4048=CARTESIAN_POINT('',(-50.271642808,1.276414451,15.718019011));
#4049=CARTESIAN_POINT('',(-49.875596455,1.503067485,15.718019011));
#4050=CARTESIAN_POINT('',(-49.479550102,1.729720518,15.718019011));
#4051=CARTESIAN_POINT('',(-48.973755965,1.729720518,15.718019011));
#4052=CARTESIAN_POINT('',(-48.410702113,1.729720518,15.718019011));
#4053=CARTESIAN_POINT('',(-48.050443081,1.49591002,15.718019011));
#4054=CARTESIAN_POINT('',(-47.690184049,1.262099523,15.718019011));
#4055=CARTESIAN_POINT('',(-47.542263122,0.842194956,15.718019011));
#4056=B_SPLINE_CURVE_WITH_KNOTS('',2,(#4047,#4048,#4049,#4050,#4051,#4052,#4053,#4054,#4055),.UNSPECIFIED.,.F.,.F.,(3,2,2,2,3),(0.,0.090088536,0.180177072,0.280464309,0.380751547),.UNSPECIFIED.);
#4057=EDGE_CURVE('',#4040,#3998,#4056,.T.);
#4058=ORIENTED_EDGE('',*,*,#4057,.T.);
#4059=ORIENTED_EDGE('',*,*,#4003,.T.);
#4060=EDGE_LOOP('',(#4038,#4046,#4058,#4059));
#4061=FACE_BOUND('',#4060,.T.);
#4062=ADVANCED_FACE('',(#4061),#4037,.T.);
#4063=CARTESIAN_POINT('',(-50.510224949,1.259713701,15.718019011));
#4064=DIRECTION('',(-1.,0.,-0.));
#4065=DIRECTION('',(-0.,0.,1.));
#4066=AXIS2_PLACEMENT_3D('',#4063,#4064,#4065);
#4067=PLANE('',#4066);
#4068=ORIENTED_EDGE('',*,*,#419,.F.);
#4069=CARTESIAN_POINT('',(-50.510224949,1.615201091,15.718019011));
#4070=VERTEX_POINT('',#4069);
#4071=CARTESIAN_POINT('',(-50.510224949,1.615201091,15.718019011));
#4072=DIRECTION('',(-0.,0.,1.));
#4073=VECTOR('',#4072,0.3);
#4074=LINE('',#4071,#4073);
#4075=EDGE_CURVE('',#4070,#406,#4074,.T.);
#4076=ORIENTED_EDGE('',*,*,#4075,.F.);
#4077=CARTESIAN_POINT('',(-50.510224949,1.615201091,15.718019011));
#4078=DIRECTION('',(0.,-1.,0.));
#4079=VECTOR('',#4078,0.710974778);
#4080=LINE('',#4077,#4079);
#4081=EDGE_CURVE('',#4070,#4040,#4080,.T.);
#4082=ORIENTED_EDGE('',*,*,#4081,.T.);
#4083=ORIENTED_EDGE('',*,*,#4045,.T.);
#4084=EDGE_LOOP('',(#4068,#4076,#4082,#4083));
#4085=FACE_BOUND('',#4084,.T.);
#4086=ADVANCED_FACE('',(#4085),#4067,.T.);
#4087=CARTESIAN_POINT('',(-50.894342195,1.615201091,15.718019011));
#4088=DIRECTION('',(0.,-1.,0.));
#4089=DIRECTION('',(0.,0.,-1.));
#4090=AXIS2_PLACEMENT_3D('',#4087,#4088,#4089);
#4091=PLANE('',#4090);
#4092=ORIENTED_EDGE('',*,*,#411,.F.);
#4093=CARTESIAN_POINT('',(-51.278459441,1.615201091,15.718019011));
#4094=VERTEX_POINT('',#4093);
#4095=CARTESIAN_POINT('',(-51.278459441,1.615201091,15.718019011));
#4096=DIRECTION('',(-0.,0.,1.));
#4097=VECTOR('',#4096,0.3);
#4098=LINE('',#4095,#4097);
#4099=EDGE_CURVE('',#4094,#398,#4098,.T.);
#4100=ORIENTED_EDGE('',*,*,#4099,.F.);
#4101=CARTESIAN_POINT('',(-51.278459441,1.615201091,15.718019011));
#4102=DIRECTION('',(1.,0.,0.));
#4103=VECTOR('',#4102,0.768234492);
#4104=LINE('',#4101,#4103);
#4105=EDGE_CURVE('',#4094,#4070,#4104,.T.);
#4106=ORIENTED_EDGE('',*,*,#4105,.T.);
#4107=ORIENTED_EDGE('',*,*,#4075,.T.);
#4108=EDGE_LOOP('',(#4092,#4100,#4106,#4107));
#4109=FACE_BOUND('',#4108,.T.);
#4110=ADVANCED_FACE('',(#4109),#4091,.T.);
#4111=CARTESIAN_POINT('',(-51.278459441,-0.918541241,15.718019011));
#4112=DIRECTION('',(1.,0.,0.));
#4113=DIRECTION('',(0.,0.,-1.));
#4114=AXIS2_PLACEMENT_3D('',#4111,#4112,#4113);
#4115=PLANE('',#4114);
#4116=ORIENTED_EDGE('',*,*,#403,.F.);
#4117=CARTESIAN_POINT('',(-51.278459441,-3.452283572,15.718019011));
#4118=VERTEX_POINT('',#4117);
#4119=CARTESIAN_POINT('',(-51.278459441,-3.452283572,15.718019011));
#4120=DIRECTION('',(-0.,0.,1.));
#4121=VECTOR('',#4120,0.3);
#4122=LINE('',#4119,#4121);
#4123=EDGE_CURVE('',#4118,#390,#4122,.T.);
#4124=ORIENTED_EDGE('',*,*,#4123,.F.);
#4125=CARTESIAN_POINT('',(-51.278459441,-3.452283572,15.718019011));
#4126=DIRECTION('',(0.,1.,0.));
#4127=VECTOR('',#4126,5.067484663);
#4128=LINE('',#4125,#4127);
#4129=EDGE_CURVE('',#4118,#4094,#4128,.T.);
#4130=ORIENTED_EDGE('',*,*,#4129,.T.);
#4131=ORIENTED_EDGE('',*,*,#4099,.T.);
#4132=EDGE_LOOP('',(#4116,#4124,#4130,#4131));
#4133=FACE_BOUND('',#4132,.T.);
#4134=ADVANCED_FACE('',(#4133),#4115,.T.);
#4135=CARTESIAN_POINT('',(-50.849011588,-3.452283572,15.718019011));
#4136=DIRECTION('',(0.,1.,0.));
#4137=DIRECTION('',(0.,0.,1.));
#4138=AXIS2_PLACEMENT_3D('',#4135,#4136,#4137);
#4139=PLANE('',#4138);
#4140=ORIENTED_EDGE('',*,*,#395,.F.);
#4141=CARTESIAN_POINT('',(-50.419563736,-3.452283572,15.718019011));
#4142=VERTEX_POINT('',#4141);
#4143=CARTESIAN_POINT('',(-50.419563736,-3.452283572,15.718019011));
#4144=DIRECTION('',(-0.,0.,1.));
#4145=VECTOR('',#4144,0.3);
#4146=LINE('',#4143,#4145);
#4147=EDGE_CURVE('',#4142,#382,#4146,.T.);
#4148=ORIENTED_EDGE('',*,*,#4147,.F.);
#4149=CARTESIAN_POINT('',(-50.419563736,-3.452283572,15.718019011));
#4150=DIRECTION('',(-1.,0.,-0.));
#4151=VECTOR('',#4150,0.858895706);
#4152=LINE('',#4149,#4151);
#4153=EDGE_CURVE('',#4142,#4118,#4152,.T.);
#4154=ORIENTED_EDGE('',*,*,#4153,.T.);
#4155=ORIENTED_EDGE('',*,*,#4123,.T.);
#4156=EDGE_LOOP('',(#4140,#4148,#4154,#4155));
#4157=FACE_BOUND('',#4156,.T.);
#4158=ADVANCED_FACE('',(#4157),#4139,.T.);
#4159=CARTESIAN_POINT('',(-50.419563736,-2.137695978,15.718019011));
#4160=DIRECTION('',(-1.,0.,-0.));
#4161=DIRECTION('',(-0.,0.,1.));
#4162=AXIS2_PLACEMENT_3D('',#4159,#4160,#4161);
#4163=PLANE('',#4162);
#4164=ORIENTED_EDGE('',*,*,#387,.F.);
#4165=CARTESIAN_POINT('',(-50.419563736,-0.823108384,15.718019011));
#4166=VERTEX_POINT('',#4165);
#4167=CARTESIAN_POINT('',(-50.419563736,-0.823108384,15.718019011));
#4168=DIRECTION('',(-0.,0.,1.));
#4169=VECTOR('',#4168,0.3);
#4170=LINE('',#4167,#4169);
#4171=EDGE_CURVE('',#4166,#366,#4170,.T.);
#4172=ORIENTED_EDGE('',*,*,#4171,.F.);
#4173=CARTESIAN_POINT('',(-50.419563736,-0.823108384,15.718019011));
#4174=DIRECTION('',(0.,-1.,0.));
#4175=VECTOR('',#4174,2.629175187);
#4176=LINE('',#4173,#4175);
#4177=EDGE_CURVE('',#4166,#4142,#4176,.T.);
#4178=ORIENTED_EDGE('',*,*,#4177,.T.);
#4179=ORIENTED_EDGE('',*,*,#4147,.T.);
#4180=EDGE_LOOP('',(#4164,#4172,#4178,#4179));
#4181=FACE_BOUND('',#4180,.T.);
#4182=ADVANCED_FACE('',(#4181),#4163,.T.);
#4183=CARTESIAN_POINT('',(-48.267552829,-0.159850034,15.718019011));
#4184=CARTESIAN_POINT('',(-48.267552829,-0.159850034,16.018019011));
#4185=CARTESIAN_POINT('',(-48.267552829,0.412747103,15.718019011));
#4186=CARTESIAN_POINT('',(-48.267552829,0.412747103,16.018019011));
#4187=CARTESIAN_POINT('',(-48.477505112,0.699045671,15.718019011));
#4188=CARTESIAN_POINT('',(-48.477505112,0.699045671,16.018019011));
#4189=CARTESIAN_POINT('',(-48.687457396,0.98534424,15.718019011));
#4190=CARTESIAN_POINT('',(-48.687457396,0.98534424,16.018019011));
#4191=CARTESIAN_POINT('',(-49.164621677,0.98534424,15.718019011));
#4192=CARTESIAN_POINT('',(-49.164621677,0.98534424,16.018019011));
#4193=CARTESIAN_POINT('',(-49.52726653,0.98534424,15.718019011));
#4194=CARTESIAN_POINT('',(-49.52726653,0.98534424,16.018019011));
#4195=CARTESIAN_POINT('',(-49.835037491,0.794478528,15.718019011));
#4196=CARTESIAN_POINT('',(-49.835037491,0.794478528,16.018019011));
#4197=CARTESIAN_POINT('',(-50.142808453,0.603612815,15.718019011));
#4198=CARTESIAN_POINT('',(-50.142808453,0.603612815,16.018019011));
#4199=CARTESIAN_POINT('',(-50.281186094,0.236196319,15.718019011));
#4200=CARTESIAN_POINT('',(-50.281186094,0.236196319,16.018019011));
#4201=CARTESIAN_POINT('',(-50.419563736,-0.131220177,15.718019011));
#4202=CARTESIAN_POINT('',(-50.419563736,-0.131220177,16.018019011));
#4203=CARTESIAN_POINT('',(-50.419563736,-0.823108384,15.718019011));
#4204=CARTESIAN_POINT('',(-50.419563736,-0.823108384,16.018019011));
#4205=B_SPLINE_SURFACE_WITH_KNOTS('',2,1,((#4183,#4184),(#4185,#4186),(#4187,#4188),(#4189,#4190),(#4191,#4192),(#4193,#4194),(#4195,#4196),(#4197,#4198),(#4199,#4200),(#4201,#4202),(#4203,#4204)),.UNSPECIFIED.,.F.,.F.,.U.,(3,2,2,2,2,3),(2,2),(0.,0.23364486,0.46728972,0.644859813,0.822429907,1.),(0.,1.),.UNSPECIFIED.);
#4206=ORIENTED_EDGE('',*,*,#379,.F.);
#4207=CARTESIAN_POINT('',(-48.267552829,-0.159850034,15.718019011));
#4208=VERTEX_POINT('',#4207);
#4209=CARTESIAN_POINT('',(-48.267552829,-0.159850034,15.718019011));
#4210=DIRECTION('',(-0.,0.,1.));
#4211=VECTOR('',#4210,0.3);
#4212=LINE('',#4209,#4211);
#4213=EDGE_CURVE('',#4208,#358,#4212,.T.);
#4214=ORIENTED_EDGE('',*,*,#4213,.F.);
#4215=CARTESIAN_POINT('',(-48.267552829,-0.159850034,15.718019011));
#4216=CARTESIAN_POINT('',(-48.267552829,0.412747103,15.718019011));
#4217=CARTESIAN_POINT('',(-48.477505112,0.699045671,15.718019011));
#4218=CARTESIAN_POINT('',(-48.687457396,0.98534424,15.718019011));
#4219=CARTESIAN_POINT('',(-49.164621677,0.98534424,15.718019011));
#4220=CARTESIAN_POINT('',(-49.52726653,0.98534424,15.718019011));
#4221=CARTESIAN_POINT('',(-49.835037491,0.794478528,15.718019011));
#4222=CARTESIAN_POINT('',(-50.142808453,0.603612815,15.718019011));
#4223=CARTESIAN_POINT('',(-50.281186094,0.236196319,15.718019011));
#4224=CARTESIAN_POINT('',(-50.419563736,-0.131220177,15.718019011));
#4225=CARTESIAN_POINT('',(-50.419563736,-0.823108384,15.718019011));
#4226=B_SPLINE_CURVE_WITH_KNOTS('',2,(#4215,#4216,#4217,#4218,#4219,#4220,#4221,#4222,#4223,#4224,#4225),.UNSPECIFIED.,.F.,.F.,(3,2,2,2,2,3),(0.,0.23364486,0.46728972,0.644859813,0.822429907,1.),.UNSPECIFIED.);
#4227=EDGE_CURVE('',#4208,#4166,#4226,.T.);
#4228=ORIENTED_EDGE('',*,*,#4227,.T.);
#4229=ORIENTED_EDGE('',*,*,#4171,.T.);
#4230=EDGE_LOOP('',(#4206,#4214,#4228,#4229));
#4231=FACE_BOUND('',#4230,.T.);
#4232=ADVANCED_FACE('',(#4231),#4205,.T.);
#4233=CARTESIAN_POINT('',(-48.267552829,-1.806066803,15.718019011));
#4234=DIRECTION('',(1.,0.,0.));
#4235=DIRECTION('',(0.,0.,-1.));
#4236=AXIS2_PLACEMENT_3D('',#4233,#4234,#4235);
#4237=PLANE('',#4236);
#4238=ORIENTED_EDGE('',*,*,#363,.F.);
#4239=CARTESIAN_POINT('',(-48.267552829,-3.452283572,15.718019011));
#4240=VERTEX_POINT('',#4239);
#4241=CARTESIAN_POINT('',(-48.267552829,-3.452283572,15.718019011));
#4242=DIRECTION('',(-0.,0.,1.));
#4243=VECTOR('',#4242,0.3);
#4244=LINE('',#4241,#4243);
#4245=EDGE_CURVE('',#4240,#350,#4244,.T.);
#4246=ORIENTED_EDGE('',*,*,#4245,.F.);
#4247=CARTESIAN_POINT('',(-48.267552829,-3.452283572,15.718019011));
#4248=DIRECTION('',(0.,1.,0.));
#4249=VECTOR('',#4248,3.292433538);
#4250=LINE('',#4247,#4249);
#4251=EDGE_CURVE('',#4240,#4208,#4250,.T.);
#4252=ORIENTED_EDGE('',*,*,#4251,.T.);
#4253=ORIENTED_EDGE('',*,*,#4213,.T.);
#4254=EDGE_LOOP('',(#4238,#4246,#4252,#4253));
#4255=FACE_BOUND('',#4254,.T.);
#4256=ADVANCED_FACE('',(#4255),#4237,.T.);
#4257=CARTESIAN_POINT('',(-47.838104976,-3.452283572,15.718019011));
#4258=DIRECTION('',(0.,1.,0.));
#4259=DIRECTION('',(0.,0.,1.));
#4260=AXIS2_PLACEMENT_3D('',#4257,#4258,#4259);
#4261=PLANE('',#4260);
#4262=ORIENTED_EDGE('',*,*,#355,.F.);
#4263=CARTESIAN_POINT('',(-47.408657123,-3.452283572,15.718019011));
#4264=VERTEX_POINT('',#4263);
#4265=CARTESIAN_POINT('',(-47.408657123,-3.452283572,15.718019011));
#4266=DIRECTION('',(-0.,0.,1.));
#4267=VECTOR('',#4266,0.3);
#4268=LINE('',#4265,#4267);
#4269=EDGE_CURVE('',#4264,#342,#4268,.T.);
#4270=ORIENTED_EDGE('',*,*,#4269,.F.);
#4271=CARTESIAN_POINT('',(-47.408657123,-3.452283572,15.718019011));
#4272=DIRECTION('',(-1.,0.,-0.));
#4273=VECTOR('',#4272,0.858895706);
#4274=LINE('',#4271,#4273);
#4275=EDGE_CURVE('',#4264,#4240,#4274,.T.);
#4276=ORIENTED_EDGE('',*,*,#4275,.T.);
#4277=ORIENTED_EDGE('',*,*,#4245,.T.);
#4278=EDGE_LOOP('',(#4262,#4270,#4276,#4277));
#4279=FACE_BOUND('',#4278,.T.);
#4280=ADVANCED_FACE('',(#4279),#4261,.T.);
#4281=CARTESIAN_POINT('',(-47.408657123,-1.980231766,15.718019011));
#4282=DIRECTION('',(-1.,0.,-0.));
#4283=DIRECTION('',(-0.,0.,1.));
#4284=AXIS2_PLACEMENT_3D('',#4281,#4282,#4283);
#4285=PLANE('',#4284);
#4286=ORIENTED_EDGE('',*,*,#347,.F.);
#4287=CARTESIAN_POINT('',(-47.408657123,-0.508179959,15.718019011));
#4288=VERTEX_POINT('',#4287);
#4289=CARTESIAN_POINT('',(-47.408657123,-0.508179959,15.718019011));
#4290=DIRECTION('',(-0.,0.,1.));
#4291=VECTOR('',#4290,0.3);
#4292=LINE('',#4289,#4291);
#4293=EDGE_CURVE('',#4288,#326,#4292,.T.);
#4294=ORIENTED_EDGE('',*,*,#4293,.F.);
#4295=CARTESIAN_POINT('',(-47.408657123,-0.508179959,15.718019011));
#4296=DIRECTION('',(0.,-1.,0.));
#4297=VECTOR('',#4296,2.944103613);
#4298=LINE('',#4295,#4297);
#4299=EDGE_CURVE('',#4288,#4264,#4298,.T.);
#4300=ORIENTED_EDGE('',*,*,#4299,.T.);
#4301=ORIENTED_EDGE('',*,*,#4269,.T.);
#4302=EDGE_LOOP('',(#4286,#4294,#4300,#4301));
#4303=FACE_BOUND('',#4302,.T.);
#4304=ADVANCED_FACE('',(#4303),#4285,.T.);
#4305=CARTESIAN_POINT('',(-45.266189502,-0.260054533,15.718019011));
#4306=CARTESIAN_POINT('',(-45.266189502,-0.260054533,16.018019011));
#4307=CARTESIAN_POINT('',(-45.266189502,0.25528289,15.718019011));
#4308=CARTESIAN_POINT('',(-45.266189502,0.25528289,16.018019011));
#4309=CARTESIAN_POINT('',(-45.349693252,0.481935924,15.718019011));
#4310=CARTESIAN_POINT('',(-45.349693252,0.481935924,16.018019011));
#4311=CARTESIAN_POINT('',(-45.433197001,0.708588957,15.718019011));
#4312=CARTESIAN_POINT('',(-45.433197001,0.708588957,16.018019011));
#4313=CARTESIAN_POINT('',(-45.65269257,0.846966599,15.718019011));
#4314=CARTESIAN_POINT('',(-45.65269257,0.846966599,16.018019011));
#4315=CARTESIAN_POINT('',(-45.872188139,0.98534424,15.718019011));
#4316=CARTESIAN_POINT('',(-45.872188139,0.98534424,16.018019011));
#4317=CARTESIAN_POINT('',(-46.168029993,0.98534424,15.718019011));
#4318=CARTESIAN_POINT('',(-46.168029993,0.98534424,16.018019011));
#4319=CARTESIAN_POINT('',(-46.702453988,0.98534424,15.718019011));
#4320=CARTESIAN_POINT('',(-46.702453988,0.98534424,16.018019011));
#4321=CARTESIAN_POINT('',(-47.055555556,0.629856851,15.718019011));
#4322=CARTESIAN_POINT('',(-47.055555556,0.629856851,16.018019011));
#4323=CARTESIAN_POINT('',(-47.408657123,0.274369461,15.718019011));
#4324=CARTESIAN_POINT('',(-47.408657123,0.274369461,16.018019011));
#4325=CARTESIAN_POINT('',(-47.408657123,-0.508179959,15.718019011));
#4326=CARTESIAN_POINT('',(-47.408657123,-0.508179959,16.018019011));
#4327=B_SPLINE_SURFACE_WITH_KNOTS('',2,1,((#4305,#4306),(#4307,#4308),(#4309,#4310),(#4311,#4312),(#4313,#4314),(#4315,#4316),(#4317,#4318),(#4319,#4320),(#4321,#4322),(#4323,#4324),(#4325,#4326)),.UNSPECIFIED.,.F.,.F.,.U.,(3,2,2,2,2,3),(2,2),(0.,0.151219512,0.302439024,0.453658537,0.726829268,1.),(0.,1.),.UNSPECIFIED.);
#4328=ORIENTED_EDGE('',*,*,#339,.F.);
#4329=CARTESIAN_POINT('',(-45.266189502,-0.260054533,15.718019011));
#4330=VERTEX_POINT('',#4329);
#4331=CARTESIAN_POINT('',(-45.266189502,-0.260054533,15.718019011));
#4332=DIRECTION('',(-0.,0.,1.));
#4333=VECTOR('',#4332,0.3);
#4334=LINE('',#4331,#4333);
#4335=EDGE_CURVE('',#4330,#318,#4334,.T.);
#4336=ORIENTED_EDGE('',*,*,#4335,.F.);
#4337=CARTESIAN_POINT('',(-45.266189502,-0.260054533,15.718019011));
#4338=CARTESIAN_POINT('',(-45.266189502,0.25528289,15.718019011));
#4339=CARTESIAN_POINT('',(-45.349693252,0.481935924,15.718019011));
#4340=CARTESIAN_POINT('',(-45.433197001,0.708588957,15.718019011));
#4341=CARTESIAN_POINT('',(-45.65269257,0.846966599,15.718019011));
#4342=CARTESIAN_POINT('',(-45.872188139,0.98534424,15.718019011));
#4343=CARTESIAN_POINT('',(-46.168029993,0.98534424,15.718019011));
#4344=CARTESIAN_POINT('',(-46.702453988,0.98534424,15.718019011));
#4345=CARTESIAN_POINT('',(-47.055555556,0.629856851,15.718019011));
#4346=CARTESIAN_POINT('',(-47.408657123,0.274369461,15.718019011));
#4347=CARTESIAN_POINT('',(-47.408657123,-0.508179959,15.718019011));
#4348=B_SPLINE_CURVE_WITH_KNOTS('',2,(#4337,#4338,#4339,#4340,#4341,#4342,#4343,#4344,#4345,#4346,#4347),.UNSPECIFIED.,.F.,.F.,(3,2,2,2,2,3),(0.,0.151219512,0.302439024,0.453658537,0.726829268,1.),.UNSPECIFIED.);
#4349=EDGE_CURVE('',#4330,#4288,#4348,.T.);
#4350=ORIENTED_EDGE('',*,*,#4349,.T.);
#4351=ORIENTED_EDGE('',*,*,#4293,.T.);
#4352=EDGE_LOOP('',(#4328,#4336,#4350,#4351));
#4353=FACE_BOUND('',#4352,.T.);
#4354=ADVANCED_FACE('',(#4353),#4327,.T.);
#4355=CARTESIAN_POINT('',(-45.266189502,-1.856169052,15.718019011));
#4356=DIRECTION('',(1.,0.,0.));
#4357=DIRECTION('',(0.,0.,-1.));
#4358=AXIS2_PLACEMENT_3D('',#4355,#4356,#4357);
#4359=PLANE('',#4358);
#4360=ORIENTED_EDGE('',*,*,#323,.F.);
#4361=CARTESIAN_POINT('',(-45.266189502,-3.452283572,15.718019011));
#4362=VERTEX_POINT('',#4361);
#4363=CARTESIAN_POINT('',(-45.266189502,-3.452283572,15.718019011));
#4364=DIRECTION('',(-0.,0.,1.));
#4365=VECTOR('',#4364,0.3);
#4366=LINE('',#4363,#4365);
#4367=EDGE_CURVE('',#4362,#310,#4366,.T.);
#4368=ORIENTED_EDGE('',*,*,#4367,.F.);
#4369=CARTESIAN_POINT('',(-45.266189502,-3.452283572,15.718019011));
#4370=DIRECTION('',(0.,1.,0.));
#4371=VECTOR('',#4370,3.192229039);
#4372=LINE('',#4369,#4371);
#4373=EDGE_CURVE('',#4362,#4330,#4372,.T.);
#4374=ORIENTED_EDGE('',*,*,#4373,.T.);
#4375=ORIENTED_EDGE('',*,*,#4335,.T.);
#4376=EDGE_LOOP('',(#4360,#4368,#4374,#4375));
#4377=FACE_BOUND('',#4376,.T.);
#4378=ADVANCED_FACE('',(#4377),#4359,.T.);
#4379=CARTESIAN_POINT('',(-44.839127471,-3.452283572,15.718019011));
#4380=DIRECTION('',(0.,1.,0.));
#4381=DIRECTION('',(0.,0.,1.));
#4382=AXIS2_PLACEMENT_3D('',#4379,#4380,#4381);
#4383=PLANE('',#4382);
#4384=ORIENTED_EDGE('',*,*,#315,.F.);
#4385=ORIENTED_EDGE('',*,*,#3976,.F.);
#4386=CARTESIAN_POINT('',(-44.41206544,-3.452283572,15.718019011));
#4387=DIRECTION('',(-1.,0.,-0.));
#4388=VECTOR('',#4387,0.854124063);
#4389=LINE('',#4386,#4388);
#4390=EDGE_CURVE('',#3965,#4362,#4389,.T.);
#4391=ORIENTED_EDGE('',*,*,#4390,.T.);
#4392=ORIENTED_EDGE('',*,*,#4367,.T.);
#4393=EDGE_LOOP('',(#4384,#4385,#4391,#4392));
#4394=FACE_BOUND('',#4393,.T.);
#4395=ADVANCED_FACE('',(#4394),#4383,.T.);
#4396=CARTESIAN_POINT('',(0.,0.,15.718019011));
#4397=DIRECTION('',(-0.,0.,1.));
#4398=DIRECTION('',(1.,0.,0.));
#4399=AXIS2_PLACEMENT_3D('',#4396,#4397,#4398);
#4400=PLANE('',#4399);
#4401=ORIENTED_EDGE('',*,*,#3970,.F.);
#4402=ORIENTED_EDGE('',*,*,#4013,.F.);
#4403=ORIENTED_EDGE('',*,*,#4057,.F.);
#4404=ORIENTED_EDGE('',*,*,#4081,.F.);
#4405=ORIENTED_EDGE('',*,*,#4105,.F.);
#4406=ORIENTED_EDGE('',*,*,#4129,.F.);
#4407=ORIENTED_EDGE('',*,*,#4153,.F.);
#4408=ORIENTED_EDGE('',*,*,#4177,.F.);
#4409=ORIENTED_EDGE('',*,*,#4227,.F.);
#4410=ORIENTED_EDGE('',*,*,#4251,.F.);
#4411=ORIENTED_EDGE('',*,*,#4275,.F.);
#4412=ORIENTED_EDGE('',*,*,#4299,.F.);
#4413=ORIENTED_EDGE('',*,*,#4349,.F.);
#4414=ORIENTED_EDGE('',*,*,#4373,.F.);
#4415=ORIENTED_EDGE('',*,*,#4390,.F.);
#4416=EDGE_LOOP('',(#4401,#4402,#4403,#4404,#4405,#4406,#4407,#4408,#4409,#4410,#4411,#4412,#4413,#4414,#4415));
#4417=FACE_BOUND('',#4416,.T.);
#4418=ADVANCED_FACE('',(#4417),#4400,.T.);
#4419=CARTESIAN_POINT('',(-36.271642808,-1.713019768,15.718019011));
#4420=DIRECTION('',(-1.,0.,-0.));
#4421=DIRECTION('',(-0.,0.,1.));
#4422=AXIS2_PLACEMENT_3D('',#4419,#4420,#4421);
#4423=PLANE('',#4422);
#4424=ORIENTED_EDGE('',*,*,#455,.F.);
#4425=CARTESIAN_POINT('',(-36.271642808,0.026244035,15.718019011));
#4426=VERTEX_POINT('',#4425);
#4427=CARTESIAN_POINT('',(-36.271642808,0.026244035,15.718019011));
#4428=DIRECTION('',(-0.,0.,1.));
#4429=VECTOR('',#4428,0.3);
#4430=LINE('',#4427,#4429);
#4431=EDGE_CURVE('',#4426,#438,#4430,.T.);
#4432=ORIENTED_EDGE('',*,*,#4431,.F.);
#4433=CARTESIAN_POINT('',(-36.271642808,-3.452283572,15.718019011));
#4434=VERTEX_POINT('',#4433);
#4435=CARTESIAN_POINT('',(-36.271642808,0.026244035,15.718019011));
#4436=DIRECTION('',(0.,-1.,0.));
#4437=VECTOR('',#4436,3.478527607);
#4438=LINE('',#4435,#4437);
#4439=EDGE_CURVE('',#4426,#4434,#4438,.T.);
#4440=ORIENTED_EDGE('',*,*,#4439,.T.);
#4441=CARTESIAN_POINT('',(-36.271642808,-3.452283572,15.718019011));
#4442=DIRECTION('',(-0.,0.,1.));
#4443=VECTOR('',#4442,0.3);
#4444=LINE('',#4441,#4443);
#4445=EDGE_CURVE('',#4434,#450,#4444,.T.);
#4446=ORIENTED_EDGE('',*,*,#4445,.T.);
#4447=EDGE_LOOP('',(#4424,#4432,#4440,#4446));
#4448=FACE_BOUND('',#4447,.T.);
#4449=ADVANCED_FACE('',(#4448),#4423,.T.);
#4450=CARTESIAN_POINT('',(-39.401840491,0.842194956,15.718019011));
#4451=CARTESIAN_POINT('',(-39.401840491,0.842194956,16.018019011));
#4452=CARTESIAN_POINT('',(-38.800613497,1.729720518,15.718019011));
#4453=CARTESIAN_POINT('',(-38.800613497,1.729720518,16.018019011));
#4454=CARTESIAN_POINT('',(-37.83674165,1.729720518,15.718019011));
#4455=CARTESIAN_POINT('',(-37.83674165,1.729720518,16.018019011));
#4456=CARTESIAN_POINT('',(-37.082822086,1.729720518,15.718019011));
#4457=CARTESIAN_POINT('',(-37.082822086,1.729720518,16.018019011));
#4458=CARTESIAN_POINT('',(-36.677232447,1.312201772,15.718019011));
#4459=CARTESIAN_POINT('',(-36.677232447,1.312201772,16.018019011));
#4460=CARTESIAN_POINT('',(-36.271642808,0.894683027,15.718019011));
#4461=CARTESIAN_POINT('',(-36.271642808,0.894683027,16.018019011));
#4462=CARTESIAN_POINT('',(-36.271642808,0.026244035,15.718019011));
#4463=CARTESIAN_POINT('',(-36.271642808,0.026244035,16.018019011));
#4464=B_SPLINE_SURFACE_WITH_KNOTS('',2,1,((#4450,#4451),(#4452,#4453),(#4454,#4455),(#4456,#4457),(#4458,#4459),(#4460,#4461),(#4462,#4463)),.UNSPECIFIED.,.F.,.F.,.U.,(3,2,2,3),(2,2),(0.380751547,0.622234535,0.811117267,1.),(0.,1.),.UNSPECIFIED.);
#4465=ORIENTED_EDGE('',*,*,#447,.F.);
#4466=CARTESIAN_POINT('',(-39.401840491,0.842194956,15.718019011));
#4467=VERTEX_POINT('',#4466);
#4468=CARTESIAN_POINT('',(-39.401840491,0.842194956,15.718019011));
#4469=DIRECTION('',(-0.,0.,1.));
#4470=VECTOR('',#4469,0.3);
#4471=LINE('',#4468,#4470);
#4472=EDGE_CURVE('',#4467,#436,#4471,.T.);
#4473=ORIENTED_EDGE('',*,*,#4472,.F.);
#4474=CARTESIAN_POINT('',(-39.401840491,0.842194956,15.718019011));
#4475=CARTESIAN_POINT('',(-38.800613497,1.729720518,15.718019011));
#4476=CARTESIAN_POINT('',(-37.83674165,1.729720518,15.718019011));
#4477=CARTESIAN_POINT('',(-37.082822086,1.729720518,15.718019011));
#4478=CARTESIAN_POINT('',(-36.677232447,1.312201772,15.718019011));
#4479=CARTESIAN_POINT('',(-36.271642808,0.894683027,15.718019011));
#4480=CARTESIAN_POINT('',(-36.271642808,0.026244035,15.718019011));
#4481=B_SPLINE_CURVE_WITH_KNOTS('',2,(#4474,#4475,#4476,#4477,#4478,#4479,#4480),.UNSPECIFIED.,.F.,.F.,(3,2,2,3),(0.380751547,0.622234535,0.811117267,1.),.UNSPECIFIED.);
#4482=EDGE_CURVE('',#4467,#4426,#4481,.T.);
#4483=ORIENTED_EDGE('',*,*,#4482,.T.);
#4484=ORIENTED_EDGE('',*,*,#4431,.T.);
#4485=EDGE_LOOP('',(#4465,#4473,#4483,#4484));
#4486=FACE_BOUND('',#4485,.T.);
#4487=ADVANCED_FACE('',(#4486),#4464,.T.);
#4488=CARTESIAN_POINT('',(-42.369802318,0.904226312,15.718019011));
#4489=CARTESIAN_POINT('',(-42.369802318,0.904226312,16.018019011));
#4490=CARTESIAN_POINT('',(-42.131220177,1.276414451,15.718019011));
#4491=CARTESIAN_POINT('',(-42.131220177,1.276414451,16.018019011));
#4492=CARTESIAN_POINT('',(-41.735173824,1.503067485,15.718019011));
#4493=CARTESIAN_POINT('',(-41.735173824,1.503067485,16.018019011));
#4494=CARTESIAN_POINT('',(-41.339127471,1.729720518,15.718019011));
#4495=CARTESIAN_POINT('',(-41.339127471,1.729720518,16.018019011));
#4496=CARTESIAN_POINT('',(-40.833333333,1.729720518,15.718019011));
#4497=CARTESIAN_POINT('',(-40.833333333,1.729720518,16.018019011));
#4498=CARTESIAN_POINT('',(-40.270279482,1.729720518,15.718019011));
#4499=CARTESIAN_POINT('',(-40.270279482,1.729720518,16.018019011));
#4500=CARTESIAN_POINT('',(-39.91002045,1.49591002,15.718019011));
#4501=CARTESIAN_POINT('',(-39.91002045,1.49591002,16.018019011));
#4502=CARTESIAN_POINT('',(-39.549761418,1.262099523,15.718019011));
#4503=CARTESIAN_POINT('',(-39.549761418,1.262099523,16.018019011));
#4504=CARTESIAN_POINT('',(-39.401840491,0.842194956,15.718019011));
#4505=CARTESIAN_POINT('',(-39.401840491,0.842194956,16.018019011));
#4506=B_SPLINE_SURFACE_WITH_KNOTS('',2,1,((#4488,#4489),(#4490,#4491),(#4492,#4493),(#4494,#4495),(#4496,#4497),(#4498,#4499),(#4500,#4501),(#4502,#4503),(#4504,#4505)),.UNSPECIFIED.,.F.,.F.,.U.,(3,2,2,2,3),(2,2),(0.,0.090088536,0.180177072,0.280464309,0.380751547),(0.,1.),.UNSPECIFIED.);
#4507=ORIENTED_EDGE('',*,*,#579,.F.);
#4508=CARTESIAN_POINT('',(-42.369802318,0.904226312,15.718019011));
#4509=VERTEX_POINT('',#4508);
#4510=CARTESIAN_POINT('',(-42.369802318,0.904226312,15.718019011));
#4511=DIRECTION('',(-0.,0.,1.));
#4512=VECTOR('',#4511,0.3);
#4513=LINE('',#4510,#4512);
#4514=EDGE_CURVE('',#4509,#562,#4513,.T.);
#4515=ORIENTED_EDGE('',*,*,#4514,.F.);
#4516=CARTESIAN_POINT('',(-42.369802318,0.904226312,15.718019011));
#4517=CARTESIAN_POINT('',(-42.131220177,1.276414451,15.718019011));
#4518=CARTESIAN_POINT('',(-41.735173824,1.503067485,15.718019011));
#4519=CARTESIAN_POINT('',(-41.339127471,1.729720518,15.718019011));
#4520=CARTESIAN_POINT('',(-40.833333333,1.729720518,15.718019011));
#4521=CARTESIAN_POINT('',(-40.270279482,1.729720518,15.718019011));
#4522=CARTESIAN_POINT('',(-39.91002045,1.49591002,15.718019011));
#4523=CARTESIAN_POINT('',(-39.549761418,1.262099523,15.718019011));
#4524=CARTESIAN_POINT('',(-39.401840491,0.842194956,15.718019011));
#4525=B_SPLINE_CURVE_WITH_KNOTS('',2,(#4516,#4517,#4518,#4519,#4520,#4521,#4522,#4523,#4524),.UNSPECIFIED.,.F.,.F.,(3,2,2,2,3),(0.,0.090088536,0.180177072,0.280464309,0.380751547),.UNSPECIFIED.);
#4526=EDGE_CURVE('',#4509,#4467,#4525,.T.);
#4527=ORIENTED_EDGE('',*,*,#4526,.T.);
#4528=ORIENTED_EDGE('',*,*,#4472,.T.);
#4529=EDGE_LOOP('',(#4507,#4515,#4527,#4528));
#4530=FACE_BOUND('',#4529,.T.);
#4531=ADVANCED_FACE('',(#4530),#4506,.T.);
#4532=CARTESIAN_POINT('',(-42.369802318,1.259713701,15.718019011));
#4533=DIRECTION('',(-1.,0.,-0.));
#4534=DIRECTION('',(-0.,0.,1.));
#4535=AXIS2_PLACEMENT_3D('',#4532,#4533,#4534);
#4536=PLANE('',#4535);
#4537=ORIENTED_EDGE('',*,*,#567,.F.);
#4538=CARTESIAN_POINT('',(-42.369802318,1.615201091,15.718019011));
#4539=VERTEX_POINT('',#4538);
#4540=CARTESIAN_POINT('',(-42.369802318,1.615201091,15.718019011));
#4541=DIRECTION('',(-0.,0.,1.));
#4542=VECTOR('',#4541,0.3);
#4543=LINE('',#4540,#4542);
#4544=EDGE_CURVE('',#4539,#554,#4543,.T.);
#4545=ORIENTED_EDGE('',*,*,#4544,.F.);
#4546=CARTESIAN_POINT('',(-42.369802318,1.615201091,15.718019011));
#4547=DIRECTION('',(0.,-1.,0.));
#4548=VECTOR('',#4547,0.710974778);
#4549=LINE('',#4546,#4548);
#4550=EDGE_CURVE('',#4539,#4509,#4549,.T.);
#4551=ORIENTED_EDGE('',*,*,#4550,.T.);
#4552=ORIENTED_EDGE('',*,*,#4514,.T.);
#4553=EDGE_LOOP('',(#4537,#4545,#4551,#4552));
#4554=FACE_BOUND('',#4553,.T.);
#4555=ADVANCED_FACE('',(#4554),#4536,.T.);
#4556=CARTESIAN_POINT('',(-42.753919564,1.615201091,15.718019011));
#4557=DIRECTION('',(0.,-1.,0.));
#4558=DIRECTION('',(0.,0.,-1.));
#4559=AXIS2_PLACEMENT_3D('',#4556,#4557,#4558);
#4560=PLANE('',#4559);
#4561=ORIENTED_EDGE('',*,*,#559,.F.);
#4562=CARTESIAN_POINT('',(-43.13803681,1.615201091,15.718019011));
#4563=VERTEX_POINT('',#4562);
#4564=CARTESIAN_POINT('',(-43.13803681,1.615201091,15.718019011));
#4565=DIRECTION('',(-0.,0.,1.));
#4566=VECTOR('',#4565,0.3);
#4567=LINE('',#4564,#4566);
#4568=EDGE_CURVE('',#4563,#546,#4567,.T.);
#4569=ORIENTED_EDGE('',*,*,#4568,.F.);
#4570=CARTESIAN_POINT('',(-43.13803681,1.615201091,15.718019011));
#4571=DIRECTION('',(1.,0.,0.));
#4572=VECTOR('',#4571,0.768234492);
#4573=LINE('',#4570,#4572);
#4574=EDGE_CURVE('',#4563,#4539,#4573,.T.);
#4575=ORIENTED_EDGE('',*,*,#4574,.T.);
#4576=ORIENTED_EDGE('',*,*,#4544,.T.);
#4577=EDGE_LOOP('',(#4561,#4569,#4575,#4576));
#4578=FACE_BOUND('',#4577,.T.);
#4579=ADVANCED_FACE('',(#4578),#4560,.T.);
#4580=CARTESIAN_POINT('',(-43.13803681,-0.918541241,15.718019011));
#4581=DIRECTION('',(1.,0.,0.));
#4582=DIRECTION('',(0.,0.,-1.));
#4583=AXIS2_PLACEMENT_3D('',#4580,#4581,#4582);
#4584=PLANE('',#4583);
#4585=ORIENTED_EDGE('',*,*,#551,.F.);
#4586=CARTESIAN_POINT('',(-43.13803681,-3.452283572,15.718019011));
#4587=VERTEX_POINT('',#4586);
#4588=CARTESIAN_POINT('',(-43.13803681,-3.452283572,15.718019011));
#4589=DIRECTION('',(-0.,0.,1.));
#4590=VECTOR('',#4589,0.3);
#4591=LINE('',#4588,#4590);
#4592=EDGE_CURVE('',#4587,#538,#4591,.T.);
#4593=ORIENTED_EDGE('',*,*,#4592,.F.);
#4594=CARTESIAN_POINT('',(-43.13803681,-3.452283572,15.718019011));
#4595=DIRECTION('',(0.,1.,0.));
#4596=VECTOR('',#4595,5.067484663);
#4597=LINE('',#4594,#4596);
#4598=EDGE_CURVE('',#4587,#4563,#4597,.T.);
#4599=ORIENTED_EDGE('',*,*,#4598,.T.);
#4600=ORIENTED_EDGE('',*,*,#4568,.T.);
#4601=EDGE_LOOP('',(#4585,#4593,#4599,#4600));
#4602=FACE_BOUND('',#4601,.T.);
#4603=ADVANCED_FACE('',(#4602),#4584,.T.);
#4604=CARTESIAN_POINT('',(-42.708588957,-3.452283572,15.718019011));
#4605=DIRECTION('',(0.,1.,0.));
#4606=DIRECTION('',(0.,0.,1.));
#4607=AXIS2_PLACEMENT_3D('',#4604,#4605,#4606);
#4608=PLANE('',#4607);
#4609=ORIENTED_EDGE('',*,*,#543,.F.);
#4610=CARTESIAN_POINT('',(-42.279141104,-3.452283572,15.718019011));
#4611=VERTEX_POINT('',#4610);
#4612=CARTESIAN_POINT('',(-42.279141104,-3.452283572,15.718019011));
#4613=DIRECTION('',(-0.,0.,1.));
#4614=VECTOR('',#4613,0.3);
#4615=LINE('',#4612,#4614);
#4616=EDGE_CURVE('',#4611,#530,#4615,.T.);
#4617=ORIENTED_EDGE('',*,*,#4616,.F.);
#4618=CARTESIAN_POINT('',(-42.279141104,-3.452283572,15.718019011));
#4619=DIRECTION('',(-1.,0.,-0.));
#4620=VECTOR('',#4619,0.858895706);
#4621=LINE('',#4618,#4620);
#4622=EDGE_CURVE('',#4611,#4587,#4621,.T.);
#4623=ORIENTED_EDGE('',*,*,#4622,.T.);
#4624=ORIENTED_EDGE('',*,*,#4592,.T.);
#4625=EDGE_LOOP('',(#4609,#4617,#4623,#4624));
#4626=FACE_BOUND('',#4625,.T.);
#4627=ADVANCED_FACE('',(#4626),#4608,.T.);
#4628=CARTESIAN_POINT('',(-42.279141104,-2.137695978,15.718019011));
#4629=DIRECTION('',(-1.,0.,-0.));
#4630=DIRECTION('',(-0.,0.,1.));
#4631=AXIS2_PLACEMENT_3D('',#4628,#4629,#4630);
#4632=PLANE('',#4631);
#4633=ORIENTED_EDGE('',*,*,#535,.F.);
#4634=CARTESIAN_POINT('',(-42.279141104,-0.823108384,15.718019011));
#4635=VERTEX_POINT('',#4634);
#4636=CARTESIAN_POINT('',(-42.279141104,-0.823108384,15.718019011));
#4637=DIRECTION('',(-0.,0.,1.));
#4638=VECTOR('',#4637,0.3);
#4639=LINE('',#4636,#4638);
#4640=EDGE_CURVE('',#4635,#514,#4639,.T.);
#4641=ORIENTED_EDGE('',*,*,#4640,.F.);
#4642=CARTESIAN_POINT('',(-42.279141104,-0.823108384,15.718019011));
#4643=DIRECTION('',(0.,-1.,0.));
#4644=VECTOR('',#4643,2.629175187);
#4645=LINE('',#4642,#4644);
#4646=EDGE_CURVE('',#4635,#4611,#4645,.T.);
#4647=ORIENTED_EDGE('',*,*,#4646,.T.);
#4648=ORIENTED_EDGE('',*,*,#4616,.T.);
#4649=EDGE_LOOP('',(#4633,#4641,#4647,#4648));
#4650=FACE_BOUND('',#4649,.T.);
#4651=ADVANCED_FACE('',(#4650),#4632,.T.);
#4652=CARTESIAN_POINT('',(-40.127130198,-0.159850034,15.718019011));
#4653=CARTESIAN_POINT('',(-40.127130198,-0.159850034,16.018019011));
#4654=CARTESIAN_POINT('',(-40.127130198,0.412747103,15.718019011));
#4655=CARTESIAN_POINT('',(-40.127130198,0.412747103,16.018019011));
#4656=CARTESIAN_POINT('',(-40.337082481,0.699045671,15.718019011));
#4657=CARTESIAN_POINT('',(-40.337082481,0.699045671,16.018019011));
#4658=CARTESIAN_POINT('',(-40.547034765,0.98534424,15.718019011));
#4659=CARTESIAN_POINT('',(-40.547034765,0.98534424,16.018019011));
#4660=CARTESIAN_POINT('',(-41.024199046,0.98534424,15.718019011));
#4661=CARTESIAN_POINT('',(-41.024199046,0.98534424,16.018019011));
#4662=CARTESIAN_POINT('',(-41.386843899,0.98534424,15.718019011));
#4663=CARTESIAN_POINT('',(-41.386843899,0.98534424,16.018019011));
#4664=CARTESIAN_POINT('',(-41.69461486,0.794478528,15.718019011));
#4665=CARTESIAN_POINT('',(-41.69461486,0.794478528,16.018019011));
#4666=CARTESIAN_POINT('',(-42.002385821,0.603612815,15.718019011));
#4667=CARTESIAN_POINT('',(-42.002385821,0.603612815,16.018019011));
#4668=CARTESIAN_POINT('',(-42.140763463,0.236196319,15.718019011));
#4669=CARTESIAN_POINT('',(-42.140763463,0.236196319,16.018019011));
#4670=CARTESIAN_POINT('',(-42.279141104,-0.131220177,15.718019011));
#4671=CARTESIAN_POINT('',(-42.279141104,-0.131220177,16.018019011));
#4672=CARTESIAN_POINT('',(-42.279141104,-0.823108384,15.718019011));
#4673=CARTESIAN_POINT('',(-42.279141104,-0.823108384,16.018019011));
#4674=B_SPLINE_SURFACE_WITH_KNOTS('',2,1,((#4652,#4653),(#4654,#4655),(#4656,#4657),(#4658,#4659),(#4660,#4661),(#4662,#4663),(#4664,#4665),(#4666,#4667),(#4668,#4669),(#4670,#4671),(#4672,#4673)),.UNSPECIFIED.,.F.,.F.,.U.,(3,2,2,2,2,3),(2,2),(0.,0.23364486,0.46728972,0.644859813,0.822429907,1.),(0.,1.),.UNSPECIFIED.);
#4675=ORIENTED_EDGE('',*,*,#527,.F.);
#4676=CARTESIAN_POINT('',(-40.127130198,-0.159850034,15.718019011));
#4677=VERTEX_POINT('',#4676);
#4678=CARTESIAN_POINT('',(-40.127130198,-0.159850034,15.718019011));
#4679=DIRECTION('',(-0.,0.,1.));
#4680=VECTOR('',#4679,0.3);
#4681=LINE('',#4678,#4680);
#4682=EDGE_CURVE('',#4677,#506,#4681,.T.);
#4683=ORIENTED_EDGE('',*,*,#4682,.F.);
#4684=CARTESIAN_POINT('',(-40.127130198,-0.159850034,15.718019011));
#4685=CARTESIAN_POINT('',(-40.127130198,0.412747103,15.718019011));
#4686=CARTESIAN_POINT('',(-40.337082481,0.699045671,15.718019011));
#4687=CARTESIAN_POINT('',(-40.547034765,0.98534424,15.718019011));
#4688=CARTESIAN_POINT('',(-41.024199046,0.98534424,15.718019011));
#4689=CARTESIAN_POINT('',(-41.386843899,0.98534424,15.718019011));
#4690=CARTESIAN_POINT('',(-41.69461486,0.794478528,15.718019011));
#4691=CARTESIAN_POINT('',(-42.002385821,0.603612815,15.718019011));
#4692=CARTESIAN_POINT('',(-42.140763463,0.236196319,15.718019011));
#4693=CARTESIAN_POINT('',(-42.279141104,-0.131220177,15.718019011));
#4694=CARTESIAN_POINT('',(-42.279141104,-0.823108384,15.718019011));
#4695=B_SPLINE_CURVE_WITH_KNOTS('',2,(#4684,#4685,#4686,#4687,#4688,#4689,#4690,#4691,#4692,#4693,#4694),.UNSPECIFIED.,.F.,.F.,(3,2,2,2,2,3),(0.,0.23364486,0.46728972,0.644859813,0.822429907,1.),.UNSPECIFIED.);
#4696=EDGE_CURVE('',#4677,#4635,#4695,.T.);
#4697=ORIENTED_EDGE('',*,*,#4696,.T.);
#4698=ORIENTED_EDGE('',*,*,#4640,.T.);
#4699=EDGE_LOOP('',(#4675,#4683,#4697,#4698));
#4700=FACE_BOUND('',#4699,.T.);
#4701=ADVANCED_FACE('',(#4700),#4674,.T.);
#4702=CARTESIAN_POINT('',(-40.127130198,-1.806066803,15.718019011));
#4703=DIRECTION('',(1.,0.,0.));
#4704=DIRECTION('',(0.,0.,-1.));
#4705=AXIS2_PLACEMENT_3D('',#4702,#4703,#4704);
#4706=PLANE('',#4705);
#4707=ORIENTED_EDGE('',*,*,#511,.F.);
#4708=CARTESIAN_POINT('',(-40.127130198,-3.452283572,15.718019011));
#4709=VERTEX_POINT('',#4708);
#4710=CARTESIAN_POINT('',(-40.127130198,-3.452283572,15.718019011));
#4711=DIRECTION('',(-0.,0.,1.));
#4712=VECTOR('',#4711,0.3);
#4713=LINE('',#4710,#4712);
#4714=EDGE_CURVE('',#4709,#498,#4713,.T.);
#4715=ORIENTED_EDGE('',*,*,#4714,.F.);
#4716=CARTESIAN_POINT('',(-40.127130198,-3.452283572,15.718019011));
#4717=DIRECTION('',(0.,1.,0.));
#4718=VECTOR('',#4717,3.292433538);
#4719=LINE('',#4716,#4718);
#4720=EDGE_CURVE('',#4709,#4677,#4719,.T.);
#4721=ORIENTED_EDGE('',*,*,#4720,.T.);
#4722=ORIENTED_EDGE('',*,*,#4682,.T.);
#4723=EDGE_LOOP('',(#4707,#4715,#4721,#4722));
#4724=FACE_BOUND('',#4723,.T.);
#4725=ADVANCED_FACE('',(#4724),#4706,.T.);
#4726=CARTESIAN_POINT('',(-39.697682345,-3.452283572,15.718019011));
#4727=DIRECTION('',(0.,1.,0.));
#4728=DIRECTION('',(0.,0.,1.));
#4729=AXIS2_PLACEMENT_3D('',#4726,#4727,#4728);
#4730=PLANE('',#4729);
#4731=ORIENTED_EDGE('',*,*,#503,.F.);
#4732=CARTESIAN_POINT('',(-39.268234492,-3.452283572,15.718019011));
#4733=VERTEX_POINT('',#4732);
#4734=CARTESIAN_POINT('',(-39.268234492,-3.452283572,15.718019011));
#4735=DIRECTION('',(-0.,0.,1.));
#4736=VECTOR('',#4735,0.3);
#4737=LINE('',#4734,#4736);
#4738=EDGE_CURVE('',#4733,#490,#4737,.T.);
#4739=ORIENTED_EDGE('',*,*,#4738,.F.);
#4740=CARTESIAN_POINT('',(-39.268234492,-3.452283572,15.718019011));
#4741=DIRECTION('',(-1.,0.,-0.));
#4742=VECTOR('',#4741,0.858895706);
#4743=LINE('',#4740,#4742);
#4744=EDGE_CURVE('',#4733,#4709,#4743,.T.);
#4745=ORIENTED_EDGE('',*,*,#4744,.T.);
#4746=ORIENTED_EDGE('',*,*,#4714,.T.);
#4747=EDGE_LOOP('',(#4731,#4739,#4745,#4746));
#4748=FACE_BOUND('',#4747,.T.);
#4749=ADVANCED_FACE('',(#4748),#4730,.T.);
#4750=CARTESIAN_POINT('',(-39.268234492,-1.980231766,15.718019011));
#4751=DIRECTION('',(-1.,0.,-0.));
#4752=DIRECTION('',(-0.,0.,1.));
#4753=AXIS2_PLACEMENT_3D('',#4750,#4751,#4752);
#4754=PLANE('',#4753);
#4755=ORIENTED_EDGE('',*,*,#495,.F.);
#4756=CARTESIAN_POINT('',(-39.268234492,-0.508179959,15.718019011));
#4757=VERTEX_POINT('',#4756);
#4758=CARTESIAN_POINT('',(-39.268234492,-0.508179959,15.718019011));
#4759=DIRECTION('',(-0.,0.,1.));
#4760=VECTOR('',#4759,0.3);
#4761=LINE('',#4758,#4760);
#4762=EDGE_CURVE('',#4757,#474,#4761,.T.);
#4763=ORIENTED_EDGE('',*,*,#4762,.F.);
#4764=CARTESIAN_POINT('',(-39.268234492,-0.508179959,15.718019011));
#4765=DIRECTION('',(0.,-1.,0.));
#4766=VECTOR('',#4765,2.944103613);
#4767=LINE('',#4764,#4766);
#4768=EDGE_CURVE('',#4757,#4733,#4767,.T.);
#4769=ORIENTED_EDGE('',*,*,#4768,.T.);
#4770=ORIENTED_EDGE('',*,*,#4738,.T.);
#4771=EDGE_LOOP('',(#4755,#4763,#4769,#4770));
#4772=FACE_BOUND('',#4771,.T.);
#4773=ADVANCED_FACE('',(#4772),#4754,.T.);
#4774=CARTESIAN_POINT('',(-37.125766871,-0.260054533,15.718019011));
#4775=CARTESIAN_POINT('',(-37.125766871,-0.260054533,16.018019011));
#4776=CARTESIAN_POINT('',(-37.125766871,0.25528289,15.718019011));
#4777=CARTESIAN_POINT('',(-37.125766871,0.25528289,16.018019011));
#4778=CARTESIAN_POINT('',(-37.20927062,0.481935924,15.718019011));
#4779=CARTESIAN_POINT('',(-37.20927062,0.481935924,16.018019011));
#4780=CARTESIAN_POINT('',(-37.292774369,0.708588957,15.718019011));
#4781=CARTESIAN_POINT('',(-37.292774369,0.708588957,16.018019011));
#4782=CARTESIAN_POINT('',(-37.512269939,0.846966599,15.718019011));
#4783=CARTESIAN_POINT('',(-37.512269939,0.846966599,16.018019011));
#4784=CARTESIAN_POINT('',(-37.731765508,0.98534424,15.718019011));
#4785=CARTESIAN_POINT('',(-37.731765508,0.98534424,16.018019011));
#4786=CARTESIAN_POINT('',(-38.027607362,0.98534424,15.718019011));
#4787=CARTESIAN_POINT('',(-38.027607362,0.98534424,16.018019011));
#4788=CARTESIAN_POINT('',(-38.562031357,0.98534424,15.718019011));
#4789=CARTESIAN_POINT('',(-38.562031357,0.98534424,16.018019011));
#4790=CARTESIAN_POINT('',(-38.915132924,0.629856851,15.718019011));
#4791=CARTESIAN_POINT('',(-38.915132924,0.629856851,16.018019011));
#4792=CARTESIAN_POINT('',(-39.268234492,0.274369461,15.718019011));
#4793=CARTESIAN_POINT('',(-39.268234492,0.274369461,16.018019011));
#4794=CARTESIAN_POINT('',(-39.268234492,-0.508179959,15.718019011));
#4795=CARTESIAN_POINT('',(-39.268234492,-0.508179959,16.018019011));
#4796=B_SPLINE_SURFACE_WITH_KNOTS('',2,1,((#4774,#4775),(#4776,#4777),(#4778,#4779),(#4780,#4781),(#4782,#4783),(#4784,#4785),(#4786,#4787),(#4788,#4789),(#4790,#4791),(#4792,#4793),(#4794,#4795)),.UNSPECIFIED.,.F.,.F.,.U.,(3,2,2,2,2,3),(2,2),(0.,0.151219512,0.302439024,0.453658537,0.726829268,1.),(0.,1.),.UNSPECIFIED.);
#4797=ORIENTED_EDGE('',*,*,#487,.F.);
#4798=CARTESIAN_POINT('',(-37.125766871,-0.260054533,15.718019011));
#4799=VERTEX_POINT('',#4798);
#4800=CARTESIAN_POINT('',(-37.125766871,-0.260054533,15.718019011));
#4801=DIRECTION('',(-0.,0.,1.));
#4802=VECTOR('',#4801,0.3);
#4803=LINE('',#4800,#4802);
#4804=EDGE_CURVE('',#4799,#466,#4803,.T.);
#4805=ORIENTED_EDGE('',*,*,#4804,.F.);
#4806=CARTESIAN_POINT('',(-37.125766871,-0.260054533,15.718019011));
#4807=CARTESIAN_POINT('',(-37.125766871,0.25528289,15.718019011));
#4808=CARTESIAN_POINT('',(-37.20927062,0.481935924,15.718019011));
#4809=CARTESIAN_POINT('',(-37.292774369,0.708588957,15.718019011));
#4810=CARTESIAN_POINT('',(-37.512269939,0.846966599,15.718019011));
#4811=CARTESIAN_POINT('',(-37.731765508,0.98534424,15.718019011));
#4812=CARTESIAN_POINT('',(-38.027607362,0.98534424,15.718019011));
#4813=CARTESIAN_POINT('',(-38.562031357,0.98534424,15.718019011));
#4814=CARTESIAN_POINT('',(-38.915132924,0.629856851,15.718019011));
#4815=CARTESIAN_POINT('',(-39.268234492,0.274369461,15.718019011));
#4816=CARTESIAN_POINT('',(-39.268234492,-0.508179959,15.718019011));
#4817=B_SPLINE_CURVE_WITH_KNOTS('',2,(#4806,#4807,#4808,#4809,#4810,#4811,#4812,#4813,#4814,#4815,#4816),.UNSPECIFIED.,.F.,.F.,(3,2,2,2,2,3),(0.,0.151219512,0.302439024,0.453658537,0.726829268,1.),.UNSPECIFIED.);
#4818=EDGE_CURVE('',#4799,#4757,#4817,.T.);
#4819=ORIENTED_EDGE('',*,*,#4818,.T.);
#4820=ORIENTED_EDGE('',*,*,#4762,.T.);
#4821=EDGE_LOOP('',(#4797,#4805,#4819,#4820));
#4822=FACE_BOUND('',#4821,.T.);
#4823=ADVANCED_FACE('',(#4822),#4796,.T.);
#4824=CARTESIAN_POINT('',(-37.125766871,-1.856169052,15.718019011));
#4825=DIRECTION('',(1.,0.,0.));
#4826=DIRECTION('',(0.,0.,-1.));
#4827=AXIS2_PLACEMENT_3D('',#4824,#4825,#4826);
#4828=PLANE('',#4827);
#4829=ORIENTED_EDGE('',*,*,#471,.F.);
#4830=CARTESIAN_POINT('',(-37.125766871,-3.452283572,15.718019011));
#4831=VERTEX_POINT('',#4830);
#4832=CARTESIAN_POINT('',(-37.125766871,-3.452283572,15.718019011));
#4833=DIRECTION('',(-0.,0.,1.));
#4834=VECTOR('',#4833,0.3);
#4835=LINE('',#4832,#4834);
#4836=EDGE_CURVE('',#4831,#458,#4835,.T.);
#4837=ORIENTED_EDGE('',*,*,#4836,.F.);
#4838=CARTESIAN_POINT('',(-37.125766871,-3.452283572,15.718019011));
#4839=DIRECTION('',(0.,1.,0.));
#4840=VECTOR('',#4839,3.192229039);
#4841=LINE('',#4838,#4840);
#4842=EDGE_CURVE('',#4831,#4799,#4841,.T.);
#4843=ORIENTED_EDGE('',*,*,#4842,.T.);
#4844=ORIENTED_EDGE('',*,*,#4804,.T.);
#4845=EDGE_LOOP('',(#4829,#4837,#4843,#4844));
#4846=FACE_BOUND('',#4845,.T.);
#4847=ADVANCED_FACE('',(#4846),#4828,.T.);
#4848=CARTESIAN_POINT('',(-36.69870484,-3.452283572,15.718019011));
#4849=DIRECTION('',(0.,1.,0.));
#4850=DIRECTION('',(0.,0.,1.));
#4851=AXIS2_PLACEMENT_3D('',#4848,#4849,#4850);
#4852=PLANE('',#4851);
#4853=ORIENTED_EDGE('',*,*,#463,.F.);
#4854=ORIENTED_EDGE('',*,*,#4445,.F.);
#4855=CARTESIAN_POINT('',(-36.271642808,-3.452283572,15.718019011));
#4856=DIRECTION('',(-1.,0.,-0.));
#4857=VECTOR('',#4856,0.854124063);
#4858=LINE('',#4855,#4857);
#4859=EDGE_CURVE('',#4434,#4831,#4858,.T.);
#4860=ORIENTED_EDGE('',*,*,#4859,.T.);
#4861=ORIENTED_EDGE('',*,*,#4836,.T.);
#4862=EDGE_LOOP('',(#4853,#4854,#4860,#4861));
#4863=FACE_BOUND('',#4862,.T.);
#4864=ADVANCED_FACE('',(#4863),#4852,.T.);
#4865=CARTESIAN_POINT('',(0.,0.,15.718019011));
#4866=DIRECTION('',(-0.,0.,1.));
#4867=DIRECTION('',(1.,0.,0.));
#4868=AXIS2_PLACEMENT_3D('',#4865,#4866,#4867);
#4869=PLANE('',#4868);
#4870=ORIENTED_EDGE('',*,*,#4439,.F.);
#4871=ORIENTED_EDGE('',*,*,#4482,.F.);
#4872=ORIENTED_EDGE('',*,*,#4526,.F.);
#4873=ORIENTED_EDGE('',*,*,#4550,.F.);
#4874=ORIENTED_EDGE('',*,*,#4574,.F.);
#4875=ORIENTED_EDGE('',*,*,#4598,.F.);
#4876=ORIENTED_EDGE('',*,*,#4622,.F.);
#4877=ORIENTED_EDGE('',*,*,#4646,.F.);
#4878=ORIENTED_EDGE('',*,*,#4696,.F.);
#4879=ORIENTED_EDGE('',*,*,#4720,.F.);
#4880=ORIENTED_EDGE('',*,*,#4744,.F.);
#4881=ORIENTED_EDGE('',*,*,#4768,.F.);
#4882=ORIENTED_EDGE('',*,*,#4818,.F.);
#4883=ORIENTED_EDGE('',*,*,#4842,.F.);
#4884=ORIENTED_EDGE('',*,*,#4859,.F.);
#4885=EDGE_LOOP('',(#4870,#4871,#4872,#4873,#4874,#4875,#4876,#4877,#4878,#4879,#4880,#4881,#4882,#4883,#4884));
#4886=FACE_BOUND('',#4885,.T.);
#4887=ADVANCED_FACE('',(#4886),#4869,.T.);
#4888=CARTESIAN_POINT('',(-59.151670075,0.059645535,15.718019011));
#4889=DIRECTION('',(-1.,0.,-0.));
#4890=DIRECTION('',(-0.,0.,1.));
#4891=AXIS2_PLACEMENT_3D('',#4888,#4889,#4890);
#4892=PLANE('',#4891);
#4893=ORIENTED_EDGE('',*,*,#599,.F.);
#4894=CARTESIAN_POINT('',(-59.151670075,3.571574642,15.718019011));
#4895=VERTEX_POINT('',#4894);
#4896=CARTESIAN_POINT('',(-59.151670075,3.571574642,15.718019011));
#4897=DIRECTION('',(-0.,0.,1.));
#4898=VECTOR('',#4897,0.3);
#4899=LINE('',#4896,#4898);
#4900=EDGE_CURVE('',#4895,#586,#4899,.T.);
#4901=ORIENTED_EDGE('',*,*,#4900,.F.);
#4902=CARTESIAN_POINT('',(-59.151670075,-3.452283572,15.718019011));
#4903=VERTEX_POINT('',#4902);
#4904=CARTESIAN_POINT('',(-59.151670075,3.571574642,15.718019011));
#4905=DIRECTION('',(0.,-1.,0.));
#4906=VECTOR('',#4905,7.023858214);
#4907=LINE('',#4904,#4906);
#4908=EDGE_CURVE('',#4895,#4903,#4907,.T.);
#4909=ORIENTED_EDGE('',*,*,#4908,.T.);
#4910=CARTESIAN_POINT('',(-59.151670075,-3.452283572,15.718019011));
#4911=DIRECTION('',(-0.,0.,1.));
#4912=VECTOR('',#4911,0.3);
#4913=LINE('',#4910,#4912);
#4914=EDGE_CURVE('',#4903,#594,#4913,.T.);
#4915=ORIENTED_EDGE('',*,*,#4914,.T.);
#4916=EDGE_LOOP('',(#4893,#4901,#4909,#4915));
#4917=FACE_BOUND('',#4916,.T.);
#4918=ADVANCED_FACE('',(#4917),#4892,.T.);
#4919=CARTESIAN_POINT('',(-59.428425358,3.571574642,15.718019011));
#4920=DIRECTION('',(0.,-1.,0.));
#4921=DIRECTION('',(0.,0.,-1.));
#4922=AXIS2_PLACEMENT_3D('',#4919,#4920,#4921);
#4923=PLANE('',#4922);
#4924=ORIENTED_EDGE('',*,*,#591,.F.);
#4925=CARTESIAN_POINT('',(-59.705180641,3.571574642,15.718019011));
#4926=VERTEX_POINT('',#4925);
#4927=CARTESIAN_POINT('',(-59.705180641,3.571574642,15.718019011));
#4928=DIRECTION('',(-0.,0.,1.));
#4929=VECTOR('',#4928,0.3);
#4930=LINE('',#4927,#4929);
#4931=EDGE_CURVE('',#4926,#584,#4930,.T.);
#4932=ORIENTED_EDGE('',*,*,#4931,.F.);
#4933=CARTESIAN_POINT('',(-59.705180641,3.571574642,15.718019011));
#4934=DIRECTION('',(1.,0.,0.));
#4935=VECTOR('',#4934,0.553510566);
#4936=LINE('',#4933,#4935);
#4937=EDGE_CURVE('',#4926,#4895,#4936,.T.);
#4938=ORIENTED_EDGE('',*,*,#4937,.T.);
#4939=ORIENTED_EDGE('',*,*,#4900,.T.);
#4940=EDGE_LOOP('',(#4924,#4932,#4938,#4939));
#4941=FACE_BOUND('',#4940,.T.);
#4942=ADVANCED_FACE('',(#4941),#4923,.T.);
#4943=CARTESIAN_POINT('',(-61.728357192,1.815610089,15.718019011));
#4944=CARTESIAN_POINT('',(-61.728357192,1.815610089,16.018019011));
#4945=CARTESIAN_POINT('',(-61.007839127,2.154396728,15.718019011));
#4946=CARTESIAN_POINT('',(-61.007839127,2.154396728,16.018019011));
#4947=CARTESIAN_POINT('',(-60.46864349,2.636332652,15.718019011));
#4948=CARTESIAN_POINT('',(-60.46864349,2.636332652,16.018019011));
#4949=CARTESIAN_POINT('',(-59.929447853,3.118268575,15.718019011));
#4950=CARTESIAN_POINT('',(-59.929447853,3.118268575,16.018019011));
#4951=CARTESIAN_POINT('',(-59.705180641,3.571574642,15.718019011));
#4952=CARTESIAN_POINT('',(-59.705180641,3.571574642,16.018019011));
#4953=B_SPLINE_SURFACE_WITH_KNOTS('',2,1,((#4943,#4944),(#4945,#4946),(#4947,#4948),(#4949,#4950),(#4951,#4952)),.UNSPECIFIED.,.F.,.F.,.U.,(3,2,3),(2,2),(0.,0.5,1.),(0.,1.),.UNSPECIFIED.);
#4954=ORIENTED_EDGE('',*,*,#641,.F.);
#4955=CARTESIAN_POINT('',(-61.728357192,1.815610089,15.718019011));
#4956=VERTEX_POINT('',#4955);
#4957=CARTESIAN_POINT('',(-61.728357192,1.815610089,15.718019011));
#4958=DIRECTION('',(-0.,0.,1.));
#4959=VECTOR('',#4958,0.3);
#4960=LINE('',#4957,#4959);
#4961=EDGE_CURVE('',#4956,#628,#4960,.T.);
#4962=ORIENTED_EDGE('',*,*,#4961,.F.);
#4963=CARTESIAN_POINT('',(-61.728357192,1.815610089,15.718019011));
#4964=CARTESIAN_POINT('',(-61.007839127,2.154396728,15.718019011));
#4965=CARTESIAN_POINT('',(-60.46864349,2.636332652,15.718019011));
#4966=CARTESIAN_POINT('',(-59.929447853,3.118268575,15.718019011));
#4967=CARTESIAN_POINT('',(-59.705180641,3.571574642,15.718019011));
#4968=B_SPLINE_CURVE_WITH_KNOTS('',2,(#4963,#4964,#4965,#4966,#4967),.UNSPECIFIED.,.F.,.F.,(3,2,3),(0.,0.5,1.),.UNSPECIFIED.);
#4969=EDGE_CURVE('',#4956,#4926,#4968,.T.);
#4970=ORIENTED_EDGE('',*,*,#4969,.T.);
#4971=ORIENTED_EDGE('',*,*,#4931,.T.);
#4972=EDGE_LOOP('',(#4954,#4962,#4970,#4971));
#4973=FACE_BOUND('',#4972,.T.);
#4974=ADVANCED_FACE('',(#4973),#4953,.T.);
#4975=CARTESIAN_POINT('',(-61.728357192,1.400477164,15.718019011));
#4976=DIRECTION('',(1.,0.,0.));
#4977=DIRECTION('',(0.,0.,-1.));
#4978=AXIS2_PLACEMENT_3D('',#4975,#4976,#4977);
#4979=PLANE('',#4978);
#4980=ORIENTED_EDGE('',*,*,#633,.F.);
#4981=CARTESIAN_POINT('',(-61.728357192,0.98534424,15.718019011));
#4982=VERTEX_POINT('',#4981);
#4983=CARTESIAN_POINT('',(-61.728357192,0.98534424,15.718019011));
#4984=DIRECTION('',(-0.,0.,1.));
#4985=VECTOR('',#4984,0.3);
#4986=LINE('',#4983,#4985);
#4987=EDGE_CURVE('',#4982,#618,#4986,.T.);
#4988=ORIENTED_EDGE('',*,*,#4987,.F.);
#4989=CARTESIAN_POINT('',(-61.728357192,0.98534424,15.718019011));
#4990=DIRECTION('',(0.,1.,0.));
#4991=VECTOR('',#4990,0.830265849);
#4992=LINE('',#4989,#4991);
#4993=EDGE_CURVE('',#4982,#4956,#4992,.T.);
#4994=ORIENTED_EDGE('',*,*,#4993,.T.);
#4995=ORIENTED_EDGE('',*,*,#4961,.T.);
#4996=EDGE_LOOP('',(#4980,#4988,#4994,#4995));
#4997=FACE_BOUND('',#4996,.T.);
#4998=ADVANCED_FACE('',(#4997),#4979,.T.);
#4999=CARTESIAN_POINT('',(-60.010565781,2.020790729,15.718019011));
#5000=CARTESIAN_POINT('',(-60.010565781,2.020790729,16.018019011));
#5001=CARTESIAN_POINT('',(-60.320722563,1.724948875,15.718019011));
#5002=CARTESIAN_POINT('',(-60.320722563,1.724948875,16.018019011));
#5003=CARTESIAN_POINT('',(-60.824130879,1.429107021,15.718019011));
#5004=CARTESIAN_POINT('',(-60.824130879,1.429107021,16.018019011));
#5005=CARTESIAN_POINT('',(-61.327539196,1.133265167,15.718019011));
#5006=CARTESIAN_POINT('',(-61.327539196,1.133265167,16.018019011));
#5007=CARTESIAN_POINT('',(-61.728357192,0.98534424,15.718019011));
#5008=CARTESIAN_POINT('',(-61.728357192,0.98534424,16.018019011));
#5009=B_SPLINE_SURFACE_WITH_KNOTS('',2,1,((#4999,#5000),(#5001,#5002),(#5003,#5004),(#5005,#5006),(#5007,#5008)),.UNSPECIFIED.,.F.,.F.,.U.,(3,2,3),(2,2),(0.,0.5,1.),(0.,1.),.UNSPECIFIED.);
#5010=ORIENTED_EDGE('',*,*,#625,.F.);
#5011=CARTESIAN_POINT('',(-60.010565781,2.020790729,15.718019011));
#5012=VERTEX_POINT('',#5011);
#5013=CARTESIAN_POINT('',(-60.010565781,2.020790729,15.718019011));
#5014=DIRECTION('',(-0.,0.,1.));
#5015=VECTOR('',#5014,0.3);
#5016=LINE('',#5013,#5015);
#5017=EDGE_CURVE('',#5012,#610,#5016,.T.);
#5018=ORIENTED_EDGE('',*,*,#5017,.F.);
#5019=CARTESIAN_POINT('',(-60.010565781,2.020790729,15.718019011));
#5020=CARTESIAN_POINT('',(-60.320722563,1.724948875,15.718019011));
#5021=CARTESIAN_POINT('',(-60.824130879,1.429107021,15.718019011));
#5022=CARTESIAN_POINT('',(-61.327539196,1.133265167,15.718019011));
#5023=CARTESIAN_POINT('',(-61.728357192,0.98534424,15.718019011));
#5024=B_SPLINE_CURVE_WITH_KNOTS('',2,(#5019,#5020,#5021,#5022,#5023),.UNSPECIFIED.,.F.,.F.,(3,2,3),(0.,0.5,1.),.UNSPECIFIED.);
#5025=EDGE_CURVE('',#5012,#4982,#5024,.T.);
#5026=ORIENTED_EDGE('',*,*,#5025,.T.);
#5027=ORIENTED_EDGE('',*,*,#4987,.T.);
#5028=EDGE_LOOP('',(#5010,#5018,#5026,#5027));
#5029=FACE_BOUND('',#5028,.T.);
#5030=ADVANCED_FACE('',(#5029),#5009,.T.);
#5031=CARTESIAN_POINT('',(-60.010565781,-0.715746421,15.718019011));
#5032=DIRECTION('',(1.,0.,0.));
#5033=DIRECTION('',(0.,0.,-1.));
#5034=AXIS2_PLACEMENT_3D('',#5031,#5032,#5033);
#5035=PLANE('',#5034);
#5036=ORIENTED_EDGE('',*,*,#615,.F.);
#5037=CARTESIAN_POINT('',(-60.010565781,-3.452283572,15.718019011));
#5038=VERTEX_POINT('',#5037);
#5039=CARTESIAN_POINT('',(-60.010565781,-3.452283572,15.718019011));
#5040=DIRECTION('',(-0.,0.,1.));
#5041=VECTOR('',#5040,0.3);
#5042=LINE('',#5039,#5041);
#5043=EDGE_CURVE('',#5038,#602,#5042,.T.);
#5044=ORIENTED_EDGE('',*,*,#5043,.F.);
#5045=CARTESIAN_POINT('',(-60.010565781,-3.452283572,15.718019011));
#5046=DIRECTION('',(0.,1.,0.));
#5047=VECTOR('',#5046,5.473074301);
#5048=LINE('',#5045,#5047);
#5049=EDGE_CURVE('',#5038,#5012,#5048,.T.);
#5050=ORIENTED_EDGE('',*,*,#5049,.T.);
#5051=ORIENTED_EDGE('',*,*,#5017,.T.);
#5052=EDGE_LOOP('',(#5036,#5044,#5050,#5051));
#5053=FACE_BOUND('',#5052,.T.);
#5054=ADVANCED_FACE('',(#5053),#5035,.T.);
#5055=CARTESIAN_POINT('',(-59.581117928,-3.452283572,15.718019011));
#5056=DIRECTION('',(0.,1.,0.));
#5057=DIRECTION('',(0.,0.,1.));
#5058=AXIS2_PLACEMENT_3D('',#5055,#5056,#5057);
#5059=PLANE('',#5058);
#5060=ORIENTED_EDGE('',*,*,#607,.F.);
#5061=ORIENTED_EDGE('',*,*,#4914,.F.);
#5062=CARTESIAN_POINT('',(-59.151670075,-3.452283572,15.718019011));
#5063=DIRECTION('',(-1.,0.,-0.));
#5064=VECTOR('',#5063,0.858895706);
#5065=LINE('',#5062,#5064);
#5066=EDGE_CURVE('',#4903,#5038,#5065,.T.);
#5067=ORIENTED_EDGE('',*,*,#5066,.T.);
#5068=ORIENTED_EDGE('',*,*,#5043,.T.);
#5069=EDGE_LOOP('',(#5060,#5061,#5067,#5068));
#5070=FACE_BOUND('',#5069,.T.);
#5071=ADVANCED_FACE('',(#5070),#5059,.T.);
#5072=CARTESIAN_POINT('',(0.,0.,15.718019011));
#5073=DIRECTION('',(-0.,0.,1.));
#5074=DIRECTION('',(1.,0.,0.));
#5075=AXIS2_PLACEMENT_3D('',#5072,#5073,#5074);
#5076=PLANE('',#5075);
#5077=ORIENTED_EDGE('',*,*,#4908,.F.);
#5078=ORIENTED_EDGE('',*,*,#4937,.F.);
#5079=ORIENTED_EDGE('',*,*,#4969,.F.);
#5080=ORIENTED_EDGE('',*,*,#4993,.F.);
#5081=ORIENTED_EDGE('',*,*,#5025,.F.);
#5082=ORIENTED_EDGE('',*,*,#5049,.F.);
#5083=ORIENTED_EDGE('',*,*,#5066,.F.);
#5084=EDGE_LOOP('',(#5077,#5078,#5079,#5080,#5081,#5082,#5083));
#5085=FACE_BOUND('',#5084,.T.);
#5086=ADVANCED_FACE('',(#5085),#5076,.T.);
#5087=CARTESIAN_POINT('',(-71.850153151,6.42,15.318019011));
#5088=DIRECTION('',(1.,0.,0.));
#5089=DIRECTION('',(0.,0.,-1.));
#5090=AXIS2_PLACEMENT_3D('',#5087,#5088,#5089);
#5091=CYLINDRICAL_SURFACE('',#5090,0.7);
#5092=CARTESIAN_POINT('',(-71.850153151,6.42,15.318019011));
#5093=DIRECTION('',(-1.,-0.,-0.));
#5094=DIRECTION('',(0.,0.,-1.));
#5095=AXIS2_PLACEMENT_3D('',#5092,#5093,#5094);
#5096=CIRCLE('',#5095,0.7);
#5097=EDGE_CURVE('',#169,#1760,#5096,.T.);
#5098=ORIENTED_EDGE('',*,*,#5097,.F.);
#5099=ORIENTED_EDGE('',*,*,#174,.F.);
#5100=CARTESIAN_POINT('',(-10.307803402,6.42,15.318019011));
#5101=DIRECTION('',(1.,0.,0.));
#5102=DIRECTION('',(0.,0.,-1.));
#5103=AXIS2_PLACEMENT_3D('',#5100,#5101,#5102);
#5104=CIRCLE('',#5103,0.7);
#5105=EDGE_CURVE('',#1479,#160,#5104,.T.);
#5106=ORIENTED_EDGE('',*,*,#5105,.F.);
#5107=ORIENTED_EDGE('',*,*,#1771,.F.);
#5108=EDGE_LOOP('',(#5098,#5099,#5106,#5107));
#5109=FACE_BOUND('',#5108,.T.);
#5110=ADVANCED_FACE('',(#5109),#5091,.T.);
#5111=CARTESIAN_POINT('',(-10.307803402,2.12,15.318019011));
#5112=DIRECTION('',(-0.,0.,1.));
#5113=DIRECTION('',(1.,0.,0.));
#5114=AXIS2_PLACEMENT_3D('',#5111,#5112,#5113);
#5115=TOROIDAL_SURFACE('',#5114,4.3,0.7);
#5116=ORIENTED_EDGE('',*,*,#5105,.T.);
#5117=ORIENTED_EDGE('',*,*,#166,.F.);
#5118=CARTESIAN_POINT('',(-6.007803402,2.12,15.318019011));
#5119=DIRECTION('',(0.,-1.,0.));
#5120=DIRECTION('',(1.,0.,0.));
#5121=AXIS2_PLACEMENT_3D('',#5118,#5119,#5120);
#5122=CIRCLE('',#5121,0.7);
#5123=EDGE_CURVE('',#1520,#152,#5122,.T.);
#5124=ORIENTED_EDGE('',*,*,#5123,.F.);
#5125=CARTESIAN_POINT('',(-10.307803402,2.12,15.318019011));
#5126=DIRECTION('',(0.,-0.,-1.));
#5127=DIRECTION('',(1.,0.,0.));
#5128=AXIS2_PLACEMENT_3D('',#5125,#5126,#5127);
#5129=CIRCLE('',#5128,5.);
#5130=EDGE_CURVE('',#1460,#1520,#5129,.T.);
#5131=ORIENTED_EDGE('',*,*,#5130,.F.);
#5132=ORIENTED_EDGE('',*,*,#1491,.F.);
#5133=EDGE_LOOP('',(#5116,#5117,#5124,#5131,#5132));
#5134=FACE_BOUND('',#5133,.T.);
#5135=ADVANCED_FACE('',(#5134),#5115,.T.);
#5136=CARTESIAN_POINT('',(-71.850153151,35.6,15.318019011));
#5137=DIRECTION('',(-0.,0.,1.));
#5138=DIRECTION('',(1.,0.,0.));
#5139=AXIS2_PLACEMENT_3D('',#5136,#5137,#5138);
#5140=TOROIDAL_SURFACE('',#5139,29.18,0.7);
#5141=ORIENTED_EDGE('',*,*,#5097,.T.);
#5142=ORIENTED_EDGE('',*,*,#1951,.F.);
#5143=CARTESIAN_POINT('',(-85.9766011,10.067356808,16.018019011));
#5144=CARTESIAN_POINT('',(-85.932236717,10.14753049,16.018019011));
#5145=CARTESIAN_POINT('',(-85.887889838,10.227672653,15.999799885));
#5146=CARTESIAN_POINT('',(-85.846902195,10.301743311,15.964734684));
#5147=CARTESIAN_POINT('',(-85.805914552,10.37581397,15.929669483));
#5148=CARTESIAN_POINT('',(-85.768318395,10.443754835,15.877785801));
#5149=CARTESIAN_POINT('',(-85.736946695,10.500445446,15.812993758));
#5150=CARTESIAN_POINT('',(-85.705574996,10.557136056,15.748201715));
#5151=CARTESIAN_POINT('',(-85.680452437,10.6025318,15.670552297));
#5152=CARTESIAN_POINT('',(-85.663471933,10.633211285,15.585897414));
#5153=CARTESIAN_POINT('',(-85.646491429,10.663890771,15.50124253));
#5154=CARTESIAN_POINT('',(-85.637666339,10.679829854,15.409648797));
#5155=CARTESIAN_POINT('',(-85.637661346,10.679827092,15.318019011));
#5156=B_SPLINE_CURVE_WITH_KNOTS('',3,(#5143,#5144,#5145,#5146,#5147,#5148,#5149,#5150,#5151,#5152,#5153,#5154,#5155),.UNSPECIFIED.,.F.,.F.,(4,3,3,3,4),(0.,0.25,0.5,0.75,1.),.UNSPECIFIED.);
#5157=EDGE_CURVE('',#102,#1932,#5156,.T.);
#5158=ORIENTED_EDGE('',*,*,#5157,.F.);
#5159=ORIENTED_EDGE('',*,*,#181,.F.);
#5160=EDGE_LOOP('',(#5141,#5142,#5158,#5159));
#5161=FACE_BOUND('',#5160,.T.);
#5162=ADVANCED_FACE('',(#5161),#5140,.T.);
#5163=CARTESIAN_POINT('',(-6.007803402,-24.77944313,15.318019011));
#5164=DIRECTION('',(0.,1.,0.));
#5165=DIRECTION('',(0.,-0.,1.));
#5166=AXIS2_PLACEMENT_3D('',#5163,#5164,#5165);
#5167=CYLINDRICAL_SURFACE('',#5166,0.7);
#5168=ORIENTED_EDGE('',*,*,#5123,.T.);
#5169=ORIENTED_EDGE('',*,*,#157,.F.);
#5170=CARTESIAN_POINT('',(-6.007803402,-2.12,15.318019011));
#5171=DIRECTION('',(-0.,-1.,-0.));
#5172=DIRECTION('',(0.,-0.,1.));
#5173=AXIS2_PLACEMENT_3D('',#5170,#5171,#5172);
#5174=CIRCLE('',#5173,0.7);
#5175=EDGE_CURVE('',#1504,#143,#5174,.T.);
#5176=ORIENTED_EDGE('',*,*,#5175,.F.);
#5177=ORIENTED_EDGE('',*,*,#1531,.F.);
#5178=EDGE_LOOP('',(#5168,#5169,#5176,#5177));
#5179=FACE_BOUND('',#5178,.T.);
#5180=ADVANCED_FACE('',(#5179),#5167,.T.);
#5181=CARTESIAN_POINT('',(-85.637661553,10.679827207,15.318020423));
#5182=CARTESIAN_POINT('',(-85.637662419,10.679827474,15.409650754));
#5183=CARTESIAN_POINT('',(-85.646483486,10.663885703,15.501244994));
#5184=CARTESIAN_POINT('',(-85.680436441,10.602520958,15.670555462));
#5185=CARTESIAN_POINT('',(-85.705554969,10.557122129,15.748205072));
#5186=CARTESIAN_POINT('',(-85.768290059,10.443734441,15.877789062));
#5187=CARTESIAN_POINT('',(-85.805881936,10.375790195,15.929672454));
#5188=CARTESIAN_POINT('',(-85.887848199,10.227642012,15.999801746));
#5189=CARTESIAN_POINT('',(-85.932190334,10.147496367,16.018020052));
#5190=CARTESIAN_POINT('',(-85.976549669,10.06731927,16.018019011));
#5191=CARTESIAN_POINT('',(-86.036244736,10.900350116,15.318016193));
#5192=CARTESIAN_POINT('',(-86.031409267,10.897674626,15.4049848));
#5193=CARTESIAN_POINT('',(-86.034742373,10.880841312,15.491926465));
#5194=CARTESIAN_POINT('',(-86.057375573,10.821157319,15.654024369));
#5195=CARTESIAN_POINT('',(-86.07666947,10.778325229,15.729130335));
#5196=CARTESIAN_POINT('',(-86.128680257,10.672456324,15.857299696));
#5197=CARTESIAN_POINT('',(-86.161381688,10.60945212,15.910322997));
#5198=CARTESIAN_POINT('',(-86.235811105,10.471782218,15.987032481));
#5199=CARTESIAN_POINT('',(-86.277516346,10.39715887,16.010694075));
#5200=CARTESIAN_POINT('',(-86.32090139,10.321770345,16.018015836));
#5201=CARTESIAN_POINT('',(-86.423936259,11.127290082,15.359534087));
#5202=CARTESIAN_POINT('',(-86.416079752,11.12265524,15.441423918));
#5203=CARTESIAN_POINT('',(-86.415732263,11.1054626,15.523293295));
#5204=CARTESIAN_POINT('',(-86.430129946,11.048057582,15.677072619));
#5205=CARTESIAN_POINT('',(-86.444871774,11.007859583,15.748944112));
#5206=CARTESIAN_POINT('',(-86.487689274,10.909340291,15.873932054));
#5207=CARTESIAN_POINT('',(-86.515754494,10.851043553,15.92701712));
#5208=CARTESIAN_POINT('',(-86.581827549,10.723426807,16.007906374));
#5209=CARTESIAN_POINT('',(-86.619819067,10.654138586,16.035690021));
#5210=CARTESIAN_POINT('',(-86.660473672,10.583561715,16.049101478));
#5211=CARTESIAN_POINT('',(-87.181899257,11.59487042,15.496194989));
#5212=CARTESIAN_POINT('',(-87.170134603,11.58740115,15.56823654));
#5213=CARTESIAN_POINT('',(-87.164617921,11.570198156,15.640266965));
#5214=CARTESIAN_POINT('',(-87.166647523,11.51799236,15.77738469));
#5215=CARTESIAN_POINT('',(-87.174193781,11.482997667,15.842450764));
#5216=CARTESIAN_POINT('',(-87.201662622,11.39858443,15.95933262));
#5217=CARTESIAN_POINT('',(-87.221581239,11.349178862,16.011130163));
#5218=CARTESIAN_POINT('',(-87.271906895,11.240703471,16.096425514));
#5219=CARTESIAN_POINT('',(-87.302306372,11.1816503,16.129909766));
#5220=CARTESIAN_POINT('',(-87.336492802,11.120611875,16.152589905));
#5221=CARTESIAN_POINT('',(-87.552119817,11.835492392,15.591715403));
#5222=CARTESIAN_POINT('',(-87.539475537,11.827146963,15.658961115));
#5223=CARTESIAN_POINT('',(-87.532477081,11.810293362,15.726198624));
#5224=CARTESIAN_POINT('',(-87.530380322,11.761010061,15.854932481));
#5225=CARTESIAN_POINT('',(-87.535282349,11.728586377,15.916413111));
#5226=CARTESIAN_POINT('',(-87.55658574,11.650932279,16.02836147));
#5227=CARTESIAN_POINT('',(-87.572984593,11.605711306,16.078815487));
#5228=CARTESIAN_POINT('',(-87.615898037,11.506322824,16.164371193));
#5229=CARTESIAN_POINT('',(-87.642407485,11.452167389,16.199462326));
#5230=CARTESIAN_POINT('',(-87.672849546,11.39585118,16.225357895));
#5231=CARTESIAN_POINT('',(-88.27796537,12.33133943,15.816091093));
#5232=CARTESIAN_POINT('',(-88.264785396,12.322043532,15.874382741));
#5233=CARTESIAN_POINT('',(-88.256142166,12.306355496,15.932670277));
#5234=CARTESIAN_POINT('',(-88.248509156,12.263227453,16.045424358));
#5235=CARTESIAN_POINT('',(-88.249520002,12.235790494,16.099882933));
#5236=CARTESIAN_POINT('',(-88.261148604,12.170961642,16.20139427));
#5237=CARTESIAN_POINT('',(-88.271765642,12.133574284,16.248439807));
#5238=CARTESIAN_POINT('',(-88.301931068,12.051289058,16.332014499));
#5239=CARTESIAN_POINT('',(-88.321477434,12.006396937,16.368537621));
#5240=CARTESIAN_POINT('',(-88.344857878,11.959217758,16.3985847));
#5241=CARTESIAN_POINT('',(-88.631812745,12.585353567,15.944575419));
#5242=CARTESIAN_POINT('',(-88.618982788,12.575985695,15.998719918));
#5243=CARTESIAN_POINT('',(-88.610184885,12.56111192,16.052861467));
#5244=CARTESIAN_POINT('',(-88.601159316,12.521204093,16.158040835));
#5245=CARTESIAN_POINT('',(-88.600932157,12.496172213,16.209072909));
#5246=CARTESIAN_POINT('',(-88.609067503,12.437380709,16.30509947));
#5247=CARTESIAN_POINT('',(-88.617429586,12.403624275,16.350088698));
#5248=CARTESIAN_POINT('',(-88.642271986,12.329314179,16.431437773));
#5249=CARTESIAN_POINT('',(-88.658750977,12.288764546,16.467793143));
#5250=CARTESIAN_POINT('',(-88.678821116,12.245976044,16.498782512));
#5251=CARTESIAN_POINT('',(-89.032016917,12.886599892,16.099506137));
#5252=CARTESIAN_POINT('',(-89.019969214,12.87748597,16.149309717));
#5253=CARTESIAN_POINT('',(-89.011437859,12.863725207,16.199111253));
#5254=CARTESIAN_POINT('',(-89.001829038,12.827589265,16.296251943));
#5255=CARTESIAN_POINT('',(-89.000751968,12.805215571,16.343587104));
#5256=CARTESIAN_POINT('',(-89.006105819,12.75296104,16.433450439));
#5257=CARTESIAN_POINT('',(-89.012536521,12.723082348,16.475974919));
#5258=CARTESIAN_POINT('',(-89.032588255,12.657296789,16.554110229));
#5259=CARTESIAN_POINT('',(-89.046208464,12.621392624,16.589717846));
#5260=CARTESIAN_POINT('',(-89.063086982,12.583363106,16.620986416));
#5261=CARTESIAN_POINT('',(-89.085946149,12.92749481,16.120597212));
#5262=CARTESIAN_POINT('',(-89.074012302,12.918422374,16.169823209));
#5263=CARTESIAN_POINT('',(-89.065526486,12.904815775,16.219047276));
#5264=CARTESIAN_POINT('',(-89.05586058,12.869190985,16.315115801));
#5265=CARTESIAN_POINT('',(-89.054680869,12.847174193,16.361956484));
#5266=CARTESIAN_POINT('',(-89.059685042,12.79579433,16.450989896));
#5267=CARTESIAN_POINT('',(-89.06586873,12.766433275,16.493179127));
#5268=CARTESIAN_POINT('',(-89.085301087,12.701785807,16.570866197));
#5269=CARTESIAN_POINT('',(-89.098548994,12.666501932,16.606360985));
#5270=CARTESIAN_POINT('',(-89.115009062,12.629109273,16.637650258));
#5271=CARTESIAN_POINT('',(-89.139703663,12.968561501,16.141781874));
#5272=CARTESIAN_POINT('',(-89.127891123,12.959537416,16.190439866));
#5273=CARTESIAN_POINT('',(-89.119459732,12.946088471,16.239096036));
#5274=CARTESIAN_POINT('',(-89.109757388,12.910975799,16.334107827));
#5275=CARTESIAN_POINT('',(-89.1084868,12.889313391,16.380459878));
#5276=CARTESIAN_POINT('',(-89.1131669,12.838799045,16.468668114));
#5277=CARTESIAN_POINT('',(-89.119117414,12.809949005,16.510520984));
#5278=CARTESIAN_POINT('',(-89.137958586,12.746425084,16.587748362));
#5279=CARTESIAN_POINT('',(-89.150848537,12.71175359,16.623119968));
#5280=CARTESIAN_POINT('',(-89.166903652,12.674990915,16.654414486));
#5281=B_SPLINE_SURFACE_WITH_KNOTS('',3,3,((#5181,#5182,#5183,#5184,#5185,#5186,#5187,#5188,#5189,#5190),(#5191,#5192,#5193,#5194,#5195,#5196,#5197,#5198,#5199,#5200),(#5201,#5202,#5203,#5204,#5205,#5206,#5207,#5208,#5209,#5210),(#5211,#5212,#5213,#5214,#5215,#5216,#5217,#5218,#5219,#5220),(#5221,#5222,#5223,#5224,#5225,#5226,#5227,#5228,#5229,#5230),(#5231,#5232,#5233,#5234,#5235,#5236,#5237,#5238,#5239,#5240),(#5241,#5242,#5243,#5244,#5245,#5246,#5247,#5248,#5249,#5250),(#5251,#5252,#5253,#5254,#5255,#5256,#5257,#5258,#5259,#5260),(#5261,#5262,#5263,#5264,#5265,#5266,#5267,#5268,#5269,#5270),(#5271,#5272,#5273,#5274,#5275,#5276,#5277,#5278,#5279,#5280)),.UNSPECIFIED.,.F.,.F.,.U.,(4,2,2,2,4),(4,2,2,2,4),(-0.000000069,0.001383891,0.00276785,0.00415181,0.004368189),(0.,0.25,0.5,0.75,1.),.UNSPECIFIED.);
#5282=ORIENTED_EDGE('',*,*,#5157,.T.);
#5283=ORIENTED_EDGE('',*,*,#1944,.F.);
#5284=CARTESIAN_POINT('',(-89.166906467,12.674995749,16.654397105));
#5285=CARTESIAN_POINT('',(-89.146958916,12.70942887,16.621275752));
#5286=CARTESIAN_POINT('',(-89.130105019,12.740687078,16.584502854));
#5287=CARTESIAN_POINT('',(-89.116202082,12.768915537,16.544245861));
#5288=CARTESIAN_POINT('',(-89.102299145,12.797143996,16.503988868));
#5289=CARTESIAN_POINT('',(-89.091310254,12.822526756,16.459696867));
#5290=CARTESIAN_POINT('',(-89.083811557,12.843721389,16.413731602));
#5291=CARTESIAN_POINT('',(-89.068814163,12.886110656,16.321801073));
#5292=CARTESIAN_POINT('',(-89.067119844,12.913292664,16.220422446));
#5293=CARTESIAN_POINT('',(-89.079244229,12.922504093,16.118019011));
#5294=B_SPLINE_CURVE_WITH_KNOTS('',3,(#5284,#5285,#5286,#5287,#5288,#5289,#5290,#5291,#5292,#5293),.UNSPECIFIED.,.F.,.F.,(4,3,3,4),(0.,0.000153103,0.000306206,0.000612412),.UNSPECIFIED.);
#5295=EDGE_CURVE('',#3016,#1923,#5294,.T.);
#5296=ORIENTED_EDGE('',*,*,#5295,.F.);
#5297=ORIENTED_EDGE('',*,*,#3028,.F.);
#5298=EDGE_LOOP('',(#5282,#5283,#5296,#5297));
#5299=FACE_BOUND('',#5298,.T.);
#5300=ADVANCED_FACE('',(#5299),#5281,.T.);
#5301=CARTESIAN_POINT('',(-10.307803402,-2.12,15.318019011));
#5302=DIRECTION('',(-0.,0.,1.));
#5303=DIRECTION('',(1.,0.,0.));
#5304=AXIS2_PLACEMENT_3D('',#5301,#5302,#5303);
#5305=TOROIDAL_SURFACE('',#5304,4.3,0.7);
#5306=ORIENTED_EDGE('',*,*,#5175,.T.);
#5307=ORIENTED_EDGE('',*,*,#149,.F.);
#5308=CARTESIAN_POINT('',(-10.307803402,-6.42,15.318019011));
#5309=DIRECTION('',(-1.,0.,-0.));
#5310=DIRECTION('',(-0.,-1.,-0.));
#5311=AXIS2_PLACEMENT_3D('',#5308,#5309,#5310);
#5312=CIRCLE('',#5311,0.7);
#5313=EDGE_CURVE('',#652,#135,#5312,.T.);
#5314=ORIENTED_EDGE('',*,*,#5313,.F.);
#5315=CARTESIAN_POINT('',(-10.307803402,-2.12,15.318019011));
#5316=DIRECTION('',(0.,-0.,-1.));
#5317=DIRECTION('',(1.,0.,0.));
#5318=AXIS2_PLACEMENT_3D('',#5315,#5316,#5317);
#5319=CIRCLE('',#5318,5.);
#5320=EDGE_CURVE('',#1542,#652,#5319,.T.);
#5321=ORIENTED_EDGE('',*,*,#5320,.F.);
#5322=ORIENTED_EDGE('',*,*,#1564,.F.);
#5323=EDGE_LOOP('',(#5306,#5307,#5314,#5321,#5322));
#5324=FACE_BOUND('',#5323,.T.);
#5325=ADVANCED_FACE('',(#5324),#5305,.T.);
#5326=CARTESIAN_POINT('',(-71.850153151,35.6,16.118019011));
#5327=DIRECTION('',(-0.,0.,1.));
#5328=DIRECTION('',(1.,0.,0.));
#5329=AXIS2_PLACEMENT_3D('',#5326,#5327,#5328);
#5330=TOROIDAL_SURFACE('',#5329,29.18,0.7);
#5331=ORIENTED_EDGE('',*,*,#5295,.T.);
#5332=ORIENTED_EDGE('',*,*,#1929,.F.);
#5333=CARTESIAN_POINT('',(-91.913316988,14.411751917,16.118019011));
#5334=DIRECTION('',(-0.726122278,0.687565587,0.));
#5335=DIRECTION('',(-0.687565587,-0.726122278,0.));
#5336=AXIS2_PLACEMENT_3D('',#5333,#5334,#5335);
#5337=CIRCLE('',#5336,0.7);
#5338=EDGE_CURVE('',#2030,#1915,#5337,.T.);
#5339=ORIENTED_EDGE('',*,*,#5338,.F.);
#5340=ORIENTED_EDGE('',*,*,#2036,.F.);
#5341=ORIENTED_EDGE('',*,*,#3044,.F.);
#5342=EDGE_LOOP('',(#5331,#5332,#5339,#5340,#5341));
#5343=FACE_BOUND('',#5342,.T.);
#5344=ADVANCED_FACE('',(#5343),#5330,.T.);
#5345=CARTESIAN_POINT('',(88.031906109,-6.42,15.318019011));
#5346=DIRECTION('',(-1.,-0.,-0.));
#5347=DIRECTION('',(0.,-1.,0.));
#5348=AXIS2_PLACEMENT_3D('',#5345,#5346,#5347);
#5349=CYLINDRICAL_SURFACE('',#5348,0.7);
#5350=ORIENTED_EDGE('',*,*,#5313,.T.);
#5351=ORIENTED_EDGE('',*,*,#140,.F.);
#5352=CARTESIAN_POINT('',(-70.626752672,-6.42,15.318019011));
#5353=DIRECTION('',(-1.,-0.,-0.));
#5354=DIRECTION('',(0.,-1.,0.));
#5355=AXIS2_PLACEMENT_3D('',#5352,#5353,#5354);
#5356=CIRCLE('',#5355,0.7);
#5357=EDGE_CURVE('',#654,#126,#5356,.T.);
#5358=ORIENTED_EDGE('',*,*,#5357,.F.);
#5359=ORIENTED_EDGE('',*,*,#659,.F.);
#5360=EDGE_LOOP('',(#5350,#5351,#5358,#5359));
#5361=FACE_BOUND('',#5360,.T.);
#5362=ADVANCED_FACE('',(#5361),#5349,.T.);
#5363=CARTESIAN_POINT('',(-101.883018004,3.88297888,16.118019011));
#5364=DIRECTION('',(-0.,0.,1.));
#5365=DIRECTION('',(1.,0.,0.));
#5366=AXIS2_PLACEMENT_3D('',#5363,#5364,#5365);
#5367=TOROIDAL_SURFACE('',#5366,14.5,0.7);
#5368=ORIENTED_EDGE('',*,*,#5338,.T.);
#5369=ORIENTED_EDGE('',*,*,#2284,.F.);
#5370=CARTESIAN_POINT('',(-107.52006401,17.242384268,16.118019011));
#5371=DIRECTION('',(-0.921338303,-0.388761794,0.));
#5372=DIRECTION('',(0.388761794,-0.921338303,0.));
#5373=AXIS2_PLACEMENT_3D('',#5370,#5371,#5372);
#5374=CIRCLE('',#5373,0.7);
#5375=EDGE_CURVE('',#2039,#2272,#5374,.T.);
#5376=ORIENTED_EDGE('',*,*,#5375,.F.);
#5377=ORIENTED_EDGE('',*,*,#2045,.F.);
#5378=EDGE_LOOP('',(#5368,#5369,#5376,#5377));
#5379=FACE_BOUND('',#5378,.T.);
#5380=ADVANCED_FACE('',(#5379),#5367,.T.);
#5381=CARTESIAN_POINT('',(-70.626752672,-39.12,15.318019011));
#5382=DIRECTION('',(-0.,0.,1.));
#5383=DIRECTION('',(1.,0.,0.));
#5384=AXIS2_PLACEMENT_3D('',#5381,#5382,#5383);
#5385=TOROIDAL_SURFACE('',#5384,32.7,0.7);
#5386=ORIENTED_EDGE('',*,*,#5357,.T.);
#5387=ORIENTED_EDGE('',*,*,#132,.F.);
#5388=CARTESIAN_POINT('',(-86.150937287,-11.137868344,15.318019011));
#5389=CARTESIAN_POINT('',(-86.150937288,-11.137868344,15.409648798));
#5390=CARTESIAN_POINT('',(-86.159775947,-11.121936782,15.501242532));
#5391=CARTESIAN_POINT('',(-86.176787156,-11.09127431,15.585897417));
#5392=CARTESIAN_POINT('',(-86.193798365,-11.060611839,15.670552301));
#5393=CARTESIAN_POINT('',(-86.218968737,-11.015242588,15.748201719));
#5394=CARTESIAN_POINT('',(-86.250401352,-10.958585728,15.812993763));
#5395=CARTESIAN_POINT('',(-86.281833967,-10.901928869,15.877785806));
#5396=CARTESIAN_POINT('',(-86.31950409,-10.834028986,15.929669487));
#5397=CARTESIAN_POINT('',(-86.36057278,-10.760003232,15.964734688));
#5398=CARTESIAN_POINT('',(-86.40164147,-10.685977478,15.999799888));
#5399=CARTESIAN_POINT('',(-86.44607641,-10.605884105,16.018019013));
#5400=CARTESIAN_POINT('',(-86.49052884,-10.525759206,16.018019011));
#5401=B_SPLINE_CURVE_WITH_KNOTS('',3,(#5388,#5389,#5390,#5391,#5392,#5393,#5394,#5395,#5396,#5397,#5398,#5399,#5400),.UNSPECIFIED.,.F.,.F.,(4,3,3,3,4),(0.,0.25,0.5,0.75,1.),.UNSPECIFIED.);
#5402=EDGE_CURVE('',#1866,#104,#5401,.T.);
#5403=ORIENTED_EDGE('',*,*,#5402,.F.);
#5404=ORIENTED_EDGE('',*,*,#1872,.F.);
#5405=EDGE_LOOP('',(#5386,#5387,#5403,#5404));
#5406=FACE_BOUND('',#5405,.T.);
#5407=ADVANCED_FACE('',(#5406),#5385,.T.);
#5408=CARTESIAN_POINT('',(-96.432045965,-9.035444199,16.118019011));
#5409=DIRECTION('',(-0.,0.,1.));
#5410=DIRECTION('',(1.,0.,0.));
#5411=AXIS2_PLACEMENT_3D('',#5408,#5409,#5410);
#5412=TOROIDAL_SURFACE('',#5411,28.521367658,0.7);
#5413=ORIENTED_EDGE('',*,*,#5375,.T.);
#5414=ORIENTED_EDGE('',*,*,#2317,.F.);
#5415=CARTESIAN_POINT('',(-120.157217571,6.794421416,16.118019011));
#5416=DIRECTION('',(-0.555017761,-0.831838497,0.));
#5417=DIRECTION('',(0.831838497,-0.555017761,0.));
#5418=AXIS2_PLACEMENT_3D('',#5415,#5416,#5417);
#5419=CIRCLE('',#5418,0.7);
#5420=EDGE_CURVE('',#2048,#2305,#5419,.T.);
#5421=ORIENTED_EDGE('',*,*,#5420,.F.);
#5422=ORIENTED_EDGE('',*,*,#2054,.F.);
#5423=EDGE_LOOP('',(#5413,#5414,#5421,#5422));
#5424=FACE_BOUND('',#5423,.T.);
#5425=ADVANCED_FACE('',(#5424),#5412,.T.);
#5426=CARTESIAN_POINT('',(-86.490485429,-10.525728112,16.018019011));
#5427=CARTESIAN_POINT('',(-86.446032971,-10.605853413,16.018019815));
#5428=CARTESIAN_POINT('',(-86.401597809,-10.685947262,15.999801345));
#5429=CARTESIAN_POINT('',(-86.319459682,-10.833999705,15.929671883));
#5430=CARTESIAN_POINT('',(-86.281789035,-10.901900045,15.877788484));
#5431=CARTESIAN_POINT('',(-86.21892258,-11.015214509,15.74820461));
#5432=CARTESIAN_POINT('',(-86.193751508,-11.060584048,15.670555121));
#5433=CARTESIAN_POINT('',(-86.159727649,-11.121909296,15.501244961));
#5434=CARTESIAN_POINT('',(-86.150888028,-11.137841015,15.409649359));
#5435=CARTESIAN_POINT('',(-86.150887505,-11.137840725,15.318019011));
#5436=CARTESIAN_POINT('',(-86.875646692,-10.80741765,16.018016449));
#5437=CARTESIAN_POINT('',(-86.832339422,-10.882511112,16.010232805));
#5438=CARTESIAN_POINT('',(-86.790713171,-10.956737173,15.986227899));
#5439=CARTESIAN_POINT('',(-86.716388844,-11.093542892,15.909103449));
#5440=CARTESIAN_POINT('',(-86.683713047,-11.156081279,15.856008302));
#5441=CARTESIAN_POINT('',(-86.631659038,-11.261084853,15.727928296));
#5442=CARTESIAN_POINT('',(-86.612295976,-11.303518337,15.652982841));
#5443=CARTESIAN_POINT('',(-86.589415177,-11.362575773,15.491340013));
#5444=CARTESIAN_POINT('',(-86.585903333,-11.37918181,15.404690351));
#5445=CARTESIAN_POINT('',(-86.590514892,-11.381740232,15.318015656));
#5446=CARTESIAN_POINT('',(-87.257200306,-11.097412429,16.050684851));
#5447=CARTESIAN_POINT('',(-87.216824315,-11.167417518,16.036601145));
#5448=CARTESIAN_POINT('',(-87.17905792,-11.235982221,16.008347013));
#5449=CARTESIAN_POINT('',(-87.113240774,-11.362048414,15.926935043));
#5450=CARTESIAN_POINT('',(-87.085205836,-11.419519388,15.87379733));
#5451=CARTESIAN_POINT('',(-87.042206418,-11.516481327,15.749044862));
#5452=CARTESIAN_POINT('',(-87.02725216,-11.555948811,15.677460588));
#5453=CARTESIAN_POINT('',(-87.012190899,-11.612143948,15.524446611));
#5454=CARTESIAN_POINT('',(-87.012087328,-11.628857931,15.443054133));
#5455=CARTESIAN_POINT('',(-87.019402377,-11.633184134,15.361641873));
#5456=CARTESIAN_POINT('',(-88.019519131,-11.692371764,16.155951888));
#5457=CARTESIAN_POINT('',(-87.985717894,-11.752333673,16.132468943));
#5458=CARTESIAN_POINT('',(-87.955539548,-11.810115832,16.098451237));
#5459=CARTESIAN_POINT('',(-87.90523932,-11.91591509,16.012606196));
#5460=CARTESIAN_POINT('',(-87.885124627,-11.963916773,15.960791869));
#5461=CARTESIAN_POINT('',(-87.856821157,-12.045636935,15.844280278));
#5462=CARTESIAN_POINT('',(-87.848636284,-12.079343496,15.779600329));
#5463=CARTESIAN_POINT('',(-87.844932409,-12.129292921,15.643476031));
#5464=CARTESIAN_POINT('',(-87.849413693,-12.145528428,15.572051738));
#5465=CARTESIAN_POINT('',(-87.860001237,-12.152257145,15.500616947));
#5466=CARTESIAN_POINT('',(-88.400462116,-11.997549981,16.229045252));
#5467=CARTESIAN_POINT('',(-88.370319739,-12.052560404,16.2024185));
#5468=CARTESIAN_POINT('',(-88.343890238,-12.105221435,16.16685336));
#5469=CARTESIAN_POINT('',(-88.300635168,-12.20148946,16.080825085));
#5470=CARTESIAN_POINT('',(-88.283814532,-12.24508538,16.030372014));
#5471=CARTESIAN_POINT('',(-88.261168135,-12.319596584,15.918788625));
#5472=CARTESIAN_POINT('',(-88.255344927,-12.350503294,15.857671269));
#5473=CARTESIAN_POINT('',(-88.25516958,-12.397061592,15.729860431));
#5474=CARTESIAN_POINT('',(-88.260817409,-12.412707805,15.663181751));
#5475=CARTESIAN_POINT('',(-88.27196227,-12.420071144,15.596495355));
#5476=CARTESIAN_POINT('',(-89.162476763,-12.621258405,16.395752667));
#5477=CARTESIAN_POINT('',(-89.138858129,-12.666860801,16.365124447));
#5478=CARTESIAN_POINT('',(-89.118796075,-12.71000485,16.328186691));
#5479=CARTESIAN_POINT('',(-89.087046254,-12.788644132,16.244076874));
#5480=CARTESIAN_POINT('',(-89.075360524,-12.824134184,16.19691056));
#5481=CARTESIAN_POINT('',(-89.061095166,-12.885209015,16.095376096));
#5482=CARTESIAN_POINT('',(-89.058516414,-12.910789767,16.041014789));
#5483=CARTESIAN_POINT('',(-89.062617231,-12.95041651,15.928571595));
#5484=CARTESIAN_POINT('',(-89.069296468,-12.964459866,15.870497235));
#5485=CARTESIAN_POINT('',(-89.080387041,-12.97228497,15.812418996));
#5486=CARTESIAN_POINT('',(-89.542683264,-12.939125152,16.489335083));
#5487=CARTESIAN_POINT('',(-89.521938828,-12.980282065,16.457833168));
#5488=CARTESIAN_POINT('',(-89.504505297,-13.019039666,16.421058985));
#5489=CARTESIAN_POINT('',(-89.477230335,-13.089597086,16.339035974));
#5490=CARTESIAN_POINT('',(-89.467390315,-13.121393246,16.293791467));
#5491=CARTESIAN_POINT('',(-89.455852113,-13.176249741,16.197375053));
#5492=CARTESIAN_POINT('',(-89.454154526,-13.199307232,16.146208204));
#5493=CARTESIAN_POINT('',(-89.458995749,-13.235396273,16.040823388));
#5494=CARTESIAN_POINT('',(-89.465534304,-13.248425949,15.986610937));
#5495=CARTESIAN_POINT('',(-89.47600816,-13.256077218,15.932395726));
#5496=CARTESIAN_POINT('',(-90.012877752,-13.340315047,16.603270087));
#5497=CARTESIAN_POINT('',(-89.994829787,-13.376467049,16.571416867));
#5498=CARTESIAN_POINT('',(-89.979768283,-13.410337005,16.535286836));
#5499=CARTESIAN_POINT('',(-89.956344224,-13.471880015,16.456216277));
#5500=CARTESIAN_POINT('',(-89.947982587,-13.499550658,16.413278849));
#5501=CARTESIAN_POINT('',(-89.938363116,-13.547356311,16.322670791));
#5502=CARTESIAN_POINT('',(-89.937105658,-13.567489448,16.275003712));
#5503=CARTESIAN_POINT('',(-89.941755841,-13.599245767,16.177242404));
#5504=CARTESIAN_POINT('',(-89.947663299,-13.610867705,16.127152007));
#5505=CARTESIAN_POINT('',(-89.957010697,-13.617953245,16.077059713));
#5506=CARTESIAN_POINT('',(-90.102841899,-13.417444362,16.624989224));
#5507=CARTESIAN_POINT('',(-90.08527172,-13.452660961,16.593101555));
#5508=CARTESIAN_POINT('',(-90.070624863,-13.485619954,16.557114736));
#5509=CARTESIAN_POINT('',(-90.047862227,-13.545482387,16.478626041));
#5510=CARTESIAN_POINT('',(-90.039747285,-13.572383625,16.436127057));
#5511=CARTESIAN_POINT('',(-90.030429277,-13.618868957,16.346607171));
#5512=CARTESIAN_POINT('',(-90.029226553,-13.638451341,16.299589566));
#5513=CARTESIAN_POINT('',(-90.033789744,-13.669380365,16.203237379));
#5514=CARTESIAN_POINT('',(-90.039555491,-13.680725867,16.153906345));
#5515=CARTESIAN_POINT('',(-90.048670596,-13.687687193,16.104573556));
#5516=CARTESIAN_POINT('',(-90.19281751,-13.494958012,16.646432795));
#5517=CARTESIAN_POINT('',(-90.175685873,-13.529263116,16.614536974));
#5518=CARTESIAN_POINT('',(-90.161414311,-13.561336276,16.578707659));
#5519=CARTESIAN_POINT('',(-90.139238672,-13.619563454,16.500808221));
#5520=CARTESIAN_POINT('',(-90.131335363,-13.645715452,16.4587408));
#5521=CARTESIAN_POINT('',(-90.122256111,-13.69090969,16.370279588));
#5522=CARTESIAN_POINT('',(-90.121080482,-13.709950362,16.323888866));
#5523=CARTESIAN_POINT('',(-90.125510306,-13.740054848,16.228892237));
#5524=CARTESIAN_POINT('',(-90.131115605,-13.751117618,16.180289626));
#5525=CARTESIAN_POINT('',(-90.139984009,-13.757939877,16.131685384));
#5526=B_SPLINE_SURFACE_WITH_KNOTS('',3,3,((#5426,#5427,#5428,#5429,#5430,#5431,#5432,#5433,#5434,#5435),(#5436,#5437,#5438,#5439,#5440,#5441,#5442,#5443,#5444,#5445),(#5446,#5447,#5448,#5449,#5450,#5451,#5452,#5453,#5454,#5455),(#5456,#5457,#5458,#5459,#5460,#5461,#5462,#5463,#5464,#5465),(#5466,#5467,#5468,#5469,#5470,#5471,#5472,#5473,#5474,#5475),(#5476,#5477,#5478,#5479,#5480,#5481,#5482,#5483,#5484,#5485),(#5486,#5487,#5488,#5489,#5490,#5491,#5492,#5493,#5494,#5495),(#5496,#5497,#5498,#5499,#5500,#5501,#5502,#5503,#5504,#5505),(#5506,#5507,#5508,#5509,#5510,#5511,#5512,#5513,#5514,#5515),(#5516,#5517,#5518,#5519,#5520,#5521,#5522,#5523,#5524,#5525)),.UNSPECIFIED.,.F.,.F.,.U.,(4,2,2,2,4),(4,2,2,2,4),(-0.000000058,0.001528377,0.003056813,0.004585248,0.004946883),(0.,0.25,0.5,0.75,1.),.UNSPECIFIED.);
#5527=ORIENTED_EDGE('',*,*,#5402,.T.);
#5528=ORIENTED_EDGE('',*,*,#3012,.F.);
#5529=CARTESIAN_POINT('',(-90.094069326,-13.72268553,16.118019011));
#5530=CARTESIAN_POINT('',(-90.075870525,-13.708741503,16.318916228));
#5531=CARTESIAN_POINT('',(-90.112173183,-13.624926099,16.514128235));
#5532=CARTESIAN_POINT('',(-90.192819465,-13.494960165,16.64641163));
#5533=B_SPLINE_CURVE_WITH_KNOTS('',3,(#5529,#5530,#5531,#5532),.UNSPECIFIED.,.F.,.F.,(4,4),(0.,0.000598011),.UNSPECIFIED.);
#5534=EDGE_CURVE('',#1875,#2984,#5533,.T.);
#5535=ORIENTED_EDGE('',*,*,#5534,.F.);
#5536=ORIENTED_EDGE('',*,*,#1887,.F.);
#5537=EDGE_LOOP('',(#5527,#5528,#5535,#5536));
#5538=FACE_BOUND('',#5537,.T.);
#5539=ADVANCED_FACE('',(#5538),#5526,.T.);
#5540=CARTESIAN_POINT('',(-119.075827525,6.072898326,16.118019011));
#5541=DIRECTION('',(-0.,0.,1.));
#5542=DIRECTION('',(1.,0.,0.));
#5543=AXIS2_PLACEMENT_3D('',#5540,#5541,#5542);
#5544=TOROIDAL_SURFACE('',#5543,1.3,0.7);
#5545=ORIENTED_EDGE('',*,*,#5420,.T.);
#5546=ORIENTED_EDGE('',*,*,#2342,.F.);
#5547=CARTESIAN_POINT('',(-119.075827525,6.072898326,16.118019011));
#5548=DIRECTION('',(0.,-0.,-1.));
#5549=DIRECTION('',(1.,0.,0.));
#5550=AXIS2_PLACEMENT_3D('',#5547,#5548,#5549);
#5551=CIRCLE('',#5550,2.);
#5552=EDGE_CURVE('',#2160,#2330,#5551,.T.);
#5553=ORIENTED_EDGE('',*,*,#5552,.F.);
#5554=CARTESIAN_POINT('',(-118.739362767,4.817194752,16.118019011));
#5555=DIRECTION('',(0.965925826,0.258819045,0.));
#5556=DIRECTION('',(-0.258819045,0.965925826,0.));
#5557=AXIS2_PLACEMENT_3D('',#5554,#5555,#5556);
#5558=CIRCLE('',#5557,0.7);
#5559=EDGE_CURVE('',#2057,#2160,#5558,.T.);
#5560=ORIENTED_EDGE('',*,*,#5559,.F.);
#5561=ORIENTED_EDGE('',*,*,#2063,.F.);
#5562=EDGE_LOOP('',(#5545,#5546,#5553,#5560,#5561));
#5563=FACE_BOUND('',#5562,.T.);
#5564=ADVANCED_FACE('',(#5563),#5544,.T.);
#5565=CARTESIAN_POINT('',(-70.626752672,-39.12,16.118019011));
#5566=DIRECTION('',(-0.,0.,1.));
#5567=DIRECTION('',(1.,0.,0.));
#5568=AXIS2_PLACEMENT_3D('',#5565,#5566,#5567);
#5569=TOROIDAL_SURFACE('',#5568,32.7,0.7);
#5570=ORIENTED_EDGE('',*,*,#3002,.F.);
#5571=ORIENTED_EDGE('',*,*,#1979,.F.);
#5572=CARTESIAN_POINT('',(-94.600319018,-16.881337345,16.118019011));
#5573=DIRECTION('',(-0.680081427,-0.733136585,0.));
#5574=DIRECTION('',(0.733136585,-0.680081427,0.));
#5575=AXIS2_PLACEMENT_3D('',#5572,#5573,#5574);
#5576=CIRCLE('',#5575,0.7);
#5577=EDGE_CURVE('',#1834,#1964,#5576,.T.);
#5578=ORIENTED_EDGE('',*,*,#5577,.F.);
#5579=ORIENTED_EDGE('',*,*,#1894,.F.);
#5580=ORIENTED_EDGE('',*,*,#5534,.T.);
#5581=EDGE_LOOP('',(#5570,#5571,#5578,#5579,#5580));
#5582=FACE_BOUND('',#5581,.T.);
#5583=ADVANCED_FACE('',(#5582),#5569,.T.);
#5584=CARTESIAN_POINT('',(-119.023023485,4.741188092,16.118019011));
#5585=DIRECTION('',(-0.965925826,-0.258819045,-0.));
#5586=DIRECTION('',(0.258819045,-0.965925826,0.));
#5587=AXIS2_PLACEMENT_3D('',#5584,#5585,#5586);
#5588=CYLINDRICAL_SURFACE('',#5587,0.7);
#5589=ORIENTED_EDGE('',*,*,#5559,.T.);
#5590=ORIENTED_EDGE('',*,*,#2178,.F.);
#5591=CARTESIAN_POINT('',(-103.15972801,8.991745304,16.118019011));
#5592=DIRECTION('',(0.965925826,0.258819045,0.));
#5593=DIRECTION('',(-0.258819045,0.965925826,0.));
#5594=AXIS2_PLACEMENT_3D('',#5591,#5592,#5593);
#5595=CIRCLE('',#5594,0.7);
#5596=EDGE_CURVE('',#2066,#1355,#5595,.T.);
#5597=ORIENTED_EDGE('',*,*,#5596,.F.);
#5598=ORIENTED_EDGE('',*,*,#2071,.F.);
#5599=EDGE_LOOP('',(#5589,#5590,#5597,#5598));
#5600=FACE_BOUND('',#5599,.T.);
#5601=ADVANCED_FACE('',(#5600),#5588,.T.);
#5602=CARTESIAN_POINT('',(-100.53872536,-11.372677789,16.118019011));
#5603=DIRECTION('',(-0.,0.,1.));
#5604=DIRECTION('',(1.,0.,0.));
#5605=AXIS2_PLACEMENT_3D('',#5602,#5603,#5604);
#5606=TOROIDAL_SURFACE('',#5605,8.1,0.7);
#5607=ORIENTED_EDGE('',*,*,#5577,.T.);
#5608=ORIENTED_EDGE('',*,*,#1970,.F.);
#5609=CARTESIAN_POINT('',(-100.247033608,-19.467423981,16.118019011));
#5610=DIRECTION('',(-0.999351382,-0.036011327,-0.));
#5611=DIRECTION('',(0.036011327,-0.999351382,0.));
#5612=AXIS2_PLACEMENT_3D('',#5609,#5610,#5611);
#5613=CIRCLE('',#5612,0.7);
#5614=EDGE_CURVE('',#1801,#1962,#5613,.T.);
#5615=ORIENTED_EDGE('',*,*,#5614,.F.);
#5616=ORIENTED_EDGE('',*,*,#1846,.F.);
#5617=EDGE_LOOP('',(#5607,#5608,#5615,#5616));
#5618=FACE_BOUND('',#5617,.T.);
#5619=ADVANCED_FACE('',(#5618),#5606,.T.);
#5620=CARTESIAN_POINT('',(-102.719735633,7.349671399,16.118019011));
#5621=DIRECTION('',(-0.,0.,1.));
#5622=DIRECTION('',(1.,0.,0.));
#5623=AXIS2_PLACEMENT_3D('',#5620,#5621,#5622);
#5624=TOROIDAL_SURFACE('',#5623,1.7,0.7);
#5625=ORIENTED_EDGE('',*,*,#5596,.T.);
#5626=ORIENTED_EDGE('',*,*,#1361,.F.);
#5627=CARTESIAN_POINT('',(-102.719735633,7.349671399,16.118019011));
#5628=DIRECTION('',(-0.,0.,1.));
#5629=DIRECTION('',(1.,0.,0.));
#5630=AXIS2_PLACEMENT_3D('',#5627,#5628,#5629);
#5631=CIRCLE('',#5630,1.);
#5632=EDGE_CURVE('',#1389,#1345,#5631,.T.);
#5633=ORIENTED_EDGE('',*,*,#5632,.F.);
#5634=CARTESIAN_POINT('',(-101.517654105,8.551752927,16.118019011));
#5635=DIRECTION('',(0.707106781,-0.707106781,0.));
#5636=DIRECTION('',(0.707106781,0.707106781,0.));
#5637=AXIS2_PLACEMENT_3D('',#5634,#5635,#5636);
#5638=CIRCLE('',#5637,0.7);
#5639=EDGE_CURVE('',#2074,#1389,#5638,.T.);
#5640=ORIENTED_EDGE('',*,*,#5639,.F.);
#5641=ORIENTED_EDGE('',*,*,#2080,.F.);
#5642=EDGE_LOOP('',(#5625,#5626,#5633,#5640,#5641));
#5643=FACE_BOUND('',#5642,.T.);
#5644=ADVANCED_FACE('',(#5643),#5624,.T.);
#5645=CARTESIAN_POINT('',(-101.274125918,9.035444199,16.118019011));
#5646=DIRECTION('',(-0.,0.,1.));
#5647=DIRECTION('',(1.,0.,0.));
#5648=AXIS2_PLACEMENT_3D('',#5645,#5646,#5647);
#5649=TOROIDAL_SURFACE('',#5648,28.521367658,0.7);
#5650=ORIENTED_EDGE('',*,*,#5614,.T.);
#5651=ORIENTED_EDGE('',*,*,#2147,.F.);
#5652=CARTESIAN_POINT('',(-113.905794431,-16.536207365,16.118019011));
#5653=DIRECTION('',(-0.896578729,0.44288439,0.));
#5654=DIRECTION('',(-0.44288439,-0.896578729,0.));
#5655=AXIS2_PLACEMENT_3D('',#5652,#5653,#5654);
#5656=CIRCLE('',#5655,0.7);
#5657=EDGE_CURVE('',#1784,#2134,#5656,.T.);
#5658=ORIENTED_EDGE('',*,*,#5657,.F.);
#5659=ORIENTED_EDGE('',*,*,#1813,.F.);
#5660=EDGE_LOOP('',(#5650,#5651,#5658,#5659));
#5661=FACE_BOUND('',#5660,.T.);
#5662=ADVANCED_FACE('',(#5661),#5649,.T.);
#5663=CARTESIAN_POINT('',(-96.537024961,3.571123783,16.118019011));
#5664=DIRECTION('',(-0.707106781,0.707106781,-0.));
#5665=DIRECTION('',(-0.707106781,-0.707106781,-0.));
#5666=AXIS2_PLACEMENT_3D('',#5663,#5664,#5665);
#5667=CYLINDRICAL_SURFACE('',#5666,0.7);
#5668=ORIENTED_EDGE('',*,*,#5639,.T.);
#5669=ORIENTED_EDGE('',*,*,#1416,.F.);
#5670=CARTESIAN_POINT('',(-94.9040318,1.938130622,16.118019011));
#5671=DIRECTION('',(0.707106781,-0.707106781,0.));
#5672=DIRECTION('',(0.707106781,0.707106781,0.));
#5673=AXIS2_PLACEMENT_3D('',#5670,#5671,#5672);
#5674=CIRCLE('',#5673,0.7);
#5675=EDGE_CURVE('',#2083,#1405,#5674,.T.);
#5676=ORIENTED_EDGE('',*,*,#5675,.F.);
#5677=ORIENTED_EDGE('',*,*,#2088,.F.);
#5678=EDGE_LOOP('',(#5668,#5669,#5676,#5677));
#5679=FACE_BOUND('',#5678,.T.);
#5680=ADVANCED_FACE('',(#5679),#5667,.T.);
#5681=CARTESIAN_POINT('',(-113.330044724,-15.370655017,16.118019011));
#5682=DIRECTION('',(-0.,0.,1.));
#5683=DIRECTION('',(1.,0.,0.));
#5684=AXIS2_PLACEMENT_3D('',#5681,#5682,#5683);
#5685=TOROIDAL_SURFACE('',#5684,1.3,0.7);
#5686=ORIENTED_EDGE('',*,*,#5657,.T.);
#5687=ORIENTED_EDGE('',*,*,#2140,.F.);
#5688=CARTESIAN_POINT('',(-113.666509483,-14.114951443,16.118019011));
#5689=DIRECTION('',(0.965925826,0.258819045,0.));
#5690=DIRECTION('',(-0.258819045,0.965925826,-0.));
#5691=AXIS2_PLACEMENT_3D('',#5688,#5689,#5690);
#5692=CIRCLE('',#5691,0.7);
#5693=EDGE_CURVE('',#2207,#2126,#5692,.T.);
#5694=ORIENTED_EDGE('',*,*,#5693,.F.);
#5695=ORIENTED_EDGE('',*,*,#2243,.F.);
#5696=CARTESIAN_POINT('',(-113.330044724,-15.370655017,16.118019011));
#5697=DIRECTION('',(0.,-0.,-1.));
#5698=DIRECTION('',(1.,0.,0.));
#5699=AXIS2_PLACEMENT_3D('',#5696,#5697,#5698);
#5700=CIRCLE('',#5699,2.);
#5701=EDGE_CURVE('',#1784,#2231,#5700,.T.);
#5702=ORIENTED_EDGE('',*,*,#5701,.F.);
#5703=EDGE_LOOP('',(#5686,#5687,#5694,#5695,#5702));
#5704=FACE_BOUND('',#5703,.T.);
#5705=ADVANCED_FACE('',(#5704),#5685,.T.);
#5706=CARTESIAN_POINT('',(-96.106113328,0.736049094,16.118019011));
#5707=DIRECTION('',(-0.,0.,1.));
#5708=DIRECTION('',(1.,0.,0.));
#5709=AXIS2_PLACEMENT_3D('',#5706,#5707,#5708);
#5710=TOROIDAL_SURFACE('',#5709,1.7,0.7);
#5711=CARTESIAN_POINT('',(-95.106113328,0.736049094,16.118019011));
#5712=VERTEX_POINT('',#5711);
#5713=CARTESIAN_POINT('',(-94.406113328,0.736049094,16.118019011));
#5714=DIRECTION('',(-0.,1.,-0.));
#5715=DIRECTION('',(1.,0.,0.));
#5716=AXIS2_PLACEMENT_3D('',#5713,#5714,#5715);
#5717=CIRCLE('',#5716,0.7);
#5718=EDGE_CURVE('',#5712,#2091,#5717,.T.);
#5719=ORIENTED_EDGE('',*,*,#5718,.T.);
#5720=ORIENTED_EDGE('',*,*,#2097,.F.);
#5721=ORIENTED_EDGE('',*,*,#5675,.T.);
#5722=ORIENTED_EDGE('',*,*,#1441,.F.);
#5723=CARTESIAN_POINT('',(-96.106113328,0.736049094,16.118019011));
#5724=DIRECTION('',(-0.,0.,1.));
#5725=DIRECTION('',(1.,0.,0.));
#5726=AXIS2_PLACEMENT_3D('',#5723,#5724,#5725);
#5727=CIRCLE('',#5726,1.);
#5728=EDGE_CURVE('',#5712,#1427,#5727,.T.);
#5729=ORIENTED_EDGE('',*,*,#5728,.F.);
#5730=EDGE_LOOP('',(#5719,#5720,#5721,#5722,#5729));
#5731=FACE_BOUND('',#5730,.T.);
#5732=ADVANCED_FACE('',(#5731),#5710,.T.);
#5733=CARTESIAN_POINT('',(-113.950170201,-14.190958103,16.118019011));
#5734=DIRECTION('',(0.965925826,0.258819045,0.));
#5735=DIRECTION('',(-0.258819045,0.965925826,-0.));
#5736=AXIS2_PLACEMENT_3D('',#5733,#5734,#5735);
#5737=CYLINDRICAL_SURFACE('',#5736,0.7);
#5738=ORIENTED_EDGE('',*,*,#5693,.T.);
#5739=ORIENTED_EDGE('',*,*,#2131,.F.);
#5740=CARTESIAN_POINT('',(-98.086874726,-9.940400891,16.118019011));
#5741=DIRECTION('',(0.965925826,0.258819045,0.));
#5742=DIRECTION('',(-0.258819045,0.965925826,0.));
#5743=AXIS2_PLACEMENT_3D('',#5740,#5741,#5742);
#5744=CIRCLE('',#5743,0.7);
#5745=EDGE_CURVE('',#2191,#2117,#5744,.T.);
#5746=ORIENTED_EDGE('',*,*,#5745,.F.);
#5747=ORIENTED_EDGE('',*,*,#2218,.F.);
#5748=EDGE_LOOP('',(#5738,#5739,#5746,#5747));
#5749=FACE_BOUND('',#5748,.T.);
#5750=ADVANCED_FACE('',(#5749),#5737,.T.);
#5751=CARTESIAN_POINT('',(-97.45262433,-10.857494,16.118019011));
#5752=DIRECTION('',(0.258819045,0.965925826,0.));
#5753=DIRECTION('',(-0.965925826,0.258819045,0.));
#5754=AXIS2_PLACEMENT_3D('',#5751,#5752,#5753);
#5755=CYLINDRICAL_SURFACE('',#5754,0.7);
#5756=CARTESIAN_POINT('',(-94.464039423,0.296056717,16.118019011));
#5757=DIRECTION('',(-0.258819045,-0.965925826,0.));
#5758=DIRECTION('',(0.965925826,-0.258819045,0.));
#5759=AXIS2_PLACEMENT_3D('',#5756,#5757,#5758);
#5760=CIRCLE('',#5759,0.7);
#5761=EDGE_CURVE('',#2100,#1316,#5760,.T.);
#5762=ORIENTED_EDGE('',*,*,#5761,.T.);
#5763=ORIENTED_EDGE('',*,*,#1334,.F.);
#5764=CARTESIAN_POINT('',(-96.884793198,-8.738319363,16.118019011));
#5765=DIRECTION('',(-0.258819045,-0.965925826,0.));
#5766=DIRECTION('',(0.965925826,-0.258819045,0.));
#5767=AXIS2_PLACEMENT_3D('',#5764,#5765,#5766);
#5768=CIRCLE('',#5767,0.7);
#5769=EDGE_CURVE('',#2109,#1282,#5768,.T.);
#5770=ORIENTED_EDGE('',*,*,#5769,.F.);
#5771=ORIENTED_EDGE('',*,*,#2114,.F.);
#5772=EDGE_LOOP('',(#5762,#5763,#5770,#5771));
#5773=FACE_BOUND('',#5772,.T.);
#5774=ADVANCED_FACE('',(#5773),#5755,.T.);
#5775=CARTESIAN_POINT('',(-98.526867102,-8.298326987,16.118019011));
#5776=DIRECTION('',(-0.,0.,1.));
#5777=DIRECTION('',(1.,0.,0.));
#5778=AXIS2_PLACEMENT_3D('',#5775,#5776,#5777);
#5779=TOROIDAL_SURFACE('',#5778,1.7,0.7);
#5780=ORIENTED_EDGE('',*,*,#5745,.T.);
#5781=ORIENTED_EDGE('',*,*,#2123,.F.);
#5782=ORIENTED_EDGE('',*,*,#5769,.T.);
#5783=ORIENTED_EDGE('',*,*,#1288,.F.);
#5784=CARTESIAN_POINT('',(-98.526867102,-8.298326987,16.118019011));
#5785=DIRECTION('',(-0.,0.,1.));
#5786=DIRECTION('',(1.,0.,0.));
#5787=AXIS2_PLACEMENT_3D('',#5784,#5785,#5786);
#5788=CIRCLE('',#5787,1.);
#5789=EDGE_CURVE('',#2191,#1272,#5788,.T.);
#5790=ORIENTED_EDGE('',*,*,#5789,.F.);
#5791=EDGE_LOOP('',(#5780,#5781,#5782,#5783,#5790));
#5792=FACE_BOUND('',#5791,.T.);
#5793=ADVANCED_FACE('',(#5792),#5779,.T.);
#5794=CARTESIAN_POINT('',(-98.526867102,-8.298326987,7.818019011));
#5795=DIRECTION('',(0.,0.,-1.));
#5796=DIRECTION('',(-1.,0.,0.));
#5797=AXIS2_PLACEMENT_3D('',#5794,#5795,#5796);
#5798=CONICAL_SURFACE('',#5797,1.5,45.);
#5799=CARTESIAN_POINT('',(-98.268048057,-9.264252813,8.318019011));
#5800=DIRECTION('',(0.183012702,-0.683012702,-0.707106781));
#5801=VECTOR('',#5800,0.707106781);
#5802=LINE('',#5799,#5801);
#5803=EDGE_CURVE('',#2189,#1038,#5802,.T.);
#5804=ORIENTED_EDGE('',*,*,#5803,.F.);
#5805=CARTESIAN_POINT('',(-98.526867102,-8.298326987,8.318019011));
#5806=DIRECTION('',(0.,0.,-1.));
#5807=DIRECTION('',(-1.,0.,0.));
#5808=AXIS2_PLACEMENT_3D('',#5805,#5806,#5807);
#5809=CIRCLE('',#5808,1.);
#5810=EDGE_CURVE('',#1274,#2189,#5809,.T.);
#5811=ORIENTED_EDGE('',*,*,#5810,.F.);
#5812=ORIENTED_EDGE('',*,*,#1303,.F.);
#5813=CARTESIAN_POINT('',(-97.077978363,-8.686555554,7.818019011));
#5814=DIRECTION('',(-0.683012702,0.183012702,0.707106781));
#5815=VECTOR('',#5814,0.707106781);
#5816=LINE('',#5813,#5815);
#5817=EDGE_CURVE('',#1046,#1291,#5816,.T.);
#5818=ORIENTED_EDGE('',*,*,#5817,.F.);
#5819=ORIENTED_EDGE('',*,*,#1052,.F.);
#5820=EDGE_LOOP('',(#5804,#5811,#5812,#5818,#5819));
#5821=FACE_BOUND('',#5820,.T.);
#5822=ADVANCED_FACE('',(#5821),#5798,.F.);
#5823=CARTESIAN_POINT('',(-102.914443334,-30.468539362,7.818019011));
#5824=DIRECTION('',(0.683012702,-0.183012702,0.707106781));
#5825=DIRECTION('',(0.258819045,0.965925826,0.));
#5826=AXIS2_PLACEMENT_3D('',#5823,#5824,#5825);
#5827=PLANE('',#5826);
#5828=ORIENTED_EDGE('',*,*,#5817,.T.);
#5829=ORIENTED_EDGE('',*,*,#1327,.F.);
#5830=CARTESIAN_POINT('',(-94.657224588,0.347820526,7.818019011));
#5831=DIRECTION('',(-0.683012702,0.183012702,0.707106781));
#5832=VECTOR('',#5831,0.707106781);
#5833=LINE('',#5830,#5832);
#5834=EDGE_CURVE('',#1055,#1314,#5833,.T.);
#5835=ORIENTED_EDGE('',*,*,#5834,.F.);
#5836=ORIENTED_EDGE('',*,*,#1060,.F.);
#5837=EDGE_LOOP('',(#5828,#5829,#5835,#5836));
#5838=FACE_BOUND('',#5837,.T.);
#5839=ADVANCED_FACE('',(#5838),#5827,.F.);
#5840=CARTESIAN_POINT('',(-79.81289564,-4.836847717,7.818019011));
#5841=DIRECTION('',(0.183012702,-0.683012702,0.707106781));
#5842=DIRECTION('',(0.965925826,0.258819045,0.));
#5843=AXIS2_PLACEMENT_3D('',#5840,#5841,#5842);
#5844=PLANE('',#5843);
#5845=ORIENTED_EDGE('',*,*,#5803,.T.);
#5846=ORIENTED_EDGE('',*,*,#1043,.F.);
#5847=CARTESIAN_POINT('',(-113.847682814,-13.438803365,8.318019011));
#5848=DIRECTION('',(0.183012702,-0.683012702,-0.707106781));
#5849=VECTOR('',#5848,0.707106781);
#5850=LINE('',#5847,#5849);
#5851=EDGE_CURVE('',#2199,#1029,#5850,.T.);
#5852=ORIENTED_EDGE('',*,*,#5851,.F.);
#5853=ORIENTED_EDGE('',*,*,#2204,.F.);
#5854=EDGE_LOOP('',(#5845,#5846,#5852,#5853));
#5855=FACE_BOUND('',#5854,.T.);
#5856=ADVANCED_FACE('',(#5855),#5844,.F.);
#5857=CARTESIAN_POINT('',(-96.106113328,0.736049094,7.818019011));
#5858=DIRECTION('',(0.,0.,-1.));
#5859=DIRECTION('',(-1.,0.,0.));
#5860=AXIS2_PLACEMENT_3D('',#5857,#5858,#5859);
#5861=CONICAL_SURFACE('',#5860,1.5,45.);
#5862=ORIENTED_EDGE('',*,*,#5834,.T.);
#5863=CARTESIAN_POINT('',(-96.106113328,0.736049094,8.318019011));
#5864=DIRECTION('',(0.,0.,-1.));
#5865=DIRECTION('',(-1.,0.,0.));
#5866=AXIS2_PLACEMENT_3D('',#5863,#5864,#5865);
#5867=CIRCLE('',#5866,1.);
#5868=EDGE_CURVE('',#1429,#1314,#5867,.T.);
#5869=ORIENTED_EDGE('',*,*,#5868,.F.);
#5870=ORIENTED_EDGE('',*,*,#1449,.F.);
#5871=CARTESIAN_POINT('',(-95.045453156,1.796709265,7.818019011));
#5872=DIRECTION('',(-0.5,-0.5,0.707106781));
#5873=VECTOR('',#5872,0.707106781);
#5874=LINE('',#5871,#5873);
#5875=EDGE_CURVE('',#1063,#1397,#5874,.T.);
#5876=ORIENTED_EDGE('',*,*,#5875,.F.);
#5877=ORIENTED_EDGE('',*,*,#1069,.F.);
#5878=EDGE_LOOP('',(#5862,#5869,#5870,#5876,#5877));
#5879=FACE_BOUND('',#5878,.T.);
#5880=ADVANCED_FACE('',(#5879),#5861,.F.);
#5881=CARTESIAN_POINT('',(-113.330044724,-15.370655017,7.818019011));
#5882=DIRECTION('',(0.,0.,1.));
#5883=DIRECTION('',(1.,0.,-0.));
#5884=AXIS2_PLACEMENT_3D('',#5881,#5882,#5883);
#5885=CONICAL_SURFACE('',#5884,1.5,45.);
#5886=ORIENTED_EDGE('',*,*,#5851,.T.);
#5887=ORIENTED_EDGE('',*,*,#1035,.F.);
#5888=CARTESIAN_POINT('',(-114.215813504,-17.163812475,8.318019011));
#5889=DIRECTION('',(0.313166555,0.633976899,-0.707106781));
#5890=VECTOR('',#5889,0.707106781);
#5891=LINE('',#5888,#5890);
#5892=EDGE_CURVE('',#1782,#1020,#5891,.T.);
#5893=ORIENTED_EDGE('',*,*,#5892,.F.);
#5894=CARTESIAN_POINT('',(-113.330044724,-15.370655017,8.318019011));
#5895=DIRECTION('',(-0.,-0.,1.));
#5896=DIRECTION('',(-1.,0.,0.));
#5897=AXIS2_PLACEMENT_3D('',#5894,#5895,#5896);
#5898=CIRCLE('',#5897,2.);
#5899=EDGE_CURVE('',#2229,#1782,#5898,.T.);
#5900=ORIENTED_EDGE('',*,*,#5899,.F.);
#5901=ORIENTED_EDGE('',*,*,#2251,.F.);
#5902=EDGE_LOOP('',(#5886,#5887,#5893,#5900,#5901));
#5903=FACE_BOUND('',#5902,.T.);
#5904=ADVANCED_FACE('',(#5903),#5885,.T.);
#5905=CARTESIAN_POINT('',(-62.377748281,-30.870995609,7.818019011));
#5906=DIRECTION('',(0.5,0.5,0.707106781));
#5907=DIRECTION('',(-0.707106781,0.707106781,-0.));
#5908=AXIS2_PLACEMENT_3D('',#5905,#5906,#5907);
#5909=PLANE('',#5908);
#5910=ORIENTED_EDGE('',*,*,#5875,.T.);
#5911=ORIENTED_EDGE('',*,*,#1402,.F.);
#5912=CARTESIAN_POINT('',(-101.659075461,8.410331571,7.818019011));
#5913=DIRECTION('',(-0.5,-0.5,0.707106781));
#5914=VECTOR('',#5913,0.707106781);
#5915=LINE('',#5912,#5914);
#5916=EDGE_CURVE('',#1072,#1387,#5915,.T.);
#5917=ORIENTED_EDGE('',*,*,#5916,.F.);
#5918=ORIENTED_EDGE('',*,*,#1077,.F.);
#5919=EDGE_LOOP('',(#5910,#5911,#5917,#5918));
#5920=FACE_BOUND('',#5919,.T.);
#5921=ADVANCED_FACE('',(#5920),#5909,.F.);
#5922=CARTESIAN_POINT('',(-101.274125918,9.035444199,7.818019011));
#5923=DIRECTION('',(0.,0.,1.));
#5924=DIRECTION('',(1.,0.,-0.));
#5925=AXIS2_PLACEMENT_3D('',#5922,#5923,#5924);
#5926=CONICAL_SURFACE('',#5925,28.721367658,45.);
#5927=ORIENTED_EDGE('',*,*,#5892,.T.);
#5928=ORIENTED_EDGE('',*,*,#1026,.F.);
#5929=CARTESIAN_POINT('',(-100.221825679,-20.166969949,8.318019011));
#5930=DIRECTION('',(-0.025463854,0.706648139,-0.707106781));
#5931=VECTOR('',#5930,0.707106781);
#5932=LINE('',#5929,#5931);
#5933=EDGE_CURVE('',#1792,#1011,#5932,.T.);
#5934=ORIENTED_EDGE('',*,*,#5933,.F.);
#5935=ORIENTED_EDGE('',*,*,#1798,.F.);
#5936=EDGE_LOOP('',(#5927,#5928,#5934,#5935));
#5937=FACE_BOUND('',#5936,.T.);
#5938=ADVANCED_FACE('',(#5937),#5926,.T.);
#5939=CARTESIAN_POINT('',(-102.719735633,7.349671399,7.818019011));
#5940=DIRECTION('',(0.,0.,-1.));
#5941=DIRECTION('',(-1.,0.,0.));
#5942=AXIS2_PLACEMENT_3D('',#5939,#5940,#5941);
#5943=CONICAL_SURFACE('',#5942,1.5,45.);
#5944=ORIENTED_EDGE('',*,*,#5916,.T.);
#5945=CARTESIAN_POINT('',(-102.719735633,7.349671399,8.318019011));
#5946=DIRECTION('',(0.,0.,-1.));
#5947=DIRECTION('',(-1.,0.,0.));
#5948=AXIS2_PLACEMENT_3D('',#5945,#5946,#5947);
#5949=CIRCLE('',#5948,1.);
#5950=EDGE_CURVE('',#1347,#1387,#5949,.T.);
#5951=ORIENTED_EDGE('',*,*,#5950,.F.);
#5952=ORIENTED_EDGE('',*,*,#1376,.F.);
#5953=CARTESIAN_POINT('',(-103.107964201,8.798560139,7.818019011));
#5954=DIRECTION('',(0.183012702,-0.683012702,0.707106781));
#5955=VECTOR('',#5954,0.707106781);
#5956=LINE('',#5953,#5955);
#5957=EDGE_CURVE('',#1080,#1364,#5956,.T.);
#5958=ORIENTED_EDGE('',*,*,#5957,.F.);
#5959=ORIENTED_EDGE('',*,*,#1086,.F.);
#5960=EDGE_LOOP('',(#5944,#5951,#5952,#5958,#5959));
#5961=FACE_BOUND('',#5960,.T.);
#5962=ADVANCED_FACE('',(#5961),#5943,.F.);
#5963=CARTESIAN_POINT('',(-100.53872536,-11.372677789,7.818019011));
#5964=DIRECTION('',(0.,0.,1.));
#5965=DIRECTION('',(1.,0.,-0.));
#5966=AXIS2_PLACEMENT_3D('',#5963,#5964,#5965);
#5967=CONICAL_SURFACE('',#5966,8.3,45.);
#5968=ORIENTED_EDGE('',*,*,#5933,.T.);
#5969=ORIENTED_EDGE('',*,*,#1017,.F.);
#5970=CARTESIAN_POINT('',(-94.087123439,-17.357394315,8.318018968));
#5971=DIRECTION('',(-0.518405851,0.480890189,-0.707106781));
#5972=VECTOR('',#5971,0.70710672);
#5973=LINE('',#5970,#5972);
#5974=EDGE_CURVE('',#1825,#1002,#5973,.T.);
#5975=ORIENTED_EDGE('',*,*,#5974,.F.);
#5976=ORIENTED_EDGE('',*,*,#1831,.F.);
#5977=EDGE_LOOP('',(#5968,#5969,#5975,#5976));
#5978=FACE_BOUND('',#5977,.T.);
#5979=ADVANCED_FACE('',(#5978),#5967,.T.);
#5980=CARTESIAN_POINT('',(-84.782221306,13.708928148,7.818019011));
#5981=DIRECTION('',(-0.183012702,0.683012702,0.707106781));
#5982=DIRECTION('',(-0.965925826,-0.258819045,-0.));
#5983=AXIS2_PLACEMENT_3D('',#5980,#5981,#5982);
#5984=PLANE('',#5983);
#5985=ORIENTED_EDGE('',*,*,#5957,.T.);
#5986=ORIENTED_EDGE('',*,*,#2171,.F.);
#5987=CARTESIAN_POINT('',(-118.687598958,4.624009587,7.818019011));
#5988=DIRECTION('',(0.183012702,-0.683012702,0.707106781));
#5989=VECTOR('',#5988,0.707106781);
#5990=LINE('',#5987,#5989);
#5991=EDGE_CURVE('',#1089,#2158,#5990,.T.);
#5992=ORIENTED_EDGE('',*,*,#5991,.F.);
#5993=ORIENTED_EDGE('',*,*,#1094,.F.);
#5994=EDGE_LOOP('',(#5985,#5986,#5992,#5993));
#5995=FACE_BOUND('',#5994,.T.);
#5996=ADVANCED_FACE('',(#5995),#5984,.F.);
#5997=CARTESIAN_POINT('',(-70.626752672,-39.12,7.818019011));
#5998=DIRECTION('',(0.,0.,-1.));
#5999=DIRECTION('',(-1.,0.,0.));
#6000=AXIS2_PLACEMENT_3D('',#5997,#5998,#5999);
#6001=CONICAL_SURFACE('',#6000,32.5,45.000004927);
#6002=ORIENTED_EDGE('',*,*,#5974,.T.);
#6003=ORIENTED_EDGE('',*,*,#1008,.F.);
#6004=CARTESIAN_POINT('',(-70.626752672,-7.119999957,8.318018882));
#6005=DIRECTION('',(0.,0.707106842,-0.70710672));
#6006=VECTOR('',#6005,0.70710666);
#6007=LINE('',#6004,#6006);
#6008=EDGE_CURVE('',#662,#994,#6007,.T.);
#6009=ORIENTED_EDGE('',*,*,#6008,.F.);
#6010=ORIENTED_EDGE('',*,*,#1862,.F.);
#6011=EDGE_LOOP('',(#6002,#6003,#6009,#6010));
#6012=FACE_BOUND('',#6011,.T.);
#6013=ADVANCED_FACE('',(#6012),#6001,.F.);
#6014=CARTESIAN_POINT('',(-119.075827525,6.072898326,7.818019011));
#6015=DIRECTION('',(0.,0.,1.));
#6016=DIRECTION('',(1.,0.,-0.));
#6017=AXIS2_PLACEMENT_3D('',#6014,#6015,#6016);
#6018=CONICAL_SURFACE('',#6017,1.5,45.);
#6019=ORIENTED_EDGE('',*,*,#5991,.T.);
#6020=CARTESIAN_POINT('',(-119.075827525,6.072898326,8.318019011));
#6021=DIRECTION('',(-0.,-0.,1.));
#6022=DIRECTION('',(-1.,0.,0.));
#6023=AXIS2_PLACEMENT_3D('',#6020,#6021,#6022);
#6024=CIRCLE('',#6023,2.);
#6025=EDGE_CURVE('',#2328,#2158,#6024,.T.);
#6026=ORIENTED_EDGE('',*,*,#6025,.F.);
#6027=ORIENTED_EDGE('',*,*,#2350,.F.);
#6028=CARTESIAN_POINT('',(-120.323585271,6.905424968,7.818019011));
#6029=DIRECTION('',(-0.588198642,0.392456822,0.707106781));
#6030=VECTOR('',#6029,0.707106781);
#6031=LINE('',#6028,#6030);
#6032=EDGE_CURVE('',#1097,#2296,#6031,.T.);
#6033=ORIENTED_EDGE('',*,*,#6032,.F.);
#6034=ORIENTED_EDGE('',*,*,#1103,.F.);
#6035=EDGE_LOOP('',(#6019,#6026,#6027,#6033,#6034));
#6036=FACE_BOUND('',#6035,.T.);
#6037=ADVANCED_FACE('',(#6036),#6018,.T.);
#6038=CARTESIAN_POINT('',(-70.626752672,-6.62,7.818019011));
#6039=DIRECTION('',(-0.,0.70710672,0.707106842));
#6040=DIRECTION('',(-1.,-0.,-0.));
#6041=AXIS2_PLACEMENT_3D('',#6038,#6039,#6040);
#6042=PLANE('',#6041);
#6043=ORIENTED_EDGE('',*,*,#6008,.T.);
#6044=ORIENTED_EDGE('',*,*,#999,.F.);
#6045=CARTESIAN_POINT('',(-10.307803402,-7.120000043,8.318018968));
#6046=DIRECTION('',(0.,0.707106842,-0.70710672));
#6047=VECTOR('',#6046,0.707106781);
#6048=LINE('',#6045,#6047);
#6049=EDGE_CURVE('',#670,#985,#6048,.T.);
#6050=ORIENTED_EDGE('',*,*,#6049,.F.);
#6051=ORIENTED_EDGE('',*,*,#675,.F.);
#6052=EDGE_LOOP('',(#6043,#6044,#6050,#6051));
#6053=FACE_BOUND('',#6052,.T.);
#6054=ADVANCED_FACE('',(#6053),#6042,.F.);
#6055=CARTESIAN_POINT('',(-96.432045965,-9.035444199,8.318019011));
#6056=DIRECTION('',(0.,0.,1.));
#6057=DIRECTION('',(1.,0.,-0.));
#6058=AXIS2_PLACEMENT_3D('',#6055,#6056,#6057);
#6059=CONICAL_SURFACE('',#6058,29.221367658,45.);
#6060=ORIENTED_EDGE('',*,*,#6032,.T.);
#6061=ORIENTED_EDGE('',*,*,#2302,.F.);
#6062=CARTESIAN_POINT('',(-107.597816369,17.426651929,7.818019011));
#6063=DIRECTION('',(-0.2748961,0.651484562,0.707106781));
#6064=VECTOR('',#6063,0.707106781);
#6065=LINE('',#6062,#6064);
#6066=EDGE_CURVE('',#1106,#2263,#6065,.T.);
#6067=ORIENTED_EDGE('',*,*,#6066,.F.);
#6068=ORIENTED_EDGE('',*,*,#1112,.F.);
#6069=EDGE_LOOP('',(#6060,#6061,#6067,#6068));
#6070=FACE_BOUND('',#6069,.T.);
#6071=ADVANCED_FACE('',(#6070),#6059,.T.);
#6072=CARTESIAN_POINT('',(-10.307803402,-2.12,7.818019011));
#6073=DIRECTION('',(0.,0.,1.));
#6074=DIRECTION('',(1.,0.,-0.));
#6075=AXIS2_PLACEMENT_3D('',#6072,#6073,#6074);
#6076=CONICAL_SURFACE('',#6075,4.5,45.);
#6077=ORIENTED_EDGE('',*,*,#6049,.T.);
#6078=ORIENTED_EDGE('',*,*,#991,.F.);
#6079=CARTESIAN_POINT('',(-5.307803402,-2.12,8.318019011));
#6080=DIRECTION('',(-0.707106781,0.,-0.707106781));
#6081=VECTOR('',#6080,0.707106781);
#6082=LINE('',#6079,#6081);
#6083=EDGE_CURVE('',#1502,#977,#6082,.T.);
#6084=ORIENTED_EDGE('',*,*,#6083,.F.);
#6085=ORIENTED_EDGE('',*,*,#1556,.F.);
#6086=CARTESIAN_POINT('',(-10.307803402,-2.12,8.318019011));
#6087=DIRECTION('',(-0.,-0.,1.));
#6088=DIRECTION('',(-1.,0.,0.));
#6089=AXIS2_PLACEMENT_3D('',#6086,#6087,#6088);
#6090=CIRCLE('',#6089,5.);
#6091=EDGE_CURVE('',#670,#1544,#6090,.T.);
#6092=ORIENTED_EDGE('',*,*,#6091,.F.);
#6093=EDGE_LOOP('',(#6077,#6078,#6084,#6085,#6092));
#6094=FACE_BOUND('',#6093,.T.);
#6095=ADVANCED_FACE('',(#6094),#6076,.T.);
#6096=CARTESIAN_POINT('',(-101.883018004,3.88297888,8.318019011));
#6097=DIRECTION('',(0.,0.,1.));
#6098=DIRECTION('',(1.,0.,-0.));
#6099=AXIS2_PLACEMENT_3D('',#6096,#6097,#6098);
#6100=CONICAL_SURFACE('',#6099,15.2,45.);
#6101=ORIENTED_EDGE('',*,*,#6066,.T.);
#6102=ORIENTED_EDGE('',*,*,#2269,.F.);
#6103=CARTESIAN_POINT('',(-91.775803871,14.556976372,7.818019011));
#6104=DIRECTION('',(0.486182289,0.513445987,0.707106781));
#6105=VECTOR('',#6104,0.707106781);
#6106=LINE('',#6103,#6105);
#6107=EDGE_CURVE('',#949,#1906,#6106,.T.);
#6108=ORIENTED_EDGE('',*,*,#6107,.F.);
#6109=ORIENTED_EDGE('',*,*,#1119,.F.);
#6110=EDGE_LOOP('',(#6101,#6102,#6108,#6109));
#6111=FACE_BOUND('',#6110,.T.);
#6112=ADVANCED_FACE('',(#6111),#6100,.T.);
#6113=CARTESIAN_POINT('',(-5.807803402,-39.12,7.818019011));
#6114=DIRECTION('',(0.707106781,0.,-0.707106781));
#6115=DIRECTION('',(0.,1.,0.));
#6116=AXIS2_PLACEMENT_3D('',#6113,#6114,#6115);
#6117=PLANE('',#6116);
#6118=ORIENTED_EDGE('',*,*,#6083,.T.);
#6119=ORIENTED_EDGE('',*,*,#982,.F.);
#6120=CARTESIAN_POINT('',(-5.307803402,2.12,8.318019011));
#6121=DIRECTION('',(-0.707106781,0.,-0.707106781));
#6122=VECTOR('',#6121,0.707106781);
#6123=LINE('',#6120,#6122);
#6124=EDGE_CURVE('',#1512,#968,#6123,.T.);
#6125=ORIENTED_EDGE('',*,*,#6124,.F.);
#6126=ORIENTED_EDGE('',*,*,#1517,.F.);
#6127=EDGE_LOOP('',(#6118,#6119,#6125,#6126));
#6128=FACE_BOUND('',#6127,.T.);
#6129=ADVANCED_FACE('',(#6128),#6117,.T.);
#6130=CARTESIAN_POINT('',(-71.850153151,35.6,8.318019011));
#6131=DIRECTION('',(0.,0.,-1.));
#6132=DIRECTION('',(-1.,0.,0.));
#6133=AXIS2_PLACEMENT_3D('',#6130,#6131,#6132);
#6134=CONICAL_SURFACE('',#6133,28.48,45.);
#6135=ORIENTED_EDGE('',*,*,#6107,.T.);
#6136=ORIENTED_EDGE('',*,*,#1912,.F.);
#6137=CARTESIAN_POINT('',(-71.850153151,6.62,7.818019011));
#6138=DIRECTION('',(0.,0.707106781,0.707106781));
#6139=VECTOR('',#6138,0.707106781);
#6140=LINE('',#6137,#6139);
#6141=EDGE_CURVE('',#951,#1752,#6140,.T.);
#6142=ORIENTED_EDGE('',*,*,#6141,.F.);
#6143=ORIENTED_EDGE('',*,*,#957,.F.);
#6144=EDGE_LOOP('',(#6135,#6136,#6142,#6143));
#6145=FACE_BOUND('',#6144,.T.);
#6146=ADVANCED_FACE('',(#6145),#6134,.F.);
#6147=CARTESIAN_POINT('',(-10.307803402,2.12,7.818019011));
#6148=DIRECTION('',(0.,0.,1.));
#6149=DIRECTION('',(1.,0.,-0.));
#6150=AXIS2_PLACEMENT_3D('',#6147,#6148,#6149);
#6151=CONICAL_SURFACE('',#6150,4.5,45.);
#6152=ORIENTED_EDGE('',*,*,#6124,.T.);
#6153=ORIENTED_EDGE('',*,*,#974,.F.);
#6154=CARTESIAN_POINT('',(-10.307803402,7.12,8.318019011));
#6155=DIRECTION('',(0.,-0.707106781,-0.707106781));
#6156=VECTOR('',#6155,0.707106781);
#6157=LINE('',#6154,#6156);
#6158=EDGE_CURVE('',#1470,#960,#6157,.T.);
#6159=ORIENTED_EDGE('',*,*,#6158,.F.);
#6160=ORIENTED_EDGE('',*,*,#1476,.F.);
#6161=CARTESIAN_POINT('',(-10.307803402,2.12,8.318019011));
#6162=DIRECTION('',(-0.,-0.,1.));
#6163=DIRECTION('',(-1.,0.,0.));
#6164=AXIS2_PLACEMENT_3D('',#6161,#6162,#6163);
#6165=CIRCLE('',#6164,5.);
#6166=EDGE_CURVE('',#1512,#1462,#6165,.T.);
#6167=ORIENTED_EDGE('',*,*,#6166,.F.);
#6168=EDGE_LOOP('',(#6152,#6153,#6159,#6160,#6167));
#6169=FACE_BOUND('',#6168,.T.);
#6170=ADVANCED_FACE('',(#6169),#6151,.T.);
#6171=CARTESIAN_POINT('',(-70.626752672,6.62,7.818019011));
#6172=DIRECTION('',(-0.,-0.707106781,0.707106781));
#6173=DIRECTION('',(1.,0.,0.));
#6174=AXIS2_PLACEMENT_3D('',#6171,#6172,#6173);
#6175=PLANE('',#6174);
#6176=ORIENTED_EDGE('',*,*,#6141,.T.);
#6177=ORIENTED_EDGE('',*,*,#1757,.F.);
#6178=ORIENTED_EDGE('',*,*,#6158,.T.);
#6179=ORIENTED_EDGE('',*,*,#965,.F.);
#6180=EDGE_LOOP('',(#6176,#6177,#6178,#6179));
#6181=FACE_BOUND('',#6180,.T.);
#6182=ADVANCED_FACE('',(#6181),#6175,.F.);
#6183=CARTESIAN_POINT('',(-98.526867102,-8.298326987,-4.110365119));
#6184=DIRECTION('',(-0.,-0.,1.));
#6185=DIRECTION('',(0.707106781,-0.707106781,0.));
#6186=AXIS2_PLACEMENT_3D('',#6183,#6184,#6185);
#6187=CYLINDRICAL_SURFACE('',#6186,1.);
#6188=ORIENTED_EDGE('',*,*,#1279,.T.);
#6189=ORIENTED_EDGE('',*,*,#5810,.T.);
#6190=ORIENTED_EDGE('',*,*,#2196,.T.);
#6191=ORIENTED_EDGE('',*,*,#5789,.T.);
#6192=EDGE_LOOP('',(#6188,#6189,#6190,#6191));
#6193=FACE_BOUND('',#6192,.T.);
#6194=ADVANCED_FACE('',(#6193),#6187,.F.);
#6195=CARTESIAN_POINT('',(-102.719735633,7.349671399,-4.110365119));
#6196=DIRECTION('',(-0.,-0.,1.));
#6197=DIRECTION('',(0.258819045,0.965925826,0.));
#6198=AXIS2_PLACEMENT_3D('',#6195,#6196,#6197);
#6199=CYLINDRICAL_SURFACE('',#6198,1.);
#6200=ORIENTED_EDGE('',*,*,#1352,.T.);
#6201=ORIENTED_EDGE('',*,*,#5950,.T.);
#6202=ORIENTED_EDGE('',*,*,#1394,.T.);
#6203=ORIENTED_EDGE('',*,*,#5632,.T.);
#6204=EDGE_LOOP('',(#6200,#6201,#6202,#6203));
#6205=FACE_BOUND('',#6204,.T.);
#6206=ADVANCED_FACE('',(#6205),#6199,.F.);
#6207=CARTESIAN_POINT('',(-96.106113328,0.736049094,11.913769011));
#6208=DIRECTION('',(-0.,0.,1.));
#6209=DIRECTION('',(0.965925826,0.258819045,0.));
#6210=AXIS2_PLACEMENT_3D('',#6207,#6208,#6209);
#6211=CYLINDRICAL_SURFACE('',#6210,1.);
#6212=ORIENTED_EDGE('',*,*,#1434,.T.);
#6213=ORIENTED_EDGE('',*,*,#5868,.T.);
#6214=ORIENTED_EDGE('',*,*,#1321,.T.);
#6215=CARTESIAN_POINT('',(-96.106113328,0.736049094,16.118019011));
#6216=DIRECTION('',(-0.,0.,1.));
#6217=DIRECTION('',(1.,0.,0.));
#6218=AXIS2_PLACEMENT_3D('',#6215,#6216,#6217);
#6219=CIRCLE('',#6218,1.);
#6220=EDGE_CURVE('',#1316,#5712,#6219,.T.);
#6221=ORIENTED_EDGE('',*,*,#6220,.T.);
#6222=ORIENTED_EDGE('',*,*,#5728,.T.);
#6223=EDGE_LOOP('',(#6212,#6213,#6214,#6221,#6222));
#6224=FACE_BOUND('',#6223,.T.);
#6225=ADVANCED_FACE('',(#6224),#6211,.F.);
#6226=CARTESIAN_POINT('',(-10.307803402,2.12,-2.062490119));
#6227=DIRECTION('',(-0.,-0.,1.));
#6228=DIRECTION('',(0.707106781,0.707106781,0.));
#6229=AXIS2_PLACEMENT_3D('',#6226,#6227,#6228);
#6230=CYLINDRICAL_SURFACE('',#6229,5.);
#6231=ORIENTED_EDGE('',*,*,#1467,.F.);
#6232=ORIENTED_EDGE('',*,*,#5130,.T.);
#6233=ORIENTED_EDGE('',*,*,#1525,.T.);
#6234=ORIENTED_EDGE('',*,*,#6166,.T.);
#6235=EDGE_LOOP('',(#6231,#6232,#6233,#6234));
#6236=FACE_BOUND('',#6235,.T.);
#6237=ADVANCED_FACE('',(#6236),#6230,.T.);
#6238=CARTESIAN_POINT('',(-10.307803402,-2.12,-2.062490119));
#6239=DIRECTION('',(-0.,0.,1.));
#6240=DIRECTION('',(0.707106781,-0.707106781,0.));
#6241=AXIS2_PLACEMENT_3D('',#6238,#6239,#6240);
#6242=CYLINDRICAL_SURFACE('',#6241,5.);
#6243=ORIENTED_EDGE('',*,*,#1549,.F.);
#6244=ORIENTED_EDGE('',*,*,#5320,.T.);
#6245=ORIENTED_EDGE('',*,*,#681,.T.);
#6246=ORIENTED_EDGE('',*,*,#6091,.T.);
#6247=EDGE_LOOP('',(#6243,#6244,#6245,#6246));
#6248=FACE_BOUND('',#6247,.T.);
#6249=ADVANCED_FACE('',(#6248),#6242,.T.);
#6250=CARTESIAN_POINT('',(-113.330044724,-15.370655017,-20.134499249));
#6251=DIRECTION('',(0.,0.,-1.));
#6252=DIRECTION('',(-1.,0.,-0.));
#6253=AXIS2_PLACEMENT_3D('',#6250,#6251,#6252);
#6254=CYLINDRICAL_SURFACE('',#6253,2.);
#6255=ORIENTED_EDGE('',*,*,#2236,.F.);
#6256=ORIENTED_EDGE('',*,*,#5899,.T.);
#6257=ORIENTED_EDGE('',*,*,#1789,.T.);
#6258=ORIENTED_EDGE('',*,*,#5701,.T.);
#6259=EDGE_LOOP('',(#6255,#6256,#6257,#6258));
#6260=FACE_BOUND('',#6259,.T.);
#6261=ADVANCED_FACE('',(#6260),#6254,.T.);
#6262=CARTESIAN_POINT('',(-119.075827525,6.072898326,-20.134499249));
#6263=DIRECTION('',(0.,0.,-1.));
#6264=DIRECTION('',(-1.,0.,-0.));
#6265=AXIS2_PLACEMENT_3D('',#6262,#6263,#6264);
#6266=CYLINDRICAL_SURFACE('',#6265,2.);
#6267=ORIENTED_EDGE('',*,*,#2335,.F.);
#6268=ORIENTED_EDGE('',*,*,#6025,.T.);
#6269=ORIENTED_EDGE('',*,*,#2165,.T.);
#6270=ORIENTED_EDGE('',*,*,#5552,.T.);
#6271=EDGE_LOOP('',(#6267,#6268,#6269,#6270));
#6272=FACE_BOUND('',#6271,.T.);
#6273=ADVANCED_FACE('',(#6272),#6266,.T.);
#6274=CARTESIAN_POINT('',(-96.106113328,0.736049094,16.118019011));
#6275=DIRECTION('',(-0.,0.,1.));
#6276=DIRECTION('',(1.,0.,0.));
#6277=AXIS2_PLACEMENT_3D('',#6274,#6275,#6276);
#6278=TOROIDAL_SURFACE('',#6277,1.7,0.7);
#6279=ORIENTED_EDGE('',*,*,#5718,.F.);
#6280=ORIENTED_EDGE('',*,*,#6220,.F.);
#6281=ORIENTED_EDGE('',*,*,#5761,.F.);
#6282=ORIENTED_EDGE('',*,*,#2106,.F.);
#6283=EDGE_LOOP('',(#6279,#6280,#6281,#6282));
#6284=FACE_BOUND('',#6283,.T.);
#6285=ADVANCED_FACE('',(#6284),#6278,.T.);
#6286=CLOSED_SHELL('',(#645,#685,#723,#753,#783,#812,#841,#863,#894,#918,#942,#1131,#1152,#1180,#1203,#1220,#1236,#1248,#1265,#1307,#1338,#1380,#1420,#1453,#1495,#1535,
#1568,#1585,#1597,#1775,#1817,#1850,#1898,#1955,#2151,#2182,#2222,#2255,#2288,#2321,#2354,#3048,#3079,#3108,#3137,#3161,#3185,#3209,#3233,#3257,#3281,
#3298,#3316,#3347,#3371,#3409,#3433,#3462,#3486,#3503,#3518,#3593,#3649,#3723,#3789,#3837,#3885,#3910,#3929,#3939,#3949,#3980,#4018,#4062,#4086,#4110,
#4134,#4158,#4182,#4232,#4256,#4280,#4304,#4354,#4378,#4395,#4418,#4449,#4487,#4531,#4555,#4579,#4603,#4627,#4651,#4701,#4725,#4749,#4773,#4823,#4847,
#4864,#4887,#4918,#4942,#4974,#4998,#5030,#5054,#5071,#5086,#5110,#5135,#5162,#5180,#5300,#5325,#5344,#5362,#5380,#5407,#5425,#5539,#5564,#5583,#5601,
#5619,#5644,#5662,#5680,#5705,#5732,#5750,#5774,#5793,#5822,#5839,#5856,#5880,#5904,#5921,#5938,#5962,#5979,#5996,#6013,#6037,#6054,#6071,#6095,#6112,
#6129,#6146,#6170,#6182,#6194,#6206,#6225,#6237,#6249,#6261,#6273,#6285));
#6287=MANIFOLD_SOLID_BREP('Body 11',#6286);
#6288=COLOUR_RGB('',1.,0.627451003,0.);
#6289=FILL_AREA_STYLE_COLOUR('',#6288);
#6290=FILL_AREA_STYLE('',(#6289));
#6291=SURFACE_STYLE_FILL_AREA(#6290);
#6292=SURFACE_SIDE_STYLE('',(#6291));
#6293=SURFACE_STYLE_USAGE(.BOTH.,#6292);
#6294=PRESENTATION_STYLE_ASSIGNMENT((#6293));
#95=STYLED_ITEM('',(#6294),#6287);
#76=SHAPE_REPRESENTATION('16mm spanner.step',(#15),#74);
#77=ADVANCED_BREP_SHAPE_REPRESENTATION('16mm spanner.step',(#6287),#74);
#6302=SHAPE_REPRESENTATION_RELATIONSHIP('','',#76,#77);
#6303=CARTESIAN_POINT('',(0.,0.,0.));
#6304=DIRECTION('',(0.,0.,1.));
#6305=DIRECTION('',(1.,0.,0.));
#6306=AXIS2_PLACEMENT_3D('',#6303,#6304,#6305);
#6308=MAPPED_ITEM('',#6307,#6306);
#6307=REPRESENTATION_MAP(#6306,#76);
#84=PRODUCT('16mm spanner.step','16mm spanner.step','',(#62));
#6309=PRODUCT_RELATED_PRODUCT_CATEGORY('part','',(#84));
#6310=PRODUCT_DEFINITION_FORMATION_WITH_SPECIFIED_SOURCE('','',#84,.NOT_KNOWN.);
#85=PRODUCT_DEFINITION('design','',#6310,#63);
#83=PRODUCT_DEFINITION_SHAPE('','',#85);
#6311=SHAPE_DEFINITION_REPRESENTATION(#83,#76);
#75=DRAUGHTING_MODEL('',(#6308),#74);
#16=SHAPE_REPRESENTATION('root',(#15,#48,#89),#10);
#6312=CARTESIAN_POINT('',(0.,0.,0.));
#6313=DIRECTION('',(0.,0.,1.));
#6314=DIRECTION('',(1.,0.,0.));
#6315=AXIS2_PLACEMENT_3D('',#6312,#6313,#6314);
#6317=MAPPED_ITEM('',#6316,#6315);
#6316=REPRESENTATION_MAP(#6315,#16);
#24=PRODUCT('root','root','',(#62));
#6318=PRODUCT_RELATED_PRODUCT_CATEGORY('part','',(#24));
#6319=PRODUCT_DEFINITION_FORMATION_WITH_SPECIFIED_SOURCE('','',#24,.NOT_KNOWN.);
#25=PRODUCT_DEFINITION('design','',#6319,#63);
#23=PRODUCT_DEFINITION_SHAPE('','',#25);
#6320=SHAPE_DEFINITION_REPRESENTATION(#23,#16);
#11=DRAUGHTING_MODEL('',(#6317),#10);
#6321=DESCRIPTIVE_REPRESENTATION_ITEM('KEY','/Users/userzero/Library/Containers/com.shapr3d.shapr/Data/tmp/F6F2F927-FA69-411C-809D-67C01A80B413.tmp');
#6322=PROPERTY_DEFINITION('KEY','',#25);
#6323=REPRESENTATION('',(#6321),#10);
#6324=PROPERTY_DEFINITION_REPRESENTATION(#6322,#6323);
#6325=GENERAL_PROPERTY('','KEY','');
#6326=GENERAL_PROPERTY_ASSOCIATION('','',#6325,#6322);
#1=MECHANICAL_DESIGN_GEOMETRIC_PRESENTATION_REPRESENTATION('',(#95),#10);
ENDSEC;
END-ISO-10303-21;
