ISO-10303-21;
HEADER;
FILE_DESCRIPTION(('Open CASCADE Model'),'2;1');
FILE_NAME('Open CASCADE Shape Model','1970-01-01T00:00:00',('Author'),(
    'Open CASCADE'),'Open CASCADE STEP processor 7.9','Open CASCADE 7.9'
  ,'Unknown');
FILE_SCHEMA(('AUTOMOTIVE_DESIGN { 1 0 10303 214 1 1 1 1 }'));
ENDSEC;
DATA;
#1 = APPLICATION_PROTOCOL_DEFINITION('international standard',
  'automotive_design',2000,#2);
#2 = APPLICATION_CONTEXT(
  'core data for automotive mechanical design processes');
#3 = SHAPE_DEFINITION_REPRESENTATION(#4,#10);
#4 = PRODUCT_DEFINITION_SHAPE('','',#5);
#5 = PRODUCT_DEFINITION('design','',#6,#9);
#6 = PRODUCT_DEFINITION_FORMATION('','',#7);
#7 = PRODUCT('Open CASCADE STEP translator 7.9 1',
  'Open CASCADE STEP translator 7.9 1','',(#8));
#8 = PRODUCT_CONTEXT('',#2,'mechanical');
#9 = PRODUCT_DEFINITION_CONTEXT('part definition',#2,'design');
#10 = ADVANCED_BREP_SHAPE_REPRESENTATION('',(#11,#15),#2042);
#11 = AXIS2_PLACEMENT_3D('',#12,#13,#14);
#12 = CARTESIAN_POINT('',(0.,0.,0.));
#13 = DIRECTION('',(0.,0.,1.));
#14 = DIRECTION('',(1.,0.,-0.));
#15 = MANIFOLD_SOLID_BREP('',#16);
#16 = CLOSED_SHELL('',(#17,#525,#560,#953,#1007,#1383,#1437,#1543,#1550,
    #1605,#1609,#1662,#1806,#1861,#1916,#1971,#2026,#2030,#2034,#2038));
#17 = ADVANCED_FACE('',(#18,#336),#31,.T.);
#18 = FACE_BOUND('',#19,.F.);
#19 = EDGE_LOOP('',(#20,#54,#77,#138,#194,#217,#244,#245,#335));
#20 = ORIENTED_EDGE('',*,*,#21,.F.);
#21 = EDGE_CURVE('',#22,#22,#24,.T.);
#22 = VERTEX_POINT('',#23);
#23 = CARTESIAN_POINT('',(11.,0.,8.));
#24 = SURFACE_CURVE('',#25,(#30,#42),.PCURVE_S1.);
#25 = CIRCLE('',#26,11.);
#26 = AXIS2_PLACEMENT_3D('',#27,#28,#29);
#27 = CARTESIAN_POINT('',(0.,0.,8.));
#28 = DIRECTION('',(0.,0.,1.));
#29 = DIRECTION('',(1.,0.,0.));
#30 = PCURVE('',#31,#36);
#31 = CYLINDRICAL_SURFACE('',#32,11.);
#32 = AXIS2_PLACEMENT_3D('',#33,#34,#35);
#33 = CARTESIAN_POINT('',(0.,0.,8.));
#34 = DIRECTION('',(-0.,-0.,-1.));
#35 = DIRECTION('',(1.,0.,0.));
#36 = DEFINITIONAL_REPRESENTATION('',(#37),#41);
#37 = LINE('',#38,#39);
#38 = CARTESIAN_POINT('',(-0.,0.));
#39 = VECTOR('',#40,1.);
#40 = DIRECTION('',(-1.,0.));
#41 = ( GEOMETRIC_REPRESENTATION_CONTEXT(2) 
PARAMETRIC_REPRESENTATION_CONTEXT() REPRESENTATION_CONTEXT('2D SPACE',''
  ) );
#42 = PCURVE('',#43,#48);
#43 = PLANE('',#44);
#44 = AXIS2_PLACEMENT_3D('',#45,#46,#47);
#45 = CARTESIAN_POINT('',(-8.751616848252E-16,1.604946055186E-15,8.));
#46 = DIRECTION('',(0.,0.,1.));
#47 = DIRECTION('',(1.,0.,-0.));
#48 = DEFINITIONAL_REPRESENTATION('',(#49),#53);
#49 = CIRCLE('',#50,11.);
#50 = AXIS2_PLACEMENT_2D('',#51,#52);
#51 = CARTESIAN_POINT('',(8.751616848252E-16,-1.604946055186E-15));
#52 = DIRECTION('',(1.,0.));
#53 = ( GEOMETRIC_REPRESENTATION_CONTEXT(2) 
PARAMETRIC_REPRESENTATION_CONTEXT() REPRESENTATION_CONTEXT('2D SPACE',''
  ) );
#54 = ORIENTED_EDGE('',*,*,#55,.T.);
#55 = EDGE_CURVE('',#22,#56,#58,.T.);
#56 = VERTEX_POINT('',#57);
#57 = CARTESIAN_POINT('',(11.,0.,14.));
#58 = SEAM_CURVE('',#59,(#63,#70),.PCURVE_S1.);
#59 = LINE('',#60,#61);
#60 = CARTESIAN_POINT('',(11.,0.,8.));
#61 = VECTOR('',#62,1.);
#62 = DIRECTION('',(0.,0.,1.));
#63 = PCURVE('',#31,#64);
#64 = DEFINITIONAL_REPRESENTATION('',(#65),#69);
#65 = LINE('',#66,#67);
#66 = CARTESIAN_POINT('',(-6.28318530718,0.));
#67 = VECTOR('',#68,1.);
#68 = DIRECTION('',(-0.,-1.));
#69 = ( GEOMETRIC_REPRESENTATION_CONTEXT(2) 
PARAMETRIC_REPRESENTATION_CONTEXT() REPRESENTATION_CONTEXT('2D SPACE',''
  ) );
#70 = PCURVE('',#31,#71);
#71 = DEFINITIONAL_REPRESENTATION('',(#72),#76);
#72 = LINE('',#73,#74);
#73 = CARTESIAN_POINT('',(-0.,0.));
#74 = VECTOR('',#75,1.);
#75 = DIRECTION('',(-0.,-1.));
#76 = ( GEOMETRIC_REPRESENTATION_CONTEXT(2) 
PARAMETRIC_REPRESENTATION_CONTEXT() REPRESENTATION_CONTEXT('2D SPACE',''
  ) );
#77 = ORIENTED_EDGE('',*,*,#78,.T.);
#78 = EDGE_CURVE('',#56,#79,#81,.T.);
#79 = VERTEX_POINT('',#80);
#80 = CARTESIAN_POINT('',(10.816653826392,2.,16.));
#81 = SURFACE_CURVE('',#82,(#97,#115),.PCURVE_S1.);
#82 = B_SPLINE_CURVE_WITH_KNOTS('',7,(#83,#84,#85,#86,#87,#88,#89,#90,
    #91,#92,#93,#94,#95,#96),.UNSPECIFIED.,.F.,.F.,(8,6,8),(0.,
    0.451684878662,1.),.UNSPECIFIED.);
#83 = CARTESIAN_POINT('',(11.,-1.836970198721E-16,14.));
#84 = CARTESIAN_POINT('',(11.,0.24321203222,14.));
#85 = CARTESIAN_POINT('',(10.99372613381,0.481066831241,14.034505134976)
  );
#86 = CARTESIAN_POINT('',(10.981677075162,0.707581801163,14.100780971279
    ));
#87 = CARTESIAN_POINT('',(10.9652329016,0.917561823749,14.194833955545)
  );
#88 = CARTESIAN_POINT('',(10.946381160645,1.106850794441,14.311461294702
    ));
#89 = CARTESIAN_POINT('',(10.927057185289,1.272706579405,14.444279454659
    ));
#90 = CARTESIAN_POINT('',(10.886442430357,1.585993540411,14.757566415664
    ));
#91 = CARTESIAN_POINT('',(10.865016739028,1.726510247509,14.946768061148
    ));
#92 = CARTESIAN_POINT('',(10.846353973034,1.836972488142,15.14754948497)
  );
#93 = CARTESIAN_POINT('',(10.831679664146,1.918736902176,15.355929419645
    ));
#94 = CARTESIAN_POINT('',(10.821668315044,1.972879632338,15.568982325633
    ));
#95 = CARTESIAN_POINT('',(10.816653826392,2.,15.784376670874));
#96 = CARTESIAN_POINT('',(10.816653826392,2.,16.));
#97 = PCURVE('',#31,#98);
#98 = DEFINITIONAL_REPRESENTATION('',(#99),#114);
#99 = B_SPLINE_CURVE_WITH_KNOTS('',7,(#100,#101,#102,#103,#104,#105,#106
    ,#107,#108,#109,#110,#111,#112,#113),.UNSPECIFIED.,.F.,.F.,(8,6,8),(
    0.,0.451684878662,1.),.UNSPECIFIED.);
#100 = CARTESIAN_POINT('',(0.,-6.));
#101 = CARTESIAN_POINT('',(-2.21101847473E-02,-6.));
#102 = CARTESIAN_POINT('',(-4.37333646646E-02,-6.034505134976));
#103 = CARTESIAN_POINT('',(-6.434319899339E-02,-6.100780971279));
#104 = CARTESIAN_POINT('',(-8.348201605856E-02,-6.194833955545));
#105 = CARTESIAN_POINT('',(-0.100771270897,-6.311461294702));
#106 = CARTESIAN_POINT('',(-0.115949779199,-6.444279454659));
#107 = CARTESIAN_POINT('',(-0.144668747829,-6.757566415664));
#108 = CARTESIAN_POINT('',(-0.157587399242,-6.946768061148));
#109 = CARTESIAN_POINT('',(-0.167770587053,-7.14754948497));
#110 = CARTESIAN_POINT('',(-0.175322351783,-7.355929419645));
#111 = CARTESIAN_POINT('',(-0.180327860043,-7.568982325633));
#112 = CARTESIAN_POINT('',(-0.182835136993,-7.784376670874));
#113 = CARTESIAN_POINT('',(-0.182835136993,-8.));
#114 = ( GEOMETRIC_REPRESENTATION_CONTEXT(2) 
PARAMETRIC_REPRESENTATION_CONTEXT() REPRESENTATION_CONTEXT('2D SPACE',''
  ) );
#115 = PCURVE('',#116,#121);
#116 = CYLINDRICAL_SURFACE('',#117,2.);
#117 = AXIS2_PLACEMENT_3D('',#118,#119,#120);
#118 = CARTESIAN_POINT('',(-20.,0.,16.));
#119 = DIRECTION('',(-1.,-0.,-0.));
#120 = DIRECTION('',(0.,1.,0.));
#121 = DEFINITIONAL_REPRESENTATION('',(#122),#137);
#122 = B_SPLINE_CURVE_WITH_KNOTS('',7,(#123,#124,#125,#126,#127,#128,
    #129,#130,#131,#132,#133,#134,#135,#136),.UNSPECIFIED.,.F.,.F.,(8,6,
    8),(0.,0.451684878662,1.),.UNSPECIFIED.);
#123 = CARTESIAN_POINT('',(-4.712388980385,-31.));
#124 = CARTESIAN_POINT('',(-4.833994996495,-31.));
#125 = CARTESIAN_POINT('',(-4.952922272605,-30.99372613381));
#126 = CARTESIAN_POINT('',(-5.069117567545,-30.98167707516));
#127 = CARTESIAN_POINT('',(-5.182335939272,-30.9652329016));
#128 = CARTESIAN_POINT('',(-5.292129307586,-30.94638116064));
#129 = CARTESIAN_POINT('',(-5.39772659654,-30.92705718528));
#130 = CARTESIAN_POINT('',(-5.619253931124,-30.88644243035));
#131 = CARTESIAN_POINT('',(-5.73582720417,-30.86501673902));
#132 = CARTESIAN_POINT('',(-5.848794044489,-30.84635397303));
#133 = CARTESIAN_POINT('',(-5.959102119799,-30.83167966414));
#134 = CARTESIAN_POINT('',(-6.067676786131,-30.82166831504));
#135 = CARTESIAN_POINT('',(-6.175373642616,-30.81665382639));
#136 = CARTESIAN_POINT('',(-6.28318530718,-30.81665382639));
#137 = ( GEOMETRIC_REPRESENTATION_CONTEXT(2) 
PARAMETRIC_REPRESENTATION_CONTEXT() REPRESENTATION_CONTEXT('2D SPACE',''
  ) );
#138 = ORIENTED_EDGE('',*,*,#139,.T.);
#139 = EDGE_CURVE('',#79,#140,#142,.T.);
#140 = VERTEX_POINT('',#141);
#141 = CARTESIAN_POINT('',(11.,0.,18.));
#142 = SURFACE_CURVE('',#143,(#158,#176),.PCURVE_S1.);
#143 = B_SPLINE_CURVE_WITH_KNOTS('',7,(#144,#145,#146,#147,#148,#149,
    #150,#151,#152,#153,#154,#155,#156,#157),.UNSPECIFIED.,.F.,.F.,(8,6,
    8),(0.,0.528649522014,1.),.UNSPECIFIED.);
#144 = CARTESIAN_POINT('',(10.816653826392,2.,16.));
#145 = CARTESIAN_POINT('',(10.816653826392,2.,16.207616747844));
#146 = CARTESIAN_POINT('',(10.821302881515,1.974856162222,16.41503432737
    ));
#147 = CARTESIAN_POINT('',(10.830586011435,1.924651142229,
    16.620351035997));
#148 = CARTESIAN_POINT('',(10.84421533023,1.84887677613,16.82148750696)
  );
#149 = CARTESIAN_POINT('',(10.861609186707,1.746609517179,
    17.015873071662));
#150 = CARTESIAN_POINT('',(10.881729161083,1.616668346801,
    17.200062767225));
#151 = CARTESIAN_POINT('',(10.921879460665,1.316410642314,
    17.519804746728));
#152 = CARTESIAN_POINT('',(10.942173188142,1.148330932372,
    17.662368819827));
#153 = CARTESIAN_POINT('',(10.962286784514,0.954392034482,
    17.788277929813));
#154 = CARTESIAN_POINT('',(10.980048345074,0.737457728012,
    17.890259747005));
#155 = CARTESIAN_POINT('',(10.993156789495,0.502070972865,17.96236366236
    ));
#156 = CARTESIAN_POINT('',(11.,0.254007772142,18.));
#157 = CARTESIAN_POINT('',(11.,3.061616997868E-16,18.));
#158 = PCURVE('',#31,#159);
#159 = DEFINITIONAL_REPRESENTATION('',(#160),#175);
#160 = B_SPLINE_CURVE_WITH_KNOTS('',7,(#161,#162,#163,#164,#165,#166,
    #167,#168,#169,#170,#171,#172,#173,#174),.UNSPECIFIED.,.F.,.F.,(8,6,
    8),(0.,0.528649522014,1.),.UNSPECIFIED.);
#161 = CARTESIAN_POINT('',(-0.182835136993,-8.));
#162 = CARTESIAN_POINT('',(-0.182835136993,-8.207616747844));
#163 = CARTESIAN_POINT('',(-0.180510589894,-8.41503432737));
#164 = CARTESIAN_POINT('',(-0.175869125389,-8.620351035997));
#165 = CARTESIAN_POINT('',(-0.168870104546,-8.82148750696));
#166 = CARTESIAN_POINT('',(-0.159440483745,-9.015873071662));
#167 = CARTESIAN_POINT('',(-0.147489439221,-9.200062767225));
#168 = CARTESIAN_POINT('',(-0.119950325691,-9.519804746728));
#169 = CARTESIAN_POINT('',(-0.104560655917,-9.662368819827));
#170 = CARTESIAN_POINT('',(-8.683936676369E-02,-9.788277929813));
#171 = CARTESIAN_POINT('',(-6.706162991147E-02,-9.890259747005));
#172 = CARTESIAN_POINT('',(-4.564283491698E-02,-9.96236366236));
#173 = CARTESIAN_POINT('',(-2.309161564928E-02,-10.));
#174 = CARTESIAN_POINT('',(0.,-10.));
#175 = ( GEOMETRIC_REPRESENTATION_CONTEXT(2) 
PARAMETRIC_REPRESENTATION_CONTEXT() REPRESENTATION_CONTEXT('2D SPACE',''
  ) );
#176 = PCURVE('',#116,#177);
#177 = DEFINITIONAL_REPRESENTATION('',(#178),#193);
#178 = B_SPLINE_CURVE_WITH_KNOTS('',7,(#179,#180,#181,#182,#183,#184,
    #185,#186,#187,#188,#189,#190,#191,#192),.UNSPECIFIED.,.F.,.F.,(8,6,
    8),(0.,0.528649522014,1.),.UNSPECIFIED.);
#179 = CARTESIAN_POINT('',(0.,-30.81665382639));
#180 = CARTESIAN_POINT('',(-0.103808373922,-30.81665382639));
#181 = CARTESIAN_POINT('',(-0.207516944211,-30.82130288151));
#182 = CARTESIAN_POINT('',(-0.312003440665,-30.83058601143));
#183 = CARTESIAN_POINT('',(-0.418035431456,-30.84421533023));
#184 = CARTESIAN_POINT('',(-0.526433630111,-30.8616091867));
#185 = CARTESIAN_POINT('',(-0.638043471959,-30.88172916108));
#186 = CARTESIAN_POINT('',(-0.857354679242,-30.92187946066));
#187 = CARTESIAN_POINT('',(-0.966846423294,-30.94217318814));
#188 = CARTESIAN_POINT('',(-1.080921782608,-30.96228678451));
#189 = CARTESIAN_POINT('',(-1.198720943609,-30.98004834507));
#190 = CARTESIAN_POINT('',(-1.319760976907,-30.99315678949));
#191 = CARTESIAN_POINT('',(-1.443792440724,-31.));
#192 = CARTESIAN_POINT('',(-1.570796326795,-31.));
#193 = ( GEOMETRIC_REPRESENTATION_CONTEXT(2) 
PARAMETRIC_REPRESENTATION_CONTEXT() REPRESENTATION_CONTEXT('2D SPACE',''
  ) );
#194 = ORIENTED_EDGE('',*,*,#195,.T.);
#195 = EDGE_CURVE('',#140,#196,#198,.T.);
#196 = VERTEX_POINT('',#197);
#197 = CARTESIAN_POINT('',(11.,0.,20.));
#198 = SEAM_CURVE('',#199,(#203,#210),.PCURVE_S1.);
#199 = LINE('',#200,#201);
#200 = CARTESIAN_POINT('',(11.,0.,8.));
#201 = VECTOR('',#202,1.);
#202 = DIRECTION('',(0.,0.,1.));
#203 = PCURVE('',#31,#204);
#204 = DEFINITIONAL_REPRESENTATION('',(#205),#209);
#205 = LINE('',#206,#207);
#206 = CARTESIAN_POINT('',(-6.28318530718,0.));
#207 = VECTOR('',#208,1.);
#208 = DIRECTION('',(-0.,-1.));
#209 = ( GEOMETRIC_REPRESENTATION_CONTEXT(2) 
PARAMETRIC_REPRESENTATION_CONTEXT() REPRESENTATION_CONTEXT('2D SPACE',''
  ) );
#210 = PCURVE('',#31,#211);
#211 = DEFINITIONAL_REPRESENTATION('',(#212),#216);
#212 = LINE('',#213,#214);
#213 = CARTESIAN_POINT('',(-0.,0.));
#214 = VECTOR('',#215,1.);
#215 = DIRECTION('',(-0.,-1.));
#216 = ( GEOMETRIC_REPRESENTATION_CONTEXT(2) 
PARAMETRIC_REPRESENTATION_CONTEXT() REPRESENTATION_CONTEXT('2D SPACE',''
  ) );
#217 = ORIENTED_EDGE('',*,*,#218,.T.);
#218 = EDGE_CURVE('',#196,#196,#219,.T.);
#219 = SURFACE_CURVE('',#220,(#225,#232),.PCURVE_S1.);
#220 = CIRCLE('',#221,11.);
#221 = AXIS2_PLACEMENT_3D('',#222,#223,#224);
#222 = CARTESIAN_POINT('',(0.,0.,20.));
#223 = DIRECTION('',(0.,0.,1.));
#224 = DIRECTION('',(1.,0.,-0.));
#225 = PCURVE('',#31,#226);
#226 = DEFINITIONAL_REPRESENTATION('',(#227),#231);
#227 = LINE('',#228,#229);
#228 = CARTESIAN_POINT('',(-0.,-12.));
#229 = VECTOR('',#230,1.);
#230 = DIRECTION('',(-1.,0.));
#231 = ( GEOMETRIC_REPRESENTATION_CONTEXT(2) 
PARAMETRIC_REPRESENTATION_CONTEXT() REPRESENTATION_CONTEXT('2D SPACE',''
  ) );
#232 = PCURVE('',#233,#238);
#233 = TOROIDAL_SURFACE('',#234,9.,2.);
#234 = AXIS2_PLACEMENT_3D('',#235,#236,#237);
#235 = CARTESIAN_POINT('',(0.,0.,20.));
#236 = DIRECTION('',(0.,0.,1.));
#237 = DIRECTION('',(1.,0.,-0.));
#238 = DEFINITIONAL_REPRESENTATION('',(#239),#243);
#239 = LINE('',#240,#241);
#240 = CARTESIAN_POINT('',(0.,0.));
#241 = VECTOR('',#242,1.);
#242 = DIRECTION('',(1.,0.));
#243 = ( GEOMETRIC_REPRESENTATION_CONTEXT(2) 
PARAMETRIC_REPRESENTATION_CONTEXT() REPRESENTATION_CONTEXT('2D SPACE',''
  ) );
#244 = ORIENTED_EDGE('',*,*,#195,.F.);
#245 = ORIENTED_EDGE('',*,*,#246,.T.);
#246 = EDGE_CURVE('',#140,#56,#247,.T.);
#247 = SURFACE_CURVE('',#248,(#275,#305),.PCURVE_S1.);
#248 = B_SPLINE_CURVE_WITH_KNOTS('',7,(#249,#250,#251,#252,#253,#254,
    #255,#256,#257,#258,#259,#260,#261,#262,#263,#264,#265,#266,#267,
    #268,#269,#270,#271,#272,#273,#274),.UNSPECIFIED.,.F.,.F.,(8,6,6,6,8
    ),(0.,0.235859968099,0.500047159768,0.764233746589,1.),
  .UNSPECIFIED.);
#249 = CARTESIAN_POINT('',(11.,-1.110223024625E-15,18.));
#250 = CARTESIAN_POINT('',(11.,-0.254388862621,18.));
#251 = CARTESIAN_POINT('',(10.993136229971,-0.502498275393,
    17.962250687504));
#252 = CARTESIAN_POINT('',(10.980020074452,-0.737706438473,
    17.890104228705));
#253 = CARTESIAN_POINT('',(10.96227850843,-0.954393240641,
    17.788206070589));
#254 = CARTESIAN_POINT('',(10.94219072051,-1.148158472452,
    17.662459720272));
#255 = CARTESIAN_POINT('',(10.921903509588,-1.316230796219,
    17.519996263367));
#256 = CARTESIAN_POINT('',(10.881729886171,-1.616662924344,
    17.200068541556));
#257 = CARTESIAN_POINT('',(10.861609339694,-1.746609758514,
    17.015875953824));
#258 = CARTESIAN_POINT('',(10.844214717341,-1.848880028329,
    16.821483328462));
#259 = CARTESIAN_POINT('',(10.830585648621,-1.924653109524,
    16.620343854346));
#260 = CARTESIAN_POINT('',(10.821302907871,-1.974856023374,
    16.415030080543));
#261 = CARTESIAN_POINT('',(10.816653826392,-2.,16.207617223177));
#262 = CARTESIAN_POINT('',(10.816653826392,-2.,15.792383252156));
#263 = CARTESIAN_POINT('',(10.821302881515,-1.974856162222,
    15.58496567263));
#264 = CARTESIAN_POINT('',(10.830586011435,-1.924651142229,
    15.379648964003));
#265 = CARTESIAN_POINT('',(10.84421533023,-1.84887677613,15.178512493039
    ));
#266 = CARTESIAN_POINT('',(10.861609186707,-1.746609517179,
    14.984126928338));
#267 = CARTESIAN_POINT('',(10.881729161083,-1.616668346801,
    14.799937232775));
#268 = CARTESIAN_POINT('',(10.921896671033,-1.316281937284,
    14.480058196336));
#269 = CARTESIAN_POINT('',(10.942186170592,-1.148204280559,
    14.337562669457));
#270 = CARTESIAN_POINT('',(10.962281592381,-0.954386041783,
    14.211769251957));
#271 = CARTESIAN_POINT('',(10.980028552594,-0.737628285808,
    14.109849266409));
#272 = CARTESIAN_POINT('',(10.993142102085,-0.502372178608,
    14.03771698944));
#273 = CARTESIAN_POINT('',(11.,-0.254279956172,14.));
#274 = CARTESIAN_POINT('',(11.,-1.554312234475E-15,14.));
#275 = PCURVE('',#31,#276);
#276 = DEFINITIONAL_REPRESENTATION('',(#277),#304);
#277 = B_SPLINE_CURVE_WITH_KNOTS('',7,(#278,#279,#280,#281,#282,#283,
    #284,#285,#286,#287,#288,#289,#290,#291,#292,#293,#294,#295,#296,
    #297,#298,#299,#300,#301,#302,#303),.UNSPECIFIED.,.F.,.F.,(8,6,6,6,8
    ),(0.,0.235859968099,0.500047159768,0.764233746589,1.),
  .UNSPECIFIED.);
#278 = CARTESIAN_POINT('',(-6.28318530718,-10.));
#279 = CARTESIAN_POINT('',(-6.260059046941,-10.));
#280 = CARTESIAN_POINT('',(-6.237503625877,-9.962250687504));
#281 = CARTESIAN_POINT('',(-6.21610097363,-9.890104228705));
#282 = CARTESIAN_POINT('',(-6.196345735327,-9.788206070589));
#283 = CARTESIAN_POINT('',(-6.178640405109,-9.662459720272));
#284 = CARTESIAN_POINT('',(-6.163251476659,-9.519996263367));
#285 = CARTESIAN_POINT('',(-6.135696365296,-9.200068541556));
#286 = CARTESIAN_POINT('',(-6.123744803598,-9.015875953824));
#287 = CARTESIAN_POINT('',(-6.114314902367,-8.821483328463));
#288 = CARTESIAN_POINT('',(-6.107315999613,-8.620343854346));
#289 = CARTESIAN_POINT('',(-6.102674730224,-8.415030080543));
#290 = CARTESIAN_POINT('',(-6.100350170187,-8.207617223177));
#291 = CARTESIAN_POINT('',(-6.100350170187,-7.792383252156));
#292 = CARTESIAN_POINT('',(-6.102674717286,-7.58496567263));
#293 = CARTESIAN_POINT('',(-6.10731618179,-7.379648964002));
#294 = CARTESIAN_POINT('',(-6.114315202633,-7.17851249304));
#295 = CARTESIAN_POINT('',(-6.123744823435,-6.984126928337));
#296 = CARTESIAN_POINT('',(-6.135695867958,-6.799937232775));
#297 = CARTESIAN_POINT('',(-6.16324678609,-6.480058196336));
#298 = CARTESIAN_POINT('',(-6.178636222204,-6.337562669457));
#299 = CARTESIAN_POINT('',(-6.19634641921,-6.211769251958));
#300 = CARTESIAN_POINT('',(-6.216108106343,-6.109849266408));
#301 = CARTESIAN_POINT('',(-6.237515088794,-6.03771698944));
#302 = CARTESIAN_POINT('',(-6.260068947528,-6.));
#303 = CARTESIAN_POINT('',(-6.28318530718,-6.));
#304 = ( GEOMETRIC_REPRESENTATION_CONTEXT(2) 
PARAMETRIC_REPRESENTATION_CONTEXT() REPRESENTATION_CONTEXT('2D SPACE',''
  ) );
#305 = PCURVE('',#116,#306);
#306 = DEFINITIONAL_REPRESENTATION('',(#307),#334);
#307 = B_SPLINE_CURVE_WITH_KNOTS('',7,(#308,#309,#310,#311,#312,#313,
    #314,#315,#316,#317,#318,#319,#320,#321,#322,#323,#324,#325,#326,
    #327,#328,#329,#330,#331,#332,#333),.UNSPECIFIED.,.F.,.F.,(8,6,6,6,8
    ),(0.,0.235859968099,0.500047159768,0.764233746589,1.),
  .UNSPECIFIED.);
#308 = CARTESIAN_POINT('',(-1.570796326795,-31.));
#309 = CARTESIAN_POINT('',(-1.697990758106,-31.));
#310 = CARTESIAN_POINT('',(-1.822045351454,-30.99313622997));
#311 = CARTESIAN_POINT('',(-1.943010981796,-30.98002007445));
#312 = CARTESIAN_POINT('',(-2.060690370669,-30.96227850843));
#313 = CARTESIAN_POINT('',(-2.174654118365,-30.94219072051));
#314 = CARTESIAN_POINT('',(-2.284106612975,-30.92190350958));
#315 = CARTESIAN_POINT('',(-2.503545221014,-30.88172988617));
#316 = CARTESIAN_POINT('',(-2.615158051397,-30.86160933969));
#317 = CARTESIAN_POINT('',(-2.723559618416,-30.84421471734));
#318 = CARTESIAN_POINT('',(-2.829592826769,-30.83058564862));
#319 = CARTESIAN_POINT('',(-2.9340778196,-30.82130290787));
#320 = CARTESIAN_POINT('',(-3.037784042001,-30.81665382639));
#321 = CARTESIAN_POINT('',(-3.245401027512,-30.81665382639));
#322 = CARTESIAN_POINT('',(-3.3491095978,-30.82130288151));
#323 = CARTESIAN_POINT('',(-3.453596094255,-30.83058601143));
#324 = CARTESIAN_POINT('',(-3.559628085045,-30.84421533023));
#325 = CARTESIAN_POINT('',(-3.668026283701,-30.8616091867));
#326 = CARTESIAN_POINT('',(-3.779636125548,-30.88172916108));
#327 = CARTESIAN_POINT('',(-3.999041340263,-30.92189667103));
#328 = CARTESIAN_POINT('',(-4.108507359642,-30.94218617059));
#329 = CARTESIAN_POINT('',(-4.22250438452,-30.96228159238));
#330 = CARTESIAN_POINT('',(-4.340217665487,-30.98002855259));
#331 = CARTESIAN_POINT('',(-4.46120301487,-30.99314210208));
#332 = CARTESIAN_POINT('',(-4.585249002299,-31.));
#333 = CARTESIAN_POINT('',(-4.712388980385,-31.));
#334 = ( GEOMETRIC_REPRESENTATION_CONTEXT(2) 
PARAMETRIC_REPRESENTATION_CONTEXT() REPRESENTATION_CONTEXT('2D SPACE',''
  ) );
#335 = ORIENTED_EDGE('',*,*,#55,.F.);
#336 = FACE_BOUND('',#337,.F.);
#337 = EDGE_LOOP('',(#338));
#338 = ORIENTED_EDGE('',*,*,#339,.F.);
#339 = EDGE_CURVE('',#340,#340,#342,.T.);
#340 = VERTEX_POINT('',#341);
#341 = CARTESIAN_POINT('',(-10.81665382639,2.,16.));
#342 = SURFACE_CURVE('',#343,(#400,#460),.PCURVE_S1.);
#343 = B_SPLINE_CURVE_WITH_KNOTS('',7,(#344,#345,#346,#347,#348,#349,
    #350,#351,#352,#353,#354,#355,#356,#357,#358,#359,#360,#361,#362,
    #363,#364,#365,#366,#367,#368,#369,#370,#371,#372,#373,#374,#375,
    #376,#377,#378,#379,#380,#381,#382,#383,#384,#385,#386,#387,#388,
    #389,#390,#391,#392,#393,#394,#395,#396,#397,#398,#399),
  .UNSPECIFIED.,.T.,.F.,(8,6,6,6,6,6,6,6,6,8),(0.,0.130677527687,
    0.218723399525,0.32728548469,0.4253657561,0.572147921346,
    0.702234836981,0.796765663352,0.894169757898,1.),.UNSPECIFIED.);
#344 = CARTESIAN_POINT('',(-10.81665382639,2.,16.));
#345 = CARTESIAN_POINT('',(-10.81665382639,2.,16.207616747844));
#346 = CARTESIAN_POINT('',(-10.82130288151,1.974856162222,16.41503432737
    ));
#347 = CARTESIAN_POINT('',(-10.83058601143,1.924651142229,
    16.620351035997));
#348 = CARTESIAN_POINT('',(-10.84421533023,1.84887677613,16.82148750696)
  );
#349 = CARTESIAN_POINT('',(-10.8616091867,1.746609517179,17.015873071662
    ));
#350 = CARTESIAN_POINT('',(-10.88172916108,1.616668346801,
    17.200062767225));
#351 = CARTESIAN_POINT('',(-10.91725554231,1.35098988886,17.482981589236
    ));
#352 = CARTESIAN_POINT('',(-10.93215888005,1.230220545317,
    17.590788190978));
#353 = CARTESIAN_POINT('',(-10.94707929774,1.095727161702,
    17.690001751173));
#354 = CARTESIAN_POINT('',(-10.96127794446,0.948005900485,
    17.778146487125));
#355 = CARTESIAN_POINT('',(-10.97392218288,0.787937865723,
    17.852780866458));
#356 = CARTESIAN_POINT('',(-10.98417934734,0.616798045873,17.91148440906
    ));
#357 = CARTESIAN_POINT('',(-11.00017927636,0.213712598576,
    18.001584681401));
#358 = CARTESIAN_POINT('',(-11.00414619575,-1.892058556554E-02,
    18.022494325863));
#359 = CARTESIAN_POINT('',(-11.00211850929,-0.254254181631,
    18.01118453272));
#360 = CARTESIAN_POINT('',(-10.99389656862,-0.484198055716,
    17.967590979758));
#361 = CARTESIAN_POINT('',(-10.98072001343,-0.70100853285,
    17.894736047708));
#362 = CARTESIAN_POINT('',(-10.96464761699,-0.898253029363,
    17.798699192963));
#363 = CARTESIAN_POINT('',(-10.93233856263,-1.228312095735,
    17.589237340113));
#364 = CARTESIAN_POINT('',(-10.91594871586,-1.368767414091,
    17.476317453405));
#365 = CARTESIAN_POINT('',(-10.8994735939,-1.493025288198,17.35286631416
    ));
#366 = CARTESIAN_POINT('',(-10.88370204206,-1.601392570391,
    17.221230004982));
#367 = CARTESIAN_POINT('',(-10.86923227104,-1.694305435526,
    17.083288776227));
#368 = CARTESIAN_POINT('',(-10.85649049975,-1.772211986424,
    16.940567130219));
#369 = CARTESIAN_POINT('',(-10.82974681096,-1.930236860387,
    16.575393192569));
#370 = CARTESIAN_POINT('',(-10.81823813496,-1.992373637625,
    16.348243662519));
#371 = CARTESIAN_POINT('',(-10.81225786153,-2.023204228607,
    16.116635195815));
#372 = CARTESIAN_POINT('',(-10.81224745066,-2.02324432663,
    15.883509997474));
#373 = CARTESIAN_POINT('',(-10.81823291593,-1.992414820372,15.6517037314
    ));
#374 = CARTESIAN_POINT('',(-10.82976102419,-1.930152876358,
    15.424412731791));
#375 = CARTESIAN_POINT('',(-10.85997364446,-1.75163055099,
    15.011871978692));
#376 = CARTESIAN_POINT('',(-10.87778737265,-1.641770110096,
    14.823516450799));
#377 = CARTESIAN_POINT('',(-10.89853926621,-1.504853786917,
    14.644075485532));
#378 = CARTESIAN_POINT('',(-10.9210615394,-1.339969164502,14.4778349732)
  );
#379 = CARTESIAN_POINT('',(-10.94362756067,-1.146621862717,
    14.330085825069));
#380 = CARTESIAN_POINT('',(-10.96383755596,-0.925105347125,
    14.20739057024));
#381 = CARTESIAN_POINT('',(-10.99022146873,-0.497529826847,
    14.053453910818));
#382 = CARTESIAN_POINT('',(-10.99869135087,-0.304288205617,
    14.006559883057));
#383 = CARTESIAN_POINT('',(-11.00333600081,-0.102445853564,
    13.982002546728));
#384 = CARTESIAN_POINT('',(-11.0033384149,0.102389911202,13.981991821854
    ));
#385 = CARTESIAN_POINT('',(-10.99869329819,0.304284832298,
    14.006547259571));
#386 = CARTESIAN_POINT('',(-10.99021867714,0.497575067204,
    14.053470198349));
#387 = CARTESIAN_POINT('',(-10.96767940208,0.862844704838,
    14.184975359751));
#388 = CARTESIAN_POINT('',(-10.95345349853,1.033983098599,
    14.270653836942));
#389 = CARTESIAN_POINT('',(-10.93750743297,1.189786514667,
    14.371811480793));
#390 = CARTESIAN_POINT('',(-10.92088304637,1.329720596673,
    14.485441455443));
#391 = CARTESIAN_POINT('',(-10.90447654295,1.453635740794,14.60887607136
    ));
#392 = CARTESIAN_POINT('',(-10.88898419517,1.561658693976,
    14.739720015788));
#393 = CARTESIAN_POINT('',(-10.8596262862,1.754665723928,15.023721236002
    ));
#394 = CARTESIAN_POINT('',(-10.84594257628,1.837336440846,15.1785470173)
  );
#395 = CARTESIAN_POINT('',(-10.83447429298,1.902769443724,
    15.338332001799));
#396 = CARTESIAN_POINT('',(-10.82562648787,1.95147140711,15.501540798286
    ));
#397 = CARTESIAN_POINT('',(-10.81964636723,1.983815955111,
    15.666934991419));
#398 = CARTESIAN_POINT('',(-10.81665382639,2.,15.833436426737));
#399 = CARTESIAN_POINT('',(-10.81665382639,2.,16.));
#400 = PCURVE('',#31,#401);
#401 = DEFINITIONAL_REPRESENTATION('',(#402),#459);
#402 = B_SPLINE_CURVE_WITH_KNOTS('',7,(#403,#404,#405,#406,#407,#408,
    #409,#410,#411,#412,#413,#414,#415,#416,#417,#418,#419,#420,#421,
    #422,#423,#424,#425,#426,#427,#428,#429,#430,#431,#432,#433,#434,
    #435,#436,#437,#438,#439,#440,#441,#442,#443,#444,#445,#446,#447,
    #448,#449,#450,#451,#452,#453,#454,#455,#456,#457,#458),
  .UNSPECIFIED.,.F.,.F.,(8,6,6,6,6,6,6,6,6,8),(0.,0.130677527687,
    0.218723399525,0.32728548469,0.4253657561,0.572147921346,
    0.702234836981,0.796765663352,0.894169757898,1.),.UNSPECIFIED.);
#403 = CARTESIAN_POINT('',(-2.958757516597,-8.));
#404 = CARTESIAN_POINT('',(-2.958757516597,-8.207616747844));
#405 = CARTESIAN_POINT('',(-2.961082063696,-8.41503432737));
#406 = CARTESIAN_POINT('',(-2.965723528201,-8.620351035997));
#407 = CARTESIAN_POINT('',(-2.972722549043,-8.82148750696));
#408 = CARTESIAN_POINT('',(-2.982152169845,-9.015873071662));
#409 = CARTESIAN_POINT('',(-2.994103214368,-9.200062767225));
#410 = CARTESIAN_POINT('',(-3.018470779652,-9.482981589236));
#411 = CARTESIAN_POINT('',(-3.029532508574,-9.590788190978));
#412 = CARTESIAN_POINT('',(-3.041832677088,-9.690001751173));
#413 = CARTESIAN_POINT('',(-3.055320818358,-9.778146487125));
#414 = CARTESIAN_POINT('',(-3.069913881234,-9.852780866458));
#415 = CARTESIAN_POINT('',(-3.085496775031,-9.91148440906));
#416 = CARTESIAN_POINT('',(-3.122169763216,-10.0015846814));
#417 = CARTESIAN_POINT('',(-3.143315919334,-10.02249432586));
#418 = CARTESIAN_POINT('',(-3.164699177583,-10.01118453271));
#419 = CARTESIAN_POINT('',(-3.185603480565,-9.967590979758));
#420 = CARTESIAN_POINT('',(-3.205343108051,-9.894736047708));
#421 = CARTESIAN_POINT('',(-3.223331447645,-9.798699192963));
#422 = CARTESIAN_POINT('',(-3.253480233278,-9.589237340113));
#423 = CARTESIAN_POINT('',(-3.266333315059,-9.476317453405));
#424 = CARTESIAN_POINT('',(-3.277726462645,-9.35286631416));
#425 = CARTESIAN_POINT('',(-3.287680798189,-9.221230004982));
#426 = CARTESIAN_POINT('',(-3.296228832575,-9.083288776227));
#427 = CARTESIAN_POINT('',(-3.303405232761,-8.940567130219));
#428 = CARTESIAN_POINT('',(-3.317975406553,-8.575393192569));
#429 = CARTESIAN_POINT('',(-3.323719593648,-8.348243662519));
#430 = CARTESIAN_POINT('',(-3.326574855383,-8.116635195815));
#431 = CARTESIAN_POINT('',(-3.326578609139,-7.883509997474));
#432 = CARTESIAN_POINT('',(-3.323723363458,-7.6517037314));
#433 = CARTESIAN_POINT('',(-3.317967663076,-7.424412731791));
#434 = CARTESIAN_POINT('',(-3.301507587893,-7.011871978692));
#435 = CARTESIAN_POINT('',(-3.291390057616,-6.823516450799));
#436 = CARTESIAN_POINT('',(-3.278802158304,-6.644075485531));
#437 = CARTESIAN_POINT('',(-3.263676570803,-6.4778349732));
#438 = CARTESIAN_POINT('',(-3.245987734907,-6.330085825069));
#439 = CARTESIAN_POINT('',(-3.22577495971,-6.20739057024));
#440 = CARTESIAN_POINT('',(-3.186830526272,-6.053453910818));
#441 = CARTESIAN_POINT('',(-3.1692490339,-6.006559883057));
#442 = CARTESIAN_POINT('',(-3.150901359156,-5.982002546728));
#443 = CARTESIAN_POINT('',(-3.132289028622,-5.981991821854));
#444 = CARTESIAN_POINT('',(-3.113936591083,-6.00654725957));
#445 = CARTESIAN_POINT('',(-3.096350660325,-6.053470198349));
#446 = CARTESIAN_POINT('',(-3.063081171276,-6.184975359751));
#447 = CARTESIAN_POINT('',(-3.047473037585,-6.270653836942));
#448 = CARTESIAN_POINT('',(-3.03323877127,-6.371811480793));
#449 = CARTESIAN_POINT('',(-3.020430433085,-6.485441455443));
#450 = CARTESIAN_POINT('',(-3.009068166713,-6.60887607136));
#451 = CARTESIAN_POINT('',(-2.999147794788,-6.739720015788));
#452 = CARTESIAN_POINT('',(-2.981399881296,-7.023721236002));
#453 = CARTESIAN_POINT('',(-2.973782752938,-7.1785470173));
#454 = CARTESIAN_POINT('',(-2.967743887917,-7.338332001799));
#455 = CARTESIAN_POINT('',(-2.963243973447,-7.501540798286));
#456 = CARTESIAN_POINT('',(-2.960253737635,-7.666934991419));
#457 = CARTESIAN_POINT('',(-2.958757516597,-7.833436426737));
#458 = CARTESIAN_POINT('',(-2.958757516597,-8.));
#459 = ( GEOMETRIC_REPRESENTATION_CONTEXT(2) 
PARAMETRIC_REPRESENTATION_CONTEXT() REPRESENTATION_CONTEXT('2D SPACE',''
  ) );
#460 = PCURVE('',#461,#466);
#461 = CYLINDRICAL_SURFACE('',#462,2.);
#462 = AXIS2_PLACEMENT_3D('',#463,#464,#465);
#463 = CARTESIAN_POINT('',(-20.,0.,16.));
#464 = DIRECTION('',(-1.,-0.,-0.));
#465 = DIRECTION('',(0.,1.,0.));
#466 = DEFINITIONAL_REPRESENTATION('',(#467),#524);
#467 = B_SPLINE_CURVE_WITH_KNOTS('',7,(#468,#469,#470,#471,#472,#473,
    #474,#475,#476,#477,#478,#479,#480,#481,#482,#483,#484,#485,#486,
    #487,#488,#489,#490,#491,#492,#493,#494,#495,#496,#497,#498,#499,
    #500,#501,#502,#503,#504,#505,#506,#507,#508,#509,#510,#511,#512,
    #513,#514,#515,#516,#517,#518,#519,#520,#521,#522,#523),
  .UNSPECIFIED.,.F.,.F.,(8,6,6,6,6,6,6,6,6,8),(0.,0.130677527687,
    0.218723399525,0.32728548469,0.4253657561,0.572147921346,
    0.702234836981,0.796765663352,0.894169757898,1.),.UNSPECIFIED.);
#468 = CARTESIAN_POINT('',(0.,-9.183346173608));
#469 = CARTESIAN_POINT('',(-0.103808373922,-9.183346173608));
#470 = CARTESIAN_POINT('',(-0.207516944211,-9.178697118485));
#471 = CARTESIAN_POINT('',(-0.312003440665,-9.169413988565));
#472 = CARTESIAN_POINT('',(-0.418035431456,-9.15578466977));
#473 = CARTESIAN_POINT('',(-0.526433630111,-9.138390813293));
#474 = CARTESIAN_POINT('',(-0.638043471959,-9.118270838917));
#475 = CARTESIAN_POINT('',(-0.832097654381,-9.082744457681));
#476 = CARTESIAN_POINT('',(-0.912727883805,-9.067841119945));
#477 = CARTESIAN_POINT('',(-0.995700918506,-9.052920702257));
#478 = CARTESIAN_POINT('',(-1.080951445732,-9.03872205554));
#479 = CARTESIAN_POINT('',(-1.168489533399,-9.026077817112));
#480 = CARTESIAN_POINT('',(-1.25840176763,-9.015820652659));
#481 = CARTESIAN_POINT('',(-1.464918072615,-8.999820723631));
#482 = CARTESIAN_POINT('',(-1.580713677336,-8.995853804244));
#483 = CARTESIAN_POINT('',(-1.696736915741,-8.997881490703));
#484 = CARTESIAN_POINT('',(-1.811783710405,-9.006103431378));
#485 = CARTESIAN_POINT('',(-1.924597936857,-9.019279986568));
#486 = CARTESIAN_POINT('',(-2.033597451022,-9.035352383006));
#487 = CARTESIAN_POINT('',(-2.229054131065,-9.067661437362));
#488 = CARTESIAN_POINT('',(-2.318602676746,-9.084051284138));
#489 = CARTESIAN_POINT('',(-2.405435862447,-9.100526406091));
#490 = CARTESIAN_POINT('',(-2.489960305325,-9.116297957934));
#491 = CARTESIAN_POINT('',(-2.572533376803,-9.130767728953));
#492 = CARTESIAN_POINT('',(-2.653495817444,-9.143509500245));
#493 = CARTESIAN_POINT('',(-2.852445475354,-9.170253189032));
#494 = CARTESIAN_POINT('',(-2.969018036169,-9.181761865033));
#495 = CARTESIAN_POINT('',(-3.084189943831,-9.18774213847));
#496 = CARTESIAN_POINT('',(-3.19892710371,-9.187752549331));
#497 = CARTESIAN_POINT('',(-3.314183464106,-9.181767084069));
#498 = CARTESIAN_POINT('',(-3.430845565774,-9.17023897581));
#499 = CARTESIAN_POINT('',(-3.65560104047,-9.140026355533));
#500 = CARTESIAN_POINT('',(-3.763847924558,-9.12221262735));
#501 = CARTESIAN_POINT('',(-3.875303801482,-9.101460733788));
#502 = CARTESIAN_POINT('',(-3.990526638495,-9.078938460595));
#503 = CARTESIAN_POINT('',(-4.110227596644,-9.056372439325));
#504 = CARTESIAN_POINT('',(-4.235219268331,-9.036162444039));
#505 = CARTESIAN_POINT('',(-4.462440152415,-9.009778531263));
#506 = CARTESIAN_POINT('',(-4.561291205721,-9.001308649127));
#507 = CARTESIAN_POINT('',(-4.661833392058,-8.996663999182));
#508 = CARTESIAN_POINT('',(-4.762917539355,-8.996661585098));
#509 = CARTESIAN_POINT('',(-4.86348302428,-9.001306701802));
#510 = CARTESIAN_POINT('',(-4.962361849848,-9.009781322858));
#511 = CARTESIAN_POINT('',(-5.156472331052,-9.032320597915));
#512 = CARTESIAN_POINT('',(-5.251494705807,-9.04654650147));
#513 = CARTESIAN_POINT('',(-5.343482590892,-9.062492567021));
#514 = CARTESIAN_POINT('',(-5.432749888618,-9.079116953621));
#515 = CARTESIAN_POINT('',(-5.519528612744,-9.095523457045));
#516 = CARTESIAN_POINT('',(-5.603997353334,-9.111015804828));
#517 = CARTESIAN_POINT('',(-5.775686321161,-9.140373713794));
#518 = CARTESIAN_POINT('',(-5.862947429702,-9.154057423719));
#519 = CARTESIAN_POINT('',(-5.948579669669,-9.16552570702));
#520 = CARTESIAN_POINT('',(-6.03301348615,-9.174373512127));
#521 = CARTESIAN_POINT('',(-6.116652256768,-9.180353632764));
#522 = CARTESIAN_POINT('',(-6.199903520548,-9.183346173608));
#523 = CARTESIAN_POINT('',(-6.28318530718,-9.183346173608));
#524 = ( GEOMETRIC_REPRESENTATION_CONTEXT(2) 
PARAMETRIC_REPRESENTATION_CONTEXT() REPRESENTATION_CONTEXT('2D SPACE',''
  ) );
#525 = ADVANCED_FACE('',(#526,#557),#43,.T.);
#526 = FACE_BOUND('',#527,.T.);
#527 = EDGE_LOOP('',(#528));
#528 = ORIENTED_EDGE('',*,*,#529,.T.);
#529 = EDGE_CURVE('',#530,#530,#532,.T.);
#530 = VERTEX_POINT('',#531);
#531 = CARTESIAN_POINT('',(22.5,0.,8.));
#532 = SURFACE_CURVE('',#533,(#538,#545),.PCURVE_S1.);
#533 = CIRCLE('',#534,22.5);
#534 = AXIS2_PLACEMENT_3D('',#535,#536,#537);
#535 = CARTESIAN_POINT('',(0.,0.,8.));
#536 = DIRECTION('',(0.,0.,1.));
#537 = DIRECTION('',(1.,0.,-0.));
#538 = PCURVE('',#43,#539);
#539 = DEFINITIONAL_REPRESENTATION('',(#540),#544);
#540 = CIRCLE('',#541,22.5);
#541 = AXIS2_PLACEMENT_2D('',#542,#543);
#542 = CARTESIAN_POINT('',(8.751616848252E-16,-1.604946055186E-15));
#543 = DIRECTION('',(1.,0.));
#544 = ( GEOMETRIC_REPRESENTATION_CONTEXT(2) 
PARAMETRIC_REPRESENTATION_CONTEXT() REPRESENTATION_CONTEXT('2D SPACE',''
  ) );
#545 = PCURVE('',#546,#551);
#546 = TOROIDAL_SURFACE('',#547,22.5,2.5);
#547 = AXIS2_PLACEMENT_3D('',#548,#549,#550);
#548 = CARTESIAN_POINT('',(0.,0.,5.5));
#549 = DIRECTION('',(0.,0.,1.));
#550 = DIRECTION('',(1.,0.,-0.));
#551 = DEFINITIONAL_REPRESENTATION('',(#552),#556);
#552 = LINE('',#553,#554);
#553 = CARTESIAN_POINT('',(0.,1.570796326795));
#554 = VECTOR('',#555,1.);
#555 = DIRECTION('',(1.,0.));
#556 = ( GEOMETRIC_REPRESENTATION_CONTEXT(2) 
PARAMETRIC_REPRESENTATION_CONTEXT() REPRESENTATION_CONTEXT('2D SPACE',''
  ) );
#557 = FACE_BOUND('',#558,.T.);
#558 = EDGE_LOOP('',(#559));
#559 = ORIENTED_EDGE('',*,*,#21,.F.);
#560 = ADVANCED_FACE('',(#561),#116,.F.);
#561 = FACE_BOUND('',#562,.T.);
#562 = EDGE_LOOP('',(#563,#665,#686,#687,#688,#689,#690,#785));
#563 = ORIENTED_EDGE('',*,*,#564,.F.);
#564 = EDGE_CURVE('',#565,#567,#569,.T.);
#565 = VERTEX_POINT('',#566);
#566 = CARTESIAN_POINT('',(4.031128874149,2.,16.));
#567 = VERTEX_POINT('',#568);
#568 = CARTESIAN_POINT('',(4.5,0.,18.));
#569 = SURFACE_CURVE('',#570,(#598,#629),.PCURVE_S1.);
#570 = B_SPLINE_CURVE_WITH_KNOTS('',6,(#571,#572,#573,#574,#575,#576,
    #577,#578,#579,#580,#581,#582,#583,#584,#585,#586,#587,#588,#589,
    #590,#591,#592,#593,#594,#595,#596,#597),.UNSPECIFIED.,.F.,.F.,(7,5,
    5,5,5,7),(0.,0.267140692746,0.539288302129,0.625548854611,
    0.744548522263,1.),.UNSPECIFIED.);
#571 = CARTESIAN_POINT('',(4.031128874149,2.,16.));
#572 = CARTESIAN_POINT('',(4.031128874149,2.,16.125587954957));
#573 = CARTESIAN_POINT('',(4.035824018035,1.990536629594,16.251108594156
    ));
#574 = CARTESIAN_POINT('',(4.045204985274,1.971628706541,16.375915144311
    ));
#575 = CARTESIAN_POINT('',(4.059059763027,1.943284987281,16.499352553593
    ));
#576 = CARTESIAN_POINT('',(4.076972513587,1.905512104339,16.620726146128
    ));
#577 = CARTESIAN_POINT('',(4.120140898204,1.810309831133,16.860041581054
    ));
#578 = CARTESIAN_POINT('',(4.145527183034,1.752526836742,16.977872401966
    ));
#579 = CARTESIAN_POINT('',(4.173939910772,1.684949115368,17.092216173227
    ));
#580 = CARTESIAN_POINT('',(4.2046714566,1.607422916743,17.202405466855)
  );
#581 = CARTESIAN_POINT('',(4.236865968702,1.519749368629,17.307586097738
    ));
#582 = CARTESIAN_POINT('',(4.279848383481,1.390672469057,17.438047659639
    ));
#583 = CARTESIAN_POINT('',(4.290239262041,1.358563677853,17.468836624754
    ));
#584 = CARTESIAN_POINT('',(4.300644198473,1.325403554949,17.498981248782
    ));
#585 = CARTESIAN_POINT('',(4.31102917303,1.291185010464,17.528443426368)
  );
#586 = CARTESIAN_POINT('',(4.321358094106,1.255902228547,17.5571811734)
  );
#587 = CARTESIAN_POINT('',(4.345711956458,1.169402325267,17.623730778261
    ));
#588 = CARTESIAN_POINT('',(4.359655376882,1.117207459964,17.660856753749
    ));
#589 = CARTESIAN_POINT('',(4.373318064263,1.0629695176,17.696391948823)
  );
#590 = CARTESIAN_POINT('',(4.386588667751,1.006699244365,17.730193646097
    ));
#591 = CARTESIAN_POINT('',(4.399350891335,0.948415264989,17.76211047656)
  );
#592 = CARTESIAN_POINT('',(4.437532468968,0.758764343569,17.856105541558
    ));
#593 = CARTESIAN_POINT('',(4.460900878678,0.619158080476,17.911334568024
    ));
#594 = CARTESIAN_POINT('',(4.479947325734,0.471135156214,17.954881298179
    ));
#595 = CARTESIAN_POINT('',(4.49325576243,0.316931024469,17.984825503715)
  );
#596 = CARTESIAN_POINT('',(4.5,0.159030573676,18.));
#597 = CARTESIAN_POINT('',(4.5,3.061616997868E-16,18.));
#598 = PCURVE('',#116,#599);
#599 = DEFINITIONAL_REPRESENTATION('',(#600),#628);
#600 = B_SPLINE_CURVE_WITH_KNOTS('',6,(#601,#602,#603,#604,#605,#606,
    #607,#608,#609,#610,#611,#612,#613,#614,#615,#616,#617,#618,#619,
    #620,#621,#622,#623,#624,#625,#626,#627),.UNSPECIFIED.,.F.,.F.,(7,5,
    5,5,5,7),(0.,0.267140692746,0.539288302129,0.625548854611,
    0.744548522263,1.),.UNSPECIFIED.);
#601 = CARTESIAN_POINT('',(0.,-24.03112887414));
#602 = CARTESIAN_POINT('',(-6.279397747838E-02,-24.03112887414));
#603 = CARTESIAN_POINT('',(-0.125554289135,-24.03582401803));
#604 = CARTESIAN_POINT('',(-0.188403283096,-24.04520498527));
#605 = CARTESIAN_POINT('',(-0.251456571771,-24.05905976302));
#606 = CARTESIAN_POINT('',(-0.314826426656,-24.07697251358));
#607 = CARTESIAN_POINT('',(-0.443604676195,-24.1201408982));
#608 = CARTESIAN_POINT('',(-0.509026518291,-24.14552718303));
#609 = CARTESIAN_POINT('',(-0.575133714048,-24.17393991077));
#610 = CARTESIAN_POINT('',(-0.642169354515,-24.2046714566));
#611 = CARTESIAN_POINT('',(-0.710386102711,-24.2368659687));
#612 = CARTESIAN_POINT('',(-0.802148111648,-24.27984838348));
#613 = CARTESIAN_POINT('',(-0.824383078835,-24.29023926204));
#614 = CARTESIAN_POINT('',(-0.846778011202,-24.30064419847));
#615 = CARTESIAN_POINT('',(-0.869342681031,-24.31102917303));
#616 = CARTESIAN_POINT('',(-0.892086642326,-24.3213580941));
#617 = CARTESIAN_POINT('',(-0.946655596812,-24.34571195645));
#618 = CARTESIAN_POINT('',(-0.978658993901,-24.35965537688));
#619 = CARTESIAN_POINT('',(-1.011044057105,-24.37331806426));
#620 = CARTESIAN_POINT('',(-1.043826539007,-24.38658866775));
#621 = CARTESIAN_POINT('',(-1.077024198195,-24.39935089133));
#622 = CARTESIAN_POINT('',(-1.182857255696,-24.43753246896));
#623 = CARTESIAN_POINT('',(-1.257662985214,-24.46090087867));
#624 = CARTESIAN_POINT('',(-1.334323364728,-24.47994732573));
#625 = CARTESIAN_POINT('',(-1.412330917919,-24.49325576243));
#626 = CARTESIAN_POINT('',(-1.491281039957,-24.5));
#627 = CARTESIAN_POINT('',(-1.570796326795,-24.5));
#628 = ( GEOMETRIC_REPRESENTATION_CONTEXT(2) 
PARAMETRIC_REPRESENTATION_CONTEXT() REPRESENTATION_CONTEXT('2D SPACE',''
  ) );
#629 = PCURVE('',#630,#635);
#630 = CYLINDRICAL_SURFACE('',#631,4.5);
#631 = AXIS2_PLACEMENT_3D('',#632,#633,#634);
#632 = CARTESIAN_POINT('',(0.,0.,22.));
#633 = DIRECTION('',(0.,0.,1.));
#634 = DIRECTION('',(1.,0.,0.));
#635 = DEFINITIONAL_REPRESENTATION('',(#636),#664);
#636 = B_SPLINE_CURVE_WITH_KNOTS('',6,(#637,#638,#639,#640,#641,#642,
    #643,#644,#645,#646,#647,#648,#649,#650,#651,#652,#653,#654,#655,
    #656,#657,#658,#659,#660,#661,#662,#663),.UNSPECIFIED.,.F.,.F.,(7,5,
    5,5,5,7),(0.,0.267140692746,0.539288302129,0.625548854611,
    0.744548522263,1.),.UNSPECIFIED.);
#637 = CARTESIAN_POINT('',(0.460553991681,-6.));
#638 = CARTESIAN_POINT('',(0.460553991681,-5.874412045043));
#639 = CARTESIAN_POINT('',(0.458206422842,-5.748891405844));
#640 = CARTESIAN_POINT('',(0.453515923876,-5.624084855689));
#641 = CARTESIAN_POINT('',(0.446505268139,-5.500647446407));
#642 = CARTESIAN_POINT('',(0.437216633895,-5.379273853872));
#643 = CARTESIAN_POINT('',(0.413987254611,-5.139958418946));
#644 = CARTESIAN_POINT('',(0.399963039895,-5.022127598034));
#645 = CARTESIAN_POINT('',(0.383675544961,-4.907783826773));
#646 = CARTESIAN_POINT('',(0.365150763107,-4.797594533145));
#647 = CARTESIAN_POINT('',(0.344405262778,-4.692413902262));
#648 = CARTESIAN_POINT('',(0.314172965451,-4.561952340361));
#649 = CARTESIAN_POINT('',(0.30667361345,-4.531163375246));
#650 = CARTESIAN_POINT('',(0.298950935516,-4.501018751218));
#651 = CARTESIAN_POINT('',(0.29100490258,-4.471556573632));
#652 = CARTESIAN_POINT('',(0.282835644952,-4.4428188266));
#653 = CARTESIAN_POINT('',(0.262866107808,-4.376269221739));
#654 = CARTESIAN_POINT('',(0.250861583066,-4.339143246251));
#655 = CARTESIAN_POINT('',(0.238434149034,-4.303608051177));
#656 = CARTESIAN_POINT('',(0.225588979819,-4.269806353903));
#657 = CARTESIAN_POINT('',(0.212332012943,-4.23788952344));
#658 = CARTESIAN_POINT('',(0.169341744238,-4.143894458442));
#659 = CARTESIAN_POINT('',(0.13790340096,-4.088665431976));
#660 = CARTESIAN_POINT('',(0.104775917471,-4.045118701821));
#661 = CARTESIAN_POINT('',(7.042917475536E-02,-4.015174496285));
#662 = CARTESIAN_POINT('',(3.534012748358E-02,-4.));
#663 = CARTESIAN_POINT('',(0.,-4.));
#664 = ( GEOMETRIC_REPRESENTATION_CONTEXT(2) 
PARAMETRIC_REPRESENTATION_CONTEXT() REPRESENTATION_CONTEXT('2D SPACE',''
  ) );
#665 = ORIENTED_EDGE('',*,*,#666,.T.);
#666 = EDGE_CURVE('',#565,#79,#667,.T.);
#667 = SEAM_CURVE('',#668,(#672,#679),.PCURVE_S1.);
#668 = LINE('',#669,#670);
#669 = CARTESIAN_POINT('',(-20.,2.,16.));
#670 = VECTOR('',#671,1.);
#671 = DIRECTION('',(1.,0.,0.));
#672 = PCURVE('',#116,#673);
#673 = DEFINITIONAL_REPRESENTATION('',(#674),#678);
#674 = LINE('',#675,#676);
#675 = CARTESIAN_POINT('',(-6.28318530718,0.));
#676 = VECTOR('',#677,1.);
#677 = DIRECTION('',(-0.,-1.));
#678 = ( GEOMETRIC_REPRESENTATION_CONTEXT(2) 
PARAMETRIC_REPRESENTATION_CONTEXT() REPRESENTATION_CONTEXT('2D SPACE',''
  ) );
#679 = PCURVE('',#116,#680);
#680 = DEFINITIONAL_REPRESENTATION('',(#681),#685);
#681 = LINE('',#682,#683);
#682 = CARTESIAN_POINT('',(-0.,0.));
#683 = VECTOR('',#684,1.);
#684 = DIRECTION('',(-0.,-1.));
#685 = ( GEOMETRIC_REPRESENTATION_CONTEXT(2) 
PARAMETRIC_REPRESENTATION_CONTEXT() REPRESENTATION_CONTEXT('2D SPACE',''
  ) );
#686 = ORIENTED_EDGE('',*,*,#139,.T.);
#687 = ORIENTED_EDGE('',*,*,#246,.T.);
#688 = ORIENTED_EDGE('',*,*,#78,.T.);
#689 = ORIENTED_EDGE('',*,*,#666,.F.);
#690 = ORIENTED_EDGE('',*,*,#691,.F.);
#691 = EDGE_CURVE('',#692,#565,#694,.T.);
#692 = VERTEX_POINT('',#693);
#693 = CARTESIAN_POINT('',(4.5,0.,14.));
#694 = SURFACE_CURVE('',#695,(#723,#754),.PCURVE_S1.);
#695 = B_SPLINE_CURVE_WITH_KNOTS('',6,(#696,#697,#698,#699,#700,#701,
    #702,#703,#704,#705,#706,#707,#708,#709,#710,#711,#712,#713,#714,
    #715,#716,#717,#718,#719,#720,#721,#722),.UNSPECIFIED.,.F.,.F.,(7,5,
    5,5,5,7),(0.,0.25739108617,0.374097643635,0.461813606072,
    0.732013917512,1.),.UNSPECIFIED.);
#696 = CARTESIAN_POINT('',(4.5,-1.836970198721E-16,14.));
#697 = CARTESIAN_POINT('',(4.5,0.16026092379,14.));
#698 = CARTESIAN_POINT('',(4.493151003261,0.319358597208,14.015410200377
    ));
#699 = CARTESIAN_POINT('',(4.479639760853,0.474676891707,14.045810741364
    ));
#700 = CARTESIAN_POINT('',(4.460316449271,0.623684211041,14.090002039445
    ));
#701 = CARTESIAN_POINT('',(4.436635720964,0.764106932278,14.146014170396
    ));
#702 = CARTESIAN_POINT('',(4.398328836641,0.953058761883,14.240448449033
    ));
#703 = CARTESIAN_POINT('',(4.385781871444,1.010092498538,14.271865621124
    ));
#704 = CARTESIAN_POINT('',(4.372751305523,1.065188248683,14.305088513739
    ));
#705 = CARTESIAN_POINT('',(4.359346622181,1.11832901114,14.339974728199)
  );
#706 = CARTESIAN_POINT('',(4.345672687763,1.169505023964,14.376389945151
    ));
#707 = CARTESIAN_POINT('',(4.32142326752,1.255697842838,14.442630847061)
  );
#708 = CARTESIAN_POINT('',(4.310920026815,1.291577288311,14.471851433364
    ));
#709 = CARTESIAN_POINT('',(4.300358911116,1.326356348296,14.50182094145)
  );
#710 = CARTESIAN_POINT('',(4.289777854146,1.360041146215,14.53249525335)
  );
#711 = CARTESIAN_POINT('',(4.27921257736,1.392639155304,14.563834390743)
  );
#712 = CARTESIAN_POINT('',(4.236303135023,1.521253561866,14.694277146931
    ));
#713 = CARTESIAN_POINT('',(4.204362851089,1.608161908908,14.798764371929
    ));
#714 = CARTESIAN_POINT('',(4.173871815783,1.685070423046,14.90818168379)
  );
#715 = CARTESIAN_POINT('',(4.145666863044,1.752173231618,15.021693975745
    ));
#716 = CARTESIAN_POINT('',(4.120440860049,1.809620549061,15.138647450708
    ));
#717 = CARTESIAN_POINT('',(4.077252794415,1.904921001772,15.377377419592
    ));
#718 = CARTESIAN_POINT('',(4.059233185794,1.942930180538,15.499104689261
    ));
#719 = CARTESIAN_POINT('',(4.045293090869,1.971451124449,15.622914792294
    ));
#720 = CARTESIAN_POINT('',(4.035853441515,1.990477324535,15.748106575068
    ));
#721 = CARTESIAN_POINT('',(4.031128874149,2.,15.874019139191));
#722 = CARTESIAN_POINT('',(4.031128874149,2.,16.));
#723 = PCURVE('',#116,#724);
#724 = DEFINITIONAL_REPRESENTATION('',(#725),#753);
#725 = B_SPLINE_CURVE_WITH_KNOTS('',6,(#726,#727,#728,#729,#730,#731,
    #732,#733,#734,#735,#736,#737,#738,#739,#740,#741,#742,#743,#744,
    #745,#746,#747,#748,#749,#750,#751,#752),.UNSPECIFIED.,.F.,.F.,(7,5,
    5,5,5,7),(0.,0.25739108617,0.374097643635,0.461813606072,
    0.732013917512,1.),.UNSPECIFIED.);
#726 = CARTESIAN_POINT('',(-4.712388980385,-24.5));
#727 = CARTESIAN_POINT('',(-4.79251944228,-24.5));
#728 = CARTESIAN_POINT('',(-4.872068171741,-24.49315100326));
#729 = CARTESIAN_POINT('',(-4.950653994109,-24.47963976085));
#730 = CARTESIAN_POINT('',(-5.027867089997,-24.46031644927));
#731 = CARTESIAN_POINT('',(-5.103191762354,-24.43663572096));
#732 = CARTESIAN_POINT('',(-5.208809737733,-24.39832883664));
#733 = CARTESIAN_POINT('',(-5.241340872947,-24.38578187144));
#734 = CARTESIAN_POINT('',(-5.273473222446,-24.37275130552));
#735 = CARTESIAN_POINT('',(-5.305223658053,-24.35934662218));
#736 = CARTESIAN_POINT('',(-5.336607211269,-24.34567268776));
#737 = CARTESIAN_POINT('',(-5.390960360007,-24.32142326752));
#738 = CARTESIAN_POINT('',(-5.41408764713,-24.31092002681));
#739 = CARTESIAN_POINT('',(-5.437029566038,-24.30035891111));
#740 = CARTESIAN_POINT('',(-5.459796164065,-24.28977785414));
#741 = CARTESIAN_POINT('',(-5.48239771796,-24.27921257736));
#742 = CARTESIAN_POINT('',(-5.573990537298,-24.23630313502));
#743 = CARTESIAN_POINT('',(-5.641701696517,-24.20436285108));
#744 = CARTESIAN_POINT('',(-5.708251066936,-24.17387181578));
#745 = CARTESIAN_POINT('',(-5.773885893881,-24.14566686304));
#746 = CARTESIAN_POINT('',(-5.838844132184,-24.12044086004));
#747 = CARTESIAN_POINT('',(-5.967368618499,-24.07725279441));
#748 = CARTESIAN_POINT('',(-6.030940622768,-24.05923318579));
#749 = CARTESIAN_POINT('',(-6.09419279597,-24.04529309086));
#750 = CARTESIAN_POINT('',(-6.157238602756,-24.03585344151));
#751 = CARTESIAN_POINT('',(-6.220194876775,-24.03112887414));
#752 = CARTESIAN_POINT('',(-6.28318530718,-24.03112887414));
#753 = ( GEOMETRIC_REPRESENTATION_CONTEXT(2) 
PARAMETRIC_REPRESENTATION_CONTEXT() REPRESENTATION_CONTEXT('2D SPACE',''
  ) );
#754 = PCURVE('',#630,#755);
#755 = DEFINITIONAL_REPRESENTATION('',(#756),#784);
#756 = B_SPLINE_CURVE_WITH_KNOTS('',6,(#757,#758,#759,#760,#761,#762,
    #763,#764,#765,#766,#767,#768,#769,#770,#771,#772,#773,#774,#775,
    #776,#777,#778,#779,#780,#781,#782,#783),.UNSPECIFIED.,.F.,.F.,(7,5,
    5,5,5,7),(0.,0.25739108617,0.374097643635,0.461813606072,
    0.732013917512,1.),.UNSPECIFIED.);
#757 = CARTESIAN_POINT('',(0.,-8.));
#758 = CARTESIAN_POINT('',(3.561353861994E-02,-8.));
#759 = CARTESIAN_POINT('',(7.096863742511E-02,-7.984589799623));
#760 = CARTESIAN_POINT('',(0.105564819207,-7.954189258636));
#761 = CARTESIAN_POINT('',(0.138916408687,-7.909997960555));
#762 = CARTESIAN_POINT('',(0.170544937005,-7.853985829604));
#763 = CARTESIAN_POINT('',(0.213388442814,-7.759551550967));
#764 = CARTESIAN_POINT('',(0.226363903906,-7.728134378876));
#765 = CARTESIAN_POINT('',(0.238942941296,-7.694911486261));
#766 = CARTESIAN_POINT('',(0.251120053787,-7.660025271801));
#767 = CARTESIAN_POINT('',(0.262890440389,-7.623610054849));
#768 = CARTESIAN_POINT('',(0.282788000768,-7.557369152939));
#769 = CARTESIAN_POINT('',(0.291095370572,-7.528148566636));
#770 = CARTESIAN_POINT('',(0.299171932726,-7.49817905855));
#771 = CARTESIAN_POINT('',(0.307017551523,-7.46750474665));
#772 = CARTESIAN_POINT('',(0.314632259294,-7.436165609257));
#773 = CARTESIAN_POINT('',(0.344761926243,-7.305722853069));
#774 = CARTESIAN_POINT('',(0.36532859449,-7.201235628071));
#775 = CARTESIAN_POINT('',(0.383706255074,-7.09181831621));
#776 = CARTESIAN_POINT('',(0.399878616548,-6.978306024255));
#777 = CARTESIAN_POINT('',(0.413820224287,-6.861352549292));
#778 = CARTESIAN_POINT('',(0.437071280602,-6.622622580408));
#779 = CARTESIAN_POINT('',(0.44641751002,-6.500895310739));
#780 = CARTESIAN_POINT('',(0.453471870804,-6.377085207706));
#781 = CARTESIAN_POINT('',(0.45819171117,-6.251893424932));
#782 = CARTESIAN_POINT('',(0.460553991681,-6.125980860809));
#783 = CARTESIAN_POINT('',(0.460553991681,-6.));
#784 = ( GEOMETRIC_REPRESENTATION_CONTEXT(2) 
PARAMETRIC_REPRESENTATION_CONTEXT() REPRESENTATION_CONTEXT('2D SPACE',''
  ) );
#785 = ORIENTED_EDGE('',*,*,#786,.F.);
#786 = EDGE_CURVE('',#567,#692,#787,.T.);
#787 = SURFACE_CURVE('',#788,(#841,#897),.PCURVE_S1.);
#788 = B_SPLINE_CURVE_WITH_KNOTS('',6,(#789,#790,#791,#792,#793,#794,
    #795,#796,#797,#798,#799,#800,#801,#802,#803,#804,#805,#806,#807,
    #808,#809,#810,#811,#812,#813,#814,#815,#816,#817,#818,#819,#820,
    #821,#822,#823,#824,#825,#826,#827,#828,#829,#830,#831,#832,#833,
    #834,#835,#836,#837,#838,#839,#840),.UNSPECIFIED.,.F.,.F.,(7,5,5,5,5
    ,5,5,5,5,5,7),(0.,0.128693228393,0.187045457595,0.230902649993,
    0.366000386867,0.499991018965,0.633563764543,0.769640013406,
    0.812771064358,0.872271966923,1.),.UNSPECIFIED.);
#789 = CARTESIAN_POINT('',(4.5,-4.440892098501E-16,18.));
#790 = CARTESIAN_POINT('',(4.5,-0.16026092379,18.));
#791 = CARTESIAN_POINT('',(4.493151003261,-0.319358597208,
    17.984589799623));
#792 = CARTESIAN_POINT('',(4.479639760853,-0.474676891708,
    17.954189258636));
#793 = CARTESIAN_POINT('',(4.460316449271,-0.623684211041,
    17.909997960555));
#794 = CARTESIAN_POINT('',(4.436635720964,-0.764106932278,
    17.853985829604));
#795 = CARTESIAN_POINT('',(4.398328836641,-0.953058761883,
    17.759551550967));
#796 = CARTESIAN_POINT('',(4.385781871444,-1.010092498538,
    17.728134378876));
#797 = CARTESIAN_POINT('',(4.372751305523,-1.065188248683,
    17.694911486261));
#798 = CARTESIAN_POINT('',(4.359346622181,-1.11832901114,17.660025271801
    ));
#799 = CARTESIAN_POINT('',(4.345672687763,-1.169505023964,
    17.623610054849));
#800 = CARTESIAN_POINT('',(4.32142326752,-1.255697842838,17.557369152939
    ));
#801 = CARTESIAN_POINT('',(4.310920026815,-1.291577288311,
    17.528148566636));
#802 = CARTESIAN_POINT('',(4.300358911116,-1.326356348296,17.49817905855
    ));
#803 = CARTESIAN_POINT('',(4.289777854146,-1.360041146215,17.46750474665
    ));
#804 = CARTESIAN_POINT('',(4.27921257736,-1.392639155304,17.436165609257
    ));
#805 = CARTESIAN_POINT('',(4.236303132377,-1.521253569799,
    17.305722845024));
#806 = CARTESIAN_POINT('',(4.204362854657,-1.608161899277,
    17.201235641779));
#807 = CARTESIAN_POINT('',(4.173871816258,-1.68507042103,17.091818315768
    ));
#808 = CARTESIAN_POINT('',(4.145666859706,-1.752173240289,
    16.978306010361));
#809 = CARTESIAN_POINT('',(4.120440861687,-1.809620545447,
    16.861352558346));
#810 = CARTESIAN_POINT('',(4.077252794415,-1.904921001772,
    16.622622580408));
#811 = CARTESIAN_POINT('',(4.059233185794,-1.942930180538,16.50089531074
    ));
#812 = CARTESIAN_POINT('',(4.045293090869,-1.971451124449,
    16.377085207705));
#813 = CARTESIAN_POINT('',(4.035853441515,-1.990477324535,
    16.251893424933));
#814 = CARTESIAN_POINT('',(4.031128874149,-2.,16.125980860809));
#815 = CARTESIAN_POINT('',(4.031128874149,-2.,15.874412045043));
#816 = CARTESIAN_POINT('',(4.035824018035,-1.990536629594,
    15.748891405844));
#817 = CARTESIAN_POINT('',(4.045204985274,-1.971628706541,
    15.624084855689));
#818 = CARTESIAN_POINT('',(4.059059763027,-1.943284987281,
    15.500647446407));
#819 = CARTESIAN_POINT('',(4.076972513587,-1.905512104339,
    15.379273853872));
#820 = CARTESIAN_POINT('',(4.120140898204,-1.810309831133,
    15.139958418946));
#821 = CARTESIAN_POINT('',(4.145527183034,-1.752526836742,
    15.022127598034));
#822 = CARTESIAN_POINT('',(4.173939910772,-1.684949115368,
    14.907783826773));
#823 = CARTESIAN_POINT('',(4.2046714566,-1.607422916743,14.797594533145)
  );
#824 = CARTESIAN_POINT('',(4.236865968702,-1.519749368629,
    14.692413902262));
#825 = CARTESIAN_POINT('',(4.279848383481,-1.390672469057,
    14.561952340361));
#826 = CARTESIAN_POINT('',(4.290239262041,-1.358563677853,
    14.531163375246));
#827 = CARTESIAN_POINT('',(4.300644198473,-1.325403554949,
    14.501018751218));
#828 = CARTESIAN_POINT('',(4.31102917303,-1.291185010464,14.471556573632
    ));
#829 = CARTESIAN_POINT('',(4.321358094106,-1.255902228547,14.4428188266)
  );
#830 = CARTESIAN_POINT('',(4.345711956458,-1.16940232527,14.376269221741
    ));
#831 = CARTESIAN_POINT('',(4.359655376882,-1.117207459964,14.33914324625
    ));
#832 = CARTESIAN_POINT('',(4.373318064264,-1.062969517597,
    14.303608051175));
#833 = CARTESIAN_POINT('',(4.386588667751,-1.006699244364,
    14.269806353903));
#834 = CARTESIAN_POINT('',(4.399350891334,-0.948415264992,
    14.237889523442));
#835 = CARTESIAN_POINT('',(4.437532468968,-0.758764343569,
    14.143894458442));
#836 = CARTESIAN_POINT('',(4.460900878678,-0.619158080476,
    14.088665431976));
#837 = CARTESIAN_POINT('',(4.479947325734,-0.471135156214,
    14.045118701821));
#838 = CARTESIAN_POINT('',(4.49325576243,-0.316931024469,14.015174496285
    ));
#839 = CARTESIAN_POINT('',(4.5,-0.159030573676,14.));
#840 = CARTESIAN_POINT('',(4.5,-8.881784197001E-16,14.));
#841 = PCURVE('',#116,#842);
#842 = DEFINITIONAL_REPRESENTATION('',(#843),#896);
#843 = B_SPLINE_CURVE_WITH_KNOTS('',6,(#844,#845,#846,#847,#848,#849,
    #850,#851,#852,#853,#854,#855,#856,#857,#858,#859,#860,#861,#862,
    #863,#864,#865,#866,#867,#868,#869,#870,#871,#872,#873,#874,#875,
    #876,#877,#878,#879,#880,#881,#882,#883,#884,#885,#886,#887,#888,
    #889,#890,#891,#892,#893,#894,#895),.UNSPECIFIED.,.F.,.F.,(7,5,5,5,5
    ,5,5,5,5,5,7),(0.,0.128693228393,0.187045457595,0.230902649993,
    0.366000386867,0.499991018965,0.633563764543,0.769640013406,
    0.812771064358,0.872271966923,1.),.UNSPECIFIED.);
#844 = CARTESIAN_POINT('',(-1.570796326795,-24.5));
#845 = CARTESIAN_POINT('',(-1.65092678869,-24.5));
#846 = CARTESIAN_POINT('',(-1.730475518151,-24.49315100326));
#847 = CARTESIAN_POINT('',(-1.809061340519,-24.47963976085));
#848 = CARTESIAN_POINT('',(-1.886274436408,-24.46031644927));
#849 = CARTESIAN_POINT('',(-1.961599108764,-24.43663572096));
#850 = CARTESIAN_POINT('',(-2.067217084143,-24.39832883664));
#851 = CARTESIAN_POINT('',(-2.099748219357,-24.38578187144));
#852 = CARTESIAN_POINT('',(-2.131880568856,-24.37275130552));
#853 = CARTESIAN_POINT('',(-2.163631004463,-24.35934662218));
#854 = CARTESIAN_POINT('',(-2.195014557679,-24.34567268776));
#855 = CARTESIAN_POINT('',(-2.249367706418,-24.32142326752));
#856 = CARTESIAN_POINT('',(-2.27249499354,-24.31092002681));
#857 = CARTESIAN_POINT('',(-2.295436912448,-24.30035891111));
#858 = CARTESIAN_POINT('',(-2.318203510475,-24.28977785414));
#859 = CARTESIAN_POINT('',(-2.34080506437,-24.27921257736));
#860 = CARTESIAN_POINT('',(-2.432397889357,-24.23630313237));
#861 = CARTESIAN_POINT('',(-2.500109034414,-24.20436285465));
#862 = CARTESIAN_POINT('',(-2.566658412973,-24.17387181625));
#863 = CARTESIAN_POINT('',(-2.632293248617,-24.1456668597));
#864 = CARTESIAN_POINT('',(-2.69725147372,-24.12044086168));
#865 = CARTESIAN_POINT('',(-2.825775964909,-24.07725279441));
#866 = CARTESIAN_POINT('',(-2.889347969178,-24.05923318579));
#867 = CARTESIAN_POINT('',(-2.952600142381,-24.04529309086));
#868 = CARTESIAN_POINT('',(-3.015645949166,-24.03585344151));
#869 = CARTESIAN_POINT('',(-3.078602223185,-24.03112887414));
#870 = CARTESIAN_POINT('',(-3.204386631068,-24.03112887414));
#871 = CARTESIAN_POINT('',(-3.267146942725,-24.03582401803));
#872 = CARTESIAN_POINT('',(-3.329995936686,-24.04520498527));
#873 = CARTESIAN_POINT('',(-3.393049225361,-24.05905976302));
#874 = CARTESIAN_POINT('',(-3.456419080245,-24.07697251358));
#875 = CARTESIAN_POINT('',(-3.585197329784,-24.1201408982));
#876 = CARTESIAN_POINT('',(-3.650619171881,-24.14552718303));
#877 = CARTESIAN_POINT('',(-3.716726367638,-24.17393991077));
#878 = CARTESIAN_POINT('',(-3.783762008105,-24.2046714566));
#879 = CARTESIAN_POINT('',(-3.8519787563,-24.2368659687));
#880 = CARTESIAN_POINT('',(-3.943740765238,-24.27984838348));
#881 = CARTESIAN_POINT('',(-3.965975732424,-24.29023926204));
#882 = CARTESIAN_POINT('',(-3.988370664792,-24.30064419847));
#883 = CARTESIAN_POINT('',(-4.010935334621,-24.31102917303));
#884 = CARTESIAN_POINT('',(-4.033679295916,-24.3213580941));
#885 = CARTESIAN_POINT('',(-4.0882482504,-24.34571195645));
#886 = CARTESIAN_POINT('',(-4.120251647491,-24.35965537688));
#887 = CARTESIAN_POINT('',(-4.152636710697,-24.37331806426));
#888 = CARTESIAN_POINT('',(-4.185419192597,-24.38658866775));
#889 = CARTESIAN_POINT('',(-4.218616851783,-24.39935089133));
#890 = CARTESIAN_POINT('',(-4.324449909286,-24.43753246896));
#891 = CARTESIAN_POINT('',(-4.399255638803,-24.46090087867));
#892 = CARTESIAN_POINT('',(-4.475916018318,-24.47994732573));
#893 = CARTESIAN_POINT('',(-4.553923571508,-24.49325576243));
#894 = CARTESIAN_POINT('',(-4.632873693547,-24.5));
#895 = CARTESIAN_POINT('',(-4.712388980385,-24.5));
#896 = ( GEOMETRIC_REPRESENTATION_CONTEXT(2) 
PARAMETRIC_REPRESENTATION_CONTEXT() REPRESENTATION_CONTEXT('2D SPACE',''
  ) );
#897 = PCURVE('',#630,#898);
#898 = DEFINITIONAL_REPRESENTATION('',(#899),#952);
#899 = B_SPLINE_CURVE_WITH_KNOTS('',6,(#900,#901,#902,#903,#904,#905,
    #906,#907,#908,#909,#910,#911,#912,#913,#914,#915,#916,#917,#918,
    #919,#920,#921,#922,#923,#924,#925,#926,#927,#928,#929,#930,#931,
    #932,#933,#934,#935,#936,#937,#938,#939,#940,#941,#942,#943,#944,
    #945,#946,#947,#948,#949,#950,#951),.UNSPECIFIED.,.F.,.F.,(7,5,5,5,5
    ,5,5,5,5,5,7),(0.,0.128693228393,0.187045457595,0.230902649993,
    0.366000386867,0.499991018965,0.633563764543,0.769640013406,
    0.812771064358,0.872271966923,1.),.UNSPECIFIED.);
#900 = CARTESIAN_POINT('',(6.28318530718,-4.));
#901 = CARTESIAN_POINT('',(6.24757176856,-4.));
#902 = CARTESIAN_POINT('',(6.212216669754,-4.015410200377));
#903 = CARTESIAN_POINT('',(6.177620487973,-4.045810741365));
#904 = CARTESIAN_POINT('',(6.144268898493,-4.090002039445));
#905 = CARTESIAN_POINT('',(6.112640370174,-4.146014170396));
#906 = CARTESIAN_POINT('',(6.069796864366,-4.240448449033));
#907 = CARTESIAN_POINT('',(6.056821403273,-4.271865621124));
#908 = CARTESIAN_POINT('',(6.044242365883,-4.305088513739));
#909 = CARTESIAN_POINT('',(6.032065253393,-4.339974728199));
#910 = CARTESIAN_POINT('',(6.02029486679,-4.376389945151));
#911 = CARTESIAN_POINT('',(6.000397306412,-4.442630847061));
#912 = CARTESIAN_POINT('',(5.992089936607,-4.471851433364));
#913 = CARTESIAN_POINT('',(5.984013374454,-4.50182094145));
#914 = CARTESIAN_POINT('',(5.976167755657,-4.53249525335));
#915 = CARTESIAN_POINT('',(5.968553047885,-4.563834390743));
#916 = CARTESIAN_POINT('',(5.938423379078,-4.694277154976));
#917 = CARTESIAN_POINT('',(5.917856714974,-4.798764358221));
#918 = CARTESIAN_POINT('',(5.899479052562,-4.908181684232));
#919 = CARTESIAN_POINT('',(5.883306688564,-5.021693989639));
#920 = CARTESIAN_POINT('',(5.869365083774,-5.138647441654));
#921 = CARTESIAN_POINT('',(5.846114026577,-5.377377419592));
#922 = CARTESIAN_POINT('',(5.836767797159,-5.49910468926));
#923 = CARTESIAN_POINT('',(5.829713436376,-5.622914792295));
#924 = CARTESIAN_POINT('',(5.82499359601,-5.748106575067));
#925 = CARTESIAN_POINT('',(5.822631315498,-5.874019139191));
#926 = CARTESIAN_POINT('',(5.822631315498,-6.125587954957));
#927 = CARTESIAN_POINT('',(5.824978884337,-6.251108594156));
#928 = CARTESIAN_POINT('',(5.829669383304,-6.375915144311));
#929 = CARTESIAN_POINT('',(5.836680039041,-6.499352553593));
#930 = CARTESIAN_POINT('',(5.845968673284,-6.620726146128));
#931 = CARTESIAN_POINT('',(5.869198052569,-6.860041581054));
#932 = CARTESIAN_POINT('',(5.883222267285,-6.977872401966));
#933 = CARTESIAN_POINT('',(5.899509762218,-7.092216173227));
#934 = CARTESIAN_POINT('',(5.918034544073,-7.202405466855));
#935 = CARTESIAN_POINT('',(5.938780044401,-7.307586097738));
#936 = CARTESIAN_POINT('',(5.969012341728,-7.438047659639));
#937 = CARTESIAN_POINT('',(5.97651169373,-7.468836624754));
#938 = CARTESIAN_POINT('',(5.984234371664,-7.498981248782));
#939 = CARTESIAN_POINT('',(5.9921804046,-7.528443426368));
#940 = CARTESIAN_POINT('',(6.000349662227,-7.5571811734));
#941 = CARTESIAN_POINT('',(6.020319199371,-7.623730778259));
#942 = CARTESIAN_POINT('',(6.032323724114,-7.66085675375));
#943 = CARTESIAN_POINT('',(6.044751158146,-7.696391948825));
#944 = CARTESIAN_POINT('',(6.057596327361,-7.730193646097));
#945 = CARTESIAN_POINT('',(6.070853294236,-7.762110476558));
#946 = CARTESIAN_POINT('',(6.113843562941,-7.856105541558));
#947 = CARTESIAN_POINT('',(6.14528190622,-7.911334568024));
#948 = CARTESIAN_POINT('',(6.178409389708,-7.954881298179));
#949 = CARTESIAN_POINT('',(6.212756132424,-7.984825503715));
#950 = CARTESIAN_POINT('',(6.247845179696,-8.));
#951 = CARTESIAN_POINT('',(6.28318530718,-8.));
#952 = ( GEOMETRIC_REPRESENTATION_CONTEXT(2) 
PARAMETRIC_REPRESENTATION_CONTEXT() REPRESENTATION_CONTEXT('2D SPACE',''
  ) );
#953 = ADVANCED_FACE('',(#954),#233,.T.);
#954 = FACE_BOUND('',#955,.T.);
#955 = EDGE_LOOP('',(#956,#978,#979,#980));
#956 = ORIENTED_EDGE('',*,*,#957,.F.);
#957 = EDGE_CURVE('',#196,#958,#960,.T.);
#958 = VERTEX_POINT('',#959);
#959 = CARTESIAN_POINT('',(9.,0.,22.));
#960 = SEAM_CURVE('',#961,(#966,#972),.PCURVE_S1.);
#961 = CIRCLE('',#962,2.);
#962 = AXIS2_PLACEMENT_3D('',#963,#964,#965);
#963 = CARTESIAN_POINT('',(9.,0.,20.));
#964 = DIRECTION('',(0.,-1.,0.));
#965 = DIRECTION('',(1.,0.,0.));
#966 = PCURVE('',#233,#967);
#967 = DEFINITIONAL_REPRESENTATION('',(#968),#971);
#968 = B_SPLINE_CURVE_WITH_KNOTS('',1,(#969,#970),.UNSPECIFIED.,.F.,.F.,
  (2,2),(0.,1.570796326795),.PIECEWISE_BEZIER_KNOTS.);
#969 = CARTESIAN_POINT('',(0.,0.));
#970 = CARTESIAN_POINT('',(0.,1.570796326795));
#971 = ( GEOMETRIC_REPRESENTATION_CONTEXT(2) 
PARAMETRIC_REPRESENTATION_CONTEXT() REPRESENTATION_CONTEXT('2D SPACE',''
  ) );
#972 = PCURVE('',#233,#973);
#973 = DEFINITIONAL_REPRESENTATION('',(#974),#977);
#974 = B_SPLINE_CURVE_WITH_KNOTS('',1,(#975,#976),.UNSPECIFIED.,.F.,.F.,
  (2,2),(0.,1.570796326795),.PIECEWISE_BEZIER_KNOTS.);
#975 = CARTESIAN_POINT('',(6.28318530718,0.));
#976 = CARTESIAN_POINT('',(6.28318530718,1.570796326795));
#977 = ( GEOMETRIC_REPRESENTATION_CONTEXT(2) 
PARAMETRIC_REPRESENTATION_CONTEXT() REPRESENTATION_CONTEXT('2D SPACE',''
  ) );
#978 = ORIENTED_EDGE('',*,*,#218,.T.);
#979 = ORIENTED_EDGE('',*,*,#957,.T.);
#980 = ORIENTED_EDGE('',*,*,#981,.F.);
#981 = EDGE_CURVE('',#958,#958,#982,.T.);
#982 = SURFACE_CURVE('',#983,(#988,#995),.PCURVE_S1.);
#983 = CIRCLE('',#984,9.);
#984 = AXIS2_PLACEMENT_3D('',#985,#986,#987);
#985 = CARTESIAN_POINT('',(0.,0.,22.));
#986 = DIRECTION('',(0.,0.,1.));
#987 = DIRECTION('',(1.,0.,-0.));
#988 = PCURVE('',#233,#989);
#989 = DEFINITIONAL_REPRESENTATION('',(#990),#994);
#990 = LINE('',#991,#992);
#991 = CARTESIAN_POINT('',(0.,1.570796326795));
#992 = VECTOR('',#993,1.);
#993 = DIRECTION('',(1.,0.));
#994 = ( GEOMETRIC_REPRESENTATION_CONTEXT(2) 
PARAMETRIC_REPRESENTATION_CONTEXT() REPRESENTATION_CONTEXT('2D SPACE',''
  ) );
#995 = PCURVE('',#996,#1001);
#996 = PLANE('',#997);
#997 = AXIS2_PLACEMENT_3D('',#998,#999,#1000);
#998 = CARTESIAN_POINT('',(-9.945019145741E-16,4.82137975997E-17,22.));
#999 = DIRECTION('',(0.,0.,1.));
#1000 = DIRECTION('',(1.,0.,-0.));
#1001 = DEFINITIONAL_REPRESENTATION('',(#1002),#1006);
#1002 = CIRCLE('',#1003,9.);
#1003 = AXIS2_PLACEMENT_2D('',#1004,#1005);
#1004 = CARTESIAN_POINT('',(9.945019145741E-16,-4.82137975997E-17));
#1005 = DIRECTION('',(1.,0.));
#1006 = ( GEOMETRIC_REPRESENTATION_CONTEXT(2) 
PARAMETRIC_REPRESENTATION_CONTEXT() REPRESENTATION_CONTEXT('2D SPACE',''
  ) );
#1007 = ADVANCED_FACE('',(#1008),#461,.F.);
#1008 = FACE_BOUND('',#1009,.T.);
#1009 = EDGE_LOOP('',(#1010,#1011,#1034,#1382));
#1010 = ORIENTED_EDGE('',*,*,#339,.F.);
#1011 = ORIENTED_EDGE('',*,*,#1012,.T.);
#1012 = EDGE_CURVE('',#340,#1013,#1015,.T.);
#1013 = VERTEX_POINT('',#1014);
#1014 = CARTESIAN_POINT('',(-4.031128874149,2.,16.));
#1015 = SEAM_CURVE('',#1016,(#1020,#1027),.PCURVE_S1.);
#1016 = LINE('',#1017,#1018);
#1017 = CARTESIAN_POINT('',(-20.,2.,16.));
#1018 = VECTOR('',#1019,1.);
#1019 = DIRECTION('',(1.,0.,0.));
#1020 = PCURVE('',#461,#1021);
#1021 = DEFINITIONAL_REPRESENTATION('',(#1022),#1026);
#1022 = LINE('',#1023,#1024);
#1023 = CARTESIAN_POINT('',(-6.28318530718,0.));
#1024 = VECTOR('',#1025,1.);
#1025 = DIRECTION('',(-0.,-1.));
#1026 = ( GEOMETRIC_REPRESENTATION_CONTEXT(2) 
PARAMETRIC_REPRESENTATION_CONTEXT() REPRESENTATION_CONTEXT('2D SPACE',''
  ) );
#1027 = PCURVE('',#461,#1028);
#1028 = DEFINITIONAL_REPRESENTATION('',(#1029),#1033);
#1029 = LINE('',#1030,#1031);
#1030 = CARTESIAN_POINT('',(-0.,0.));
#1031 = VECTOR('',#1032,1.);
#1032 = DIRECTION('',(-0.,-1.));
#1033 = ( GEOMETRIC_REPRESENTATION_CONTEXT(2) 
PARAMETRIC_REPRESENTATION_CONTEXT() REPRESENTATION_CONTEXT('2D SPACE',''
  ) );
#1034 = ORIENTED_EDGE('',*,*,#1035,.T.);
#1035 = EDGE_CURVE('',#1013,#1013,#1036,.T.);
#1036 = SURFACE_CURVE('',#1037,(#1150,#1266),.PCURVE_S1.);
#1037 = B_SPLINE_CURVE_WITH_KNOTS('',6,(#1038,#1039,#1040,#1041,#1042,
    #1043,#1044,#1045,#1046,#1047,#1048,#1049,#1050,#1051,#1052,#1053,
    #1054,#1055,#1056,#1057,#1058,#1059,#1060,#1061,#1062,#1063,#1064,
    #1065,#1066,#1067,#1068,#1069,#1070,#1071,#1072,#1073,#1074,#1075,
    #1076,#1077,#1078,#1079,#1080,#1081,#1082,#1083,#1084,#1085,#1086,
    #1087,#1088,#1089,#1090,#1091,#1092,#1093,#1094,#1095,#1096,#1097,
    #1098,#1099,#1100,#1101,#1102,#1103,#1104,#1105,#1106,#1107,#1108,
    #1109,#1110,#1111,#1112,#1113,#1114,#1115,#1116,#1117,#1118,#1119,
    #1120,#1121,#1122,#1123,#1124,#1125,#1126,#1127,#1128,#1129,#1130,
    #1131,#1132,#1133,#1134,#1135,#1136,#1137,#1138,#1139,#1140,#1141,
    #1142,#1143,#1144,#1145,#1146,#1147,#1148,#1149),.UNSPECIFIED.,.T.,
  .F.,(7,5,5,5,5,5,5,5,5,5,5,5,5,5,5,5,5,5,5,5,5,5,7),(0.,
    6.674049118933E-02,0.134731879369,0.156282589401,0.186012602226,
    0.223708132065,0.277653697338,0.31447304493,0.343629491134,
    0.365543304682,0.43304663111,0.499996783417,0.56673813332,
    0.634730396307,0.656281383621,0.686011778964,0.723707793806,
    0.777654053161,0.814473874484,0.843630695826,0.865544791326,
    0.933048986282,1.),.UNSPECIFIED.);
#1038 = CARTESIAN_POINT('',(-4.031128874149,2.,16.));
#1039 = CARTESIAN_POINT('',(-4.031128874149,2.,16.125587954957));
#1040 = CARTESIAN_POINT('',(-4.035824018035,1.990536629594,
    16.251108594156));
#1041 = CARTESIAN_POINT('',(-4.045204985274,1.971628706541,
    16.375915144311));
#1042 = CARTESIAN_POINT('',(-4.059059763027,1.94328498728,
    16.499352553594));
#1043 = CARTESIAN_POINT('',(-4.076972513587,1.905512104339,
    16.620726146128));
#1044 = CARTESIAN_POINT('',(-4.120140899898,1.810309827396,
    16.860041590448));
#1045 = CARTESIAN_POINT('',(-4.145527179576,1.752526845731,
    16.977872387568));
#1046 = CARTESIAN_POINT('',(-4.173939911264,1.68494911327,
    17.092216172754));
#1047 = CARTESIAN_POINT('',(-4.204671460295,1.607422906755,
    17.202405481053));
#1048 = CARTESIAN_POINT('',(-4.236865965961,1.519749376859,
    17.307586089419));
#1049 = CARTESIAN_POINT('',(-4.279848383481,1.390672469057,
    17.438047659639));
#1050 = CARTESIAN_POINT('',(-4.290239262041,1.358563677853,
    17.468836624754));
#1051 = CARTESIAN_POINT('',(-4.300644198473,1.325403554949,
    17.498981248782));
#1052 = CARTESIAN_POINT('',(-4.31102917303,1.291185010464,
    17.528443426368));
#1053 = CARTESIAN_POINT('',(-4.321358094106,1.255902228547,17.5571811734
    ));
#1054 = CARTESIAN_POINT('',(-4.345711956458,1.169402325267,
    17.623730778261));
#1055 = CARTESIAN_POINT('',(-4.359655376882,1.117207459964,
    17.660856753749));
#1056 = CARTESIAN_POINT('',(-4.373318064263,1.0629695176,17.696391948823
    ));
#1057 = CARTESIAN_POINT('',(-4.386588667751,1.006699244365,
    17.730193646097));
#1058 = CARTESIAN_POINT('',(-4.399350891335,0.948415264989,
    17.76211047656));
#1059 = CARTESIAN_POINT('',(-4.426869964836,0.811725846435,
    17.829856684621));
#1060 = CARTESIAN_POINT('',(-4.441263504678,0.732022030266,
    17.864488217372));
#1061 = CARTESIAN_POINT('',(-4.454373242625,0.649289211461,
    17.895428309559));
#1062 = CARTESIAN_POINT('',(-4.465923725189,0.563820519158,
    17.922282435954));
#1063 = CARTESIAN_POINT('',(-4.475670240662,0.475943678465,
    17.944704876776));
#1064 = CARTESIAN_POINT('',(-4.494492910016,0.257327729513,
    17.987708371824));
#1065 = CARTESIAN_POINT('',(-4.50145857955,0.124559861117,
    18.003305805774));
#1066 = CARTESIAN_POINT('',(-4.503653858537,-1.025285077922E-02,
    18.008147219917));
#1067 = CARTESIAN_POINT('',(-4.500836231633,-0.144957695123,
    18.001919607711));
#1068 = CARTESIAN_POINT('',(-4.493284769887,-0.277405515956,
    17.984988160629));
#1069 = CARTESIAN_POINT('',(-4.473769488804,-0.493053546401,
    17.940329600424));
#1070 = CARTESIAN_POINT('',(-4.463970067733,-0.578512087202,
    17.917741829862));
#1071 = CARTESIAN_POINT('',(-4.452479378268,-0.661626011187,
    17.89096989924));
#1072 = CARTESIAN_POINT('',(-4.439527502332,-0.742100546976,
    17.860338834232));
#1073 = CARTESIAN_POINT('',(-4.425370733531,-0.819672401086,
    17.826215339236));
#1074 = CARTESIAN_POINT('',(-4.398328836641,-0.953058761883,
    17.759551550967));
#1075 = CARTESIAN_POINT('',(-4.385781871444,-1.010092498538,
    17.728134378876));
#1076 = CARTESIAN_POINT('',(-4.372751305523,-1.065188248683,
    17.694911486261));
#1077 = CARTESIAN_POINT('',(-4.359346622181,-1.11832901114,
    17.660025271801));
#1078 = CARTESIAN_POINT('',(-4.345672687763,-1.169505023964,
    17.623610054849));
#1079 = CARTESIAN_POINT('',(-4.32142326752,-1.255697842838,
    17.557369152939));
#1080 = CARTESIAN_POINT('',(-4.310920026815,-1.291577288311,
    17.528148566636));
#1081 = CARTESIAN_POINT('',(-4.300358911116,-1.326356348296,
    17.49817905855));
#1082 = CARTESIAN_POINT('',(-4.289777854146,-1.360041146215,
    17.46750474665));
#1083 = CARTESIAN_POINT('',(-4.27921257736,-1.392639155304,
    17.436165609257));
#1084 = CARTESIAN_POINT('',(-4.236303135023,-1.521253561866,
    17.305722853069));
#1085 = CARTESIAN_POINT('',(-4.204362851089,-1.608161908908,
    17.201235628071));
#1086 = CARTESIAN_POINT('',(-4.173871815783,-1.685070423046,
    17.09181831621));
#1087 = CARTESIAN_POINT('',(-4.145666863044,-1.752173231618,
    16.978306024255));
#1088 = CARTESIAN_POINT('',(-4.120440860049,-1.809620549061,
    16.861352549293));
#1089 = CARTESIAN_POINT('',(-4.077252794415,-1.904921001772,
    16.622622580408));
#1090 = CARTESIAN_POINT('',(-4.059233185794,-1.942930180538,
    16.50089531074));
#1091 = CARTESIAN_POINT('',(-4.045293090869,-1.971451124449,
    16.377085207705));
#1092 = CARTESIAN_POINT('',(-4.035853441515,-1.990477324535,
    16.251893424933));
#1093 = CARTESIAN_POINT('',(-4.031128874149,-2.,16.125980860809));
#1094 = CARTESIAN_POINT('',(-4.031128874149,-2.,15.874412045043));
#1095 = CARTESIAN_POINT('',(-4.035824018035,-1.990536629594,
    15.748891405844));
#1096 = CARTESIAN_POINT('',(-4.045204985274,-1.971628706541,
    15.624084855689));
#1097 = CARTESIAN_POINT('',(-4.059059763027,-1.943284987281,
    15.500647446407));
#1098 = CARTESIAN_POINT('',(-4.076972513587,-1.905512104339,
    15.379273853872));
#1099 = CARTESIAN_POINT('',(-4.120140899898,-1.810309827396,
    15.139958409552));
#1100 = CARTESIAN_POINT('',(-4.145527179576,-1.752526845731,
    15.022127612432));
#1101 = CARTESIAN_POINT('',(-4.173939911264,-1.68494911327,
    14.907783827246));
#1102 = CARTESIAN_POINT('',(-4.204671460295,-1.607422906755,
    14.797594518947));
#1103 = CARTESIAN_POINT('',(-4.236865965961,-1.519749376859,
    14.692413910581));
#1104 = CARTESIAN_POINT('',(-4.279848383481,-1.390672469057,
    14.561952340361));
#1105 = CARTESIAN_POINT('',(-4.290239262041,-1.358563677853,
    14.531163375246));
#1106 = CARTESIAN_POINT('',(-4.300644198473,-1.325403554949,
    14.501018751218));
#1107 = CARTESIAN_POINT('',(-4.31102917303,-1.291185010464,
    14.471556573632));
#1108 = CARTESIAN_POINT('',(-4.321358094106,-1.255902228547,
    14.4428188266));
#1109 = CARTESIAN_POINT('',(-4.345711956458,-1.16940232527,
    14.376269221741));
#1110 = CARTESIAN_POINT('',(-4.359655376882,-1.117207459964,
    14.33914324625));
#1111 = CARTESIAN_POINT('',(-4.373318064264,-1.062969517597,
    14.303608051175));
#1112 = CARTESIAN_POINT('',(-4.386588667751,-1.006699244364,
    14.269806353903));
#1113 = CARTESIAN_POINT('',(-4.399350891334,-0.948415264992,
    14.237889523442));
#1114 = CARTESIAN_POINT('',(-4.426869964836,-0.811725846435,
    14.170143315379));
#1115 = CARTESIAN_POINT('',(-4.441263504678,-0.732022030266,
    14.135511782628));
#1116 = CARTESIAN_POINT('',(-4.454373242625,-0.649289211461,
    14.104571690441));
#1117 = CARTESIAN_POINT('',(-4.465923725189,-0.563820519158,
    14.077717564046));
#1118 = CARTESIAN_POINT('',(-4.475670240662,-0.475943678465,
    14.055295123224));
#1119 = CARTESIAN_POINT('',(-4.494492910016,-0.257327729513,
    14.012291628176));
#1120 = CARTESIAN_POINT('',(-4.50145857955,-0.124559861117,
    13.996694194226));
#1121 = CARTESIAN_POINT('',(-4.503653858537,1.025285077898E-02,
    13.991852780083));
#1122 = CARTESIAN_POINT('',(-4.500836231633,0.144957695123,
    13.998080392289));
#1123 = CARTESIAN_POINT('',(-4.493284769887,0.277405515956,
    14.015011839371));
#1124 = CARTESIAN_POINT('',(-4.473769488804,0.493053546401,
    14.059670399576));
#1125 = CARTESIAN_POINT('',(-4.463970067733,0.578512087202,
    14.082258170138));
#1126 = CARTESIAN_POINT('',(-4.452479378268,0.661626011187,
    14.10903010076));
#1127 = CARTESIAN_POINT('',(-4.439527502332,0.742100546976,
    14.139661165768));
#1128 = CARTESIAN_POINT('',(-4.425370733531,0.819672401086,
    14.173784660764));
#1129 = CARTESIAN_POINT('',(-4.39832883664,0.953058761886,
    14.240448449035));
#1130 = CARTESIAN_POINT('',(-4.385781871444,1.010092498537,
    14.271865621124));
#1131 = CARTESIAN_POINT('',(-4.372751305524,1.06518824868,
    14.305088513737));
#1132 = CARTESIAN_POINT('',(-4.359346622181,1.118329011139,
    14.339974728198));
#1133 = CARTESIAN_POINT('',(-4.345672687762,1.169505023967,
    14.376389945153));
#1134 = CARTESIAN_POINT('',(-4.32142326752,1.255697842838,
    14.442630847061));
#1135 = CARTESIAN_POINT('',(-4.310920026815,1.291577288311,
    14.471851433364));
#1136 = CARTESIAN_POINT('',(-4.300358911117,1.326356348296,
    14.50182094145));
#1137 = CARTESIAN_POINT('',(-4.289777854147,1.360041146215,
    14.53249525335));
#1138 = CARTESIAN_POINT('',(-4.27921257736,1.392639155304,
    14.563834390743));
#1139 = CARTESIAN_POINT('',(-4.236303135023,1.521253561866,
    14.694277146931));
#1140 = CARTESIAN_POINT('',(-4.204362851089,1.608161908908,
    14.798764371929));
#1141 = CARTESIAN_POINT('',(-4.173871815783,1.685070423046,
    14.90818168379));
#1142 = CARTESIAN_POINT('',(-4.145666863044,1.752173231618,
    15.021693975745));
#1143 = CARTESIAN_POINT('',(-4.120440860049,1.809620549061,
    15.138647450707));
#1144 = CARTESIAN_POINT('',(-4.077252794415,1.904921001772,
    15.377377419592));
#1145 = CARTESIAN_POINT('',(-4.059233185794,1.942930180538,
    15.499104689261));
#1146 = CARTESIAN_POINT('',(-4.045293090869,1.971451124448,
    15.622914792294));
#1147 = CARTESIAN_POINT('',(-4.035853441515,1.990477324535,
    15.748106575067));
#1148 = CARTESIAN_POINT('',(-4.031128874149,2.,15.874019139191));
#1149 = CARTESIAN_POINT('',(-4.031128874149,2.,16.));
#1150 = PCURVE('',#461,#1151);
#1151 = DEFINITIONAL_REPRESENTATION('',(#1152),#1265);
#1152 = B_SPLINE_CURVE_WITH_KNOTS('',6,(#1153,#1154,#1155,#1156,#1157,
    #1158,#1159,#1160,#1161,#1162,#1163,#1164,#1165,#1166,#1167,#1168,
    #1169,#1170,#1171,#1172,#1173,#1174,#1175,#1176,#1177,#1178,#1179,
    #1180,#1181,#1182,#1183,#1184,#1185,#1186,#1187,#1188,#1189,#1190,
    #1191,#1192,#1193,#1194,#1195,#1196,#1197,#1198,#1199,#1200,#1201,
    #1202,#1203,#1204,#1205,#1206,#1207,#1208,#1209,#1210,#1211,#1212,
    #1213,#1214,#1215,#1216,#1217,#1218,#1219,#1220,#1221,#1222,#1223,
    #1224,#1225,#1226,#1227,#1228,#1229,#1230,#1231,#1232,#1233,#1234,
    #1235,#1236,#1237,#1238,#1239,#1240,#1241,#1242,#1243,#1244,#1245,
    #1246,#1247,#1248,#1249,#1250,#1251,#1252,#1253,#1254,#1255,#1256,
    #1257,#1258,#1259,#1260,#1261,#1262,#1263,#1264),.UNSPECIFIED.,.F.,
  .F.,(7,5,5,5,5,5,5,5,5,5,5,5,5,5,5,5,5,5,5,5,5,5,7),(0.,
    6.674049118933E-02,0.134731879369,0.156282589401,0.186012602226,
    0.223708132065,0.277653697338,0.31447304493,0.343629491134,
    0.365543304682,0.43304663111,0.499996783417,0.56673813332,
    0.634730396307,0.656281383621,0.686011778964,0.723707793806,
    0.777654053161,0.814473874484,0.843630695826,0.865544791326,
    0.933048986282,1.),.UNSPECIFIED.);
#1153 = CARTESIAN_POINT('',(0.,-15.96887112585));
#1154 = CARTESIAN_POINT('',(-6.279397747829E-02,-15.96887112585));
#1155 = CARTESIAN_POINT('',(-0.125554289135,-15.96417598196));
#1156 = CARTESIAN_POINT('',(-0.188403283096,-15.95479501472));
#1157 = CARTESIAN_POINT('',(-0.251456571771,-15.94094023697));
#1158 = CARTESIAN_POINT('',(-0.314826426656,-15.92302748641));
#1159 = CARTESIAN_POINT('',(-0.44360468125,-15.8798591001));
#1160 = CARTESIAN_POINT('',(-0.50902650966,-15.85447282042));
#1161 = CARTESIAN_POINT('',(-0.575133714431,-15.82606008873));
#1162 = CARTESIAN_POINT('',(-0.642169363339,-15.7953285397));
#1163 = CARTESIAN_POINT('',(-0.71038609686,-15.76313403403));
#1164 = CARTESIAN_POINT('',(-0.802148111648,-15.72015161651));
#1165 = CARTESIAN_POINT('',(-0.824383078835,-15.70976073795));
#1166 = CARTESIAN_POINT('',(-0.846778011202,-15.69935580152));
#1167 = CARTESIAN_POINT('',(-0.869342681031,-15.68897082697));
#1168 = CARTESIAN_POINT('',(-0.892086642326,-15.67864190589));
#1169 = CARTESIAN_POINT('',(-0.946655596812,-15.65428804354));
#1170 = CARTESIAN_POINT('',(-0.978658993901,-15.64034462311));
#1171 = CARTESIAN_POINT('',(-1.011044057105,-15.62668193573));
#1172 = CARTESIAN_POINT('',(-1.043826539007,-15.61341133224));
#1173 = CARTESIAN_POINT('',(-1.077024198195,-15.60064910866));
#1174 = CARTESIAN_POINT('',(-1.15330254678,-15.57313003516));
#1175 = CARTESIAN_POINT('',(-1.19669890903,-15.55873649532));
#1176 = CARTESIAN_POINT('',(-1.240772369304,-15.54562675737));
#1177 = CARTESIAN_POINT('',(-1.28546779299,-15.53407627481));
#1178 = CARTESIAN_POINT('',(-1.330743957672,-15.52432975933));
#1179 = CARTESIAN_POINT('',(-1.442146643594,-15.50550708998));
#1180 = CARTESIAN_POINT('',(-1.508787515192,-15.49854142045));
#1181 = CARTESIAN_POINT('',(-1.575901604669,-15.49634614146));
#1182 = CARTESIAN_POINT('',(-1.642990925402,-15.49916376836));
#1183 = CARTESIAN_POINT('',(-1.709555563582,-15.50671523011));
#1184 = CARTESIAN_POINT('',(-1.81966739314,-15.52623051119));
#1185 = CARTESIAN_POINT('',(-1.863799170761,-15.53602993226));
#1186 = CARTESIAN_POINT('',(-1.907367496136,-15.54752062173));
#1187 = CARTESIAN_POINT('',(-1.950336647323,-15.56047249766));
#1188 = CARTESIAN_POINT('',(-1.992658412762,-15.57462926646));
#1189 = CARTESIAN_POINT('',(-2.067217084143,-15.60167116335));
#1190 = CARTESIAN_POINT('',(-2.099748219357,-15.61421812855));
#1191 = CARTESIAN_POINT('',(-2.131880568856,-15.62724869447));
#1192 = CARTESIAN_POINT('',(-2.163631004463,-15.64065337781));
#1193 = CARTESIAN_POINT('',(-2.195014557679,-15.65432731223));
#1194 = CARTESIAN_POINT('',(-2.249367706418,-15.67857673248));
#1195 = CARTESIAN_POINT('',(-2.27249499354,-15.68907997318));
#1196 = CARTESIAN_POINT('',(-2.295436912448,-15.69964108888));
#1197 = CARTESIAN_POINT('',(-2.318203510475,-15.71022214585));
#1198 = CARTESIAN_POINT('',(-2.34080506437,-15.72078742264));
#1199 = CARTESIAN_POINT('',(-2.432397883708,-15.76369686497));
#1200 = CARTESIAN_POINT('',(-2.500109042928,-15.79563714891));
#1201 = CARTESIAN_POINT('',(-2.566658413346,-15.82612818421));
#1202 = CARTESIAN_POINT('',(-2.632293240291,-15.85433313695));
#1203 = CARTESIAN_POINT('',(-2.697251478594,-15.87955913995));
#1204 = CARTESIAN_POINT('',(-2.825775964909,-15.92274720558));
#1205 = CARTESIAN_POINT('',(-2.889347969178,-15.9407668142));
#1206 = CARTESIAN_POINT('',(-2.952600142381,-15.95470690913));
#1207 = CARTESIAN_POINT('',(-3.015645949166,-15.96414655848));
#1208 = CARTESIAN_POINT('',(-3.078602223185,-15.96887112585));
#1209 = CARTESIAN_POINT('',(-3.204386631068,-15.96887112585));
#1210 = CARTESIAN_POINT('',(-3.267146942725,-15.96417598196));
#1211 = CARTESIAN_POINT('',(-3.329995936686,-15.95479501472));
#1212 = CARTESIAN_POINT('',(-3.393049225361,-15.94094023697));
#1213 = CARTESIAN_POINT('',(-3.456419080245,-15.92302748641));
#1214 = CARTESIAN_POINT('',(-3.585197334839,-15.8798591001));
#1215 = CARTESIAN_POINT('',(-3.65061916325,-15.85447282042));
#1216 = CARTESIAN_POINT('',(-3.716726368021,-15.82606008873));
#1217 = CARTESIAN_POINT('',(-3.783762016929,-15.7953285397));
#1218 = CARTESIAN_POINT('',(-3.851978750449,-15.76313403403));
#1219 = CARTESIAN_POINT('',(-3.943740765238,-15.72015161651));
#1220 = CARTESIAN_POINT('',(-3.965975732424,-15.70976073795));
#1221 = CARTESIAN_POINT('',(-3.988370664792,-15.69935580152));
#1222 = CARTESIAN_POINT('',(-4.010935334621,-15.68897082697));
#1223 = CARTESIAN_POINT('',(-4.033679295916,-15.67864190589));
#1224 = CARTESIAN_POINT('',(-4.0882482504,-15.65428804354));
#1225 = CARTESIAN_POINT('',(-4.120251647491,-15.64034462311));
#1226 = CARTESIAN_POINT('',(-4.152636710697,-15.62668193573));
#1227 = CARTESIAN_POINT('',(-4.185419192597,-15.61341133224));
#1228 = CARTESIAN_POINT('',(-4.218616851783,-15.60064910866));
#1229 = CARTESIAN_POINT('',(-4.29489520037,-15.57313003516));
#1230 = CARTESIAN_POINT('',(-4.33829156262,-15.55873649532));
#1231 = CARTESIAN_POINT('',(-4.382365022893,-15.54562675737));
#1232 = CARTESIAN_POINT('',(-4.42706044658,-15.53407627481));
#1233 = CARTESIAN_POINT('',(-4.472336611262,-15.52432975933));
#1234 = CARTESIAN_POINT('',(-4.583739297184,-15.50550708998));
#1235 = CARTESIAN_POINT('',(-4.650380168782,-15.49854142045));
#1236 = CARTESIAN_POINT('',(-4.717494258259,-15.49634614146));
#1237 = CARTESIAN_POINT('',(-4.784583578992,-15.49916376836));
#1238 = CARTESIAN_POINT('',(-4.851148217172,-15.50671523011));
#1239 = CARTESIAN_POINT('',(-4.96126004673,-15.52623051119));
#1240 = CARTESIAN_POINT('',(-5.005391824351,-15.53602993226));
#1241 = CARTESIAN_POINT('',(-5.048960149726,-15.54752062173));
#1242 = CARTESIAN_POINT('',(-5.091929300912,-15.56047249766));
#1243 = CARTESIAN_POINT('',(-5.134251066351,-15.57462926646));
#1244 = CARTESIAN_POINT('',(-5.208809737735,-15.60167116336));
#1245 = CARTESIAN_POINT('',(-5.241340872946,-15.61421812855));
#1246 = CARTESIAN_POINT('',(-5.273473222444,-15.62724869447));
#1247 = CARTESIAN_POINT('',(-5.305223658052,-15.64065337781));
#1248 = CARTESIAN_POINT('',(-5.33660721127,-15.65432731223));
#1249 = CARTESIAN_POINT('',(-5.390960360007,-15.67857673248));
#1250 = CARTESIAN_POINT('',(-5.41408764713,-15.68907997318));
#1251 = CARTESIAN_POINT('',(-5.437029566038,-15.69964108888));
#1252 = CARTESIAN_POINT('',(-5.459796164065,-15.71022214585));
#1253 = CARTESIAN_POINT('',(-5.48239771796,-15.72078742264));
#1254 = CARTESIAN_POINT('',(-5.573990537298,-15.76369686497));
#1255 = CARTESIAN_POINT('',(-5.641701696517,-15.79563714891));
#1256 = CARTESIAN_POINT('',(-5.708251066936,-15.82612818421));
#1257 = CARTESIAN_POINT('',(-5.773885893881,-15.85433313695));
#1258 = CARTESIAN_POINT('',(-5.838844132184,-15.87955913995));
#1259 = CARTESIAN_POINT('',(-5.967368618499,-15.92274720558));
#1260 = CARTESIAN_POINT('',(-6.030940622768,-15.9407668142));
#1261 = CARTESIAN_POINT('',(-6.09419279597,-15.95470690913));
#1262 = CARTESIAN_POINT('',(-6.157238602756,-15.96414655848));
#1263 = CARTESIAN_POINT('',(-6.220194876775,-15.96887112585));
#1264 = CARTESIAN_POINT('',(-6.28318530718,-15.96887112585));
#1265 = ( GEOMETRIC_REPRESENTATION_CONTEXT(2) 
PARAMETRIC_REPRESENTATION_CONTEXT() REPRESENTATION_CONTEXT('2D SPACE',''
  ) );
#1266 = PCURVE('',#630,#1267);
#1267 = DEFINITIONAL_REPRESENTATION('',(#1268),#1381);
#1268 = B_SPLINE_CURVE_WITH_KNOTS('',6,(#1269,#1270,#1271,#1272,#1273,
    #1274,#1275,#1276,#1277,#1278,#1279,#1280,#1281,#1282,#1283,#1284,
    #1285,#1286,#1287,#1288,#1289,#1290,#1291,#1292,#1293,#1294,#1295,
    #1296,#1297,#1298,#1299,#1300,#1301,#1302,#1303,#1304,#1305,#1306,
    #1307,#1308,#1309,#1310,#1311,#1312,#1313,#1314,#1315,#1316,#1317,
    #1318,#1319,#1320,#1321,#1322,#1323,#1324,#1325,#1326,#1327,#1328,
    #1329,#1330,#1331,#1332,#1333,#1334,#1335,#1336,#1337,#1338,#1339,
    #1340,#1341,#1342,#1343,#1344,#1345,#1346,#1347,#1348,#1349,#1350,
    #1351,#1352,#1353,#1354,#1355,#1356,#1357,#1358,#1359,#1360,#1361,
    #1362,#1363,#1364,#1365,#1366,#1367,#1368,#1369,#1370,#1371,#1372,
    #1373,#1374,#1375,#1376,#1377,#1378,#1379,#1380),.UNSPECIFIED.,.T.,
  .F.,(7,5,5,5,5,5,5,5,5,5,5,5,5,5,5,5,5,5,5,5,5,5,7),(0.,
    6.674049118933E-02,0.134731879369,0.156282589401,0.186012602226,
    0.223708132065,0.277653697338,0.31447304493,0.343629491134,
    0.365543304682,0.43304663111,0.499996783417,0.56673813332,
    0.634730396307,0.656281383621,0.686011778964,0.723707793806,
    0.777654053161,0.814473874484,0.843630695826,0.865544791326,
    0.933048986282,1.),.UNSPECIFIED.);
#1269 = CARTESIAN_POINT('',(2.681038661908,-6.));
#1270 = CARTESIAN_POINT('',(2.681038661908,-5.874412045043));
#1271 = CARTESIAN_POINT('',(2.683386230748,-5.748891405844));
#1272 = CARTESIAN_POINT('',(2.688076729714,-5.624084855689));
#1273 = CARTESIAN_POINT('',(2.695087385451,-5.500647446406));
#1274 = CARTESIAN_POINT('',(2.704376019695,-5.379273853872));
#1275 = CARTESIAN_POINT('',(2.727605399891,-5.139958409552));
#1276 = CARTESIAN_POINT('',(2.741629611552,-5.022127612432));
#1277 = CARTESIAN_POINT('',(2.757917109103,-4.907783827246));
#1278 = CARTESIAN_POINT('',(2.776441892852,-4.797594518947));
#1279 = CARTESIAN_POINT('',(2.797187388884,-4.692413910581));
#1280 = CARTESIAN_POINT('',(2.827419688138,-4.561952340361));
#1281 = CARTESIAN_POINT('',(2.83491904014,-4.531163375246));
#1282 = CARTESIAN_POINT('',(2.842641718074,-4.501018751218));
#1283 = CARTESIAN_POINT('',(2.85058775101,-4.471556573632));
#1284 = CARTESIAN_POINT('',(2.858757008637,-4.4428188266));
#1285 = CARTESIAN_POINT('',(2.878726545782,-4.376269221739));
#1286 = CARTESIAN_POINT('',(2.890731070524,-4.339143246251));
#1287 = CARTESIAN_POINT('',(2.903158504555,-4.303608051177));
#1288 = CARTESIAN_POINT('',(2.916003673771,-4.269806353903));
#1289 = CARTESIAN_POINT('',(2.929260640647,-4.23788952344));
#1290 = CARTESIAN_POINT('',(2.960245540634,-4.170143315379));
#1291 = CARTESIAN_POINT('',(2.978240412312,-4.135511782628));
#1292 = CARTESIAN_POINT('',(2.996848125065,-4.104571690441));
#1293 = CARTESIAN_POINT('',(3.016005928576,-4.077717564046));
#1294 = CARTESIAN_POINT('',(3.035647904587,-4.055295123224));
#1295 = CARTESIAN_POINT('',(3.084408962728,-4.012291628176));
#1296 = CARTESIAN_POINT('',(3.11393700985,-3.996694194226));
#1297 = CARTESIAN_POINT('',(3.143869154694,-3.991852780083));
#1298 = CARTESIAN_POINT('',(3.173780047073,-3.998080392289));
#1299 = CARTESIAN_POINT('',(3.20324440059,-4.015011839371));
#1300 = CARTESIAN_POINT('',(3.251362013305,-4.059670399576));
#1301 = CARTESIAN_POINT('',(3.270471758829,-4.082258170138));
#1302 = CARTESIAN_POINT('',(3.289109931674,-4.10903010076));
#1303 = CARTESIAN_POINT('',(3.307217084681,-4.139661165768));
#1304 = CARTESIAN_POINT('',(3.324736672015,-4.173784660764));
#1305 = CARTESIAN_POINT('',(3.354981096404,-4.240448449033));
#1306 = CARTESIAN_POINT('',(3.367956557496,-4.271865621124));
#1307 = CARTESIAN_POINT('',(3.380535594886,-4.305088513739));
#1308 = CARTESIAN_POINT('',(3.392712707377,-4.339974728199));
#1309 = CARTESIAN_POINT('',(3.404483093979,-4.376389945151));
#1310 = CARTESIAN_POINT('',(3.424380654357,-4.442630847061));
#1311 = CARTESIAN_POINT('',(3.432688024162,-4.471851433364));
#1312 = CARTESIAN_POINT('',(3.440764586316,-4.50182094145));
#1313 = CARTESIAN_POINT('',(3.448610205112,-4.53249525335));
#1314 = CARTESIAN_POINT('',(3.456224912884,-4.563834390743));
#1315 = CARTESIAN_POINT('',(3.486354579833,-4.694277146931));
#1316 = CARTESIAN_POINT('',(3.50692124808,-4.798764371929));
#1317 = CARTESIAN_POINT('',(3.525298908664,-4.90818168379));
#1318 = CARTESIAN_POINT('',(3.541471270138,-5.021693975745));
#1319 = CARTESIAN_POINT('',(3.555412877877,-5.138647450707));
#1320 = CARTESIAN_POINT('',(3.578663934192,-5.377377419592));
#1321 = CARTESIAN_POINT('',(3.58801016361,-5.499104689261));
#1322 = CARTESIAN_POINT('',(3.595064524394,-5.622914792294));
#1323 = CARTESIAN_POINT('',(3.59978436476,-5.748106575067));
#1324 = CARTESIAN_POINT('',(3.602146645271,-5.874019139191));
#1325 = CARTESIAN_POINT('',(3.602146645271,-6.125587954957));
#1326 = CARTESIAN_POINT('',(3.599799076432,-6.251108594156));
#1327 = CARTESIAN_POINT('',(3.595108577465,-6.375915144311));
#1328 = CARTESIAN_POINT('',(3.588097921729,-6.499352553593));
#1329 = CARTESIAN_POINT('',(3.578809287485,-6.620726146128));
#1330 = CARTESIAN_POINT('',(3.555579907289,-6.860041590448));
#1331 = CARTESIAN_POINT('',(3.541555695627,-6.977872387568));
#1332 = CARTESIAN_POINT('',(3.525268198076,-7.092216172754));
#1333 = CARTESIAN_POINT('',(3.506743414328,-7.202405481053));
#1334 = CARTESIAN_POINT('',(3.485997918296,-7.307586089419));
#1335 = CARTESIAN_POINT('',(3.455765619041,-7.438047659639));
#1336 = CARTESIAN_POINT('',(3.44826626704,-7.468836624754));
#1337 = CARTESIAN_POINT('',(3.440543589105,-7.498981248782));
#1338 = CARTESIAN_POINT('',(3.43259755617,-7.528443426368));
#1339 = CARTESIAN_POINT('',(3.424428298542,-7.5571811734));
#1340 = CARTESIAN_POINT('',(3.404458761398,-7.623730778259));
#1341 = CARTESIAN_POINT('',(3.392454236655,-7.66085675375));
#1342 = CARTESIAN_POINT('',(3.380026802623,-7.696391948825));
#1343 = CARTESIAN_POINT('',(3.367181633408,-7.730193646097));
#1344 = CARTESIAN_POINT('',(3.353924666533,-7.762110476558));
#1345 = CARTESIAN_POINT('',(3.322939766545,-7.829856684621));
#1346 = CARTESIAN_POINT('',(3.304944894868,-7.864488217372));
#1347 = CARTESIAN_POINT('',(3.286337182114,-7.895428309559));
#1348 = CARTESIAN_POINT('',(3.267179378604,-7.922282435954));
#1349 = CARTESIAN_POINT('',(3.247537402593,-7.944704876776));
#1350 = CARTESIAN_POINT('',(3.198776344452,-7.987708371824));
#1351 = CARTESIAN_POINT('',(3.169248297329,-8.003305805774));
#1352 = CARTESIAN_POINT('',(3.139316152486,-8.008147219917));
#1353 = CARTESIAN_POINT('',(3.109405260107,-8.001919607711));
#1354 = CARTESIAN_POINT('',(3.079940906589,-7.984988160629));
#1355 = CARTESIAN_POINT('',(3.031823293874,-7.940329600424));
#1356 = CARTESIAN_POINT('',(3.01271354835,-7.917741829862));
#1357 = CARTESIAN_POINT('',(2.994075375506,-7.89096989924));
#1358 = CARTESIAN_POINT('',(2.975968222499,-7.860338834232));
#1359 = CARTESIAN_POINT('',(2.958448635165,-7.826215339236));
#1360 = CARTESIAN_POINT('',(2.928204210775,-7.759551550965));
#1361 = CARTESIAN_POINT('',(2.915228749684,-7.728134378876));
#1362 = CARTESIAN_POINT('',(2.902649712294,-7.694911486263));
#1363 = CARTESIAN_POINT('',(2.890472599803,-7.660025271802));
#1364 = CARTESIAN_POINT('',(2.8787022132,-7.623610054847));
#1365 = CARTESIAN_POINT('',(2.858804652822,-7.557369152939));
#1366 = CARTESIAN_POINT('',(2.850497283017,-7.528148566636));
#1367 = CARTESIAN_POINT('',(2.842420720864,-7.49817905855));
#1368 = CARTESIAN_POINT('',(2.834575102067,-7.46750474665));
#1369 = CARTESIAN_POINT('',(2.826960394296,-7.436165609257));
#1370 = CARTESIAN_POINT('',(2.796830727346,-7.305722853069));
#1371 = CARTESIAN_POINT('',(2.7762640591,-7.201235628071));
#1372 = CARTESIAN_POINT('',(2.757886398516,-7.09181831621));
#1373 = CARTESIAN_POINT('',(2.741714037042,-6.978306024255));
#1374 = CARTESIAN_POINT('',(2.727772429303,-6.861352549293));
#1375 = CARTESIAN_POINT('',(2.704521372988,-6.622622580408));
#1376 = CARTESIAN_POINT('',(2.695175143569,-6.500895310739));
#1377 = CARTESIAN_POINT('',(2.688120782786,-6.377085207706));
#1378 = CARTESIAN_POINT('',(2.68340094242,-6.251893424933));
#1379 = CARTESIAN_POINT('',(2.681038661908,-6.125980860809));
#1380 = CARTESIAN_POINT('',(2.681038661908,-6.));
#1381 = ( GEOMETRIC_REPRESENTATION_CONTEXT(2) 
PARAMETRIC_REPRESENTATION_CONTEXT() REPRESENTATION_CONTEXT('2D SPACE',''
  ) );
#1382 = ORIENTED_EDGE('',*,*,#1012,.F.);
#1383 = ADVANCED_FACE('',(#1384),#546,.T.);
#1384 = FACE_BOUND('',#1385,.T.);
#1385 = EDGE_LOOP('',(#1386,#1408,#1435,#1436));
#1386 = ORIENTED_EDGE('',*,*,#1387,.F.);
#1387 = EDGE_CURVE('',#1388,#530,#1390,.T.);
#1388 = VERTEX_POINT('',#1389);
#1389 = CARTESIAN_POINT('',(25.,0.,5.5));
#1390 = SEAM_CURVE('',#1391,(#1396,#1402),.PCURVE_S1.);
#1391 = CIRCLE('',#1392,2.5);
#1392 = AXIS2_PLACEMENT_3D('',#1393,#1394,#1395);
#1393 = CARTESIAN_POINT('',(22.5,0.,5.5));
#1394 = DIRECTION('',(0.,-1.,0.));
#1395 = DIRECTION('',(1.,0.,0.));
#1396 = PCURVE('',#546,#1397);
#1397 = DEFINITIONAL_REPRESENTATION('',(#1398),#1401);
#1398 = B_SPLINE_CURVE_WITH_KNOTS('',1,(#1399,#1400),.UNSPECIFIED.,.F.,
  .F.,(2,2),(0.,1.570796326795),.PIECEWISE_BEZIER_KNOTS.);
#1399 = CARTESIAN_POINT('',(0.,0.));
#1400 = CARTESIAN_POINT('',(0.,1.570796326795));
#1401 = ( GEOMETRIC_REPRESENTATION_CONTEXT(2) 
PARAMETRIC_REPRESENTATION_CONTEXT() REPRESENTATION_CONTEXT('2D SPACE',''
  ) );
#1402 = PCURVE('',#546,#1403);
#1403 = DEFINITIONAL_REPRESENTATION('',(#1404),#1407);
#1404 = B_SPLINE_CURVE_WITH_KNOTS('',1,(#1405,#1406),.UNSPECIFIED.,.F.,
  .F.,(2,2),(0.,1.570796326795),.PIECEWISE_BEZIER_KNOTS.);
#1405 = CARTESIAN_POINT('',(6.28318530718,0.));
#1406 = CARTESIAN_POINT('',(6.28318530718,1.570796326795));
#1407 = ( GEOMETRIC_REPRESENTATION_CONTEXT(2) 
PARAMETRIC_REPRESENTATION_CONTEXT() REPRESENTATION_CONTEXT('2D SPACE',''
  ) );
#1408 = ORIENTED_EDGE('',*,*,#1409,.T.);
#1409 = EDGE_CURVE('',#1388,#1388,#1410,.T.);
#1410 = SURFACE_CURVE('',#1411,(#1416,#1423),.PCURVE_S1.);
#1411 = CIRCLE('',#1412,25.);
#1412 = AXIS2_PLACEMENT_3D('',#1413,#1414,#1415);
#1413 = CARTESIAN_POINT('',(0.,0.,5.5));
#1414 = DIRECTION('',(0.,0.,1.));
#1415 = DIRECTION('',(1.,0.,-0.));
#1416 = PCURVE('',#546,#1417);
#1417 = DEFINITIONAL_REPRESENTATION('',(#1418),#1422);
#1418 = LINE('',#1419,#1420);
#1419 = CARTESIAN_POINT('',(0.,0.));
#1420 = VECTOR('',#1421,1.);
#1421 = DIRECTION('',(1.,0.));
#1422 = ( GEOMETRIC_REPRESENTATION_CONTEXT(2) 
PARAMETRIC_REPRESENTATION_CONTEXT() REPRESENTATION_CONTEXT('2D SPACE',''
  ) );
#1423 = PCURVE('',#1424,#1429);
#1424 = CYLINDRICAL_SURFACE('',#1425,25.);
#1425 = AXIS2_PLACEMENT_3D('',#1426,#1427,#1428);
#1426 = CARTESIAN_POINT('',(0.,0.,0.));
#1427 = DIRECTION('',(-0.,-0.,-1.));
#1428 = DIRECTION('',(1.,0.,0.));
#1429 = DEFINITIONAL_REPRESENTATION('',(#1430),#1434);
#1430 = LINE('',#1431,#1432);
#1431 = CARTESIAN_POINT('',(-0.,-5.5));
#1432 = VECTOR('',#1433,1.);
#1433 = DIRECTION('',(-1.,0.));
#1434 = ( GEOMETRIC_REPRESENTATION_CONTEXT(2) 
PARAMETRIC_REPRESENTATION_CONTEXT() REPRESENTATION_CONTEXT('2D SPACE',''
  ) );
#1435 = ORIENTED_EDGE('',*,*,#1387,.T.);
#1436 = ORIENTED_EDGE('',*,*,#529,.F.);
#1437 = ADVANCED_FACE('',(#1438,#1540),#630,.F.);
#1438 = FACE_BOUND('',#1439,.F.);
#1439 = EDGE_LOOP('',(#1440,#1464,#1485,#1486,#1487,#1510,#1537,#1538,
    #1539));
#1440 = ORIENTED_EDGE('',*,*,#1441,.F.);
#1441 = EDGE_CURVE('',#1442,#1442,#1444,.T.);
#1442 = VERTEX_POINT('',#1443);
#1443 = CARTESIAN_POINT('',(4.5,0.,22.));
#1444 = SURFACE_CURVE('',#1445,(#1450,#1457),.PCURVE_S1.);
#1445 = CIRCLE('',#1446,4.5);
#1446 = AXIS2_PLACEMENT_3D('',#1447,#1448,#1449);
#1447 = CARTESIAN_POINT('',(0.,0.,22.));
#1448 = DIRECTION('',(0.,0.,1.));
#1449 = DIRECTION('',(1.,0.,0.));
#1450 = PCURVE('',#630,#1451);
#1451 = DEFINITIONAL_REPRESENTATION('',(#1452),#1456);
#1452 = LINE('',#1453,#1454);
#1453 = CARTESIAN_POINT('',(0.,0.));
#1454 = VECTOR('',#1455,1.);
#1455 = DIRECTION('',(1.,0.));
#1456 = ( GEOMETRIC_REPRESENTATION_CONTEXT(2) 
PARAMETRIC_REPRESENTATION_CONTEXT() REPRESENTATION_CONTEXT('2D SPACE',''
  ) );
#1457 = PCURVE('',#996,#1458);
#1458 = DEFINITIONAL_REPRESENTATION('',(#1459),#1463);
#1459 = CIRCLE('',#1460,4.5);
#1460 = AXIS2_PLACEMENT_2D('',#1461,#1462);
#1461 = CARTESIAN_POINT('',(9.945019145741E-16,-4.82137975997E-17));
#1462 = DIRECTION('',(1.,0.));
#1463 = ( GEOMETRIC_REPRESENTATION_CONTEXT(2) 
PARAMETRIC_REPRESENTATION_CONTEXT() REPRESENTATION_CONTEXT('2D SPACE',''
  ) );
#1464 = ORIENTED_EDGE('',*,*,#1465,.T.);
#1465 = EDGE_CURVE('',#1442,#567,#1466,.T.);
#1466 = SEAM_CURVE('',#1467,(#1471,#1478),.PCURVE_S1.);
#1467 = LINE('',#1468,#1469);
#1468 = CARTESIAN_POINT('',(4.5,0.,22.));
#1469 = VECTOR('',#1470,1.);
#1470 = DIRECTION('',(-0.,-0.,-1.));
#1471 = PCURVE('',#630,#1472);
#1472 = DEFINITIONAL_REPRESENTATION('',(#1473),#1477);
#1473 = LINE('',#1474,#1475);
#1474 = CARTESIAN_POINT('',(6.28318530718,0.));
#1475 = VECTOR('',#1476,1.);
#1476 = DIRECTION('',(0.,-1.));
#1477 = ( GEOMETRIC_REPRESENTATION_CONTEXT(2) 
PARAMETRIC_REPRESENTATION_CONTEXT() REPRESENTATION_CONTEXT('2D SPACE',''
  ) );
#1478 = PCURVE('',#630,#1479);
#1479 = DEFINITIONAL_REPRESENTATION('',(#1480),#1484);
#1480 = LINE('',#1481,#1482);
#1481 = CARTESIAN_POINT('',(0.,0.));
#1482 = VECTOR('',#1483,1.);
#1483 = DIRECTION('',(0.,-1.));
#1484 = ( GEOMETRIC_REPRESENTATION_CONTEXT(2) 
PARAMETRIC_REPRESENTATION_CONTEXT() REPRESENTATION_CONTEXT('2D SPACE',''
  ) );
#1485 = ORIENTED_EDGE('',*,*,#564,.F.);
#1486 = ORIENTED_EDGE('',*,*,#691,.F.);
#1487 = ORIENTED_EDGE('',*,*,#1488,.T.);
#1488 = EDGE_CURVE('',#692,#1489,#1491,.T.);
#1489 = VERTEX_POINT('',#1490);
#1490 = CARTESIAN_POINT('',(4.5,0.,9.));
#1491 = SEAM_CURVE('',#1492,(#1496,#1503),.PCURVE_S1.);
#1492 = LINE('',#1493,#1494);
#1493 = CARTESIAN_POINT('',(4.5,0.,22.));
#1494 = VECTOR('',#1495,1.);
#1495 = DIRECTION('',(-0.,-0.,-1.));
#1496 = PCURVE('',#630,#1497);
#1497 = DEFINITIONAL_REPRESENTATION('',(#1498),#1502);
#1498 = LINE('',#1499,#1500);
#1499 = CARTESIAN_POINT('',(6.28318530718,0.));
#1500 = VECTOR('',#1501,1.);
#1501 = DIRECTION('',(0.,-1.));
#1502 = ( GEOMETRIC_REPRESENTATION_CONTEXT(2) 
PARAMETRIC_REPRESENTATION_CONTEXT() REPRESENTATION_CONTEXT('2D SPACE',''
  ) );
#1503 = PCURVE('',#630,#1504);
#1504 = DEFINITIONAL_REPRESENTATION('',(#1505),#1509);
#1505 = LINE('',#1506,#1507);
#1506 = CARTESIAN_POINT('',(0.,0.));
#1507 = VECTOR('',#1508,1.);
#1508 = DIRECTION('',(0.,-1.));
#1509 = ( GEOMETRIC_REPRESENTATION_CONTEXT(2) 
PARAMETRIC_REPRESENTATION_CONTEXT() REPRESENTATION_CONTEXT('2D SPACE',''
  ) );
#1510 = ORIENTED_EDGE('',*,*,#1511,.T.);
#1511 = EDGE_CURVE('',#1489,#1489,#1512,.T.);
#1512 = SURFACE_CURVE('',#1513,(#1518,#1525),.PCURVE_S1.);
#1513 = CIRCLE('',#1514,4.5);
#1514 = AXIS2_PLACEMENT_3D('',#1515,#1516,#1517);
#1515 = CARTESIAN_POINT('',(0.,0.,9.));
#1516 = DIRECTION('',(0.,0.,1.));
#1517 = DIRECTION('',(1.,0.,0.));
#1518 = PCURVE('',#630,#1519);
#1519 = DEFINITIONAL_REPRESENTATION('',(#1520),#1524);
#1520 = LINE('',#1521,#1522);
#1521 = CARTESIAN_POINT('',(0.,-13.));
#1522 = VECTOR('',#1523,1.);
#1523 = DIRECTION('',(1.,0.));
#1524 = ( GEOMETRIC_REPRESENTATION_CONTEXT(2) 
PARAMETRIC_REPRESENTATION_CONTEXT() REPRESENTATION_CONTEXT('2D SPACE',''
  ) );
#1525 = PCURVE('',#1526,#1531);
#1526 = PLANE('',#1527);
#1527 = AXIS2_PLACEMENT_3D('',#1528,#1529,#1530);
#1528 = CARTESIAN_POINT('',(-1.519377925044E-16,1.201785651367E-16,9.));
#1529 = DIRECTION('',(0.,0.,1.));
#1530 = DIRECTION('',(1.,0.,-0.));
#1531 = DEFINITIONAL_REPRESENTATION('',(#1532),#1536);
#1532 = CIRCLE('',#1533,4.5);
#1533 = AXIS2_PLACEMENT_2D('',#1534,#1535);
#1534 = CARTESIAN_POINT('',(1.519377925044E-16,-1.201785651367E-16));
#1535 = DIRECTION('',(1.,0.));
#1536 = ( GEOMETRIC_REPRESENTATION_CONTEXT(2) 
PARAMETRIC_REPRESENTATION_CONTEXT() REPRESENTATION_CONTEXT('2D SPACE',''
  ) );
#1537 = ORIENTED_EDGE('',*,*,#1488,.F.);
#1538 = ORIENTED_EDGE('',*,*,#786,.F.);
#1539 = ORIENTED_EDGE('',*,*,#1465,.F.);
#1540 = FACE_BOUND('',#1541,.F.);
#1541 = EDGE_LOOP('',(#1542));
#1542 = ORIENTED_EDGE('',*,*,#1035,.T.);
#1543 = ADVANCED_FACE('',(#1544,#1547),#996,.T.);
#1544 = FACE_BOUND('',#1545,.T.);
#1545 = EDGE_LOOP('',(#1546));
#1546 = ORIENTED_EDGE('',*,*,#981,.T.);
#1547 = FACE_BOUND('',#1548,.T.);
#1548 = EDGE_LOOP('',(#1549));
#1549 = ORIENTED_EDGE('',*,*,#1441,.F.);
#1550 = ADVANCED_FACE('',(#1551),#1424,.T.);
#1551 = FACE_BOUND('',#1552,.F.);
#1552 = EDGE_LOOP('',(#1553,#1576,#1577,#1578));
#1553 = ORIENTED_EDGE('',*,*,#1554,.T.);
#1554 = EDGE_CURVE('',#1555,#1388,#1557,.T.);
#1555 = VERTEX_POINT('',#1556);
#1556 = CARTESIAN_POINT('',(25.,0.,1.));
#1557 = SEAM_CURVE('',#1558,(#1562,#1569),.PCURVE_S1.);
#1558 = LINE('',#1559,#1560);
#1559 = CARTESIAN_POINT('',(25.,0.,0.));
#1560 = VECTOR('',#1561,1.);
#1561 = DIRECTION('',(0.,0.,1.));
#1562 = PCURVE('',#1424,#1563);
#1563 = DEFINITIONAL_REPRESENTATION('',(#1564),#1568);
#1564 = LINE('',#1565,#1566);
#1565 = CARTESIAN_POINT('',(-0.,0.));
#1566 = VECTOR('',#1567,1.);
#1567 = DIRECTION('',(-0.,-1.));
#1568 = ( GEOMETRIC_REPRESENTATION_CONTEXT(2) 
PARAMETRIC_REPRESENTATION_CONTEXT() REPRESENTATION_CONTEXT('2D SPACE',''
  ) );
#1569 = PCURVE('',#1424,#1570);
#1570 = DEFINITIONAL_REPRESENTATION('',(#1571),#1575);
#1571 = LINE('',#1572,#1573);
#1572 = CARTESIAN_POINT('',(-6.28318530718,0.));
#1573 = VECTOR('',#1574,1.);
#1574 = DIRECTION('',(-0.,-1.));
#1575 = ( GEOMETRIC_REPRESENTATION_CONTEXT(2) 
PARAMETRIC_REPRESENTATION_CONTEXT() REPRESENTATION_CONTEXT('2D SPACE',''
  ) );
#1576 = ORIENTED_EDGE('',*,*,#1409,.T.);
#1577 = ORIENTED_EDGE('',*,*,#1554,.F.);
#1578 = ORIENTED_EDGE('',*,*,#1579,.F.);
#1579 = EDGE_CURVE('',#1555,#1555,#1580,.T.);
#1580 = SURFACE_CURVE('',#1581,(#1586,#1593),.PCURVE_S1.);
#1581 = CIRCLE('',#1582,25.);
#1582 = AXIS2_PLACEMENT_3D('',#1583,#1584,#1585);
#1583 = CARTESIAN_POINT('',(0.,0.,1.));
#1584 = DIRECTION('',(0.,0.,1.));
#1585 = DIRECTION('',(1.,0.,-0.));
#1586 = PCURVE('',#1424,#1587);
#1587 = DEFINITIONAL_REPRESENTATION('',(#1588),#1592);
#1588 = LINE('',#1589,#1590);
#1589 = CARTESIAN_POINT('',(-0.,-1.));
#1590 = VECTOR('',#1591,1.);
#1591 = DIRECTION('',(-1.,0.));
#1592 = ( GEOMETRIC_REPRESENTATION_CONTEXT(2) 
PARAMETRIC_REPRESENTATION_CONTEXT() REPRESENTATION_CONTEXT('2D SPACE',''
  ) );
#1593 = PCURVE('',#1594,#1599);
#1594 = CONICAL_SURFACE('',#1595,25.,0.785398163397);
#1595 = AXIS2_PLACEMENT_3D('',#1596,#1597,#1598);
#1596 = CARTESIAN_POINT('',(0.,0.,1.));
#1597 = DIRECTION('',(0.,0.,1.));
#1598 = DIRECTION('',(1.,0.,-0.));
#1599 = DEFINITIONAL_REPRESENTATION('',(#1600),#1604);
#1600 = LINE('',#1601,#1602);
#1601 = CARTESIAN_POINT('',(0.,-0.));
#1602 = VECTOR('',#1603,1.);
#1603 = DIRECTION('',(1.,-0.));
#1604 = ( GEOMETRIC_REPRESENTATION_CONTEXT(2) 
PARAMETRIC_REPRESENTATION_CONTEXT() REPRESENTATION_CONTEXT('2D SPACE',''
  ) );
#1605 = ADVANCED_FACE('',(#1606),#1526,.T.);
#1606 = FACE_BOUND('',#1607,.T.);
#1607 = EDGE_LOOP('',(#1608));
#1608 = ORIENTED_EDGE('',*,*,#1511,.T.);
#1609 = ADVANCED_FACE('',(#1610),#1594,.T.);
#1610 = FACE_BOUND('',#1611,.F.);
#1611 = EDGE_LOOP('',(#1612,#1633,#1634,#1635));
#1612 = ORIENTED_EDGE('',*,*,#1613,.F.);
#1613 = EDGE_CURVE('',#1555,#1614,#1616,.T.);
#1614 = VERTEX_POINT('',#1615);
#1615 = CARTESIAN_POINT('',(24.,0.,0.));
#1616 = SEAM_CURVE('',#1617,(#1621,#1627),.PCURVE_S1.);
#1617 = LINE('',#1618,#1619);
#1618 = CARTESIAN_POINT('',(25.,0.,1.));
#1619 = VECTOR('',#1620,1.);
#1620 = DIRECTION('',(-0.707106781187,-0.,-0.707106781187));
#1621 = PCURVE('',#1594,#1622);
#1622 = DEFINITIONAL_REPRESENTATION('',(#1623),#1626);
#1623 = B_SPLINE_CURVE_WITH_KNOTS('',1,(#1624,#1625),.UNSPECIFIED.,.F.,
  .F.,(2,2),(0.,1.414213562373),.PIECEWISE_BEZIER_KNOTS.);
#1624 = CARTESIAN_POINT('',(0.,0.));
#1625 = CARTESIAN_POINT('',(0.,-1.));
#1626 = ( GEOMETRIC_REPRESENTATION_CONTEXT(2) 
PARAMETRIC_REPRESENTATION_CONTEXT() REPRESENTATION_CONTEXT('2D SPACE',''
  ) );
#1627 = PCURVE('',#1594,#1628);
#1628 = DEFINITIONAL_REPRESENTATION('',(#1629),#1632);
#1629 = B_SPLINE_CURVE_WITH_KNOTS('',1,(#1630,#1631),.UNSPECIFIED.,.F.,
  .F.,(2,2),(0.,1.414213562373),.PIECEWISE_BEZIER_KNOTS.);
#1630 = CARTESIAN_POINT('',(6.28318530718,0.));
#1631 = CARTESIAN_POINT('',(6.28318530718,-1.));
#1632 = ( GEOMETRIC_REPRESENTATION_CONTEXT(2) 
PARAMETRIC_REPRESENTATION_CONTEXT() REPRESENTATION_CONTEXT('2D SPACE',''
  ) );
#1633 = ORIENTED_EDGE('',*,*,#1579,.T.);
#1634 = ORIENTED_EDGE('',*,*,#1613,.T.);
#1635 = ORIENTED_EDGE('',*,*,#1636,.F.);
#1636 = EDGE_CURVE('',#1614,#1614,#1637,.T.);
#1637 = SURFACE_CURVE('',#1638,(#1643,#1650),.PCURVE_S1.);
#1638 = CIRCLE('',#1639,24.);
#1639 = AXIS2_PLACEMENT_3D('',#1640,#1641,#1642);
#1640 = CARTESIAN_POINT('',(0.,0.,0.));
#1641 = DIRECTION('',(0.,0.,1.));
#1642 = DIRECTION('',(1.,0.,-0.));
#1643 = PCURVE('',#1594,#1644);
#1644 = DEFINITIONAL_REPRESENTATION('',(#1645),#1649);
#1645 = LINE('',#1646,#1647);
#1646 = CARTESIAN_POINT('',(0.,-1.));
#1647 = VECTOR('',#1648,1.);
#1648 = DIRECTION('',(1.,-0.));
#1649 = ( GEOMETRIC_REPRESENTATION_CONTEXT(2) 
PARAMETRIC_REPRESENTATION_CONTEXT() REPRESENTATION_CONTEXT('2D SPACE',''
  ) );
#1650 = PCURVE('',#1651,#1656);
#1651 = PLANE('',#1652);
#1652 = AXIS2_PLACEMENT_3D('',#1653,#1654,#1655);
#1653 = CARTESIAN_POINT('',(-8.751616848252E-16,1.604946055186E-15,0.));
#1654 = DIRECTION('',(0.,0.,1.));
#1655 = DIRECTION('',(1.,0.,-0.));
#1656 = DEFINITIONAL_REPRESENTATION('',(#1657),#1661);
#1657 = CIRCLE('',#1658,24.);
#1658 = AXIS2_PLACEMENT_2D('',#1659,#1660);
#1659 = CARTESIAN_POINT('',(8.751616848252E-16,-1.604946055186E-15));
#1660 = DIRECTION('',(1.,0.));
#1661 = ( GEOMETRIC_REPRESENTATION_CONTEXT(2) 
PARAMETRIC_REPRESENTATION_CONTEXT() REPRESENTATION_CONTEXT('2D SPACE',''
  ) );
#1662 = ADVANCED_FACE('',(#1663,#1666,#1701,#1736,#1771),#1651,.F.);
#1663 = FACE_BOUND('',#1664,.F.);
#1664 = EDGE_LOOP('',(#1665));
#1665 = ORIENTED_EDGE('',*,*,#1636,.T.);
#1666 = FACE_BOUND('',#1667,.F.);
#1667 = EDGE_LOOP('',(#1668));
#1668 = ORIENTED_EDGE('',*,*,#1669,.T.);
#1669 = EDGE_CURVE('',#1670,#1670,#1672,.T.);
#1670 = VERTEX_POINT('',#1671);
#1671 = CARTESIAN_POINT('',(-3.750635567548E-15,-20.,0.));
#1672 = SURFACE_CURVE('',#1673,(#1678,#1689),.PCURVE_S1.);
#1673 = CIRCLE('',#1674,2.);
#1674 = AXIS2_PLACEMENT_3D('',#1675,#1676,#1677);
#1675 = CARTESIAN_POINT('',(-3.306546357698E-15,-18.,0.));
#1676 = DIRECTION('',(-0.,0.,-1.));
#1677 = DIRECTION('',(-2.22044604925E-16,-1.,0.));
#1678 = PCURVE('',#1651,#1679);
#1679 = DEFINITIONAL_REPRESENTATION('',(#1680),#1688);
#1680 = ( BOUNDED_CURVE() B_SPLINE_CURVE(2,(#1681,#1682,#1683,#1684,
#1685,#1686,#1687),.UNSPECIFIED.,.T.,.F.) B_SPLINE_CURVE_WITH_KNOTS((1,2
    ,2,2,2,1),(-2.094395102393,0.,2.094395102393,4.188790204786,
6.28318530718,8.377580409573),.UNSPECIFIED.) CURVE() 
GEOMETRIC_REPRESENTATION_ITEM() RATIONAL_B_SPLINE_CURVE((1.,0.5,1.,0.5,
1.,0.5,1.)) REPRESENTATION_ITEM('') );
#1681 = CARTESIAN_POINT('',(-2.875473882723E-15,-20.));
#1682 = CARTESIAN_POINT('',(-3.464101615138,-20.));
#1683 = CARTESIAN_POINT('',(-1.732050807569,-17.));
#1684 = CARTESIAN_POINT('',(-2.033064972831E-15,-14.));
#1685 = CARTESIAN_POINT('',(1.732050807569,-17.));
#1686 = CARTESIAN_POINT('',(3.464101615138,-20.));
#1687 = CARTESIAN_POINT('',(-2.875473882723E-15,-20.));
#1688 = ( GEOMETRIC_REPRESENTATION_CONTEXT(2) 
PARAMETRIC_REPRESENTATION_CONTEXT() REPRESENTATION_CONTEXT('2D SPACE',''
  ) );
#1689 = PCURVE('',#1690,#1695);
#1690 = CYLINDRICAL_SURFACE('',#1691,2.);
#1691 = AXIS2_PLACEMENT_3D('',#1692,#1693,#1694);
#1692 = CARTESIAN_POINT('',(-3.306546357698E-15,-18.,-1.));
#1693 = DIRECTION('',(-0.,-0.,-1.));
#1694 = DIRECTION('',(-2.22044604925E-16,-1.,0.));
#1695 = DEFINITIONAL_REPRESENTATION('',(#1696),#1700);
#1696 = LINE('',#1697,#1698);
#1697 = CARTESIAN_POINT('',(-6.28318530718,-1.));
#1698 = VECTOR('',#1699,1.);
#1699 = DIRECTION('',(1.,-0.));
#1700 = ( GEOMETRIC_REPRESENTATION_CONTEXT(2) 
PARAMETRIC_REPRESENTATION_CONTEXT() REPRESENTATION_CONTEXT('2D SPACE',''
  ) );
#1701 = FACE_BOUND('',#1702,.F.);
#1702 = EDGE_LOOP('',(#1703));
#1703 = ORIENTED_EDGE('',*,*,#1704,.T.);
#1704 = EDGE_CURVE('',#1705,#1705,#1707,.T.);
#1705 = VERTEX_POINT('',#1706);
#1706 = CARTESIAN_POINT('',(-20.,2.449293598295E-15,0.));
#1707 = SURFACE_CURVE('',#1708,(#1713,#1724),.PCURVE_S1.);
#1708 = CIRCLE('',#1709,2.);
#1709 = AXIS2_PLACEMENT_3D('',#1710,#1711,#1712);
#1710 = CARTESIAN_POINT('',(-18.,2.204364238465E-15,0.));
#1711 = DIRECTION('',(-0.,0.,-1.));
#1712 = DIRECTION('',(-1.,1.224646799147E-16,0.));
#1713 = PCURVE('',#1651,#1714);
#1714 = DEFINITIONAL_REPRESENTATION('',(#1715),#1723);
#1715 = ( BOUNDED_CURVE() B_SPLINE_CURVE(2,(#1716,#1717,#1718,#1719,
#1720,#1721,#1722),.UNSPECIFIED.,.T.,.F.) B_SPLINE_CURVE_WITH_KNOTS((1,2
    ,2,2,2,1),(-2.094395102393,0.,2.094395102393,4.188790204786,
6.28318530718,8.377580409573),.UNSPECIFIED.) CURVE() 
GEOMETRIC_REPRESENTATION_ITEM() RATIONAL_B_SPLINE_CURVE((1.,0.5,1.,0.5,
1.,0.5,1.)) REPRESENTATION_ITEM('') );
#1716 = CARTESIAN_POINT('',(-20.,8.443475431085E-16));
#1717 = CARTESIAN_POINT('',(-20.,3.464101615138));
#1718 = CARTESIAN_POINT('',(-17.,1.732050807569));
#1719 = CARTESIAN_POINT('',(-14.,5.99418183279E-16));
#1720 = CARTESIAN_POINT('',(-17.,-1.732050807569));
#1721 = CARTESIAN_POINT('',(-20.,-3.464101615138));
#1722 = CARTESIAN_POINT('',(-20.,8.443475431085E-16));
#1723 = ( GEOMETRIC_REPRESENTATION_CONTEXT(2) 
PARAMETRIC_REPRESENTATION_CONTEXT() REPRESENTATION_CONTEXT('2D SPACE',''
  ) );
#1724 = PCURVE('',#1725,#1730);
#1725 = CYLINDRICAL_SURFACE('',#1726,2.);
#1726 = AXIS2_PLACEMENT_3D('',#1727,#1728,#1729);
#1727 = CARTESIAN_POINT('',(-18.,2.204364238465E-15,-1.));
#1728 = DIRECTION('',(-0.,-0.,-1.));
#1729 = DIRECTION('',(-1.,1.224646799147E-16,0.));
#1730 = DEFINITIONAL_REPRESENTATION('',(#1731),#1735);
#1731 = LINE('',#1732,#1733);
#1732 = CARTESIAN_POINT('',(-6.28318530718,-1.));
#1733 = VECTOR('',#1734,1.);
#1734 = DIRECTION('',(1.,-0.));
#1735 = ( GEOMETRIC_REPRESENTATION_CONTEXT(2) 
PARAMETRIC_REPRESENTATION_CONTEXT() REPRESENTATION_CONTEXT('2D SPACE',''
  ) );
#1736 = FACE_BOUND('',#1737,.F.);
#1737 = EDGE_LOOP('',(#1738));
#1738 = ORIENTED_EDGE('',*,*,#1739,.T.);
#1739 = EDGE_CURVE('',#1740,#1740,#1742,.T.);
#1740 = VERTEX_POINT('',#1741);
#1741 = CARTESIAN_POINT('',(20.,0.,0.));
#1742 = SURFACE_CURVE('',#1743,(#1748,#1759),.PCURVE_S1.);
#1743 = CIRCLE('',#1744,2.);
#1744 = AXIS2_PLACEMENT_3D('',#1745,#1746,#1747);
#1745 = CARTESIAN_POINT('',(18.,0.,0.));
#1746 = DIRECTION('',(0.,0.,-1.));
#1747 = DIRECTION('',(1.,0.,0.));
#1748 = PCURVE('',#1651,#1749);
#1749 = DEFINITIONAL_REPRESENTATION('',(#1750),#1758);
#1750 = ( BOUNDED_CURVE() B_SPLINE_CURVE(2,(#1751,#1752,#1753,#1754,
#1755,#1756,#1757),.UNSPECIFIED.,.T.,.F.) B_SPLINE_CURVE_WITH_KNOTS((1,2
    ,2,2,2,1),(-2.094395102393,0.,2.094395102393,4.188790204786,
6.28318530718,8.377580409573),.UNSPECIFIED.) CURVE() 
GEOMETRIC_REPRESENTATION_ITEM() RATIONAL_B_SPLINE_CURVE((1.,0.5,1.,0.5,
1.,0.5,1.)) REPRESENTATION_ITEM('') );
#1751 = CARTESIAN_POINT('',(20.,-1.604946055186E-15));
#1752 = CARTESIAN_POINT('',(20.,-3.464101615138));
#1753 = CARTESIAN_POINT('',(17.,-1.732050807569));
#1754 = CARTESIAN_POINT('',(14.,-2.094804774845E-15));
#1755 = CARTESIAN_POINT('',(17.,1.732050807569));
#1756 = CARTESIAN_POINT('',(20.,3.464101615138));
#1757 = CARTESIAN_POINT('',(20.,-1.604946055186E-15));
#1758 = ( GEOMETRIC_REPRESENTATION_CONTEXT(2) 
PARAMETRIC_REPRESENTATION_CONTEXT() REPRESENTATION_CONTEXT('2D SPACE',''
  ) );
#1759 = PCURVE('',#1760,#1765);
#1760 = CYLINDRICAL_SURFACE('',#1761,2.);
#1761 = AXIS2_PLACEMENT_3D('',#1762,#1763,#1764);
#1762 = CARTESIAN_POINT('',(18.,0.,-1.));
#1763 = DIRECTION('',(-0.,-0.,-1.));
#1764 = DIRECTION('',(1.,0.,0.));
#1765 = DEFINITIONAL_REPRESENTATION('',(#1766),#1770);
#1766 = LINE('',#1767,#1768);
#1767 = CARTESIAN_POINT('',(-6.28318530718,-1.));
#1768 = VECTOR('',#1769,1.);
#1769 = DIRECTION('',(1.,-0.));
#1770 = ( GEOMETRIC_REPRESENTATION_CONTEXT(2) 
PARAMETRIC_REPRESENTATION_CONTEXT() REPRESENTATION_CONTEXT('2D SPACE',''
  ) );
#1771 = FACE_BOUND('',#1772,.F.);
#1772 = EDGE_LOOP('',(#1773));
#1773 = ORIENTED_EDGE('',*,*,#1774,.T.);
#1774 = EDGE_CURVE('',#1775,#1775,#1777,.T.);
#1775 = VERTEX_POINT('',#1776);
#1776 = CARTESIAN_POINT('',(1.324226724158E-15,20.,0.));
#1777 = SURFACE_CURVE('',#1778,(#1783,#1794),.PCURVE_S1.);
#1778 = CIRCLE('',#1779,2.);
#1779 = AXIS2_PLACEMENT_3D('',#1780,#1781,#1782);
#1780 = CARTESIAN_POINT('',(1.102182119233E-15,18.,0.));
#1781 = DIRECTION('',(0.,0.,-1.));
#1782 = DIRECTION('',(1.110223024625E-16,1.,0.));
#1783 = PCURVE('',#1651,#1784);
#1784 = DEFINITIONAL_REPRESENTATION('',(#1785),#1793);
#1785 = ( BOUNDED_CURVE() B_SPLINE_CURVE(2,(#1786,#1787,#1788,#1789,
#1790,#1791,#1792),.UNSPECIFIED.,.T.,.F.) B_SPLINE_CURVE_WITH_KNOTS((1,2
    ,2,2,2,1),(-2.094395102393,0.,2.094395102393,4.188790204786,
6.28318530718,8.377580409573),.UNSPECIFIED.) CURVE() 
GEOMETRIC_REPRESENTATION_ITEM() RATIONAL_B_SPLINE_CURVE((1.,0.5,1.,0.5,
1.,0.5,1.)) REPRESENTATION_ITEM('') );
#1786 = CARTESIAN_POINT('',(2.199388408983E-15,20.));
#1787 = CARTESIAN_POINT('',(3.464101615138,20.));
#1788 = CARTESIAN_POINT('',(1.732050807569,17.));
#1789 = CARTESIAN_POINT('',(2.023113313867E-15,14.));
#1790 = CARTESIAN_POINT('',(-1.732050807569,17.));
#1791 = CARTESIAN_POINT('',(-3.464101615138,20.));
#1792 = CARTESIAN_POINT('',(2.199388408983E-15,20.));
#1793 = ( GEOMETRIC_REPRESENTATION_CONTEXT(2) 
PARAMETRIC_REPRESENTATION_CONTEXT() REPRESENTATION_CONTEXT('2D SPACE',''
  ) );
#1794 = PCURVE('',#1795,#1800);
#1795 = CYLINDRICAL_SURFACE('',#1796,2.);
#1796 = AXIS2_PLACEMENT_3D('',#1797,#1798,#1799);
#1797 = CARTESIAN_POINT('',(1.102182119233E-15,18.,-1.));
#1798 = DIRECTION('',(-0.,0.,-1.));
#1799 = DIRECTION('',(1.110223024625E-16,1.,0.));
#1800 = DEFINITIONAL_REPRESENTATION('',(#1801),#1805);
#1801 = LINE('',#1802,#1803);
#1802 = CARTESIAN_POINT('',(-6.28318530718,-1.));
#1803 = VECTOR('',#1804,1.);
#1804 = DIRECTION('',(1.,-0.));
#1805 = ( GEOMETRIC_REPRESENTATION_CONTEXT(2) 
PARAMETRIC_REPRESENTATION_CONTEXT() REPRESENTATION_CONTEXT('2D SPACE',''
  ) );
#1806 = ADVANCED_FACE('',(#1807),#1690,.F.);
#1807 = FACE_BOUND('',#1808,.T.);
#1808 = EDGE_LOOP('',(#1809,#1810,#1833,#1860));
#1809 = ORIENTED_EDGE('',*,*,#1669,.T.);
#1810 = ORIENTED_EDGE('',*,*,#1811,.T.);
#1811 = EDGE_CURVE('',#1670,#1812,#1814,.T.);
#1812 = VERTEX_POINT('',#1813);
#1813 = CARTESIAN_POINT('',(-3.750635567548E-15,-20.,5.));
#1814 = SEAM_CURVE('',#1815,(#1819,#1826),.PCURVE_S1.);
#1815 = LINE('',#1816,#1817);
#1816 = CARTESIAN_POINT('',(-3.750635567548E-15,-20.,-1.));
#1817 = VECTOR('',#1818,1.);
#1818 = DIRECTION('',(0.,0.,1.));
#1819 = PCURVE('',#1690,#1820);
#1820 = DEFINITIONAL_REPRESENTATION('',(#1821),#1825);
#1821 = LINE('',#1822,#1823);
#1822 = CARTESIAN_POINT('',(-6.28318530718,0.));
#1823 = VECTOR('',#1824,1.);
#1824 = DIRECTION('',(-0.,-1.));
#1825 = ( GEOMETRIC_REPRESENTATION_CONTEXT(2) 
PARAMETRIC_REPRESENTATION_CONTEXT() REPRESENTATION_CONTEXT('2D SPACE',''
  ) );
#1826 = PCURVE('',#1690,#1827);
#1827 = DEFINITIONAL_REPRESENTATION('',(#1828),#1832);
#1828 = LINE('',#1829,#1830);
#1829 = CARTESIAN_POINT('',(-0.,0.));
#1830 = VECTOR('',#1831,1.);
#1831 = DIRECTION('',(-0.,-1.));
#1832 = ( GEOMETRIC_REPRESENTATION_CONTEXT(2) 
PARAMETRIC_REPRESENTATION_CONTEXT() REPRESENTATION_CONTEXT('2D SPACE',''
  ) );
#1833 = ORIENTED_EDGE('',*,*,#1834,.T.);
#1834 = EDGE_CURVE('',#1812,#1812,#1835,.T.);
#1835 = SURFACE_CURVE('',#1836,(#1841,#1848),.PCURVE_S1.);
#1836 = CIRCLE('',#1837,2.);
#1837 = AXIS2_PLACEMENT_3D('',#1838,#1839,#1840);
#1838 = CARTESIAN_POINT('',(-3.306546357698E-15,-18.,5.));
#1839 = DIRECTION('',(0.,0.,1.));
#1840 = DIRECTION('',(-2.22044604925E-16,-1.,0.));
#1841 = PCURVE('',#1690,#1842);
#1842 = DEFINITIONAL_REPRESENTATION('',(#1843),#1847);
#1843 = LINE('',#1844,#1845);
#1844 = CARTESIAN_POINT('',(-0.,-6.));
#1845 = VECTOR('',#1846,1.);
#1846 = DIRECTION('',(-1.,0.));
#1847 = ( GEOMETRIC_REPRESENTATION_CONTEXT(2) 
PARAMETRIC_REPRESENTATION_CONTEXT() REPRESENTATION_CONTEXT('2D SPACE',''
  ) );
#1848 = PCURVE('',#1849,#1854);
#1849 = PLANE('',#1850);
#1850 = AXIS2_PLACEMENT_3D('',#1851,#1852,#1853);
#1851 = CARTESIAN_POINT('',(18.,1.74751904908E-16,5.));
#1852 = DIRECTION('',(0.,0.,1.));
#1853 = DIRECTION('',(1.,0.,-0.));
#1854 = DEFINITIONAL_REPRESENTATION('',(#1855),#1859);
#1855 = CIRCLE('',#1856,2.);
#1856 = AXIS2_PLACEMENT_2D('',#1857,#1858);
#1857 = CARTESIAN_POINT('',(-18.,-18.));
#1858 = DIRECTION('',(-2.22044604925E-16,-1.));
#1859 = ( GEOMETRIC_REPRESENTATION_CONTEXT(2) 
PARAMETRIC_REPRESENTATION_CONTEXT() REPRESENTATION_CONTEXT('2D SPACE',''
  ) );
#1860 = ORIENTED_EDGE('',*,*,#1811,.F.);
#1861 = ADVANCED_FACE('',(#1862),#1725,.F.);
#1862 = FACE_BOUND('',#1863,.T.);
#1863 = EDGE_LOOP('',(#1864,#1865,#1888,#1915));
#1864 = ORIENTED_EDGE('',*,*,#1704,.T.);
#1865 = ORIENTED_EDGE('',*,*,#1866,.T.);
#1866 = EDGE_CURVE('',#1705,#1867,#1869,.T.);
#1867 = VERTEX_POINT('',#1868);
#1868 = CARTESIAN_POINT('',(-20.,2.449293598295E-15,5.));
#1869 = SEAM_CURVE('',#1870,(#1874,#1881),.PCURVE_S1.);
#1870 = LINE('',#1871,#1872);
#1871 = CARTESIAN_POINT('',(-20.,2.449293598295E-15,-1.));
#1872 = VECTOR('',#1873,1.);
#1873 = DIRECTION('',(0.,0.,1.));
#1874 = PCURVE('',#1725,#1875);
#1875 = DEFINITIONAL_REPRESENTATION('',(#1876),#1880);
#1876 = LINE('',#1877,#1878);
#1877 = CARTESIAN_POINT('',(-6.28318530718,0.));
#1878 = VECTOR('',#1879,1.);
#1879 = DIRECTION('',(-0.,-1.));
#1880 = ( GEOMETRIC_REPRESENTATION_CONTEXT(2) 
PARAMETRIC_REPRESENTATION_CONTEXT() REPRESENTATION_CONTEXT('2D SPACE',''
  ) );
#1881 = PCURVE('',#1725,#1882);
#1882 = DEFINITIONAL_REPRESENTATION('',(#1883),#1887);
#1883 = LINE('',#1884,#1885);
#1884 = CARTESIAN_POINT('',(-0.,0.));
#1885 = VECTOR('',#1886,1.);
#1886 = DIRECTION('',(-0.,-1.));
#1887 = ( GEOMETRIC_REPRESENTATION_CONTEXT(2) 
PARAMETRIC_REPRESENTATION_CONTEXT() REPRESENTATION_CONTEXT('2D SPACE',''
  ) );
#1888 = ORIENTED_EDGE('',*,*,#1889,.T.);
#1889 = EDGE_CURVE('',#1867,#1867,#1890,.T.);
#1890 = SURFACE_CURVE('',#1891,(#1896,#1903),.PCURVE_S1.);
#1891 = CIRCLE('',#1892,2.);
#1892 = AXIS2_PLACEMENT_3D('',#1893,#1894,#1895);
#1893 = CARTESIAN_POINT('',(-18.,2.204364238465E-15,5.));
#1894 = DIRECTION('',(0.,0.,1.));
#1895 = DIRECTION('',(-1.,1.224646799147E-16,0.));
#1896 = PCURVE('',#1725,#1897);
#1897 = DEFINITIONAL_REPRESENTATION('',(#1898),#1902);
#1898 = LINE('',#1899,#1900);
#1899 = CARTESIAN_POINT('',(-0.,-6.));
#1900 = VECTOR('',#1901,1.);
#1901 = DIRECTION('',(-1.,0.));
#1902 = ( GEOMETRIC_REPRESENTATION_CONTEXT(2) 
PARAMETRIC_REPRESENTATION_CONTEXT() REPRESENTATION_CONTEXT('2D SPACE',''
  ) );
#1903 = PCURVE('',#1904,#1909);
#1904 = PLANE('',#1905);
#1905 = AXIS2_PLACEMENT_3D('',#1906,#1907,#1908);
#1906 = CARTESIAN_POINT('',(18.,1.74751904908E-16,5.));
#1907 = DIRECTION('',(0.,0.,1.));
#1908 = DIRECTION('',(1.,0.,-0.));
#1909 = DEFINITIONAL_REPRESENTATION('',(#1910),#1914);
#1910 = CIRCLE('',#1911,2.);
#1911 = AXIS2_PLACEMENT_2D('',#1912,#1913);
#1912 = CARTESIAN_POINT('',(-36.,2.029612333557E-15));
#1913 = DIRECTION('',(-1.,1.224646799147E-16));
#1914 = ( GEOMETRIC_REPRESENTATION_CONTEXT(2) 
PARAMETRIC_REPRESENTATION_CONTEXT() REPRESENTATION_CONTEXT('2D SPACE',''
  ) );
#1915 = ORIENTED_EDGE('',*,*,#1866,.F.);
#1916 = ADVANCED_FACE('',(#1917),#1760,.F.);
#1917 = FACE_BOUND('',#1918,.T.);
#1918 = EDGE_LOOP('',(#1919,#1920,#1943,#1970));
#1919 = ORIENTED_EDGE('',*,*,#1739,.T.);
#1920 = ORIENTED_EDGE('',*,*,#1921,.T.);
#1921 = EDGE_CURVE('',#1740,#1922,#1924,.T.);
#1922 = VERTEX_POINT('',#1923);
#1923 = CARTESIAN_POINT('',(20.,0.,5.));
#1924 = SEAM_CURVE('',#1925,(#1929,#1936),.PCURVE_S1.);
#1925 = LINE('',#1926,#1927);
#1926 = CARTESIAN_POINT('',(20.,0.,-1.));
#1927 = VECTOR('',#1928,1.);
#1928 = DIRECTION('',(0.,0.,1.));
#1929 = PCURVE('',#1760,#1930);
#1930 = DEFINITIONAL_REPRESENTATION('',(#1931),#1935);
#1931 = LINE('',#1932,#1933);
#1932 = CARTESIAN_POINT('',(-6.28318530718,0.));
#1933 = VECTOR('',#1934,1.);
#1934 = DIRECTION('',(-0.,-1.));
#1935 = ( GEOMETRIC_REPRESENTATION_CONTEXT(2) 
PARAMETRIC_REPRESENTATION_CONTEXT() REPRESENTATION_CONTEXT('2D SPACE',''
  ) );
#1936 = PCURVE('',#1760,#1937);
#1937 = DEFINITIONAL_REPRESENTATION('',(#1938),#1942);
#1938 = LINE('',#1939,#1940);
#1939 = CARTESIAN_POINT('',(-0.,0.));
#1940 = VECTOR('',#1941,1.);
#1941 = DIRECTION('',(-0.,-1.));
#1942 = ( GEOMETRIC_REPRESENTATION_CONTEXT(2) 
PARAMETRIC_REPRESENTATION_CONTEXT() REPRESENTATION_CONTEXT('2D SPACE',''
  ) );
#1943 = ORIENTED_EDGE('',*,*,#1944,.T.);
#1944 = EDGE_CURVE('',#1922,#1922,#1945,.T.);
#1945 = SURFACE_CURVE('',#1946,(#1951,#1958),.PCURVE_S1.);
#1946 = CIRCLE('',#1947,2.);
#1947 = AXIS2_PLACEMENT_3D('',#1948,#1949,#1950);
#1948 = CARTESIAN_POINT('',(18.,0.,5.));
#1949 = DIRECTION('',(0.,0.,1.));
#1950 = DIRECTION('',(1.,0.,0.));
#1951 = PCURVE('',#1760,#1952);
#1952 = DEFINITIONAL_REPRESENTATION('',(#1953),#1957);
#1953 = LINE('',#1954,#1955);
#1954 = CARTESIAN_POINT('',(-0.,-6.));
#1955 = VECTOR('',#1956,1.);
#1956 = DIRECTION('',(-1.,0.));
#1957 = ( GEOMETRIC_REPRESENTATION_CONTEXT(2) 
PARAMETRIC_REPRESENTATION_CONTEXT() REPRESENTATION_CONTEXT('2D SPACE',''
  ) );
#1958 = PCURVE('',#1959,#1964);
#1959 = PLANE('',#1960);
#1960 = AXIS2_PLACEMENT_3D('',#1961,#1962,#1963);
#1961 = CARTESIAN_POINT('',(18.,1.74751904908E-16,5.));
#1962 = DIRECTION('',(0.,0.,1.));
#1963 = DIRECTION('',(1.,0.,-0.));
#1964 = DEFINITIONAL_REPRESENTATION('',(#1965),#1969);
#1965 = CIRCLE('',#1966,2.);
#1966 = AXIS2_PLACEMENT_2D('',#1967,#1968);
#1967 = CARTESIAN_POINT('',(-3.552713678801E-15,-1.74751904908E-16));
#1968 = DIRECTION('',(1.,0.));
#1969 = ( GEOMETRIC_REPRESENTATION_CONTEXT(2) 
PARAMETRIC_REPRESENTATION_CONTEXT() REPRESENTATION_CONTEXT('2D SPACE',''
  ) );
#1970 = ORIENTED_EDGE('',*,*,#1921,.F.);
#1971 = ADVANCED_FACE('',(#1972),#1795,.F.);
#1972 = FACE_BOUND('',#1973,.T.);
#1973 = EDGE_LOOP('',(#1974,#1975,#1998,#2025));
#1974 = ORIENTED_EDGE('',*,*,#1774,.T.);
#1975 = ORIENTED_EDGE('',*,*,#1976,.T.);
#1976 = EDGE_CURVE('',#1775,#1977,#1979,.T.);
#1977 = VERTEX_POINT('',#1978);
#1978 = CARTESIAN_POINT('',(1.324226724158E-15,20.,5.));
#1979 = SEAM_CURVE('',#1980,(#1984,#1991),.PCURVE_S1.);
#1980 = LINE('',#1981,#1982);
#1981 = CARTESIAN_POINT('',(1.324226724158E-15,20.,-1.));
#1982 = VECTOR('',#1983,1.);
#1983 = DIRECTION('',(0.,0.,1.));
#1984 = PCURVE('',#1795,#1985);
#1985 = DEFINITIONAL_REPRESENTATION('',(#1986),#1990);
#1986 = LINE('',#1987,#1988);
#1987 = CARTESIAN_POINT('',(-6.28318530718,0.));
#1988 = VECTOR('',#1989,1.);
#1989 = DIRECTION('',(-0.,-1.));
#1990 = ( GEOMETRIC_REPRESENTATION_CONTEXT(2) 
PARAMETRIC_REPRESENTATION_CONTEXT() REPRESENTATION_CONTEXT('2D SPACE',''
  ) );
#1991 = PCURVE('',#1795,#1992);
#1992 = DEFINITIONAL_REPRESENTATION('',(#1993),#1997);
#1993 = LINE('',#1994,#1995);
#1994 = CARTESIAN_POINT('',(-0.,0.));
#1995 = VECTOR('',#1996,1.);
#1996 = DIRECTION('',(-0.,-1.));
#1997 = ( GEOMETRIC_REPRESENTATION_CONTEXT(2) 
PARAMETRIC_REPRESENTATION_CONTEXT() REPRESENTATION_CONTEXT('2D SPACE',''
  ) );
#1998 = ORIENTED_EDGE('',*,*,#1999,.T.);
#1999 = EDGE_CURVE('',#1977,#1977,#2000,.T.);
#2000 = SURFACE_CURVE('',#2001,(#2006,#2013),.PCURVE_S1.);
#2001 = CIRCLE('',#2002,2.);
#2002 = AXIS2_PLACEMENT_3D('',#2003,#2004,#2005);
#2003 = CARTESIAN_POINT('',(1.102182119233E-15,18.,5.));
#2004 = DIRECTION('',(0.,-0.,1.));
#2005 = DIRECTION('',(1.110223024625E-16,1.,0.));
#2006 = PCURVE('',#1795,#2007);
#2007 = DEFINITIONAL_REPRESENTATION('',(#2008),#2012);
#2008 = LINE('',#2009,#2010);
#2009 = CARTESIAN_POINT('',(-0.,-6.));
#2010 = VECTOR('',#2011,1.);
#2011 = DIRECTION('',(-1.,0.));
#2012 = ( GEOMETRIC_REPRESENTATION_CONTEXT(2) 
PARAMETRIC_REPRESENTATION_CONTEXT() REPRESENTATION_CONTEXT('2D SPACE',''
  ) );
#2013 = PCURVE('',#2014,#2019);
#2014 = PLANE('',#2015);
#2015 = AXIS2_PLACEMENT_3D('',#2016,#2017,#2018);
#2016 = CARTESIAN_POINT('',(18.,1.74751904908E-16,5.));
#2017 = DIRECTION('',(0.,0.,1.));
#2018 = DIRECTION('',(1.,0.,-0.));
#2019 = DEFINITIONAL_REPRESENTATION('',(#2020),#2024);
#2020 = CIRCLE('',#2021,2.);
#2021 = AXIS2_PLACEMENT_2D('',#2022,#2023);
#2022 = CARTESIAN_POINT('',(-18.,18.));
#2023 = DIRECTION('',(1.110223024625E-16,1.));
#2024 = ( GEOMETRIC_REPRESENTATION_CONTEXT(2) 
PARAMETRIC_REPRESENTATION_CONTEXT() REPRESENTATION_CONTEXT('2D SPACE',''
  ) );
#2025 = ORIENTED_EDGE('',*,*,#1976,.F.);
#2026 = ADVANCED_FACE('',(#2027),#1849,.F.);
#2027 = FACE_BOUND('',#2028,.F.);
#2028 = EDGE_LOOP('',(#2029));
#2029 = ORIENTED_EDGE('',*,*,#1834,.T.);
#2030 = ADVANCED_FACE('',(#2031),#1904,.F.);
#2031 = FACE_BOUND('',#2032,.F.);
#2032 = EDGE_LOOP('',(#2033));
#2033 = ORIENTED_EDGE('',*,*,#1889,.T.);
#2034 = ADVANCED_FACE('',(#2035),#1959,.F.);
#2035 = FACE_BOUND('',#2036,.F.);
#2036 = EDGE_LOOP('',(#2037));
#2037 = ORIENTED_EDGE('',*,*,#1944,.T.);
#2038 = ADVANCED_FACE('',(#2039),#2014,.F.);
#2039 = FACE_BOUND('',#2040,.F.);
#2040 = EDGE_LOOP('',(#2041));
#2041 = ORIENTED_EDGE('',*,*,#1999,.T.);
#2042 = ( GEOMETRIC_REPRESENTATION_CONTEXT(3) 
GLOBAL_UNCERTAINTY_ASSIGNED_CONTEXT((#2046)) 
GLOBAL_UNIT_ASSIGNED_CONTEXT((#2043,#2044,#2045)) REPRESENTATION_CONTEXT
('Context #1','3D Context with UNIT and UNCERTAINTY') );
#2043 = ( LENGTH_UNIT() NAMED_UNIT(*) SI_UNIT(.MILLI.,.METRE.) );
#2044 = ( NAMED_UNIT(*) PLANE_ANGLE_UNIT() SI_UNIT($,.RADIAN.) );
#2045 = ( NAMED_UNIT(*) SI_UNIT($,.STERADIAN.) SOLID_ANGLE_UNIT() );
#2046 = UNCERTAINTY_MEASURE_WITH_UNIT(LENGTH_MEASURE(1.E-07),#2043,
  'distance_accuracy_value','confusion accuracy');
#2047 = PRODUCT_RELATED_PRODUCT_CATEGORY('part',$,(#7));
ENDSEC;
END-ISO-10303-21;
