ISO-10303-21;
HEADER;

/* File generated by Shapr3D Version 3.0 */

FILE_DESCRIPTION(('HOOPS Exchange Step'),'2;1');

FILE_NAME('/Users/userzero/Library/Containers/com.shapr3d.shapr/Data/tmp/export/temp_export',
'1970-01-01T00:00:00',
('userzero'),
('Shapr3D Limited'),
'HOOPS Exchange 2023.2',
'Shapr3D',
'Authorized');

FILE_SCHEMA( ('AUTOMOTIVE_DESIGN { 1 0 10303 214 1 1 1 1 }') );

ENDSEC;

DATA;
#3=(NAMED_UNIT(*)PLANE_ANGLE_UNIT()SI_UNIT($,.RADIAN.));
#4=PLANE_ANGLE_MEASURE_WITH_UNIT(PLANE_ANGLE_MEASURE(0.0174532925),#3);
#5=(CONVERSION_BASED_UNIT('DEGREE',#4)NAMED_UNIT(#6)PLANE_ANGLE_UNIT());
#6=DIMENSIONAL_EXPONENTS(0.,0.,0.,0.,0.,0.,0.);
#7=(NAMED_UNIT(*)SI_UNIT($,.STERADIAN.)SOLID_ANGLE_UNIT());
#8=(LENGTH_UNIT()NAMED_UNIT(*)SI_UNIT(.MILLI.,.METRE.));
#9=UNCERTAINTY_MEASURE_WITH_UNIT(LENGTH_MEASURE(1.000000E-05),#8,'DISTANCE_ACCURACY_VALUE','Maximum Tolerance applied to model');
#10=(GEOMETRIC_REPRESENTATION_CONTEXT(3)GLOBAL_UNCERTAINTY_ASSIGNED_CONTEXT((#9))GLOBAL_UNIT_ASSIGNED_CONTEXT((#8,#5,#7))REPRESENTATION_CONTEXT('','root'));
#12=CARTESIAN_POINT('',(0.,0.,0.));
#13=DIRECTION('',(0.,0.,1.));
#14=DIRECTION('',(1.,0.,0.));
#15=AXIS2_PLACEMENT_3D('',#12,#13,#14);
#27=CARTESIAN_POINT('',(0.,69.5,0.5));
#28=DIRECTION('',(1.,0.,0.));
#29=DIRECTION('',(0.,0.,1.));
#30=AXIS2_PLACEMENT_3D('',#27,#28,#29);
#31=PLANE('',#30);
#32=CARTESIAN_POINT('',(0.,19.070895692,36.51863301));
#33=VERTEX_POINT('',#32);
#34=CARTESIAN_POINT('',(0.,19.69802589,36.726540304));
#35=VERTEX_POINT('',#34);
#36=CARTESIAN_POINT('',(0.,19.070895692,36.51863301));
#37=CARTESIAN_POINT('',(0.,19.197003395,36.600432601));
#38=CARTESIAN_POINT('',(0.,19.69802589,36.726540304));
#39=B_SPLINE_CURVE_WITH_KNOTS('',2,(#36,#37,#38),.UNSPECIFIED.,.F.,.F.,(3,3),(0.366280733,0.413024563),.UNSPECIFIED.);
#40=EDGE_CURVE('',#33,#35,#39,.T.);
#41=ORIENTED_EDGE('',*,*,#40,.T.);
#42=CARTESIAN_POINT('',(0.,20.751195624,38.64201406));
#43=VERTEX_POINT('',#42);
#44=CARTESIAN_POINT('',(0.,19.69802589,36.726540304));
#45=CARTESIAN_POINT('',(0.,20.372872516,36.896956119));
#46=CARTESIAN_POINT('',(0.,20.633608712,37.021359663));
#47=CARTESIAN_POINT('',(0.,20.894344908,37.145763208));
#48=CARTESIAN_POINT('',(0.,21.028973402,37.365599609));
#49=CARTESIAN_POINT('',(0.,21.163601895,37.58543601));
#50=CARTESIAN_POINT('',(0.,21.163601895,37.85128468));
#51=CARTESIAN_POINT('',(0.,21.163601895,38.093275137));
#52=CARTESIAN_POINT('',(0.,21.052831616,38.299478273));
#53=CARTESIAN_POINT('',(0.,20.942061336,38.505681408));
#54=CARTESIAN_POINT('',(0.,20.751195624,38.64201406));
#55=B_SPLINE_CURVE_WITH_KNOTS('',2,(#44,#45,#46,#47,#48,#49,#50,#51,#52,#53,#54),.UNSPECIFIED.,.F.,.F.,(3,2,2,2,2,3),(0.413024563,0.475997947,0.538971332,0.601944716,0.659266643,0.71658857),.UNSPECIFIED.);
#56=EDGE_CURVE('',#35,#43,#55,.T.);
#57=ORIENTED_EDGE('',*,*,#56,.T.);
#58=CARTESIAN_POINT('',(0.,18.396049066,37.878551211));
#59=VERTEX_POINT('',#58);
#60=CARTESIAN_POINT('',(0.,20.751195624,38.64201406));
#61=CARTESIAN_POINT('',(0.,20.60804634,38.747671865));
#62=CARTESIAN_POINT('',(0.,20.360943409,38.820950665));
#63=CARTESIAN_POINT('',(0.,20.113840477,38.894229466));
#64=CARTESIAN_POINT('',(0.,19.830950225,38.894229466));
#65=CARTESIAN_POINT('',(0.,19.404910689,38.894229466));
#66=CARTESIAN_POINT('',(0.,19.082824799,38.771530079));
#67=CARTESIAN_POINT('',(0.,18.76073891,38.648830693));
#68=CARTESIAN_POINT('',(0.,18.607364676,38.439219241));
#69=CARTESIAN_POINT('',(0.,18.453990443,38.229607789));
#70=CARTESIAN_POINT('',(0.,18.396049066,37.878551211));
#71=B_SPLINE_CURVE_WITH_KNOTS('',2,(#60,#61,#62,#63,#64,#65,#66,#67,#68,#69,#70),.UNSPECIFIED.,.F.,.F.,(3,2,2,2,2,3),(0.71658857,0.760069437,0.803550303,0.869033535,0.934516768,1.),.UNSPECIFIED.);
#72=EDGE_CURVE('',#43,#59,#71,.T.);
#73=ORIENTED_EDGE('',*,*,#72,.T.);
#74=CARTESIAN_POINT('',(0.,18.995912734,37.79675162));
#75=VERTEX_POINT('',#74);
#76=CARTESIAN_POINT('',(0.,18.396049066,37.878551211));
#77=DIRECTION('',(0.,0.990830168,-0.135113205));
#78=VECTOR('',#77,0.605415223);
#79=LINE('',#76,#78);
#80=EDGE_CURVE('',#59,#75,#79,.T.);
#81=ORIENTED_EDGE('',*,*,#80,.T.);
#82=CARTESIAN_POINT('',(0.,20.495571902,37.708135396));
#83=VERTEX_POINT('',#82);
#84=CARTESIAN_POINT('',(0.,18.995912734,37.79675162));
#85=CARTESIAN_POINT('',(0.,19.036812529,38.076233556));
#86=CARTESIAN_POINT('',(0.,19.232790716,38.233016105));
#87=CARTESIAN_POINT('',(0.,19.428768903,38.389798654));
#88=CARTESIAN_POINT('',(0.,19.786642113,38.389798654));
#89=CARTESIAN_POINT('',(0.,20.209273334,38.389798654));
#90=CARTESIAN_POINT('',(0.,20.389914097,38.250057686));
#91=CARTESIAN_POINT('',(0.,20.57055486,38.110316718));
#92=CARTESIAN_POINT('',(0.,20.57055486,37.922859322));
#93=CARTESIAN_POINT('',(0.,20.57055486,37.803568252));
#94=CARTESIAN_POINT('',(0.,20.495571902,37.708135396));
#95=B_SPLINE_CURVE_WITH_KNOTS('',2,(#84,#85,#86,#87,#88,#89,#90,#91,#92,#93,#94),.UNSPECIFIED.,.F.,.F.,(3,2,2,2,2,3),(0.,0.082631321,0.165262642,0.262846297,0.360429952,0.422528642),.UNSPECIFIED.);
#96=EDGE_CURVE('',#75,#83,#95,.T.);
#97=ORIENTED_EDGE('',*,*,#96,.T.);
#98=CARTESIAN_POINT('',(0.,20.260398078,37.544536214));
#99=VERTEX_POINT('',#98);
#100=CARTESIAN_POINT('',(0.,20.495571902,37.708135396));
#101=CARTESIAN_POINT('',(0.,20.420588944,37.609294224));
#102=CARTESIAN_POINT('',(0.,20.260398078,37.544536214));
#103=B_SPLINE_CURVE_WITH_KNOTS('',2,(#100,#101,#102),.UNSPECIFIED.,.F.,.F.,(3,3),(0.422528642,0.48600774),.UNSPECIFIED.);
#104=EDGE_CURVE('',#83,#99,#103,.T.);
#105=ORIENTED_EDGE('',*,*,#104,.T.);
#106=CARTESIAN_POINT('',(0.,19.718475788,37.387753665));
#107=VERTEX_POINT('',#106);
#108=CARTESIAN_POINT('',(0.,20.260398078,37.544536214));
#109=CARTESIAN_POINT('',(0.,20.168373538,37.510453051));
#110=CARTESIAN_POINT('',(0.,19.718475788,37.387753665));
#111=B_SPLINE_CURVE_WITH_KNOTS('',2,(#108,#109,#110),.UNSPECIFIED.,.F.,.F.,(3,3),(0.48600774,0.522060744),.UNSPECIFIED.);
#112=EDGE_CURVE('',#99,#107,#111,.T.);
#113=ORIENTED_EDGE('',*,*,#112,.T.);
#114=CARTESIAN_POINT('',(0.,21.265851384,36.273234237));
#115=VERTEX_POINT('',#114);
#116=CARTESIAN_POINT('',(0.,19.718475788,37.387753665));
#117=CARTESIAN_POINT('',(0.,19.067487376,37.213929534));
#118=CARTESIAN_POINT('',(0.,18.810159496,37.103159254));
#119=CARTESIAN_POINT('',(0.,18.552831616,36.992388975));
#120=CARTESIAN_POINT('',(0.,18.406274015,36.781073365));
#121=CARTESIAN_POINT('',(0.,18.259716415,36.569757755));
#122=CARTESIAN_POINT('',(0.,18.259716415,36.256192656));
#123=CARTESIAN_POINT('',(0.,18.259716415,35.949444189));
#124=CARTESIAN_POINT('',(0.,18.43865302,35.678483044));
#125=CARTESIAN_POINT('',(0.,18.617589625,35.407521899));
#126=CARTESIAN_POINT('',(0.,18.955012938,35.25926014));
#127=CARTESIAN_POINT('',(0.,19.292436251,35.110998382));
#128=CARTESIAN_POINT('',(0.,19.718475788,35.110998382));
#129=CARTESIAN_POINT('',(0.,20.42399726,35.110998382));
#130=CARTESIAN_POINT('',(0.,20.793799578,35.404113583));
#131=CARTESIAN_POINT('',(0.,21.163601895,35.697228784));
#132=CARTESIAN_POINT('',(0.,21.265851384,36.273234237));
#133=B_SPLINE_CURVE_WITH_KNOTS('',2,(#116,#117,#118,#119,#120,#121,#122,#123,#124,#125,#126,#127,#128,#129,#130,#131,#132),.UNSPECIFIED.,.F.,.F.,(3,2,2,2,2,2,2,2,3),(0.522060744,0.57415345,0.626246157,0.678338863,0.729299119,0.780259375,0.831219632,0.915609816,1.),.UNSPECIFIED.);
#134=EDGE_CURVE('',#107,#115,#133,.T.);
#135=ORIENTED_EDGE('',*,*,#134,.T.);
#136=CARTESIAN_POINT('',(0.,20.659171084,36.368667093));
#137=VERTEX_POINT('',#136);
#138=CARTESIAN_POINT('',(0.,21.265851384,36.273234237));
#139=DIRECTION('',(0.,-0.987852797,0.155392575));
#140=VECTOR('',#139,0.614140388);
#141=LINE('',#138,#140);
#142=EDGE_CURVE('',#115,#137,#141,.T.);
#143=ORIENTED_EDGE('',*,*,#142,.T.);
#144=CARTESIAN_POINT('',(0.,20.659171084,36.368667093));
#145=CARTESIAN_POINT('',(0.,20.60804634,36.00397725));
#146=CARTESIAN_POINT('',(0.,20.374576674,35.809703222));
#147=CARTESIAN_POINT('',(0.,20.141107008,35.615429193));
#148=CARTESIAN_POINT('',(0.,19.721884104,35.615429193));
#149=CARTESIAN_POINT('',(0.,19.299252884,35.615429193));
#150=CARTESIAN_POINT('',(0.,19.094753906,35.787549166));
#151=CARTESIAN_POINT('',(0.,18.890254929,35.959669138));
#152=CARTESIAN_POINT('',(0.,18.890254929,36.191434646));
#153=CARTESIAN_POINT('',(0.,18.890254929,36.39934194));
#154=CARTESIAN_POINT('',(0.,19.070895692,36.51863301));
#155=B_SPLINE_CURVE_WITH_KNOTS('',2,(#144,#145,#146,#147,#148,#149,#150,#151,#152,#153,#154),.UNSPECIFIED.,.F.,.F.,(3,2,2,2,2,3),(0.,0.074438042,0.148876084,0.223919313,0.298962542,0.366280733),.UNSPECIFIED.);
#156=EDGE_CURVE('',#137,#33,#155,.T.);
#157=ORIENTED_EDGE('',*,*,#156,.T.);
#158=EDGE_LOOP('',(#41,#57,#73,#81,#97,#105,#113,#135,#143,#157));
#159=FACE_BOUND('',#158,.T.);
#160=CARTESIAN_POINT('',(0.,27.211753733,51.419090845));
#161=VERTEX_POINT('',#160);
#162=CARTESIAN_POINT('',(0.,27.211753733,50.720386005));
#163=VERTEX_POINT('',#162);
#164=CARTESIAN_POINT('',(0.,27.211753733,51.419090845));
#165=DIRECTION('',(0.,0.,-1.));
#166=VECTOR('',#165,0.69870484);
#167=LINE('',#164,#166);
#168=EDGE_CURVE('',#161,#163,#167,.T.);
#169=ORIENTED_EDGE('',*,*,#168,.T.);
#170=CARTESIAN_POINT('',(0.,27.910458573,50.720386005));
#171=VERTEX_POINT('',#170);
#172=CARTESIAN_POINT('',(0.,27.211753733,50.720386005));
#173=DIRECTION('',(0.,1.,0.));
#174=VECTOR('',#173,0.69870484);
#175=LINE('',#172,#174);
#176=EDGE_CURVE('',#163,#171,#175,.T.);
#177=ORIENTED_EDGE('',*,*,#176,.T.);
#178=CARTESIAN_POINT('',(0.,27.910458573,51.419090845));
#179=VERTEX_POINT('',#178);
#180=CARTESIAN_POINT('',(0.,27.910458573,50.720386005));
#181=DIRECTION('',(0.,0.,1.));
#182=VECTOR('',#181,0.69870484);
#183=LINE('',#180,#182);
#184=EDGE_CURVE('',#171,#179,#183,.T.);
#185=ORIENTED_EDGE('',*,*,#184,.T.);
#186=CARTESIAN_POINT('',(0.,27.910458573,51.419090845));
#187=DIRECTION('',(0.,-1.,0.));
#188=VECTOR('',#187,0.69870484);
#189=LINE('',#186,#188);
#190=EDGE_CURVE('',#179,#161,#189,.T.);
#191=ORIENTED_EDGE('',*,*,#190,.T.);
#192=EDGE_LOOP('',(#169,#177,#185,#191));
#193=FACE_BOUND('',#192,.T.);
#194=CARTESIAN_POINT('',(0.,25.033839623,53.624271486));
#195=VERTEX_POINT('',#194);
#196=CARTESIAN_POINT('',(0.,25.637111606,54.333201275));
#197=VERTEX_POINT('',#196);
#198=CARTESIAN_POINT('',(0.,25.033839623,53.624271486));
#199=CARTESIAN_POINT('',(0.,24.972489929,53.617454853));
#200=CARTESIAN_POINT('',(0.,24.93499845,53.617454853));
#201=CARTESIAN_POINT('',(0.,24.543042077,53.617454853));
#202=CARTESIAN_POINT('',(0.,24.229476978,53.821953831));
#203=CARTESIAN_POINT('',(0.,23.915911879,54.026452808));
#204=CARTESIAN_POINT('',(0.,23.915911879,54.452492345));
#205=CARTESIAN_POINT('',(0.,23.915911879,54.789915658));
#206=CARTESIAN_POINT('',(0.,24.144269071,55.011456217));
#207=CARTESIAN_POINT('',(0.,24.372626262,55.232996776));
#208=CARTESIAN_POINT('',(0.,24.733907789,55.232996776));
#209=CARTESIAN_POINT('',(0.,25.091781,55.232996776));
#210=CARTESIAN_POINT('',(0.,25.33036314,55.0080479));
#211=CARTESIAN_POINT('',(0.,25.56894528,54.783099025));
#212=CARTESIAN_POINT('',(0.,25.637111606,54.333201275));
#213=B_SPLINE_CURVE_WITH_KNOTS('',2,(#198,#199,#200,#201,#202,#203,#204,#205,#206,#207,#208,#209,#210,#211,#212),.UNSPECIFIED.,.F.,.F.,(3,2,2,2,2,2,2,3),(0.,0.018223944,0.208746993,0.399270042,0.550164297,0.701058552,0.850529276,1.),.UNSPECIFIED.);
#214=EDGE_CURVE('',#195,#197,#213,.T.);
#215=ORIENTED_EDGE('',*,*,#214,.T.);
#216=CARTESIAN_POINT('',(0.,26.250608539,54.442267396));
#217=VERTEX_POINT('',#216);
#218=CARTESIAN_POINT('',(0.,25.637111606,54.333201275));
#219=DIRECTION('',(0.,0.984562508,0.175033335));
#220=VECTOR('',#219,0.623116285);
#221=LINE('',#218,#220);
#222=EDGE_CURVE('',#197,#217,#221,.T.);
#223=ORIENTED_EDGE('',*,*,#222,.T.);
#224=CARTESIAN_POINT('',(0.,23.973853256,53.426589141));
#225=VERTEX_POINT('',#224);
#226=CARTESIAN_POINT('',(0.,26.250608539,54.442267396));
#227=CARTESIAN_POINT('',(0.,26.138134101,55.059172645));
#228=CARTESIAN_POINT('',(0.,25.739361095,55.398300116));
#229=CARTESIAN_POINT('',(0.,25.340588089,55.737427587));
#230=CARTESIAN_POINT('',(0.,24.747541054,55.737427587));
#231=CARTESIAN_POINT('',(0.,24.338543099,55.737427587));
#232=CARTESIAN_POINT('',(0.,23.994303154,55.561899298));
#233=CARTESIAN_POINT('',(0.,23.650063208,55.386371009));
#234=CARTESIAN_POINT('',(0.,23.467718287,55.083030859));
#235=CARTESIAN_POINT('',(0.,23.285373365,54.779690709));
#236=CARTESIAN_POINT('',(0.,23.285373365,54.43885908));
#237=CARTESIAN_POINT('',(0.,23.285373365,54.115069032));
#238=CARTESIAN_POINT('',(0.,23.459197496,53.849220361));
#239=CARTESIAN_POINT('',(0.,23.633021627,53.58337169));
#240=CARTESIAN_POINT('',(0.,23.973853256,53.426589141));
#241=B_SPLINE_CURVE_WITH_KNOTS('',2,(#226,#227,#228,#229,#230,#231,#232,#233,#234,#235,#236,#237,#238,#239,#240),.UNSPECIFIED.,.F.,.F.,(3,2,2,2,2,2,2,3),(0.,0.090483218,0.180966436,0.243368656,0.305770875,0.368173095,0.427455203,0.486737312),.UNSPECIFIED.);
#242=EDGE_CURVE('',#217,#225,#241,.T.);
#243=ORIENTED_EDGE('',*,*,#242,.T.);
#244=CARTESIAN_POINT('',(0.,26.311958232,52.03940441));
#245=VERTEX_POINT('',#244);
#246=CARTESIAN_POINT('',(0.,23.973853256,53.426589141));
#247=CARTESIAN_POINT('',(0.,23.530772138,53.324339652));
#248=CARTESIAN_POINT('',(0.,23.285373365,53.002253763));
#249=CARTESIAN_POINT('',(0.,23.039974592,52.680167873));
#250=CARTESIAN_POINT('',(0.,23.039974592,52.19618696));
#251=CARTESIAN_POINT('',(0.,23.039974592,51.541790232));
#252=CARTESIAN_POINT('',(0.,23.517138873,51.086780007));
#253=CARTESIAN_POINT('',(0.,23.994303154,50.631769782));
#254=CARTESIAN_POINT('',(0.,24.72368284,50.631769782));
#255=CARTESIAN_POINT('',(0.,25.381487884,50.631769782));
#256=CARTESIAN_POINT('',(0.,25.816048212,51.023726155));
#257=CARTESIAN_POINT('',(0.,26.250608539,51.415682529));
#258=CARTESIAN_POINT('',(0.,26.311958232,52.03940441));
#259=B_SPLINE_CURVE_WITH_KNOTS('',2,(#246,#247,#248,#249,#250,#251,#252,#253,#254,#255,#256,#257,#258),.UNSPECIFIED.,.F.,.F.,(3,2,2,2,2,2,3),(0.486737312,0.558591818,0.630446324,0.727601713,0.824757102,0.912378551,1.),.UNSPECIFIED.);
#260=EDGE_CURVE('',#225,#245,#259,.T.);
#261=ORIENTED_EDGE('',*,*,#260,.T.);
#262=CARTESIAN_POINT('',(0.,25.6984613,52.121204001));
#263=VERTEX_POINT('',#262);
#264=CARTESIAN_POINT('',(0.,26.311958232,52.03940441));
#265=DIRECTION('',(0.,-0.991227901,0.13216372));
#266=VECTOR('',#265,0.618926215);
#267=LINE('',#264,#266);
#268=EDGE_CURVE('',#245,#263,#267,.T.);
#269=ORIENTED_EDGE('',*,*,#268,.T.);
#270=CARTESIAN_POINT('',(0.,25.102005949,53.085757512));
#271=VERTEX_POINT('',#270);
#272=CARTESIAN_POINT('',(0.,25.6984613,52.121204001));
#273=CARTESIAN_POINT('',(0.,25.592803495,51.599731609));
#274=CARTESIAN_POINT('',(0.,25.338883931,51.369670259));
#275=CARTESIAN_POINT('',(0.,25.084964367,51.139608909));
#276=CARTESIAN_POINT('',(0.,24.720274524,51.139608909));
#277=CARTESIAN_POINT('',(0.,24.287418355,51.139608909));
#278=CARTESIAN_POINT('',(0.,23.989190679,51.439540743));
#279=CARTESIAN_POINT('',(0.,23.690963004,51.739472577));
#280=CARTESIAN_POINT('',(0.,23.690963004,52.182553695));
#281=CARTESIAN_POINT('',(0.,23.690963004,52.605184915));
#282=CARTESIAN_POINT('',(0.,23.967036623,52.879554376));
#283=CARTESIAN_POINT('',(0.,24.243110243,53.153923838));
#284=CARTESIAN_POINT('',(0.,24.669149779,53.153923838));
#285=CARTESIAN_POINT('',(0.,24.84297391,53.153923838));
#286=CARTESIAN_POINT('',(0.,25.102005949,53.085757512));
#287=B_SPLINE_CURVE_WITH_KNOTS('',2,(#272,#273,#274,#275,#276,#277,#278,#279,#280,#281,#282,#283,#284,#285,#286),.UNSPECIFIED.,.F.,.F.,(3,2,2,2,2,2,2,3),(0.,0.140844808,0.281689616,0.448860556,0.616031497,0.775486855,0.934942214,1.),.UNSPECIFIED.);
#288=EDGE_CURVE('',#263,#271,#287,.T.);
#289=ORIENTED_EDGE('',*,*,#288,.T.);
#290=CARTESIAN_POINT('',(0.,25.102005949,53.085757512));
#291=DIRECTION('',(0.,-0.125580186,0.992083473));
#292=VECTOR('',#291,0.542811153);
#293=LINE('',#290,#292);
#294=EDGE_CURVE('',#271,#195,#293,.T.);
#295=ORIENTED_EDGE('',*,*,#294,.T.);
#296=EDGE_LOOP('',(#215,#223,#243,#261,#269,#289,#295));
#297=FACE_BOUND('',#296,.T.);
#298=CARTESIAN_POINT('',(0.,37.85071846,36.157351483));
#299=VERTEX_POINT('',#298);
#300=CARTESIAN_POINT('',(0.,36.180643477,36.873097905));
#301=VERTEX_POINT('',#300);
#302=CARTESIAN_POINT('',(0.,37.85071846,36.157351483));
#303=CARTESIAN_POINT('',(0.,37.792777083,35.915361027));
#304=CARTESIAN_POINT('',(0.,37.605319687,35.777324217));
#305=CARTESIAN_POINT('',(0.,37.417862291,35.639287407));
#306=CARTESIAN_POINT('',(0.,37.141788671,35.639287407));
#307=CARTESIAN_POINT('',(0.,36.865715051,35.639287407));
#308=CARTESIAN_POINT('',(0.,36.623724595,35.780732533));
#309=CARTESIAN_POINT('',(0.,36.381734138,35.922177659));
#310=CARTESIAN_POINT('',(0.,36.281188807,36.165872274));
#311=CARTESIAN_POINT('',(0.,36.180643477,36.409566889));
#312=CARTESIAN_POINT('',(0.,36.180643477,36.873097905));
#313=B_SPLINE_CURVE_WITH_KNOTS('',2,(#302,#303,#304,#305,#306,#307,#308,#309,#310,#311,#312),.UNSPECIFIED.,.F.,.F.,(3,2,2,2,2,3),(0.120936937,0.296749549,0.472562162,0.648374775,0.824187387,1.),.UNSPECIFIED.);
#314=EDGE_CURVE('',#299,#301,#313,.T.);
#315=ORIENTED_EDGE('',*,*,#314,.T.);
#316=CARTESIAN_POINT('',(0.,36.180643477,38.812429875));
#317=VERTEX_POINT('',#316);
#318=CARTESIAN_POINT('',(0.,36.180643477,36.873097905));
#319=DIRECTION('',(0.,0.,1.));
#320=VECTOR('',#319,1.93933197);
#321=LINE('',#318,#320);
#322=EDGE_CURVE('',#301,#317,#321,.T.);
#323=ORIENTED_EDGE('',*,*,#322,.T.);
#324=CARTESIAN_POINT('',(0.,35.567146544,38.812429875));
#325=VERTEX_POINT('',#324);
#326=CARTESIAN_POINT('',(0.,36.180643477,38.812429875));
#327=DIRECTION('',(0.,-1.,0.));
#328=VECTOR('',#327,0.613496933);
#329=LINE('',#326,#328);
#330=EDGE_CURVE('',#317,#325,#329,.T.);
#331=ORIENTED_EDGE('',*,*,#330,.T.);
#332=CARTESIAN_POINT('',(0.,35.567146544,35.192797973));
#333=VERTEX_POINT('',#332);
#334=CARTESIAN_POINT('',(0.,35.567146544,38.812429875));
#335=DIRECTION('',(0.,0.,-1.));
#336=VECTOR('',#335,3.619631902);
#337=LINE('',#334,#336);
#338=EDGE_CURVE('',#325,#333,#337,.T.);
#339=ORIENTED_EDGE('',*,*,#338,.T.);
#340=CARTESIAN_POINT('',(0.,36.115885467,35.192797973));
#341=VERTEX_POINT('',#340);
#342=CARTESIAN_POINT('',(0.,35.567146544,35.192797973));
#343=DIRECTION('',(0.,1.,0.));
#344=VECTOR('',#343,0.548738923);
#345=LINE('',#342,#344);
#346=EDGE_CURVE('',#333,#341,#345,.T.);
#347=ORIENTED_EDGE('',*,*,#346,.T.);
#348=CARTESIAN_POINT('',(0.,36.115885467,35.724495314));
#349=VERTEX_POINT('',#348);
#350=CARTESIAN_POINT('',(0.,36.115885467,35.192797973));
#351=DIRECTION('',(0.,0.,1.));
#352=VECTOR('',#351,0.531697342);
#353=LINE('',#350,#352);
#354=EDGE_CURVE('',#341,#349,#353,.T.);
#355=ORIENTED_EDGE('',*,*,#354,.T.);
#356=CARTESIAN_POINT('',(0.,38.464215392,35.997160618));
#357=VERTEX_POINT('',#356);
#358=CARTESIAN_POINT('',(0.,36.115885467,35.724495314));
#359=CARTESIAN_POINT('',(0.,36.538516687,35.110998382));
#360=CARTESIAN_POINT('',(0.,37.264488057,35.110998382));
#361=CARTESIAN_POINT('',(0.,37.584869789,35.110998382));
#362=CARTESIAN_POINT('',(0.,37.862647567,35.233697768));
#363=CARTESIAN_POINT('',(0.,38.140425344,35.356397155));
#364=CARTESIAN_POINT('',(0.,38.275053838,35.542150393));
#365=CARTESIAN_POINT('',(0.,38.409682331,35.727903631));
#366=CARTESIAN_POINT('',(0.,38.464215392,35.997160618));
#367=B_SPLINE_CURVE_WITH_KNOTS('',2,(#358,#359,#360,#361,#362,#363,#364,#365,#366),.UNSPECIFIED.,.F.,.F.,(3,2,2,2,3),(0.,0.381634557,0.550055441,0.718476325,0.88689721),.UNSPECIFIED.);
#368=EDGE_CURVE('',#349,#357,#367,.T.);
#369=ORIENTED_EDGE('',*,*,#368,.T.);
#370=CARTESIAN_POINT('',(0.,38.501706871,36.569757755));
#371=VERTEX_POINT('',#370);
#372=CARTESIAN_POINT('',(0.,38.464215392,35.997160618));
#373=CARTESIAN_POINT('',(0.,38.501706871,36.177801381));
#374=CARTESIAN_POINT('',(0.,38.501706871,36.569757755));
#375=B_SPLINE_CURVE_WITH_KNOTS('',2,(#372,#373,#374),.UNSPECIFIED.,.F.,.F.,(3,3),(0.88689721,1.),.UNSPECIFIED.);
#376=EDGE_CURVE('',#357,#371,#375,.T.);
#377=ORIENTED_EDGE('',*,*,#376,.T.);
#378=CARTESIAN_POINT('',(0.,38.501706871,38.812429875));
#379=VERTEX_POINT('',#378);
#380=CARTESIAN_POINT('',(0.,38.501706871,36.569757755));
#381=DIRECTION('',(0.,0.,1.));
#382=VECTOR('',#381,2.24267212);
#383=LINE('',#380,#382);
#384=EDGE_CURVE('',#371,#379,#383,.T.);
#385=ORIENTED_EDGE('',*,*,#384,.T.);
#386=CARTESIAN_POINT('',(0.,37.888209939,38.812429875));
#387=VERTEX_POINT('',#386);
#388=CARTESIAN_POINT('',(0.,38.501706871,38.812429875));
#389=DIRECTION('',(0.,-1.,0.));
#390=VECTOR('',#389,0.613496933);
#391=LINE('',#388,#390);
#392=EDGE_CURVE('',#379,#387,#391,.T.);
#393=ORIENTED_EDGE('',*,*,#392,.T.);
#394=CARTESIAN_POINT('',(0.,37.888209939,36.804931579));
#395=VERTEX_POINT('',#394);
#396=CARTESIAN_POINT('',(0.,37.888209939,38.812429875));
#397=DIRECTION('',(0.,0.,-1.));
#398=VECTOR('',#397,2.007498296);
#399=LINE('',#396,#398);
#400=EDGE_CURVE('',#387,#395,#399,.T.);
#401=ORIENTED_EDGE('',*,*,#400,.T.);
#402=CARTESIAN_POINT('',(0.,37.888209939,36.804931579));
#403=CARTESIAN_POINT('',(0.,37.888209939,36.324358982));
#404=CARTESIAN_POINT('',(0.,37.85071846,36.157351483));
#405=B_SPLINE_CURVE_WITH_KNOTS('',2,(#402,#403,#404),.UNSPECIFIED.,.F.,.F.,(3,3),(0.,0.120936937),.UNSPECIFIED.);
#406=EDGE_CURVE('',#395,#299,#405,.T.);
#407=ORIENTED_EDGE('',*,*,#406,.T.);
#408=EDGE_LOOP('',(#315,#323,#331,#339,#347,#355,#369,#377,#385,#393,#401,#407));
#409=FACE_BOUND('',#408,.T.);
#410=CARTESIAN_POINT('',(0.,45.498980218,36.368667093));
#411=VERTEX_POINT('',#410);
#412=CARTESIAN_POINT('',(0.,43.910704826,36.51863301));
#413=VERTEX_POINT('',#412);
#414=CARTESIAN_POINT('',(0.,45.498980218,36.368667093));
#415=CARTESIAN_POINT('',(0.,45.447855474,36.00397725));
#416=CARTESIAN_POINT('',(0.,45.214385808,35.809703222));
#417=CARTESIAN_POINT('',(0.,44.980916142,35.615429193));
#418=CARTESIAN_POINT('',(0.,44.561693238,35.615429193));
#419=CARTESIAN_POINT('',(0.,44.139062018,35.615429193));
#420=CARTESIAN_POINT('',(0.,43.93456304,35.787549166));
#421=CARTESIAN_POINT('',(0.,43.730064063,35.959669138));
#422=CARTESIAN_POINT('',(0.,43.730064063,36.191434646));
#423=CARTESIAN_POINT('',(0.,43.730064063,36.39934194));
#424=CARTESIAN_POINT('',(0.,43.910704826,36.51863301));
#425=B_SPLINE_CURVE_WITH_KNOTS('',2,(#414,#415,#416,#417,#418,#419,#420,#421,#422,#423,#424),.UNSPECIFIED.,.F.,.F.,(3,2,2,2,2,3),(0.,0.074438042,0.148876084,0.223919313,0.298962542,0.366280733),.UNSPECIFIED.);
#426=EDGE_CURVE('',#411,#413,#425,.T.);
#427=ORIENTED_EDGE('',*,*,#426,.T.);
#428=CARTESIAN_POINT('',(0.,44.537835024,36.726540304));
#429=VERTEX_POINT('',#428);
#430=CARTESIAN_POINT('',(0.,43.910704826,36.51863301));
#431=CARTESIAN_POINT('',(0.,44.036812529,36.600432601));
#432=CARTESIAN_POINT('',(0.,44.537835024,36.726540304));
#433=B_SPLINE_CURVE_WITH_KNOTS('',2,(#430,#431,#432),.UNSPECIFIED.,.F.,.F.,(3,3),(0.366280733,0.413024563),.UNSPECIFIED.);
#434=EDGE_CURVE('',#413,#429,#433,.T.);
#435=ORIENTED_EDGE('',*,*,#434,.T.);
#436=CARTESIAN_POINT('',(0.,45.591004758,38.64201406));
#437=VERTEX_POINT('',#436);
#438=CARTESIAN_POINT('',(0.,44.537835024,36.726540304));
#439=CARTESIAN_POINT('',(0.,45.21268165,36.896956119));
#440=CARTESIAN_POINT('',(0.,45.473417846,37.021359663));
#441=CARTESIAN_POINT('',(0.,45.734154042,37.145763208));
#442=CARTESIAN_POINT('',(0.,45.868782536,37.365599609));
#443=CARTESIAN_POINT('',(0.,46.00341103,37.58543601));
#444=CARTESIAN_POINT('',(0.,46.00341103,37.85128468));
#445=CARTESIAN_POINT('',(0.,46.00341103,38.093275137));
#446=CARTESIAN_POINT('',(0.,45.89264075,38.299478273));
#447=CARTESIAN_POINT('',(0.,45.781870471,38.505681408));
#448=CARTESIAN_POINT('',(0.,45.591004758,38.64201406));
#449=B_SPLINE_CURVE_WITH_KNOTS('',2,(#438,#439,#440,#441,#442,#443,#444,#445,#446,#447,#448),.UNSPECIFIED.,.F.,.F.,(3,2,2,2,2,3),(0.413024563,0.475997947,0.538971332,0.601944716,0.659266643,0.71658857),.UNSPECIFIED.);
#450=EDGE_CURVE('',#429,#437,#449,.T.);
#451=ORIENTED_EDGE('',*,*,#450,.T.);
#452=CARTESIAN_POINT('',(0.,43.235858201,37.878551211));
#453=VERTEX_POINT('',#452);
#454=CARTESIAN_POINT('',(0.,45.591004758,38.64201406));
#455=CARTESIAN_POINT('',(0.,45.447855474,38.747671865));
#456=CARTESIAN_POINT('',(0.,45.200752543,38.820950665));
#457=CARTESIAN_POINT('',(0.,44.953649612,38.894229466));
#458=CARTESIAN_POINT('',(0.,44.670759359,38.894229466));
#459=CARTESIAN_POINT('',(0.,44.244719823,38.894229466));
#460=CARTESIAN_POINT('',(0.,43.922633933,38.771530079));
#461=CARTESIAN_POINT('',(0.,43.600548044,38.648830693));
#462=CARTESIAN_POINT('',(0.,43.447173811,38.439219241));
#463=CARTESIAN_POINT('',(0.,43.293799578,38.229607789));
#464=CARTESIAN_POINT('',(0.,43.235858201,37.878551211));
#465=B_SPLINE_CURVE_WITH_KNOTS('',2,(#454,#455,#456,#457,#458,#459,#460,#461,#462,#463,#464),.UNSPECIFIED.,.F.,.F.,(3,2,2,2,2,3),(0.71658857,0.760069437,0.803550303,0.869033535,0.934516768,1.),.UNSPECIFIED.);
#466=EDGE_CURVE('',#437,#453,#465,.T.);
#467=ORIENTED_EDGE('',*,*,#466,.T.);
#468=CARTESIAN_POINT('',(0.,43.835721868,37.79675162));
#469=VERTEX_POINT('',#468);
#470=CARTESIAN_POINT('',(0.,43.235858201,37.878551211));
#471=DIRECTION('',(0.,0.990830168,-0.135113205));
#472=VECTOR('',#471,0.605415223);
#473=LINE('',#470,#472);
#474=EDGE_CURVE('',#453,#469,#473,.T.);
#475=ORIENTED_EDGE('',*,*,#474,.T.);
#476=CARTESIAN_POINT('',(0.,45.335381036,37.708135396));
#477=VERTEX_POINT('',#476);
#478=CARTESIAN_POINT('',(0.,43.835721868,37.79675162));
#479=CARTESIAN_POINT('',(0.,43.876621663,38.076233556));
#480=CARTESIAN_POINT('',(0.,44.07259985,38.233016105));
#481=CARTESIAN_POINT('',(0.,44.268578037,38.389798654));
#482=CARTESIAN_POINT('',(0.,44.626451248,38.389798654));
#483=CARTESIAN_POINT('',(0.,45.049082468,38.389798654));
#484=CARTESIAN_POINT('',(0.,45.229723231,38.250057686));
#485=CARTESIAN_POINT('',(0.,45.410363995,38.110316718));
#486=CARTESIAN_POINT('',(0.,45.410363995,37.922859322));
#487=CARTESIAN_POINT('',(0.,45.410363995,37.803568252));
#488=CARTESIAN_POINT('',(0.,45.335381036,37.708135396));
#489=B_SPLINE_CURVE_WITH_KNOTS('',2,(#478,#479,#480,#481,#482,#483,#484,#485,#486,#487,#488),.UNSPECIFIED.,.F.,.F.,(3,2,2,2,2,3),(0.,0.082631321,0.165262642,0.262846297,0.360429952,0.422528642),.UNSPECIFIED.);
#490=EDGE_CURVE('',#469,#477,#489,.T.);
#491=ORIENTED_EDGE('',*,*,#490,.T.);
#492=CARTESIAN_POINT('',(0.,45.100207212,37.544536214));
#493=VERTEX_POINT('',#492);
#494=CARTESIAN_POINT('',(0.,45.335381036,37.708135396));
#495=CARTESIAN_POINT('',(0.,45.260398078,37.609294224));
#496=CARTESIAN_POINT('',(0.,45.100207212,37.544536214));
#497=B_SPLINE_CURVE_WITH_KNOTS('',2,(#494,#495,#496),.UNSPECIFIED.,.F.,.F.,(3,3),(0.422528642,0.48600774),.UNSPECIFIED.);
#498=EDGE_CURVE('',#477,#493,#497,.T.);
#499=ORIENTED_EDGE('',*,*,#498,.T.);
#500=CARTESIAN_POINT('',(0.,44.558284922,37.387753665));
#501=VERTEX_POINT('',#500);
#502=CARTESIAN_POINT('',(0.,45.100207212,37.544536214));
#503=CARTESIAN_POINT('',(0.,45.008182672,37.510453051));
#504=CARTESIAN_POINT('',(0.,44.558284922,37.387753665));
#505=B_SPLINE_CURVE_WITH_KNOTS('',2,(#502,#503,#504),.UNSPECIFIED.,.F.,.F.,(3,3),(0.48600774,0.522060744),.UNSPECIFIED.);
#506=EDGE_CURVE('',#493,#501,#505,.T.);
#507=ORIENTED_EDGE('',*,*,#506,.T.);
#508=CARTESIAN_POINT('',(0.,46.105660518,36.273234237));
#509=VERTEX_POINT('',#508);
#510=CARTESIAN_POINT('',(0.,44.558284922,37.387753665));
#511=CARTESIAN_POINT('',(0.,43.90729651,37.213929534));
#512=CARTESIAN_POINT('',(0.,43.64996863,37.103159254));
#513=CARTESIAN_POINT('',(0.,43.39264075,36.992388975));
#514=CARTESIAN_POINT('',(0.,43.246083149,36.781073365));
#515=CARTESIAN_POINT('',(0.,43.099525549,36.569757755));
#516=CARTESIAN_POINT('',(0.,43.099525549,36.256192656));
#517=CARTESIAN_POINT('',(0.,43.099525549,35.949444189));
#518=CARTESIAN_POINT('',(0.,43.278462154,35.678483044));
#519=CARTESIAN_POINT('',(0.,43.45739876,35.407521899));
#520=CARTESIAN_POINT('',(0.,43.794822072,35.25926014));
#521=CARTESIAN_POINT('',(0.,44.132245385,35.110998382));
#522=CARTESIAN_POINT('',(0.,44.558284922,35.110998382));
#523=CARTESIAN_POINT('',(0.,45.263806394,35.110998382));
#524=CARTESIAN_POINT('',(0.,45.633608712,35.404113583));
#525=CARTESIAN_POINT('',(0.,46.00341103,35.697228784));
#526=CARTESIAN_POINT('',(0.,46.105660518,36.273234237));
#527=B_SPLINE_CURVE_WITH_KNOTS('',2,(#510,#511,#512,#513,#514,#515,#516,#517,#518,#519,#520,#521,#522,#523,#524,#525,#526),.UNSPECIFIED.,.F.,.F.,(3,2,2,2,2,2,2,2,3),(0.522060744,0.57415345,0.626246157,0.678338863,0.729299119,0.780259375,0.831219632,0.915609816,1.),.UNSPECIFIED.);
#528=EDGE_CURVE('',#501,#509,#527,.T.);
#529=ORIENTED_EDGE('',*,*,#528,.T.);
#530=CARTESIAN_POINT('',(0.,46.105660518,36.273234237));
#531=DIRECTION('',(0.,-0.987852797,0.155392575));
#532=VECTOR('',#531,0.614140388);
#533=LINE('',#530,#532);
#534=EDGE_CURVE('',#509,#411,#533,.T.);
#535=ORIENTED_EDGE('',*,*,#534,.T.);
#536=EDGE_LOOP('',(#427,#435,#451,#467,#475,#491,#499,#507,#529,#535));
#537=FACE_BOUND('',#536,.T.);
#538=CARTESIAN_POINT('',(0.,33.943178409,52.13142895));
#539=VERTEX_POINT('',#538);
#540=CARTESIAN_POINT('',(0.,33.138815764,54.340017907));
#541=VERTEX_POINT('',#540);
#542=CARTESIAN_POINT('',(0.,33.943178409,52.13142895));
#543=DIRECTION('',(0.,-0.342208726,0.939623961));
#544=VECTOR('',#543,2.35050302);
#545=LINE('',#542,#544);
#546=EDGE_CURVE('',#539,#541,#545,.T.);
#547=ORIENTED_EDGE('',*,*,#546,.T.);
#548=CARTESIAN_POINT('',(0.,32.50827725,54.340017907));
#549=VERTEX_POINT('',#548);
#550=CARTESIAN_POINT('',(0.,33.138815764,54.340017907));
#551=DIRECTION('',(0.,-1.,0.));
#552=VECTOR('',#551,0.630538514);
#553=LINE('',#550,#552);
#554=EDGE_CURVE('',#541,#549,#553,.T.);
#555=ORIENTED_EDGE('',*,*,#554,.T.);
#556=CARTESIAN_POINT('',(0.,33.8784204,50.720386005));
#557=VERTEX_POINT('',#556);
#558=CARTESIAN_POINT('',(0.,32.50827725,54.340017907));
#559=DIRECTION('',(0.,0.354017016,-0.935238982));
#560=VECTOR('',#559,3.870274842);
#561=LINE('',#558,#560);
#562=EDGE_CURVE('',#549,#557,#561,.T.);
#563=ORIENTED_EDGE('',*,*,#562,.T.);
#564=CARTESIAN_POINT('',(0.,34.451017537,50.720386005));
#565=VERTEX_POINT('',#564);
#566=CARTESIAN_POINT('',(0.,33.8784204,50.720386005));
#567=DIRECTION('',(0.,1.,0.));
#568=VECTOR('',#567,0.572597137);
#569=LINE('',#566,#568);
#570=EDGE_CURVE('',#557,#565,#569,.T.);
#571=ORIENTED_EDGE('',*,*,#570,.T.);
#572=CARTESIAN_POINT('',(0.,35.827977319,54.340017907));
#573=VERTEX_POINT('',#572);
#574=CARTESIAN_POINT('',(0.,34.451017537,50.720386005));
#575=DIRECTION('',(0.,0.355556115,0.934654936));
#576=VECTOR('',#575,3.872693294);
#577=LINE('',#574,#576);
#578=EDGE_CURVE('',#565,#573,#577,.T.);
#579=ORIENTED_EDGE('',*,*,#578,.T.);
#580=CARTESIAN_POINT('',(0.,35.180397223,54.340017907));
#581=VERTEX_POINT('',#580);
#582=CARTESIAN_POINT('',(0.,35.827977319,54.340017907));
#583=DIRECTION('',(0.,-1.,0.));
#584=VECTOR('',#583,0.647580095);
#585=LINE('',#582,#584);
#586=EDGE_CURVE('',#573,#581,#585,.T.);
#587=ORIENTED_EDGE('',*,*,#586,.T.);
#588=CARTESIAN_POINT('',(0.,34.403301109,52.172328746));
#589=VERTEX_POINT('',#588);
#590=CARTESIAN_POINT('',(0.,35.180397223,54.340017907));
#591=DIRECTION('',(0.,-0.337461296,-0.941339404));
#592=VECTOR('',#591,2.302771086);
#593=LINE('',#590,#592);
#594=EDGE_CURVE('',#581,#589,#593,.T.);
#595=ORIENTED_EDGE('',*,*,#594,.T.);
#596=CARTESIAN_POINT('',(0.,34.171535601,51.442949059));
#597=VERTEX_POINT('',#596);
#598=CARTESIAN_POINT('',(0.,34.403301109,52.172328746));
#599=CARTESIAN_POINT('',(0.,34.277193406,51.821272168));
#600=CARTESIAN_POINT('',(0.,34.171535601,51.442949059));
#601=B_SPLINE_CURVE_WITH_KNOTS('',2,(#598,#599,#600),.UNSPECIFIED.,.F.,.F.,(3,3),(0.,0.568817915),.UNSPECIFIED.);
#602=EDGE_CURVE('',#589,#597,#601,.T.);
#603=ORIENTED_EDGE('',*,*,#602,.T.);
#604=CARTESIAN_POINT('',(0.,34.171535601,51.442949059));
#605=CARTESIAN_POINT('',(0.,34.08973601,51.729247628));
#606=CARTESIAN_POINT('',(0.,33.943178409,52.13142895));
#607=B_SPLINE_CURVE_WITH_KNOTS('',2,(#604,#605,#606),.UNSPECIFIED.,.F.,.F.,(3,3),(0.568817915,1.),.UNSPECIFIED.);
#608=EDGE_CURVE('',#597,#539,#607,.T.);
#609=ORIENTED_EDGE('',*,*,#608,.T.);
#610=EDGE_LOOP('',(#547,#555,#563,#571,#579,#587,#595,#603,#609));
#611=FACE_BOUND('',#610,.T.);
#612=CARTESIAN_POINT('',(0.,25.853445113,37.527494633));
#613=VERTEX_POINT('',#612);
#614=CARTESIAN_POINT('',(0.,25.853445113,36.709498723));
#615=VERTEX_POINT('',#614);
#616=CARTESIAN_POINT('',(0.,25.853445113,37.527494633));
#617=DIRECTION('',(0.,0.,-1.));
#618=VECTOR('',#617,0.81799591);
#619=LINE('',#616,#618);
#620=EDGE_CURVE('',#613,#615,#619,.T.);
#621=ORIENTED_EDGE('',*,*,#620,.T.);
#622=CARTESIAN_POINT('',(0.,25.659171084,35.192797973));
#623=VERTEX_POINT('',#622);
#624=CARTESIAN_POINT('',(0.,25.853445113,36.709498723));
#625=CARTESIAN_POINT('',(0.,25.853445113,35.854011333));
#626=CARTESIAN_POINT('',(0.,25.814249475,35.6273583));
#627=CARTESIAN_POINT('',(0.,25.775053838,35.400705267));
#628=CARTESIAN_POINT('',(0.,25.659171084,35.192797973));
#629=B_SPLINE_CURVE_WITH_KNOTS('',2,(#624,#625,#626,#627,#628),.UNSPECIFIED.,.F.,.F.,(3,2,3),(0.,0.5,1.),.UNSPECIFIED.);
#630=EDGE_CURVE('',#615,#623,#629,.T.);
#631=ORIENTED_EDGE('',*,*,#630,.T.);
#632=CARTESIAN_POINT('',(0.,26.299934547,35.192797973));
#633=VERTEX_POINT('',#632);
#634=CARTESIAN_POINT('',(0.,25.659171084,35.192797973));
#635=DIRECTION('',(0.,1.,0.));
#636=VECTOR('',#635,0.640763463);
#637=LINE('',#634,#636);
#638=EDGE_CURVE('',#623,#633,#637,.T.);
#639=ORIENTED_EDGE('',*,*,#638,.T.);
#640=CARTESIAN_POINT('',(0.,26.422633933,35.639287407));
#641=VERTEX_POINT('',#640);
#642=CARTESIAN_POINT('',(0.,26.299934547,35.192797973));
#643=CARTESIAN_POINT('',(0.,26.395367403,35.383663685));
#644=CARTESIAN_POINT('',(0.,26.422633933,35.639287407));
#645=B_SPLINE_CURVE_WITH_KNOTS('',2,(#642,#643,#644),.UNSPECIFIED.,.F.,.F.,(3,3),(0.,0.015207642),.UNSPECIFIED.);
#646=EDGE_CURVE('',#633,#641,#645,.T.);
#647=ORIENTED_EDGE('',*,*,#646,.T.);
#648=CARTESIAN_POINT('',(0.,28.113158814,37.186663003));
#649=VERTEX_POINT('',#648);
#650=CARTESIAN_POINT('',(0.,26.422633933,35.639287407));
#651=CARTESIAN_POINT('',(0.,26.763465563,35.349580522));
#652=CARTESIAN_POINT('',(0.,27.07873482,35.230289452));
#653=CARTESIAN_POINT('',(0.,27.394004077,35.110998382));
#654=CARTESIAN_POINT('',(0.,27.755285603,35.110998382));
#655=CARTESIAN_POINT('',(0.,28.351740955,35.110998382));
#656=CARTESIAN_POINT('',(0.,28.672122686,35.402409425));
#657=CARTESIAN_POINT('',(0.,28.992504417,35.693820468));
#658=CARTESIAN_POINT('',(0.,28.992504417,36.147126534));
#659=CARTESIAN_POINT('',(0.,28.992504417,36.412975205));
#660=CARTESIAN_POINT('',(0.,28.871509189,36.632811606));
#661=CARTESIAN_POINT('',(0.,28.750513961,36.852648007));
#662=CARTESIAN_POINT('',(0.,28.554535774,36.985572342));
#663=CARTESIAN_POINT('',(0.,28.358557587,37.118496678));
#664=CARTESIAN_POINT('',(0.,28.113158814,37.186663003));
#665=B_SPLINE_CURVE_WITH_KNOTS('',2,(#650,#651,#652,#653,#654,#655,#656,#657,#658,#659,#660,#661,#662,#663,#664),.UNSPECIFIED.,.F.,.F.,(3,2,2,2,2,2,2,3),(0.015207642,0.041669694,0.068131747,0.111819098,0.155506448,0.181127602,0.206748755,0.232369908),.UNSPECIFIED.);
#666=EDGE_CURVE('',#641,#649,#665,.T.);
#667=ORIENTED_EDGE('',*,*,#666,.T.);
#668=CARTESIAN_POINT('',(0.,27.567828207,37.278687543));
#669=VERTEX_POINT('',#668);
#670=CARTESIAN_POINT('',(0.,28.113158814,37.186663003));
#671=CARTESIAN_POINT('',(0.,27.932518051,37.234379431));
#672=CARTESIAN_POINT('',(0.,27.567828207,37.278687543));
#673=B_SPLINE_CURVE_WITH_KNOTS('',2,(#670,#671,#672),.UNSPECIFIED.,.F.,.F.,(3,3),(0.232369908,0.251165162),.UNSPECIFIED.);
#674=EDGE_CURVE('',#649,#669,#673,.T.);
#675=ORIENTED_EDGE('',*,*,#674,.T.);
#676=CARTESIAN_POINT('',(0.,26.473758678,37.490003153));
#677=VERTEX_POINT('',#676);
#678=CARTESIAN_POINT('',(0.,27.567828207,37.278687543));
#679=CARTESIAN_POINT('',(0.,26.824815256,37.367303767));
#680=CARTESIAN_POINT('',(0.,26.473758678,37.490003153));
#681=B_SPLINE_CURVE_WITH_KNOTS('',2,(#678,#679,#680),.UNSPECIFIED.,.F.,.F.,(3,3),(0.251165162,0.289448169),.UNSPECIFIED.);
#682=EDGE_CURVE('',#669,#677,#681,.T.);
#683=ORIENTED_EDGE('',*,*,#682,.T.);
#684=CARTESIAN_POINT('',(0.,26.644174492,38.178483044));
#685=VERTEX_POINT('',#684);
#686=CARTESIAN_POINT('',(0.,26.473758678,37.490003153));
#687=CARTESIAN_POINT('',(0.,26.470350361,37.616110856));
#688=CARTESIAN_POINT('',(0.,26.470350361,37.650194019));
#689=CARTESIAN_POINT('',(0.,26.470350361,38.025108811));
#690=CARTESIAN_POINT('',(0.,26.644174492,38.178483044));
#691=B_SPLINE_CURVE_WITH_KNOTS('',2,(#686,#687,#688,#689,#690),.UNSPECIFIED.,.F.,.F.,(3,2,3),(0.289448169,0.302434953,0.445289578),.UNSPECIFIED.);
#692=EDGE_CURVE('',#677,#685,#691,.T.);
#693=ORIENTED_EDGE('',*,*,#692,.T.);
#694=CARTESIAN_POINT('',(0.,28.286982945,37.697910447));
#695=VERTEX_POINT('',#694);
#696=CARTESIAN_POINT('',(0.,26.644174492,38.178483044));
#697=CARTESIAN_POINT('',(0.,26.879348316,38.386390338));
#698=CARTESIAN_POINT('',(0.,27.342879332,38.386390338));
#699=CARTESIAN_POINT('',(0.,27.775735501,38.386390338));
#700=CARTESIAN_POINT('',(0.,27.981938637,38.234720263));
#701=CARTESIAN_POINT('',(0.,28.188141773,38.083050188));
#702=CARTESIAN_POINT('',(0.,28.286982945,37.697910447));
#703=B_SPLINE_CURVE_WITH_KNOTS('',2,(#696,#697,#698,#699,#700,#701,#702),.UNSPECIFIED.,.F.,.F.,(3,2,2,3),(0.445289578,0.638727059,0.819363529,1.),.UNSPECIFIED.);
#704=EDGE_CURVE('',#685,#695,#703,.T.);
#705=ORIENTED_EDGE('',*,*,#704,.T.);
#706=CARTESIAN_POINT('',(0.,28.886846612,37.779710038));
#707=VERTEX_POINT('',#706);
#708=CARTESIAN_POINT('',(0.,28.286982945,37.697910447));
#709=DIRECTION('',(0.,0.990830168,0.135113205));
#710=VECTOR('',#709,0.605415223);
#711=LINE('',#708,#710);
#712=EDGE_CURVE('',#695,#707,#711,.T.);
#713=ORIENTED_EDGE('',*,*,#712,.T.);
#714=CARTESIAN_POINT('',(0.,25.884119959,38.093275137));
#715=VERTEX_POINT('',#714);
#716=CARTESIAN_POINT('',(0.,28.886846612,37.779710038));
#717=CARTESIAN_POINT('',(0.,28.805047021,38.164849779));
#718=CARTESIAN_POINT('',(0.,28.617589625,38.401727761));
#719=CARTESIAN_POINT('',(0.,28.430132229,38.638605744));
#720=CARTESIAN_POINT('',(0.,28.075667335,38.766417605));
#721=CARTESIAN_POINT('',(0.,27.721202441,38.894229466));
#722=CARTESIAN_POINT('',(0.,27.254263109,38.894229466));
#723=CARTESIAN_POINT('',(0.,26.790732093,38.894229466));
#724=CARTESIAN_POINT('',(0.,26.501025208,38.785163344));
#725=CARTESIAN_POINT('',(0.,26.211318323,38.676097223));
#726=CARTESIAN_POINT('',(0.,26.074985672,38.510793883));
#727=CARTESIAN_POINT('',(0.,25.93865302,38.345490543));
#728=CARTESIAN_POINT('',(0.,25.884119959,38.093275137));
#729=B_SPLINE_CURVE_WITH_KNOTS('',2,(#716,#717,#718,#719,#720,#721,#722,#723,#724,#725,#726,#727,#728),.UNSPECIFIED.,.F.,.F.,(3,2,2,2,2,2,3),(0.,0.151683271,0.303366543,0.455049814,0.605625908,0.756202003,0.906778097),.UNSPECIFIED.);
#730=EDGE_CURVE('',#707,#715,#729,.T.);
#731=ORIENTED_EDGE('',*,*,#730,.T.);
#732=CARTESIAN_POINT('',(0.,25.884119959,38.093275137));
#733=CARTESIAN_POINT('',(0.,25.853445113,37.936492588));
#734=CARTESIAN_POINT('',(0.,25.853445113,37.527494633));
#735=B_SPLINE_CURVE_WITH_KNOTS('',2,(#732,#733,#734),.UNSPECIFIED.,.F.,.F.,(3,3),(0.906778097,1.),.UNSPECIFIED.);
#736=EDGE_CURVE('',#715,#613,#735,.T.);
#737=ORIENTED_EDGE('',*,*,#736,.T.);
#738=EDGE_LOOP('',(#621,#631,#639,#647,#667,#675,#683,#693,#705,#713,#731,#737));
#739=FACE_BOUND('',#738,.T.);
#740=CARTESIAN_POINT('',(0.,22.,45.5));
#741=VERTEX_POINT('',#740);
#742=CARTESIAN_POINT('',(0.,17.,45.5));
#743=VERTEX_POINT('',#742);
#744=CARTESIAN_POINT('',(0.,19.5,45.5));
#745=DIRECTION('',(1.,0.,0.));
#746=DIRECTION('',(0.,1.,-0.));
#747=AXIS2_PLACEMENT_3D('',#744,#745,#746);
#748=CIRCLE('',#747,2.5);
#749=EDGE_CURVE('',#741,#743,#748,.T.);
#750=ORIENTED_EDGE('',*,*,#749,.T.);
#751=CARTESIAN_POINT('',(0.,19.5,45.5));
#752=DIRECTION('',(1.,0.,0.));
#753=DIRECTION('',(0.,1.,-0.));
#754=AXIS2_PLACEMENT_3D('',#751,#752,#753);
#755=CIRCLE('',#754,2.5);
#756=EDGE_CURVE('',#743,#741,#755,.T.);
#757=ORIENTED_EDGE('',*,*,#756,.T.);
#758=EDGE_LOOP('',(#750,#757));
#759=FACE_BOUND('',#758,.T.);
#760=CARTESIAN_POINT('',(0.,52.,45.5));
#761=VERTEX_POINT('',#760);
#762=CARTESIAN_POINT('',(0.,47.,45.5));
#763=VERTEX_POINT('',#762);
#764=CARTESIAN_POINT('',(0.,49.5,45.5));
#765=DIRECTION('',(1.,0.,0.));
#766=DIRECTION('',(0.,1.,-0.));
#767=AXIS2_PLACEMENT_3D('',#764,#765,#766);
#768=CIRCLE('',#767,2.5);
#769=EDGE_CURVE('',#761,#763,#768,.T.);
#770=ORIENTED_EDGE('',*,*,#769,.T.);
#771=CARTESIAN_POINT('',(0.,49.5,45.5));
#772=DIRECTION('',(1.,0.,0.));
#773=DIRECTION('',(0.,1.,-0.));
#774=AXIS2_PLACEMENT_3D('',#771,#772,#773);
#775=CIRCLE('',#774,2.5);
#776=EDGE_CURVE('',#763,#761,#775,.T.);
#777=ORIENTED_EDGE('',*,*,#776,.T.);
#778=EDGE_LOOP('',(#770,#777));
#779=FACE_BOUND('',#778,.T.);
#780=CARTESIAN_POINT('',(0.,64.5,13.5));
#781=VERTEX_POINT('',#780);
#782=CARTESIAN_POINT('',(0.,64.5,44.5));
#783=VERTEX_POINT('',#782);
#784=CARTESIAN_POINT('',(0.,64.5,13.5));
#785=DIRECTION('',(0.,0.,1.));
#786=VECTOR('',#785,31.);
#787=LINE('',#784,#786);
#788=EDGE_CURVE('',#781,#783,#787,.T.);
#789=ORIENTED_EDGE('',*,*,#788,.F.);
#790=CARTESIAN_POINT('',(0.,61.5,10.5));
#791=VERTEX_POINT('',#790);
#792=CARTESIAN_POINT('',(0.,61.5,13.5));
#793=DIRECTION('',(-1.,-0.,-0.));
#794=DIRECTION('',(0.,1.,-0.));
#795=AXIS2_PLACEMENT_3D('',#792,#793,#794);
#796=CIRCLE('',#795,3.);
#797=EDGE_CURVE('',#781,#791,#796,.T.);
#798=ORIENTED_EDGE('',*,*,#797,.T.);
#799=CARTESIAN_POINT('',(0.,57.5,10.5));
#800=VERTEX_POINT('',#799);
#801=CARTESIAN_POINT('',(0.,57.5,10.5));
#802=DIRECTION('',(0.,1.,-0.));
#803=VECTOR('',#802,4.);
#804=LINE('',#801,#803);
#805=EDGE_CURVE('',#800,#791,#804,.T.);
#806=ORIENTED_EDGE('',*,*,#805,.F.);
#807=CARTESIAN_POINT('',(0.,54.5,13.5));
#808=VERTEX_POINT('',#807);
#809=CARTESIAN_POINT('',(0.,57.5,13.5));
#810=DIRECTION('',(-1.,-0.,-0.));
#811=DIRECTION('',(0.,1.,-0.));
#812=AXIS2_PLACEMENT_3D('',#809,#810,#811);
#813=CIRCLE('',#812,3.);
#814=EDGE_CURVE('',#800,#808,#813,.T.);
#815=ORIENTED_EDGE('',*,*,#814,.T.);
#816=CARTESIAN_POINT('',(0.,54.5,27.5));
#817=VERTEX_POINT('',#816);
#818=CARTESIAN_POINT('',(0.,54.5,27.5));
#819=DIRECTION('',(0.,-0.,-1.));
#820=VECTOR('',#819,14.);
#821=LINE('',#818,#820);
#822=EDGE_CURVE('',#817,#808,#821,.T.);
#823=ORIENTED_EDGE('',*,*,#822,.F.);
#824=CARTESIAN_POINT('',(0.,49.5,32.5));
#825=VERTEX_POINT('',#824);
#826=CARTESIAN_POINT('',(0.,49.5,27.5));
#827=DIRECTION('',(1.,0.,0.));
#828=DIRECTION('',(0.,1.,-0.));
#829=AXIS2_PLACEMENT_3D('',#826,#827,#828);
#830=CIRCLE('',#829,5.);
#831=EDGE_CURVE('',#817,#825,#830,.T.);
#832=ORIENTED_EDGE('',*,*,#831,.T.);
#833=CARTESIAN_POINT('',(0.,19.5,32.5));
#834=VERTEX_POINT('',#833);
#835=CARTESIAN_POINT('',(0.,19.5,32.5));
#836=DIRECTION('',(0.,1.,-0.));
#837=VECTOR('',#836,30.);
#838=LINE('',#835,#837);
#839=EDGE_CURVE('',#834,#825,#838,.T.);
#840=ORIENTED_EDGE('',*,*,#839,.F.);
#841=CARTESIAN_POINT('',(0.,14.5,27.5));
#842=VERTEX_POINT('',#841);
#843=CARTESIAN_POINT('',(0.,19.5,27.5));
#844=DIRECTION('',(1.,0.,0.));
#845=DIRECTION('',(0.,1.,-0.));
#846=AXIS2_PLACEMENT_3D('',#843,#844,#845);
#847=CIRCLE('',#846,5.);
#848=EDGE_CURVE('',#834,#842,#847,.T.);
#849=ORIENTED_EDGE('',*,*,#848,.T.);
#850=CARTESIAN_POINT('',(0.,14.5,13.5));
#851=VERTEX_POINT('',#850);
#852=CARTESIAN_POINT('',(0.,14.5,13.5));
#853=DIRECTION('',(0.,0.,1.));
#854=VECTOR('',#853,14.);
#855=LINE('',#852,#854);
#856=EDGE_CURVE('',#851,#842,#855,.T.);
#857=ORIENTED_EDGE('',*,*,#856,.F.);
#858=CARTESIAN_POINT('',(0.,11.5,10.5));
#859=VERTEX_POINT('',#858);
#860=CARTESIAN_POINT('',(0.,11.5,13.5));
#861=DIRECTION('',(-1.,-0.,-0.));
#862=DIRECTION('',(0.,1.,-0.));
#863=AXIS2_PLACEMENT_3D('',#860,#861,#862);
#864=CIRCLE('',#863,3.);
#865=EDGE_CURVE('',#851,#859,#864,.T.);
#866=ORIENTED_EDGE('',*,*,#865,.T.);
#867=CARTESIAN_POINT('',(0.,7.5,10.5));
#868=VERTEX_POINT('',#867);
#869=CARTESIAN_POINT('',(0.,7.5,10.5));
#870=DIRECTION('',(0.,1.,-0.));
#871=VECTOR('',#870,4.);
#872=LINE('',#869,#871);
#873=EDGE_CURVE('',#868,#859,#872,.T.);
#874=ORIENTED_EDGE('',*,*,#873,.F.);
#875=CARTESIAN_POINT('',(0.,4.5,13.5));
#876=VERTEX_POINT('',#875);
#877=CARTESIAN_POINT('',(0.,7.5,13.5));
#878=DIRECTION('',(-1.,-0.,-0.));
#879=DIRECTION('',(0.,1.,-0.));
#880=AXIS2_PLACEMENT_3D('',#877,#878,#879);
#881=CIRCLE('',#880,3.);
#882=EDGE_CURVE('',#868,#876,#881,.T.);
#883=ORIENTED_EDGE('',*,*,#882,.T.);
#884=CARTESIAN_POINT('',(0.,4.5,44.5));
#885=VERTEX_POINT('',#884);
#886=CARTESIAN_POINT('',(0.,4.5,44.5));
#887=DIRECTION('',(0.,-0.,-1.));
#888=VECTOR('',#887,31.);
#889=LINE('',#886,#888);
#890=EDGE_CURVE('',#885,#876,#889,.T.);
#891=ORIENTED_EDGE('',*,*,#890,.F.);
#892=CARTESIAN_POINT('',(0.,19.5,59.5));
#893=VERTEX_POINT('',#892);
#894=CARTESIAN_POINT('',(0.,19.5,44.5));
#895=DIRECTION('',(-1.,-0.,-0.));
#896=DIRECTION('',(0.,1.,-0.));
#897=AXIS2_PLACEMENT_3D('',#894,#895,#896);
#898=CIRCLE('',#897,15.);
#899=EDGE_CURVE('',#885,#893,#898,.T.);
#900=ORIENTED_EDGE('',*,*,#899,.T.);
#901=CARTESIAN_POINT('',(0.,49.5,59.5));
#902=VERTEX_POINT('',#901);
#903=CARTESIAN_POINT('',(0.,49.5,59.5));
#904=DIRECTION('',(0.,-1.,0.));
#905=VECTOR('',#904,30.);
#906=LINE('',#903,#905);
#907=EDGE_CURVE('',#902,#893,#906,.T.);
#908=ORIENTED_EDGE('',*,*,#907,.F.);
#909=CARTESIAN_POINT('',(0.,49.5,44.5));
#910=DIRECTION('',(-1.,-0.,-0.));
#911=DIRECTION('',(0.,1.,-0.));
#912=AXIS2_PLACEMENT_3D('',#909,#910,#911);
#913=CIRCLE('',#912,15.);
#914=EDGE_CURVE('',#902,#783,#913,.T.);
#915=ORIENTED_EDGE('',*,*,#914,.T.);
#916=EDGE_LOOP('',(#789,#798,#806,#815,#823,#832,#840,#849,#857,#866,#874,#883,#891,#900,#908,#915));
#917=FACE_BOUND('',#916,.T.);
#918=CARTESIAN_POINT('',(0.,24.292436251,38.406840236));
#919=VERTEX_POINT('',#918);
#920=CARTESIAN_POINT('',(0.,24.336744363,35.64610404));
#921=VERTEX_POINT('',#920);
#922=CARTESIAN_POINT('',(0.,24.292436251,38.406840236));
#923=CARTESIAN_POINT('',(0.,23.903888194,38.894229466));
#924=CARTESIAN_POINT('',(0.,23.30061621,38.894229466));
#925=CARTESIAN_POINT('',(0.,22.966601214,38.894229466));
#926=CARTESIAN_POINT('',(0.,22.668373538,38.759600972));
#927=CARTESIAN_POINT('',(0.,22.370145862,38.624972479));
#928=CARTESIAN_POINT('',(0.,22.177575992,38.381277864));
#929=CARTESIAN_POINT('',(0.,21.985006122,38.137583249));
#930=CARTESIAN_POINT('',(0.,21.87594,37.793343303));
#931=CARTESIAN_POINT('',(0.,21.766873879,37.449103358));
#932=CARTESIAN_POINT('',(0.,21.766873879,37.057146984));
#933=CARTESIAN_POINT('',(0.,21.766873879,36.126676637));
#934=CARTESIAN_POINT('',(0.,22.226996578,35.618837509));
#935=CARTESIAN_POINT('',(0.,22.687119278,35.110998382));
#936=CARTESIAN_POINT('',(0.,23.331291057,35.110998382));
#937=CARTESIAN_POINT('',(0.,23.97205452,35.110998382));
#938=CARTESIAN_POINT('',(0.,24.336744363,35.64610404));
#939=B_SPLINE_CURVE_WITH_KNOTS('',2,(#922,#923,#924,#925,#926,#927,#928,#929,#930,#931,#932,#933,#934,#935,#936,#937,#938),.UNSPECIFIED.,.F.,.F.,(3,2,2,2,2,2,2,2,3),(0.,0.139843618,0.217271158,0.294698698,0.372126238,0.449553778,0.633360025,0.817166273,1.),.UNSPECIFIED.);
#940=EDGE_CURVE('',#919,#921,#939,.T.);
#941=ORIENTED_EDGE('',*,*,#940,.T.);
#942=CARTESIAN_POINT('',(0.,24.336744363,35.192797973));
#943=VERTEX_POINT('',#942);
#944=CARTESIAN_POINT('',(0.,24.336744363,35.64610404));
#945=DIRECTION('',(0.,0.,-1.));
#946=VECTOR('',#945,0.453306067);
#947=LINE('',#944,#946);
#948=EDGE_CURVE('',#921,#943,#947,.T.);
#949=ORIENTED_EDGE('',*,*,#948,.T.);
#950=CARTESIAN_POINT('',(0.,24.905933184,35.192797973));
#951=VERTEX_POINT('',#950);
#952=CARTESIAN_POINT('',(0.,24.336744363,35.192797973));
#953=DIRECTION('',(0.,1.,0.));
#954=VECTOR('',#953,0.569188821);
#955=LINE('',#952,#954);
#956=EDGE_CURVE('',#943,#951,#955,.T.);
#957=ORIENTED_EDGE('',*,*,#956,.T.);
#958=CARTESIAN_POINT('',(0.,24.905933184,40.189389656));
#959=VERTEX_POINT('',#958);
#960=CARTESIAN_POINT('',(0.,24.905933184,35.192797973));
#961=DIRECTION('',(0.,0.,1.));
#962=VECTOR('',#961,4.996591684);
#963=LINE('',#960,#962);
#964=EDGE_CURVE('',#951,#959,#963,.T.);
#965=ORIENTED_EDGE('',*,*,#964,.T.);
#966=CARTESIAN_POINT('',(0.,24.292436251,40.189389656));
#967=VERTEX_POINT('',#966);
#968=CARTESIAN_POINT('',(0.,24.905933184,40.189389656));
#969=DIRECTION('',(0.,-1.,0.));
#970=VECTOR('',#969,0.613496933);
#971=LINE('',#968,#970);
#972=EDGE_CURVE('',#959,#967,#971,.T.);
#973=ORIENTED_EDGE('',*,*,#972,.T.);
#974=CARTESIAN_POINT('',(0.,24.292436251,40.189389656));
#975=DIRECTION('',(0.,0.,-1.));
#976=VECTOR('',#975,1.782549421);
#977=LINE('',#974,#976);
#978=EDGE_CURVE('',#967,#919,#977,.T.);
#979=ORIENTED_EDGE('',*,*,#978,.T.);
#980=EDGE_LOOP('',(#941,#949,#957,#965,#973,#979));
#981=FACE_BOUND('',#980,.T.);
#982=CARTESIAN_POINT('',(0.,46.811181991,40.189389656));
#983=VERTEX_POINT('',#982);
#984=CARTESIAN_POINT('',(0.,46.811181991,39.599750938));
#985=VERTEX_POINT('',#984);
#986=CARTESIAN_POINT('',(0.,46.811181991,40.189389656));
#987=DIRECTION('',(0.,0.,-1.));
#988=VECTOR('',#987,0.589638718);
#989=LINE('',#986,#988);
#990=EDGE_CURVE('',#983,#985,#989,.T.);
#991=ORIENTED_EDGE('',*,*,#990,.T.);
#992=CARTESIAN_POINT('',(0.,49.762783899,39.599750938));
#993=VERTEX_POINT('',#992);
#994=CARTESIAN_POINT('',(0.,46.811181991,39.599750938));
#995=DIRECTION('',(0.,1.,0.));
#996=VECTOR('',#995,2.951601909);
#997=LINE('',#994,#996);
#998=EDGE_CURVE('',#985,#993,#997,.T.);
#999=ORIENTED_EDGE('',*,*,#998,.T.);
#1000=CARTESIAN_POINT('',(0.,49.762783899,38.069416923));
#1001=VERTEX_POINT('',#1000);
#1002=CARTESIAN_POINT('',(0.,49.762783899,39.599750938));
#1003=DIRECTION('',(0.,0.,-1.));
#1004=VECTOR('',#1003,1.530334015);
#1005=LINE('',#1002,#1004);
#1006=EDGE_CURVE('',#993,#1001,#1005,.T.);
#1007=ORIENTED_EDGE('',*,*,#1006,.T.);
#1008=CARTESIAN_POINT('',(0.,46.998639387,38.069416923));
#1009=VERTEX_POINT('',#1008);
#1010=CARTESIAN_POINT('',(0.,49.762783899,38.069416923));
#1011=DIRECTION('',(0.,-1.,0.));
#1012=VECTOR('',#1011,2.764144513);
#1013=LINE('',#1010,#1012);
#1014=EDGE_CURVE('',#1001,#1009,#1013,.T.);
#1015=ORIENTED_EDGE('',*,*,#1014,.T.);
#1016=CARTESIAN_POINT('',(0.,46.998639387,37.483186521));
#1017=VERTEX_POINT('',#1016);
#1018=CARTESIAN_POINT('',(0.,46.998639387,38.069416923));
#1019=DIRECTION('',(0.,0.,-1.));
#1020=VECTOR('',#1019,0.586230402);
#1021=LINE('',#1018,#1020);
#1022=EDGE_CURVE('',#1009,#1017,#1021,.T.);
#1023=ORIENTED_EDGE('',*,*,#1022,.T.);
#1024=CARTESIAN_POINT('',(0.,49.762783899,37.483186521));
#1025=VERTEX_POINT('',#1024);
#1026=CARTESIAN_POINT('',(0.,46.998639387,37.483186521));
#1027=DIRECTION('',(0.,1.,0.));
#1028=VECTOR('',#1027,2.764144513);
#1029=LINE('',#1026,#1028);
#1030=EDGE_CURVE('',#1017,#1025,#1029,.T.);
#1031=ORIENTED_EDGE('',*,*,#1030,.T.);
#1032=CARTESIAN_POINT('',(0.,49.762783899,35.782436691));
#1033=VERTEX_POINT('',#1032);
#1034=CARTESIAN_POINT('',(0.,49.762783899,37.483186521));
#1035=DIRECTION('',(0.,0.,-1.));
#1036=VECTOR('',#1035,1.70074983);
#1037=LINE('',#1034,#1036);
#1038=EDGE_CURVE('',#1025,#1033,#1037,.T.);
#1039=ORIENTED_EDGE('',*,*,#1038,.T.);
#1040=CARTESIAN_POINT('',(0.,46.695299237,35.782436691));
#1041=VERTEX_POINT('',#1040);
#1042=CARTESIAN_POINT('',(0.,49.762783899,35.782436691));
#1043=DIRECTION('',(0.,-1.,0.));
#1044=VECTOR('',#1043,3.067484663);
#1045=LINE('',#1042,#1044);
#1046=EDGE_CURVE('',#1033,#1041,#1045,.T.);
#1047=ORIENTED_EDGE('',*,*,#1046,.T.);
#1048=CARTESIAN_POINT('',(0.,46.695299237,35.192797973));
#1049=VERTEX_POINT('',#1048);
#1050=CARTESIAN_POINT('',(0.,46.695299237,35.782436691));
#1051=DIRECTION('',(0.,0.,-1.));
#1052=VECTOR('',#1051,0.589638718);
#1053=LINE('',#1050,#1052);
#1054=EDGE_CURVE('',#1041,#1049,#1053,.T.);
#1055=ORIENTED_EDGE('',*,*,#1054,.T.);
#1056=CARTESIAN_POINT('',(0.,50.42399726,35.192797973));
#1057=VERTEX_POINT('',#1056);
#1058=CARTESIAN_POINT('',(0.,46.695299237,35.192797973));
#1059=DIRECTION('',(0.,1.,0.));
#1060=VECTOR('',#1059,3.728698023);
#1061=LINE('',#1058,#1060);
#1062=EDGE_CURVE('',#1049,#1057,#1061,.T.);
#1063=ORIENTED_EDGE('',*,*,#1062,.T.);
#1064=CARTESIAN_POINT('',(0.,50.42399726,40.189389656));
#1065=VERTEX_POINT('',#1064);
#1066=CARTESIAN_POINT('',(0.,50.42399726,35.192797973));
#1067=DIRECTION('',(0.,0.,1.));
#1068=VECTOR('',#1067,4.996591684);
#1069=LINE('',#1066,#1068);
#1070=EDGE_CURVE('',#1057,#1065,#1069,.T.);
#1071=ORIENTED_EDGE('',*,*,#1070,.T.);
#1072=CARTESIAN_POINT('',(0.,50.42399726,40.189389656));
#1073=DIRECTION('',(0.,-1.,0.));
#1074=VECTOR('',#1073,3.612815269);
#1075=LINE('',#1072,#1074);
#1076=EDGE_CURVE('',#1065,#983,#1075,.T.);
#1077=ORIENTED_EDGE('',*,*,#1076,.T.);
#1078=EDGE_LOOP('',(#991,#999,#1007,#1015,#1023,#1031,#1039,#1047,#1055,#1063,#1071,#1077));
#1079=FACE_BOUND('',#1078,.T.);
#1080=CARTESIAN_POINT('',(0.,31.666423126,54.483167191));
#1081=VERTEX_POINT('',#1080);
#1082=CARTESIAN_POINT('',(0.,30.221297019,55.737427587));
#1083=VERTEX_POINT('',#1082);
#1084=CARTESIAN_POINT('',(0.,31.666423126,54.483167191));
#1085=CARTESIAN_POINT('',(0.,31.151767366,54.725157648));
#1086=CARTESIAN_POINT('',(0.,30.766627625,55.069397594));
#1087=CARTESIAN_POINT('',(0.,30.381487884,55.413637539));
#1088=CARTESIAN_POINT('',(0.,30.221297019,55.737427587));
#1089=B_SPLINE_CURVE_WITH_KNOTS('',2,(#1084,#1085,#1086,#1087,#1088),.UNSPECIFIED.,.F.,.F.,(3,2,3),(0.,0.5,1.),.UNSPECIFIED.);
#1090=EDGE_CURVE('',#1081,#1083,#1089,.T.);
#1091=ORIENTED_EDGE('',*,*,#1090,.T.);
#1092=CARTESIAN_POINT('',(0.,29.825932329,55.737427587));
#1093=VERTEX_POINT('',#1092);
#1094=CARTESIAN_POINT('',(0.,30.221297019,55.737427587));
#1095=DIRECTION('',(0.,-1.,0.));
#1096=VECTOR('',#1095,0.39536469);
#1097=LINE('',#1094,#1096);
#1098=EDGE_CURVE('',#1083,#1093,#1097,.T.);
#1099=ORIENTED_EDGE('',*,*,#1098,.T.);
#1100=CARTESIAN_POINT('',(0.,29.825932329,50.720386005));
#1101=VERTEX_POINT('',#1100);
#1102=CARTESIAN_POINT('',(0.,29.825932329,55.737427587));
#1103=DIRECTION('',(0.,0.,-1.));
#1104=VECTOR('',#1103,5.017041581);
#1105=LINE('',#1102,#1104);
#1106=EDGE_CURVE('',#1093,#1101,#1105,.T.);
#1107=ORIENTED_EDGE('',*,*,#1106,.T.);
#1108=CARTESIAN_POINT('',(0.,30.439429261,50.720386005));
#1109=VERTEX_POINT('',#1108);
#1110=CARTESIAN_POINT('',(0.,29.825932329,50.720386005));
#1111=DIRECTION('',(0.,1.,0.));
#1112=VECTOR('',#1111,0.613496933);
#1113=LINE('',#1110,#1112);
#1114=EDGE_CURVE('',#1101,#1109,#1113,.T.);
#1115=ORIENTED_EDGE('',*,*,#1114,.T.);
#1116=CARTESIAN_POINT('',(0.,30.439429261,54.629724792));
#1117=VERTEX_POINT('',#1116);
#1118=CARTESIAN_POINT('',(0.,30.439429261,50.720386005));
#1119=DIRECTION('',(0.,0.,1.));
#1120=VECTOR('',#1119,3.909338787);
#1121=LINE('',#1118,#1120);
#1122=EDGE_CURVE('',#1109,#1117,#1121,.T.);
#1123=ORIENTED_EDGE('',*,*,#1122,.T.);
#1124=CARTESIAN_POINT('',(0.,31.666423126,53.890120157));
#1125=VERTEX_POINT('',#1124);
#1126=CARTESIAN_POINT('',(0.,30.439429261,54.629724792));
#1127=CARTESIAN_POINT('',(0.,30.66096982,54.418409182));
#1128=CARTESIAN_POINT('',(0.,31.020547189,54.207093572));
#1129=CARTESIAN_POINT('',(0.,31.380124558,53.995777962));
#1130=CARTESIAN_POINT('',(0.,31.666423126,53.890120157));
#1131=B_SPLINE_CURVE_WITH_KNOTS('',2,(#1126,#1127,#1128,#1129,#1130),.UNSPECIFIED.,.F.,.F.,(3,2,3),(0.,0.5,1.),.UNSPECIFIED.);
#1132=EDGE_CURVE('',#1117,#1125,#1131,.T.);
#1133=ORIENTED_EDGE('',*,*,#1132,.T.);
#1134=CARTESIAN_POINT('',(0.,31.666423126,53.890120157));
#1135=DIRECTION('',(0.,0.,1.));
#1136=VECTOR('',#1135,0.593047035);
#1137=LINE('',#1134,#1136);
#1138=EDGE_CURVE('',#1125,#1081,#1137,.T.);
#1139=ORIENTED_EDGE('',*,*,#1138,.T.);
#1140=EDGE_LOOP('',(#1091,#1099,#1107,#1115,#1123,#1133,#1139));
#1141=FACE_BOUND('',#1140,.T.);
#1142=CARTESIAN_POINT('',(0.,31.954331275,40.189389656));
#1143=VERTEX_POINT('',#1142);
#1144=CARTESIAN_POINT('',(0.,31.954331275,35.782436691));
#1145=VERTEX_POINT('',#1144);
#1146=CARTESIAN_POINT('',(0.,31.954331275,40.189389656));
#1147=DIRECTION('',(0.,0.,-1.));
#1148=VECTOR('',#1147,4.406952965);
#1149=LINE('',#1146,#1148);
#1150=EDGE_CURVE('',#1143,#1145,#1149,.T.);
#1151=ORIENTED_EDGE('',*,*,#1150,.T.);
#1152=CARTESIAN_POINT('',(0.,29.493526912,35.782436691));
#1153=VERTEX_POINT('',#1152);
#1154=CARTESIAN_POINT('',(0.,31.954331275,35.782436691));
#1155=DIRECTION('',(0.,-1.,0.));
#1156=VECTOR('',#1155,2.460804363);
#1157=LINE('',#1154,#1156);
#1158=EDGE_CURVE('',#1145,#1153,#1157,.T.);
#1159=ORIENTED_EDGE('',*,*,#1158,.T.);
#1160=CARTESIAN_POINT('',(0.,29.493526912,35.192797973));
#1161=VERTEX_POINT('',#1160);
#1162=CARTESIAN_POINT('',(0.,29.493526912,35.782436691));
#1163=DIRECTION('',(0.,0.,-1.));
#1164=VECTOR('',#1163,0.589638718);
#1165=LINE('',#1162,#1164);
#1166=EDGE_CURVE('',#1153,#1161,#1165,.T.);
#1167=ORIENTED_EDGE('',*,*,#1166,.T.);
#1168=CARTESIAN_POINT('',(0.,32.615544636,35.192797973));
#1169=VERTEX_POINT('',#1168);
#1170=CARTESIAN_POINT('',(0.,29.493526912,35.192797973));
#1171=DIRECTION('',(0.,1.,0.));
#1172=VECTOR('',#1171,3.122017723);
#1173=LINE('',#1170,#1172);
#1174=EDGE_CURVE('',#1161,#1169,#1173,.T.);
#1175=ORIENTED_EDGE('',*,*,#1174,.T.);
#1176=CARTESIAN_POINT('',(0.,32.615544636,40.189389656));
#1177=VERTEX_POINT('',#1176);
#1178=CARTESIAN_POINT('',(0.,32.615544636,35.192797973));
#1179=DIRECTION('',(0.,0.,1.));
#1180=VECTOR('',#1179,4.996591684);
#1181=LINE('',#1178,#1180);
#1182=EDGE_CURVE('',#1169,#1177,#1181,.T.);
#1183=ORIENTED_EDGE('',*,*,#1182,.T.);
#1184=CARTESIAN_POINT('',(0.,32.615544636,40.189389656));
#1185=DIRECTION('',(0.,-1.,0.));
#1186=VECTOR('',#1185,0.661213361);
#1187=LINE('',#1184,#1186);
#1188=EDGE_CURVE('',#1177,#1143,#1187,.T.);
#1189=ORIENTED_EDGE('',*,*,#1188,.T.);
#1190=EDGE_LOOP('',(#1151,#1159,#1167,#1175,#1183,#1189));
#1191=FACE_BOUND('',#1190,.T.);
#1192=CARTESIAN_POINT('',(0.,37.140179091,53.075532563));
#1193=VERTEX_POINT('',#1192);
#1194=CARTESIAN_POINT('',(0.,39.737316105,53.075532563));
#1195=VERTEX_POINT('',#1194);
#1196=CARTESIAN_POINT('',(0.,37.140179091,53.075532563));
#1197=DIRECTION('',(0.,1.,0.));
#1198=VECTOR('',#1197,2.597137014);
#1199=LINE('',#1196,#1198);
#1200=EDGE_CURVE('',#1193,#1195,#1199,.T.);
#1201=ORIENTED_EDGE('',*,*,#1200,.T.);
#1202=CARTESIAN_POINT('',(0.,39.737316105,50.720386005));
#1203=VERTEX_POINT('',#1202);
#1204=CARTESIAN_POINT('',(0.,39.737316105,53.075532563));
#1205=DIRECTION('',(0.,0.,-1.));
#1206=VECTOR('',#1205,2.355146558);
#1207=LINE('',#1204,#1206);
#1208=EDGE_CURVE('',#1195,#1203,#1207,.T.);
#1209=ORIENTED_EDGE('',*,*,#1208,.T.);
#1210=CARTESIAN_POINT('',(0.,40.398529466,50.720386005));
#1211=VERTEX_POINT('',#1210);
#1212=CARTESIAN_POINT('',(0.,39.737316105,50.720386005));
#1213=DIRECTION('',(0.,1.,0.));
#1214=VECTOR('',#1213,0.661213361);
#1215=LINE('',#1212,#1214);
#1216=EDGE_CURVE('',#1203,#1211,#1215,.T.);
#1217=ORIENTED_EDGE('',*,*,#1216,.T.);
#1218=CARTESIAN_POINT('',(0.,40.398529466,55.716977689));
#1219=VERTEX_POINT('',#1218);
#1220=CARTESIAN_POINT('',(0.,40.398529466,50.720386005));
#1221=DIRECTION('',(0.,0.,1.));
#1222=VECTOR('',#1221,4.996591684);
#1223=LINE('',#1220,#1222);
#1224=EDGE_CURVE('',#1211,#1219,#1223,.T.);
#1225=ORIENTED_EDGE('',*,*,#1224,.T.);
#1226=CARTESIAN_POINT('',(0.,39.737316105,55.716977689));
#1227=VERTEX_POINT('',#1226);
#1228=CARTESIAN_POINT('',(0.,40.398529466,55.716977689));
#1229=DIRECTION('',(0.,-1.,0.));
#1230=VECTOR('',#1229,0.661213361);
#1231=LINE('',#1228,#1230);
#1232=EDGE_CURVE('',#1219,#1227,#1231,.T.);
#1233=ORIENTED_EDGE('',*,*,#1232,.T.);
#1234=CARTESIAN_POINT('',(0.,39.737316105,53.665171281));
#1235=VERTEX_POINT('',#1234);
#1236=CARTESIAN_POINT('',(0.,39.737316105,55.716977689));
#1237=DIRECTION('',(0.,0.,-1.));
#1238=VECTOR('',#1237,2.051806408);
#1239=LINE('',#1236,#1238);
#1240=EDGE_CURVE('',#1227,#1235,#1239,.T.);
#1241=ORIENTED_EDGE('',*,*,#1240,.T.);
#1242=CARTESIAN_POINT('',(0.,37.140179091,53.665171281));
#1243=VERTEX_POINT('',#1242);
#1244=CARTESIAN_POINT('',(0.,39.737316105,53.665171281));
#1245=DIRECTION('',(0.,-1.,0.));
#1246=VECTOR('',#1245,2.597137014);
#1247=LINE('',#1244,#1246);
#1248=EDGE_CURVE('',#1235,#1243,#1247,.T.);
#1249=ORIENTED_EDGE('',*,*,#1248,.T.);
#1250=CARTESIAN_POINT('',(0.,37.140179091,55.716977689));
#1251=VERTEX_POINT('',#1250);
#1252=CARTESIAN_POINT('',(0.,37.140179091,53.665171281));
#1253=DIRECTION('',(0.,0.,1.));
#1254=VECTOR('',#1253,2.051806408);
#1255=LINE('',#1252,#1254);
#1256=EDGE_CURVE('',#1243,#1251,#1255,.T.);
#1257=ORIENTED_EDGE('',*,*,#1256,.T.);
#1258=CARTESIAN_POINT('',(0.,36.47896573,55.716977689));
#1259=VERTEX_POINT('',#1258);
#1260=CARTESIAN_POINT('',(0.,37.140179091,55.716977689));
#1261=DIRECTION('',(0.,-1.,0.));
#1262=VECTOR('',#1261,0.661213361);
#1263=LINE('',#1260,#1262);
#1264=EDGE_CURVE('',#1251,#1259,#1263,.T.);
#1265=ORIENTED_EDGE('',*,*,#1264,.T.);
#1266=CARTESIAN_POINT('',(0.,36.47896573,50.720386005));
#1267=VERTEX_POINT('',#1266);
#1268=CARTESIAN_POINT('',(0.,36.47896573,55.716977689));
#1269=DIRECTION('',(0.,0.,-1.));
#1270=VECTOR('',#1269,4.996591684);
#1271=LINE('',#1268,#1270);
#1272=EDGE_CURVE('',#1259,#1267,#1271,.T.);
#1273=ORIENTED_EDGE('',*,*,#1272,.T.);
#1274=CARTESIAN_POINT('',(0.,37.140179091,50.720386005));
#1275=VERTEX_POINT('',#1274);
#1276=CARTESIAN_POINT('',(0.,36.47896573,50.720386005));
#1277=DIRECTION('',(0.,1.,0.));
#1278=VECTOR('',#1277,0.661213361);
#1279=LINE('',#1276,#1278);
#1280=EDGE_CURVE('',#1267,#1275,#1279,.T.);
#1281=ORIENTED_EDGE('',*,*,#1280,.T.);
#1282=CARTESIAN_POINT('',(0.,37.140179091,50.720386005));
#1283=DIRECTION('',(0.,0.,1.));
#1284=VECTOR('',#1283,2.355146558);
#1285=LINE('',#1282,#1284);
#1286=EDGE_CURVE('',#1275,#1193,#1285,.T.);
#1287=ORIENTED_EDGE('',*,*,#1286,.T.);
#1288=EDGE_LOOP('',(#1201,#1209,#1217,#1225,#1233,#1241,#1249,#1257,#1265,#1273,#1281,#1287));
#1289=FACE_BOUND('',#1288,.T.);
#1290=CARTESIAN_POINT('',(0.,39.438993852,37.527494633));
#1291=VERTEX_POINT('',#1290);
#1292=CARTESIAN_POINT('',(0.,39.438993852,36.709498723));
#1293=VERTEX_POINT('',#1292);
#1294=CARTESIAN_POINT('',(0.,39.438993852,37.527494633));
#1295=DIRECTION('',(0.,0.,-1.));
#1296=VECTOR('',#1295,0.81799591);
#1297=LINE('',#1294,#1296);
#1298=EDGE_CURVE('',#1291,#1293,#1297,.T.);
#1299=ORIENTED_EDGE('',*,*,#1298,.T.);
#1300=CARTESIAN_POINT('',(0.,39.244719823,35.192797973));
#1301=VERTEX_POINT('',#1300);
#1302=CARTESIAN_POINT('',(0.,39.438993852,36.709498723));
#1303=CARTESIAN_POINT('',(0.,39.438993852,35.854011333));
#1304=CARTESIAN_POINT('',(0.,39.399798214,35.6273583));
#1305=CARTESIAN_POINT('',(0.,39.360602577,35.400705267));
#1306=CARTESIAN_POINT('',(0.,39.244719823,35.192797973));
#1307=B_SPLINE_CURVE_WITH_KNOTS('',2,(#1302,#1303,#1304,#1305,#1306),.UNSPECIFIED.,.F.,.F.,(3,2,3),(0.,0.5,1.),.UNSPECIFIED.);
#1308=EDGE_CURVE('',#1293,#1301,#1307,.T.);
#1309=ORIENTED_EDGE('',*,*,#1308,.T.);
#1310=CARTESIAN_POINT('',(0.,39.885483286,35.192797973));
#1311=VERTEX_POINT('',#1310);
#1312=CARTESIAN_POINT('',(0.,39.244719823,35.192797973));
#1313=DIRECTION('',(0.,1.,0.));
#1314=VECTOR('',#1313,0.640763463);
#1315=LINE('',#1312,#1314);
#1316=EDGE_CURVE('',#1301,#1311,#1315,.T.);
#1317=ORIENTED_EDGE('',*,*,#1316,.T.);
#1318=CARTESIAN_POINT('',(0.,40.008182672,35.639287407));
#1319=VERTEX_POINT('',#1318);
#1320=CARTESIAN_POINT('',(0.,39.885483286,35.192797973));
#1321=CARTESIAN_POINT('',(0.,39.980916142,35.383663685));
#1322=CARTESIAN_POINT('',(0.,40.008182672,35.639287407));
#1323=B_SPLINE_CURVE_WITH_KNOTS('',2,(#1320,#1321,#1322),.UNSPECIFIED.,.F.,.F.,(3,3),(0.,0.015207642),.UNSPECIFIED.);
#1324=EDGE_CURVE('',#1311,#1319,#1323,.T.);
#1325=ORIENTED_EDGE('',*,*,#1324,.T.);
#1326=CARTESIAN_POINT('',(0.,41.698707553,37.186663003));
#1327=VERTEX_POINT('',#1326);
#1328=CARTESIAN_POINT('',(0.,40.008182672,35.639287407));
#1329=CARTESIAN_POINT('',(0.,40.349014301,35.349580522));
#1330=CARTESIAN_POINT('',(0.,40.664283558,35.230289452));
#1331=CARTESIAN_POINT('',(0.,40.979552815,35.110998382));
#1332=CARTESIAN_POINT('',(0.,41.340834342,35.110998382));
#1333=CARTESIAN_POINT('',(0.,41.937289693,35.110998382));
#1334=CARTESIAN_POINT('',(0.,42.257671425,35.402409425));
#1335=CARTESIAN_POINT('',(0.,42.578053156,35.693820468));
#1336=CARTESIAN_POINT('',(0.,42.578053156,36.147126534));
#1337=CARTESIAN_POINT('',(0.,42.578053156,36.412975205));
#1338=CARTESIAN_POINT('',(0.,42.457057928,36.632811606));
#1339=CARTESIAN_POINT('',(0.,42.3360627,36.852648007));
#1340=CARTESIAN_POINT('',(0.,42.140084513,36.985572342));
#1341=CARTESIAN_POINT('',(0.,41.944106326,37.118496678));
#1342=CARTESIAN_POINT('',(0.,41.698707553,37.186663003));
#1343=B_SPLINE_CURVE_WITH_KNOTS('',2,(#1328,#1329,#1330,#1331,#1332,#1333,#1334,#1335,#1336,#1337,#1338,#1339,#1340,#1341,#1342),.UNSPECIFIED.,.F.,.F.,(3,2,2,2,2,2,2,3),(0.015207642,0.041669694,0.068131747,0.111819098,0.155506448,0.181127602,0.206748755,0.232369908),.UNSPECIFIED.);
#1344=EDGE_CURVE('',#1319,#1327,#1343,.T.);
#1345=ORIENTED_EDGE('',*,*,#1344,.T.);
#1346=CARTESIAN_POINT('',(0.,41.153376946,37.278687543));
#1347=VERTEX_POINT('',#1346);
#1348=CARTESIAN_POINT('',(0.,41.698707553,37.186663003));
#1349=CARTESIAN_POINT('',(0.,41.51806679,37.234379431));
#1350=CARTESIAN_POINT('',(0.,41.153376946,37.278687543));
#1351=B_SPLINE_CURVE_WITH_KNOTS('',2,(#1348,#1349,#1350),.UNSPECIFIED.,.F.,.F.,(3,3),(0.232369908,0.251165162),.UNSPECIFIED.);
#1352=EDGE_CURVE('',#1327,#1347,#1351,.T.);
#1353=ORIENTED_EDGE('',*,*,#1352,.T.);
#1354=CARTESIAN_POINT('',(0.,40.059307417,37.490003153));
#1355=VERTEX_POINT('',#1354);
#1356=CARTESIAN_POINT('',(0.,41.153376946,37.278687543));
#1357=CARTESIAN_POINT('',(0.,40.410363995,37.367303767));
#1358=CARTESIAN_POINT('',(0.,40.059307417,37.490003153));
#1359=B_SPLINE_CURVE_WITH_KNOTS('',2,(#1356,#1357,#1358),.UNSPECIFIED.,.F.,.F.,(3,3),(0.251165162,0.289448169),.UNSPECIFIED.);
#1360=EDGE_CURVE('',#1347,#1355,#1359,.T.);
#1361=ORIENTED_EDGE('',*,*,#1360,.T.);
#1362=CARTESIAN_POINT('',(0.,40.229723231,38.178483044));
#1363=VERTEX_POINT('',#1362);
#1364=CARTESIAN_POINT('',(0.,40.059307417,37.490003153));
#1365=CARTESIAN_POINT('',(0.,40.0558991,37.616110856));
#1366=CARTESIAN_POINT('',(0.,40.0558991,37.650194019));
#1367=CARTESIAN_POINT('',(0.,40.0558991,38.025108811));
#1368=CARTESIAN_POINT('',(0.,40.229723231,38.178483044));
#1369=B_SPLINE_CURVE_WITH_KNOTS('',2,(#1364,#1365,#1366,#1367,#1368),.UNSPECIFIED.,.F.,.F.,(3,2,3),(0.289448169,0.302434953,0.445289578),.UNSPECIFIED.);
#1370=EDGE_CURVE('',#1355,#1363,#1369,.T.);
#1371=ORIENTED_EDGE('',*,*,#1370,.T.);
#1372=CARTESIAN_POINT('',(0.,41.872531684,37.697910447));
#1373=VERTEX_POINT('',#1372);
#1374=CARTESIAN_POINT('',(0.,40.229723231,38.178483044));
#1375=CARTESIAN_POINT('',(0.,40.464897055,38.386390338));
#1376=CARTESIAN_POINT('',(0.,40.928428071,38.386390338));
#1377=CARTESIAN_POINT('',(0.,41.36128424,38.386390338));
#1378=CARTESIAN_POINT('',(0.,41.567487376,38.234720263));
#1379=CARTESIAN_POINT('',(0.,41.773690511,38.083050188));
#1380=CARTESIAN_POINT('',(0.,41.872531684,37.697910447));
#1381=B_SPLINE_CURVE_WITH_KNOTS('',2,(#1374,#1375,#1376,#1377,#1378,#1379,#1380),.UNSPECIFIED.,.F.,.F.,(3,2,2,3),(0.445289578,0.638727059,0.819363529,1.),.UNSPECIFIED.);
#1382=EDGE_CURVE('',#1363,#1373,#1381,.T.);
#1383=ORIENTED_EDGE('',*,*,#1382,.T.);
#1384=CARTESIAN_POINT('',(0.,42.472395351,37.779710038));
#1385=VERTEX_POINT('',#1384);
#1386=CARTESIAN_POINT('',(0.,41.872531684,37.697910447));
#1387=DIRECTION('',(0.,0.990830168,0.135113205));
#1388=VECTOR('',#1387,0.605415223);
#1389=LINE('',#1386,#1388);
#1390=EDGE_CURVE('',#1373,#1385,#1389,.T.);
#1391=ORIENTED_EDGE('',*,*,#1390,.T.);
#1392=CARTESIAN_POINT('',(0.,39.469668698,38.093275137));
#1393=VERTEX_POINT('',#1392);
#1394=CARTESIAN_POINT('',(0.,42.472395351,37.779710038));
#1395=CARTESIAN_POINT('',(0.,42.39059576,38.164849779));
#1396=CARTESIAN_POINT('',(0.,42.203138364,38.401727761));
#1397=CARTESIAN_POINT('',(0.,42.015680968,38.638605744));
#1398=CARTESIAN_POINT('',(0.,41.661216074,38.766417605));
#1399=CARTESIAN_POINT('',(0.,41.306751179,38.894229466));
#1400=CARTESIAN_POINT('',(0.,40.839811847,38.894229466));
#1401=CARTESIAN_POINT('',(0.,40.376280832,38.894229466));
#1402=CARTESIAN_POINT('',(0.,40.086573947,38.785163344));
#1403=CARTESIAN_POINT('',(0.,39.796867062,38.676097223));
#1404=CARTESIAN_POINT('',(0.,39.660534411,38.510793883));
#1405=CARTESIAN_POINT('',(0.,39.524201759,38.345490543));
#1406=CARTESIAN_POINT('',(0.,39.469668698,38.093275137));
#1407=B_SPLINE_CURVE_WITH_KNOTS('',2,(#1394,#1395,#1396,#1397,#1398,#1399,#1400,#1401,#1402,#1403,#1404,#1405,#1406),.UNSPECIFIED.,.F.,.F.,(3,2,2,2,2,2,3),(0.,0.151683271,0.303366543,0.455049814,0.605625908,0.756202003,0.906778097),.UNSPECIFIED.);
#1408=EDGE_CURVE('',#1385,#1393,#1407,.T.);
#1409=ORIENTED_EDGE('',*,*,#1408,.T.);
#1410=CARTESIAN_POINT('',(0.,39.469668698,38.093275137));
#1411=CARTESIAN_POINT('',(0.,39.438993852,37.936492588));
#1412=CARTESIAN_POINT('',(0.,39.438993852,37.527494633));
#1413=B_SPLINE_CURVE_WITH_KNOTS('',2,(#1410,#1411,#1412),.UNSPECIFIED.,.F.,.F.,(3,3),(0.906778097,1.),.UNSPECIFIED.);
#1414=EDGE_CURVE('',#1393,#1291,#1413,.T.);
#1415=ORIENTED_EDGE('',*,*,#1414,.T.);
#1416=EDGE_LOOP('',(#1299,#1309,#1317,#1325,#1345,#1353,#1361,#1371,#1383,#1391,#1409,#1415));
#1417=FACE_BOUND('',#1416,.T.);
#1418=CARTESIAN_POINT('',(0.,45.439429261,50.720386005));
#1419=VERTEX_POINT('',#1418);
#1420=CARTESIAN_POINT('',(0.,45.439429261,55.716977689));
#1421=VERTEX_POINT('',#1420);
#1422=CARTESIAN_POINT('',(0.,45.439429261,50.720386005));
#1423=DIRECTION('',(0.,0.,1.));
#1424=VECTOR('',#1423,4.996591684);
#1425=LINE('',#1422,#1424);
#1426=EDGE_CURVE('',#1419,#1421,#1425,.T.);
#1427=ORIENTED_EDGE('',*,*,#1426,.T.);
#1428=CARTESIAN_POINT('',(0.,44.778215901,55.716977689));
#1429=VERTEX_POINT('',#1428);
#1430=CARTESIAN_POINT('',(0.,45.439429261,55.716977689));
#1431=DIRECTION('',(0.,-1.,0.));
#1432=VECTOR('',#1431,0.661213361);
#1433=LINE('',#1430,#1432);
#1434=EDGE_CURVE('',#1421,#1429,#1433,.T.);
#1435=ORIENTED_EDGE('',*,*,#1434,.T.);
#1436=CARTESIAN_POINT('',(0.,44.778215901,53.665171281));
#1437=VERTEX_POINT('',#1436);
#1438=CARTESIAN_POINT('',(0.,44.778215901,55.716977689));
#1439=DIRECTION('',(0.,0.,-1.));
#1440=VECTOR('',#1439,2.051806408);
#1441=LINE('',#1438,#1440);
#1442=EDGE_CURVE('',#1429,#1437,#1441,.T.);
#1443=ORIENTED_EDGE('',*,*,#1442,.T.);
#1444=CARTESIAN_POINT('',(0.,42.181078886,53.665171281));
#1445=VERTEX_POINT('',#1444);
#1446=CARTESIAN_POINT('',(0.,44.778215901,53.665171281));
#1447=DIRECTION('',(0.,-1.,0.));
#1448=VECTOR('',#1447,2.597137014);
#1449=LINE('',#1446,#1448);
#1450=EDGE_CURVE('',#1437,#1445,#1449,.T.);
#1451=ORIENTED_EDGE('',*,*,#1450,.T.);
#1452=CARTESIAN_POINT('',(0.,42.181078886,55.716977689));
#1453=VERTEX_POINT('',#1452);
#1454=CARTESIAN_POINT('',(0.,42.181078886,53.665171281));
#1455=DIRECTION('',(0.,0.,1.));
#1456=VECTOR('',#1455,2.051806408);
#1457=LINE('',#1454,#1456);
#1458=EDGE_CURVE('',#1445,#1453,#1457,.T.);
#1459=ORIENTED_EDGE('',*,*,#1458,.T.);
#1460=CARTESIAN_POINT('',(0.,41.519865526,55.716977689));
#1461=VERTEX_POINT('',#1460);
#1462=CARTESIAN_POINT('',(0.,42.181078886,55.716977689));
#1463=DIRECTION('',(0.,-1.,0.));
#1464=VECTOR('',#1463,0.661213361);
#1465=LINE('',#1462,#1464);
#1466=EDGE_CURVE('',#1453,#1461,#1465,.T.);
#1467=ORIENTED_EDGE('',*,*,#1466,.T.);
#1468=CARTESIAN_POINT('',(0.,41.519865526,50.720386005));
#1469=VERTEX_POINT('',#1468);
#1470=CARTESIAN_POINT('',(0.,41.519865526,55.716977689));
#1471=DIRECTION('',(0.,0.,-1.));
#1472=VECTOR('',#1471,4.996591684);
#1473=LINE('',#1470,#1472);
#1474=EDGE_CURVE('',#1461,#1469,#1473,.T.);
#1475=ORIENTED_EDGE('',*,*,#1474,.T.);
#1476=CARTESIAN_POINT('',(0.,42.181078886,50.720386005));
#1477=VERTEX_POINT('',#1476);
#1478=CARTESIAN_POINT('',(0.,41.519865526,50.720386005));
#1479=DIRECTION('',(0.,1.,0.));
#1480=VECTOR('',#1479,0.661213361);
#1481=LINE('',#1478,#1480);
#1482=EDGE_CURVE('',#1469,#1477,#1481,.T.);
#1483=ORIENTED_EDGE('',*,*,#1482,.T.);
#1484=CARTESIAN_POINT('',(0.,42.181078886,53.075532563));
#1485=VERTEX_POINT('',#1484);
#1486=CARTESIAN_POINT('',(0.,42.181078886,50.720386005));
#1487=DIRECTION('',(0.,0.,1.));
#1488=VECTOR('',#1487,2.355146558);
#1489=LINE('',#1486,#1488);
#1490=EDGE_CURVE('',#1477,#1485,#1489,.T.);
#1491=ORIENTED_EDGE('',*,*,#1490,.T.);
#1492=CARTESIAN_POINT('',(0.,44.778215901,53.075532563));
#1493=VERTEX_POINT('',#1492);
#1494=CARTESIAN_POINT('',(0.,42.181078886,53.075532563));
#1495=DIRECTION('',(0.,1.,0.));
#1496=VECTOR('',#1495,2.597137014);
#1497=LINE('',#1494,#1496);
#1498=EDGE_CURVE('',#1485,#1493,#1497,.T.);
#1499=ORIENTED_EDGE('',*,*,#1498,.T.);
#1500=CARTESIAN_POINT('',(0.,44.778215901,50.720386005));
#1501=VERTEX_POINT('',#1500);
#1502=CARTESIAN_POINT('',(0.,44.778215901,53.075532563));
#1503=DIRECTION('',(0.,0.,-1.));
#1504=VECTOR('',#1503,2.355146558);
#1505=LINE('',#1502,#1504);
#1506=EDGE_CURVE('',#1493,#1501,#1505,.T.);
#1507=ORIENTED_EDGE('',*,*,#1506,.T.);
#1508=CARTESIAN_POINT('',(0.,44.778215901,50.720386005));
#1509=DIRECTION('',(0.,1.,0.));
#1510=VECTOR('',#1509,0.661213361);
#1511=LINE('',#1508,#1510);
#1512=EDGE_CURVE('',#1501,#1419,#1511,.T.);
#1513=ORIENTED_EDGE('',*,*,#1512,.T.);
#1514=EDGE_LOOP('',(#1427,#1435,#1443,#1451,#1459,#1467,#1475,#1483,#1491,#1499,#1507,#1513));
#1515=FACE_BOUND('',#1514,.T.);
#1516=ADVANCED_FACE('',(#159,#193,#297,#409,#537,#611,#739,#759,#779,#917,#981,#1079,#1141,#1191,#1289,#1417,#1515),#31,.F.);
#1517=CARTESIAN_POINT('',(5.,69.5,10.5));
#1518=DIRECTION('',(0.,0.,1.));
#1519=DIRECTION('',(0.,-1.,0.));
#1520=AXIS2_PLACEMENT_3D('',#1517,#1518,#1519);
#1521=PLANE('',#1520);
#1522=ORIENTED_EDGE('',*,*,#805,.T.);
#1523=CARTESIAN_POINT('',(30.,61.5,10.5));
#1524=VERTEX_POINT('',#1523);
#1525=CARTESIAN_POINT('',(0.,61.5,10.5));
#1526=DIRECTION('',(1.,0.,-0.));
#1527=VECTOR('',#1526,30.);
#1528=LINE('',#1525,#1527);
#1529=EDGE_CURVE('',#791,#1524,#1528,.T.);
#1530=ORIENTED_EDGE('',*,*,#1529,.T.);
#1531=CARTESIAN_POINT('',(30.,57.5,10.5));
#1532=VERTEX_POINT('',#1531);
#1533=CARTESIAN_POINT('',(30.,61.5,10.5));
#1534=DIRECTION('',(-0.,-1.,0.));
#1535=VECTOR('',#1534,4.);
#1536=LINE('',#1533,#1535);
#1537=EDGE_CURVE('',#1524,#1532,#1536,.T.);
#1538=ORIENTED_EDGE('',*,*,#1537,.T.);
#1539=CARTESIAN_POINT('',(30.,57.5,10.5));
#1540=DIRECTION('',(-1.,0.,0.));
#1541=VECTOR('',#1540,30.);
#1542=LINE('',#1539,#1541);
#1543=EDGE_CURVE('',#1532,#800,#1542,.T.);
#1544=ORIENTED_EDGE('',*,*,#1543,.T.);
#1545=EDGE_LOOP('',(#1522,#1530,#1538,#1544));
#1546=FACE_BOUND('',#1545,.T.);
#1547=ADVANCED_FACE('',(#1546),#1521,.F.);
#1548=CARTESIAN_POINT('',(5.,69.5,10.5));
#1549=DIRECTION('',(0.,0.,1.));
#1550=DIRECTION('',(0.,-1.,0.));
#1551=AXIS2_PLACEMENT_3D('',#1548,#1549,#1550);
#1552=PLANE('',#1551);
#1553=CARTESIAN_POINT('',(30.,11.5,10.5));
#1554=VERTEX_POINT('',#1553);
#1555=CARTESIAN_POINT('',(30.,7.5,10.5));
#1556=VERTEX_POINT('',#1555);
#1557=CARTESIAN_POINT('',(30.,11.5,10.5));
#1558=DIRECTION('',(-0.,-1.,0.));
#1559=VECTOR('',#1558,4.);
#1560=LINE('',#1557,#1559);
#1561=EDGE_CURVE('',#1554,#1556,#1560,.T.);
#1562=ORIENTED_EDGE('',*,*,#1561,.T.);
#1563=CARTESIAN_POINT('',(30.,7.5,10.5));
#1564=DIRECTION('',(-1.,-0.,0.));
#1565=VECTOR('',#1564,30.);
#1566=LINE('',#1563,#1565);
#1567=EDGE_CURVE('',#1556,#868,#1566,.T.);
#1568=ORIENTED_EDGE('',*,*,#1567,.T.);
#1569=ORIENTED_EDGE('',*,*,#873,.T.);
#1570=CARTESIAN_POINT('',(0.,11.5,10.5));
#1571=DIRECTION('',(1.,-0.,-0.));
#1572=VECTOR('',#1571,30.);
#1573=LINE('',#1570,#1572);
#1574=EDGE_CURVE('',#859,#1554,#1573,.T.);
#1575=ORIENTED_EDGE('',*,*,#1574,.T.);
#1576=EDGE_LOOP('',(#1562,#1568,#1569,#1575));
#1577=FACE_BOUND('',#1576,.T.);
#1578=ADVANCED_FACE('',(#1577),#1552,.F.);
#1579=CARTESIAN_POINT('',(5.,69.5,0.5));
#1580=DIRECTION('',(1.,0.,0.));
#1581=DIRECTION('',(0.,0.,1.));
#1582=AXIS2_PLACEMENT_3D('',#1579,#1580,#1581);
#1583=PLANE('',#1582);
#1584=CARTESIAN_POINT('',(5.,7.5,44.5));
#1585=VERTEX_POINT('',#1584);
#1586=CARTESIAN_POINT('',(5.,7.5,28.5));
#1587=VERTEX_POINT('',#1586);
#1588=CARTESIAN_POINT('',(5.,7.5,44.5));
#1589=DIRECTION('',(0.,-0.,-1.));
#1590=VECTOR('',#1589,16.);
#1591=LINE('',#1588,#1590);
#1592=EDGE_CURVE('',#1585,#1587,#1591,.T.);
#1593=ORIENTED_EDGE('',*,*,#1592,.T.);
#1594=CARTESIAN_POINT('',(5.,11.5,28.5));
#1595=VERTEX_POINT('',#1594);
#1596=CARTESIAN_POINT('',(5.,7.5,28.5));
#1597=DIRECTION('',(0.,1.,-0.));
#1598=VECTOR('',#1597,4.);
#1599=LINE('',#1596,#1598);
#1600=EDGE_CURVE('',#1587,#1595,#1599,.T.);
#1601=ORIENTED_EDGE('',*,*,#1600,.T.);
#1602=CARTESIAN_POINT('',(5.,11.562704792,28.499672333));
#1603=VERTEX_POINT('',#1602);
#1604=CARTESIAN_POINT('',(5.,11.5,22.5));
#1605=DIRECTION('',(-1.,-0.,-0.));
#1606=DIRECTION('',(0.,1.,-0.));
#1607=AXIS2_PLACEMENT_3D('',#1604,#1605,#1606);
#1608=CIRCLE('',#1607,6.);
#1609=EDGE_CURVE('',#1595,#1603,#1608,.T.);
#1610=ORIENTED_EDGE('',*,*,#1609,.T.);
#1611=CARTESIAN_POINT('',(5.,19.5,35.5));
#1612=VERTEX_POINT('',#1611);
#1613=CARTESIAN_POINT('',(5.,19.5,27.5));
#1614=DIRECTION('',(-1.,-0.,-0.));
#1615=DIRECTION('',(0.,1.,-0.));
#1616=AXIS2_PLACEMENT_3D('',#1613,#1614,#1615);
#1617=CIRCLE('',#1616,8.);
#1618=EDGE_CURVE('',#1603,#1612,#1617,.T.);
#1619=ORIENTED_EDGE('',*,*,#1618,.T.);
#1620=CARTESIAN_POINT('',(5.,49.5,35.5));
#1621=VERTEX_POINT('',#1620);
#1622=CARTESIAN_POINT('',(5.,19.5,35.5));
#1623=DIRECTION('',(-0.,1.,-0.));
#1624=VECTOR('',#1623,30.);
#1625=LINE('',#1622,#1624);
#1626=EDGE_CURVE('',#1612,#1621,#1625,.T.);
#1627=ORIENTED_EDGE('',*,*,#1626,.T.);
#1628=CARTESIAN_POINT('',(5.,57.437295208,28.499672333));
#1629=VERTEX_POINT('',#1628);
#1630=CARTESIAN_POINT('',(5.,49.5,27.5));
#1631=DIRECTION('',(-1.,-0.,-0.));
#1632=DIRECTION('',(0.,1.,-0.));
#1633=AXIS2_PLACEMENT_3D('',#1630,#1631,#1632);
#1634=CIRCLE('',#1633,8.);
#1635=EDGE_CURVE('',#1621,#1629,#1634,.T.);
#1636=ORIENTED_EDGE('',*,*,#1635,.T.);
#1637=CARTESIAN_POINT('',(5.,57.5,28.5));
#1638=VERTEX_POINT('',#1637);
#1639=CARTESIAN_POINT('',(5.,57.5,22.5));
#1640=DIRECTION('',(-1.,-0.,-0.));
#1641=DIRECTION('',(0.,1.,-0.));
#1642=AXIS2_PLACEMENT_3D('',#1639,#1640,#1641);
#1643=CIRCLE('',#1642,6.);
#1644=EDGE_CURVE('',#1629,#1638,#1643,.T.);
#1645=ORIENTED_EDGE('',*,*,#1644,.T.);
#1646=CARTESIAN_POINT('',(5.,61.5,28.5));
#1647=VERTEX_POINT('',#1646);
#1648=CARTESIAN_POINT('',(5.,57.5,28.5));
#1649=DIRECTION('',(-0.,1.,-0.));
#1650=VECTOR('',#1649,4.);
#1651=LINE('',#1648,#1650);
#1652=EDGE_CURVE('',#1638,#1647,#1651,.T.);
#1653=ORIENTED_EDGE('',*,*,#1652,.T.);
#1654=CARTESIAN_POINT('',(5.,61.5,44.5));
#1655=VERTEX_POINT('',#1654);
#1656=CARTESIAN_POINT('',(5.,61.5,28.5));
#1657=DIRECTION('',(-0.,0.,1.));
#1658=VECTOR('',#1657,16.);
#1659=LINE('',#1656,#1658);
#1660=EDGE_CURVE('',#1647,#1655,#1659,.T.);
#1661=ORIENTED_EDGE('',*,*,#1660,.T.);
#1662=CARTESIAN_POINT('',(5.,49.5,56.5));
#1663=VERTEX_POINT('',#1662);
#1664=CARTESIAN_POINT('',(5.,49.5,44.5));
#1665=DIRECTION('',(1.,0.,0.));
#1666=DIRECTION('',(0.,1.,-0.));
#1667=AXIS2_PLACEMENT_3D('',#1664,#1665,#1666);
#1668=CIRCLE('',#1667,12.);
#1669=EDGE_CURVE('',#1655,#1663,#1668,.T.);
#1670=ORIENTED_EDGE('',*,*,#1669,.T.);
#1671=CARTESIAN_POINT('',(5.,19.5,56.5));
#1672=VERTEX_POINT('',#1671);
#1673=CARTESIAN_POINT('',(5.,49.5,56.5));
#1674=DIRECTION('',(0.,-1.,0.));
#1675=VECTOR('',#1674,30.);
#1676=LINE('',#1673,#1675);
#1677=EDGE_CURVE('',#1663,#1672,#1676,.T.);
#1678=ORIENTED_EDGE('',*,*,#1677,.T.);
#1679=CARTESIAN_POINT('',(5.,19.5,44.5));
#1680=DIRECTION('',(1.,0.,0.));
#1681=DIRECTION('',(0.,1.,-0.));
#1682=AXIS2_PLACEMENT_3D('',#1679,#1680,#1681);
#1683=CIRCLE('',#1682,12.);
#1684=EDGE_CURVE('',#1672,#1585,#1683,.T.);
#1685=ORIENTED_EDGE('',*,*,#1684,.T.);
#1686=EDGE_LOOP('',(#1593,#1601,#1610,#1619,#1627,#1636,#1645,#1653,#1661,#1670,#1678,#1685));
#1687=FACE_BOUND('',#1686,.T.);
#1688=CARTESIAN_POINT('',(5.,54.,45.5));
#1689=VERTEX_POINT('',#1688);
#1690=CARTESIAN_POINT('',(5.,49.5,45.5));
#1691=DIRECTION('',(-1.,-0.,-0.));
#1692=DIRECTION('',(0.,1.,-0.));
#1693=AXIS2_PLACEMENT_3D('',#1690,#1691,#1692);
#1694=CIRCLE('',#1693,4.5);
#1695=EDGE_CURVE('',#1689,#1689,#1694,.T.);
#1696=ORIENTED_EDGE('',*,*,#1695,.T.);
#1697=EDGE_LOOP('',(#1696));
#1698=FACE_BOUND('',#1697,.T.);
#1699=CARTESIAN_POINT('',(5.,24.,45.5));
#1700=VERTEX_POINT('',#1699);
#1701=CARTESIAN_POINT('',(5.,19.5,45.5));
#1702=DIRECTION('',(-1.,-0.,-0.));
#1703=DIRECTION('',(0.,1.,-0.));
#1704=AXIS2_PLACEMENT_3D('',#1701,#1702,#1703);
#1705=CIRCLE('',#1704,4.5);
#1706=EDGE_CURVE('',#1700,#1700,#1705,.T.);
#1707=ORIENTED_EDGE('',*,*,#1706,.T.);
#1708=EDGE_LOOP('',(#1707));
#1709=FACE_BOUND('',#1708,.T.);
#1710=ADVANCED_FACE('',(#1687,#1698,#1709),#1583,.T.);
#1711=CARTESIAN_POINT('',(5.,64.5,0.5));
#1712=DIRECTION('',(0.,-1.,0.));
#1713=DIRECTION('',(1.,0.,0.));
#1714=AXIS2_PLACEMENT_3D('',#1711,#1712,#1713);
#1715=PLANE('',#1714);
#1716=CARTESIAN_POINT('',(42.,64.5,25.5));
#1717=VERTEX_POINT('',#1716);
#1718=CARTESIAN_POINT('',(30.,64.5,13.5));
#1719=VERTEX_POINT('',#1718);
#1720=CARTESIAN_POINT('',(30.,64.5,25.5));
#1721=DIRECTION('',(-0.,1.,-0.));
#1722=DIRECTION('',(1.,0.,0.));
#1723=AXIS2_PLACEMENT_3D('',#1720,#1721,#1722);
#1724=CIRCLE('',#1723,12.);
#1725=EDGE_CURVE('',#1717,#1719,#1724,.T.);
#1726=ORIENTED_EDGE('',*,*,#1725,.T.);
#1727=CARTESIAN_POINT('',(30.,64.5,13.5));
#1728=DIRECTION('',(-1.,-0.,0.));
#1729=VECTOR('',#1728,30.);
#1730=LINE('',#1727,#1729);
#1731=EDGE_CURVE('',#1719,#781,#1730,.T.);
#1732=ORIENTED_EDGE('',*,*,#1731,.T.);
#1733=ORIENTED_EDGE('',*,*,#788,.T.);
#1734=CARTESIAN_POINT('',(2.,64.5,44.5));
#1735=VERTEX_POINT('',#1734);
#1736=CARTESIAN_POINT('',(0.,64.5,44.5));
#1737=DIRECTION('',(1.,-0.,-0.));
#1738=VECTOR('',#1737,2.);
#1739=LINE('',#1736,#1738);
#1740=EDGE_CURVE('',#783,#1735,#1739,.T.);
#1741=ORIENTED_EDGE('',*,*,#1740,.T.);
#1742=CARTESIAN_POINT('',(2.,64.5,22.5));
#1743=VERTEX_POINT('',#1742);
#1744=CARTESIAN_POINT('',(2.,64.5,44.5));
#1745=DIRECTION('',(0.,-0.,-1.));
#1746=VECTOR('',#1745,22.);
#1747=LINE('',#1744,#1746);
#1748=EDGE_CURVE('',#1735,#1743,#1747,.T.);
#1749=ORIENTED_EDGE('',*,*,#1748,.T.);
#1750=CARTESIAN_POINT('',(29.757359313,64.5,22.5));
#1751=VERTEX_POINT('',#1750);
#1752=CARTESIAN_POINT('',(2.,64.5,22.5));
#1753=DIRECTION('',(1.,-0.,-0.));
#1754=VECTOR('',#1753,27.757359313);
#1755=LINE('',#1752,#1754);
#1756=EDGE_CURVE('',#1743,#1751,#1755,.T.);
#1757=ORIENTED_EDGE('',*,*,#1756,.T.);
#1758=CARTESIAN_POINT('',(34.,64.5,24.257359313));
#1759=VERTEX_POINT('',#1758);
#1760=CARTESIAN_POINT('',(29.757359313,64.5,28.5));
#1761=DIRECTION('',(0.,-1.,0.));
#1762=DIRECTION('',(1.,0.,0.));
#1763=AXIS2_PLACEMENT_3D('',#1760,#1761,#1762);
#1764=CIRCLE('',#1763,6.);
#1765=EDGE_CURVE('',#1751,#1759,#1764,.T.);
#1766=ORIENTED_EDGE('',*,*,#1765,.T.);
#1767=CARTESIAN_POINT('',(40.242640687,64.5,30.5));
#1768=VERTEX_POINT('',#1767);
#1769=CARTESIAN_POINT('',(34.,64.5,24.257359313));
#1770=DIRECTION('',(0.707106781,0.,0.707106781));
#1771=VECTOR('',#1770,8.828427125);
#1772=LINE('',#1769,#1771);
#1773=EDGE_CURVE('',#1759,#1768,#1772,.T.);
#1774=ORIENTED_EDGE('',*,*,#1773,.T.);
#1775=CARTESIAN_POINT('',(42.,64.5,30.5));
#1776=VERTEX_POINT('',#1775);
#1777=CARTESIAN_POINT('',(40.242640687,64.5,30.5));
#1778=DIRECTION('',(1.,-0.,-0.));
#1779=VECTOR('',#1778,1.757359313);
#1780=LINE('',#1777,#1779);
#1781=EDGE_CURVE('',#1768,#1776,#1780,.T.);
#1782=ORIENTED_EDGE('',*,*,#1781,.T.);
#1783=CARTESIAN_POINT('',(42.,64.5,30.5));
#1784=DIRECTION('',(-0.,-0.,-1.));
#1785=VECTOR('',#1784,5.);
#1786=LINE('',#1783,#1785);
#1787=EDGE_CURVE('',#1776,#1717,#1786,.T.);
#1788=ORIENTED_EDGE('',*,*,#1787,.T.);
#1789=EDGE_LOOP('',(#1726,#1732,#1733,#1741,#1749,#1757,#1766,#1774,#1782,#1788));
#1790=FACE_BOUND('',#1789,.T.);
#1791=ADVANCED_FACE('',(#1790),#1715,.F.);
#1792=CARTESIAN_POINT('',(5.,34.5,59.5));
#1793=DIRECTION('',(0.,-0.,-1.));
#1794=DIRECTION('',(0.,1.,-0.));
#1795=AXIS2_PLACEMENT_3D('',#1792,#1793,#1794);
#1796=PLANE('',#1795);
#1797=CARTESIAN_POINT('',(2.,19.5,59.5));
#1798=VERTEX_POINT('',#1797);
#1799=CARTESIAN_POINT('',(0.,19.5,59.5));
#1800=DIRECTION('',(1.,-0.,-0.));
#1801=VECTOR('',#1800,2.);
#1802=LINE('',#1799,#1801);
#1803=EDGE_CURVE('',#893,#1798,#1802,.T.);
#1804=ORIENTED_EDGE('',*,*,#1803,.T.);
#1805=CARTESIAN_POINT('',(2.,49.5,59.5));
#1806=VERTEX_POINT('',#1805);
#1807=CARTESIAN_POINT('',(2.,19.5,59.5));
#1808=DIRECTION('',(-0.,1.,-0.));
#1809=VECTOR('',#1808,30.);
#1810=LINE('',#1807,#1809);
#1811=EDGE_CURVE('',#1798,#1806,#1810,.T.);
#1812=ORIENTED_EDGE('',*,*,#1811,.T.);
#1813=CARTESIAN_POINT('',(2.,49.5,59.5));
#1814=DIRECTION('',(-1.,0.,0.));
#1815=VECTOR('',#1814,2.);
#1816=LINE('',#1813,#1815);
#1817=EDGE_CURVE('',#1806,#902,#1816,.T.);
#1818=ORIENTED_EDGE('',*,*,#1817,.T.);
#1819=ORIENTED_EDGE('',*,*,#907,.T.);
#1820=EDGE_LOOP('',(#1804,#1812,#1818,#1819));
#1821=FACE_BOUND('',#1820,.T.);
#1822=ADVANCED_FACE('',(#1821),#1796,.F.);
#1823=CARTESIAN_POINT('',(5.,49.5,45.5));
#1824=DIRECTION('',(-1.,0.,0.));
#1825=DIRECTION('',(0.,-1.,0.));
#1826=AXIS2_PLACEMENT_3D('',#1823,#1824,#1825);
#1827=CYLINDRICAL_SURFACE('',#1826,2.5);
#1828=CARTESIAN_POINT('',(3.,47.,45.5));
#1829=VERTEX_POINT('',#1828);
#1830=CARTESIAN_POINT('',(0.,47.,45.5));
#1831=DIRECTION('',(1.,-0.,-0.));
#1832=VECTOR('',#1831,3.);
#1833=LINE('',#1830,#1832);
#1834=EDGE_CURVE('',#763,#1829,#1833,.T.);
#1835=ORIENTED_EDGE('',*,*,#1834,.F.);
#1836=ORIENTED_EDGE('',*,*,#769,.F.);
#1837=ORIENTED_EDGE('',*,*,#776,.F.);
#1838=ORIENTED_EDGE('',*,*,#1834,.T.);
#1839=CARTESIAN_POINT('',(3.,52.,45.5));
#1840=VERTEX_POINT('',#1839);
#1841=CARTESIAN_POINT('',(3.,49.5,45.5));
#1842=DIRECTION('',(1.,0.,0.));
#1843=DIRECTION('',(0.,1.,-0.));
#1844=AXIS2_PLACEMENT_3D('',#1841,#1842,#1843);
#1845=CIRCLE('',#1844,2.5);
#1846=EDGE_CURVE('',#1829,#1840,#1845,.T.);
#1847=ORIENTED_EDGE('',*,*,#1846,.T.);
#1848=CARTESIAN_POINT('',(3.,49.5,45.5));
#1849=DIRECTION('',(1.,0.,0.));
#1850=DIRECTION('',(0.,1.,-0.));
#1851=AXIS2_PLACEMENT_3D('',#1848,#1849,#1850);
#1852=CIRCLE('',#1851,2.5);
#1853=EDGE_CURVE('',#1840,#1829,#1852,.T.);
#1854=ORIENTED_EDGE('',*,*,#1853,.T.);
#1855=EDGE_LOOP('',(#1835,#1836,#1837,#1838,#1847,#1854));
#1856=FACE_BOUND('',#1855,.T.);
#1857=ADVANCED_FACE('',(#1856),#1827,.F.);
#1858=CARTESIAN_POINT('',(5.,4.5,30.5));
#1859=DIRECTION('',(0.,1.,-0.));
#1860=DIRECTION('',(-1.,0.,0.));
#1861=AXIS2_PLACEMENT_3D('',#1858,#1859,#1860);
#1862=PLANE('',#1861);
#1863=CARTESIAN_POINT('',(29.757359313,4.5,22.5));
#1864=VERTEX_POINT('',#1863);
#1865=CARTESIAN_POINT('',(2.,4.5,22.5));
#1866=VERTEX_POINT('',#1865);
#1867=CARTESIAN_POINT('',(29.757359313,4.5,22.5));
#1868=DIRECTION('',(-1.,0.,0.));
#1869=VECTOR('',#1868,27.757359313);
#1870=LINE('',#1867,#1869);
#1871=EDGE_CURVE('',#1864,#1866,#1870,.T.);
#1872=ORIENTED_EDGE('',*,*,#1871,.T.);
#1873=CARTESIAN_POINT('',(2.,4.5,44.5));
#1874=VERTEX_POINT('',#1873);
#1875=CARTESIAN_POINT('',(2.,4.5,22.5));
#1876=DIRECTION('',(-0.,0.,1.));
#1877=VECTOR('',#1876,22.);
#1878=LINE('',#1875,#1877);
#1879=EDGE_CURVE('',#1866,#1874,#1878,.T.);
#1880=ORIENTED_EDGE('',*,*,#1879,.T.);
#1881=CARTESIAN_POINT('',(2.,4.5,44.5));
#1882=DIRECTION('',(-1.,0.,0.));
#1883=VECTOR('',#1882,2.);
#1884=LINE('',#1881,#1883);
#1885=EDGE_CURVE('',#1874,#885,#1884,.T.);
#1886=ORIENTED_EDGE('',*,*,#1885,.T.);
#1887=ORIENTED_EDGE('',*,*,#890,.T.);
#1888=CARTESIAN_POINT('',(30.,4.5,13.5));
#1889=VERTEX_POINT('',#1888);
#1890=CARTESIAN_POINT('',(0.,4.5,13.5));
#1891=DIRECTION('',(1.,0.,-0.));
#1892=VECTOR('',#1891,30.);
#1893=LINE('',#1890,#1892);
#1894=EDGE_CURVE('',#876,#1889,#1893,.T.);
#1895=ORIENTED_EDGE('',*,*,#1894,.T.);
#1896=CARTESIAN_POINT('',(42.,4.5,25.5));
#1897=VERTEX_POINT('',#1896);
#1898=CARTESIAN_POINT('',(30.,4.5,25.5));
#1899=DIRECTION('',(-0.,-1.,0.));
#1900=DIRECTION('',(-1.,0.,0.));
#1901=AXIS2_PLACEMENT_3D('',#1898,#1899,#1900);
#1902=CIRCLE('',#1901,12.);
#1903=EDGE_CURVE('',#1889,#1897,#1902,.T.);
#1904=ORIENTED_EDGE('',*,*,#1903,.T.);
#1905=CARTESIAN_POINT('',(42.,4.5,30.5));
#1906=VERTEX_POINT('',#1905);
#1907=CARTESIAN_POINT('',(42.,4.5,25.5));
#1908=DIRECTION('',(0.,0.,1.));
#1909=VECTOR('',#1908,5.);
#1910=LINE('',#1907,#1909);
#1911=EDGE_CURVE('',#1897,#1906,#1910,.T.);
#1912=ORIENTED_EDGE('',*,*,#1911,.T.);
#1913=CARTESIAN_POINT('',(40.242640687,4.5,30.5));
#1914=VERTEX_POINT('',#1913);
#1915=CARTESIAN_POINT('',(42.,4.5,30.5));
#1916=DIRECTION('',(-1.,0.,0.));
#1917=VECTOR('',#1916,1.757359313);
#1918=LINE('',#1915,#1917);
#1919=EDGE_CURVE('',#1906,#1914,#1918,.T.);
#1920=ORIENTED_EDGE('',*,*,#1919,.T.);
#1921=CARTESIAN_POINT('',(34.,4.5,24.257359313));
#1922=VERTEX_POINT('',#1921);
#1923=CARTESIAN_POINT('',(40.242640687,4.5,30.5));
#1924=DIRECTION('',(-0.707106781,-0.,-0.707106781));
#1925=VECTOR('',#1924,8.828427125);
#1926=LINE('',#1923,#1925);
#1927=EDGE_CURVE('',#1914,#1922,#1926,.T.);
#1928=ORIENTED_EDGE('',*,*,#1927,.T.);
#1929=CARTESIAN_POINT('',(29.757359313,4.5,28.5));
#1930=DIRECTION('',(0.,1.,-0.));
#1931=DIRECTION('',(-1.,0.,0.));
#1932=AXIS2_PLACEMENT_3D('',#1929,#1930,#1931);
#1933=CIRCLE('',#1932,6.);
#1934=EDGE_CURVE('',#1922,#1864,#1933,.T.);
#1935=ORIENTED_EDGE('',*,*,#1934,.T.);
#1936=EDGE_LOOP('',(#1872,#1880,#1886,#1887,#1895,#1904,#1912,#1920,#1928,#1935));
#1937=FACE_BOUND('',#1936,.T.);
#1938=ADVANCED_FACE('',(#1937),#1862,.F.);
#1939=CARTESIAN_POINT('',(5.,19.5,45.5));
#1940=DIRECTION('',(-1.,0.,0.));
#1941=DIRECTION('',(0.,-1.,0.));
#1942=AXIS2_PLACEMENT_3D('',#1939,#1940,#1941);
#1943=CYLINDRICAL_SURFACE('',#1942,2.5);
#1944=CARTESIAN_POINT('',(3.,17.,45.5));
#1945=VERTEX_POINT('',#1944);
#1946=CARTESIAN_POINT('',(0.,17.,45.5));
#1947=DIRECTION('',(1.,-0.,-0.));
#1948=VECTOR('',#1947,3.);
#1949=LINE('',#1946,#1948);
#1950=EDGE_CURVE('',#743,#1945,#1949,.T.);
#1951=ORIENTED_EDGE('',*,*,#1950,.F.);
#1952=ORIENTED_EDGE('',*,*,#749,.F.);
#1953=ORIENTED_EDGE('',*,*,#756,.F.);
#1954=ORIENTED_EDGE('',*,*,#1950,.T.);
#1955=CARTESIAN_POINT('',(3.,22.,45.5));
#1956=VERTEX_POINT('',#1955);
#1957=CARTESIAN_POINT('',(3.,19.5,45.5));
#1958=DIRECTION('',(1.,0.,0.));
#1959=DIRECTION('',(0.,1.,-0.));
#1960=AXIS2_PLACEMENT_3D('',#1957,#1958,#1959);
#1961=CIRCLE('',#1960,2.5);
#1962=EDGE_CURVE('',#1945,#1956,#1961,.T.);
#1963=ORIENTED_EDGE('',*,*,#1962,.T.);
#1964=CARTESIAN_POINT('',(3.,19.5,45.5));
#1965=DIRECTION('',(1.,0.,0.));
#1966=DIRECTION('',(0.,1.,-0.));
#1967=AXIS2_PLACEMENT_3D('',#1964,#1965,#1966);
#1968=CIRCLE('',#1967,2.5);
#1969=EDGE_CURVE('',#1956,#1945,#1968,.T.);
#1970=ORIENTED_EDGE('',*,*,#1969,.T.);
#1971=EDGE_LOOP('',(#1951,#1952,#1953,#1954,#1963,#1970));
#1972=FACE_BOUND('',#1971,.T.);
#1973=ADVANCED_FACE('',(#1972),#1943,.F.);
#1974=CARTESIAN_POINT('',(26.,62.,25.5));
#1975=DIRECTION('',(0.,-0.,-1.));
#1976=DIRECTION('',(0.,1.,-0.));
#1977=AXIS2_PLACEMENT_3D('',#1974,#1975,#1976);
#1978=PLANE('',#1977);
#1979=CARTESIAN_POINT('',(29.757359313,61.5,25.5));
#1980=VERTEX_POINT('',#1979);
#1981=CARTESIAN_POINT('',(8.,61.5,25.5));
#1982=VERTEX_POINT('',#1981);
#1983=CARTESIAN_POINT('',(29.757359313,61.5,25.5));
#1984=DIRECTION('',(-1.,0.,0.));
#1985=VECTOR('',#1984,21.757359313);
#1986=LINE('',#1983,#1985);
#1987=EDGE_CURVE('',#1980,#1982,#1986,.T.);
#1988=ORIENTED_EDGE('',*,*,#1987,.T.);
#1989=CARTESIAN_POINT('',(8.,57.5,25.5));
#1990=VERTEX_POINT('',#1989);
#1991=CARTESIAN_POINT('',(8.,61.5,25.5));
#1992=DIRECTION('',(0.,-1.,0.));
#1993=VECTOR('',#1992,4.);
#1994=LINE('',#1991,#1993);
#1995=EDGE_CURVE('',#1982,#1990,#1994,.T.);
#1996=ORIENTED_EDGE('',*,*,#1995,.T.);
#1997=CARTESIAN_POINT('',(29.757359313,57.5,25.5));
#1998=VERTEX_POINT('',#1997);
#1999=CARTESIAN_POINT('',(8.,57.5,25.5));
#2000=DIRECTION('',(1.,-0.,-0.));
#2001=VECTOR('',#2000,21.757359313);
#2002=LINE('',#1999,#2001);
#2003=EDGE_CURVE('',#1990,#1998,#2002,.T.);
#2004=ORIENTED_EDGE('',*,*,#2003,.T.);
#2005=CARTESIAN_POINT('',(29.757359313,57.5,25.5));
#2006=DIRECTION('',(-0.,1.,-0.));
#2007=VECTOR('',#2006,4.);
#2008=LINE('',#2005,#2007);
#2009=EDGE_CURVE('',#1998,#1980,#2008,.T.);
#2010=ORIENTED_EDGE('',*,*,#2009,.T.);
#2011=EDGE_LOOP('',(#1988,#1996,#2004,#2010));
#2012=FACE_BOUND('',#2011,.T.);
#2013=ADVANCED_FACE('',(#2012),#1978,.F.);
#2014=CARTESIAN_POINT('',(26.,54.5,13.));
#2015=DIRECTION('',(0.,1.,-0.));
#2016=DIRECTION('',(-1.,0.,0.));
#2017=AXIS2_PLACEMENT_3D('',#2014,#2015,#2016);
#2018=PLANE('',#2017);
#2019=ORIENTED_EDGE('',*,*,#822,.T.);
#2020=CARTESIAN_POINT('',(30.,54.5,13.5));
#2021=VERTEX_POINT('',#2020);
#2022=CARTESIAN_POINT('',(0.,54.5,13.5));
#2023=DIRECTION('',(1.,-0.,-0.));
#2024=VECTOR('',#2023,30.);
#2025=LINE('',#2022,#2024);
#2026=EDGE_CURVE('',#808,#2021,#2025,.T.);
#2027=ORIENTED_EDGE('',*,*,#2026,.T.);
#2028=CARTESIAN_POINT('',(42.,54.5,25.5));
#2029=VERTEX_POINT('',#2028);
#2030=CARTESIAN_POINT('',(30.,54.5,25.5));
#2031=DIRECTION('',(-0.,-1.,0.));
#2032=DIRECTION('',(-1.,0.,0.));
#2033=AXIS2_PLACEMENT_3D('',#2030,#2031,#2032);
#2034=CIRCLE('',#2033,12.);
#2035=EDGE_CURVE('',#2021,#2029,#2034,.T.);
#2036=ORIENTED_EDGE('',*,*,#2035,.T.);
#2037=CARTESIAN_POINT('',(42.,54.5,30.5));
#2038=VERTEX_POINT('',#2037);
#2039=CARTESIAN_POINT('',(42.,54.5,25.5));
#2040=DIRECTION('',(0.,0.,1.));
#2041=VECTOR('',#2040,5.);
#2042=LINE('',#2039,#2041);
#2043=EDGE_CURVE('',#2029,#2038,#2042,.T.);
#2044=ORIENTED_EDGE('',*,*,#2043,.T.);
#2045=CARTESIAN_POINT('',(40.242640687,54.5,30.5));
#2046=VERTEX_POINT('',#2045);
#2047=CARTESIAN_POINT('',(42.,54.5,30.5));
#2048=DIRECTION('',(-1.,0.,0.));
#2049=VECTOR('',#2048,1.757359313);
#2050=LINE('',#2047,#2049);
#2051=EDGE_CURVE('',#2038,#2046,#2050,.T.);
#2052=ORIENTED_EDGE('',*,*,#2051,.T.);
#2053=CARTESIAN_POINT('',(34.,54.5,24.257359313));
#2054=VERTEX_POINT('',#2053);
#2055=CARTESIAN_POINT('',(40.242640687,54.5,30.5));
#2056=DIRECTION('',(-0.707106781,-0.,-0.707106781));
#2057=VECTOR('',#2056,8.828427125);
#2058=LINE('',#2055,#2057);
#2059=EDGE_CURVE('',#2046,#2054,#2058,.T.);
#2060=ORIENTED_EDGE('',*,*,#2059,.T.);
#2061=CARTESIAN_POINT('',(29.757359313,54.5,22.5));
#2062=VERTEX_POINT('',#2061);
#2063=CARTESIAN_POINT('',(29.757359313,54.5,28.5));
#2064=DIRECTION('',(0.,1.,-0.));
#2065=DIRECTION('',(-1.,0.,0.));
#2066=AXIS2_PLACEMENT_3D('',#2063,#2064,#2065);
#2067=CIRCLE('',#2066,6.);
#2068=EDGE_CURVE('',#2054,#2062,#2067,.T.);
#2069=ORIENTED_EDGE('',*,*,#2068,.T.);
#2070=CARTESIAN_POINT('',(2.,54.5,22.5));
#2071=VERTEX_POINT('',#2070);
#2072=CARTESIAN_POINT('',(29.757359313,54.5,22.5));
#2073=DIRECTION('',(-1.,0.,0.));
#2074=VECTOR('',#2073,27.757359313);
#2075=LINE('',#2072,#2074);
#2076=EDGE_CURVE('',#2062,#2071,#2075,.T.);
#2077=ORIENTED_EDGE('',*,*,#2076,.T.);
#2078=CARTESIAN_POINT('',(2.,54.5,27.5));
#2079=VERTEX_POINT('',#2078);
#2080=CARTESIAN_POINT('',(2.,54.5,22.5));
#2081=DIRECTION('',(0.,0.,1.));
#2082=VECTOR('',#2081,5.);
#2083=LINE('',#2080,#2082);
#2084=EDGE_CURVE('',#2071,#2079,#2083,.T.);
#2085=ORIENTED_EDGE('',*,*,#2084,.T.);
#2086=CARTESIAN_POINT('',(2.,54.5,27.5));
#2087=DIRECTION('',(-1.,-0.,0.));
#2088=VECTOR('',#2087,2.);
#2089=LINE('',#2086,#2088);
#2090=EDGE_CURVE('',#2079,#817,#2089,.T.);
#2091=ORIENTED_EDGE('',*,*,#2090,.T.);
#2092=EDGE_LOOP('',(#2019,#2027,#2036,#2044,#2052,#2060,#2069,#2077,#2085,#2091));
#2093=FACE_BOUND('',#2092,.T.);
#2094=ADVANCED_FACE('',(#2093),#2018,.F.);
#2095=CARTESIAN_POINT('',(26.,7.,25.5));
#2096=DIRECTION('',(0.,0.,1.));
#2097=DIRECTION('',(0.,-1.,0.));
#2098=AXIS2_PLACEMENT_3D('',#2095,#2096,#2097);
#2099=PLANE('',#2098);
#2100=CARTESIAN_POINT('',(29.757359313,11.5,25.5));
#2101=VERTEX_POINT('',#2100);
#2102=CARTESIAN_POINT('',(8.,11.5,25.5));
#2103=VERTEX_POINT('',#2102);
#2104=CARTESIAN_POINT('',(29.757359313,11.5,25.5));
#2105=DIRECTION('',(-1.,0.,0.));
#2106=VECTOR('',#2105,21.757359313);
#2107=LINE('',#2104,#2106);
#2108=EDGE_CURVE('',#2101,#2103,#2107,.T.);
#2109=ORIENTED_EDGE('',*,*,#2108,.T.);
#2110=CARTESIAN_POINT('',(8.,7.5,25.5));
#2111=VERTEX_POINT('',#2110);
#2112=CARTESIAN_POINT('',(8.,11.5,25.5));
#2113=DIRECTION('',(-0.,-1.,0.));
#2114=VECTOR('',#2113,4.);
#2115=LINE('',#2112,#2114);
#2116=EDGE_CURVE('',#2103,#2111,#2115,.T.);
#2117=ORIENTED_EDGE('',*,*,#2116,.T.);
#2118=CARTESIAN_POINT('',(29.757359313,7.5,25.5));
#2119=VERTEX_POINT('',#2118);
#2120=CARTESIAN_POINT('',(8.,7.5,25.5));
#2121=DIRECTION('',(1.,-0.,-0.));
#2122=VECTOR('',#2121,21.757359313);
#2123=LINE('',#2120,#2122);
#2124=EDGE_CURVE('',#2111,#2119,#2123,.T.);
#2125=ORIENTED_EDGE('',*,*,#2124,.T.);
#2126=CARTESIAN_POINT('',(29.757359313,7.5,25.5));
#2127=DIRECTION('',(0.,1.,-0.));
#2128=VECTOR('',#2127,4.);
#2129=LINE('',#2126,#2128);
#2130=EDGE_CURVE('',#2119,#2101,#2129,.T.);
#2131=ORIENTED_EDGE('',*,*,#2130,.T.);
#2132=EDGE_LOOP('',(#2109,#2117,#2125,#2131));
#2133=FACE_BOUND('',#2132,.T.);
#2134=ADVANCED_FACE('',(#2133),#2099,.T.);
#2135=CARTESIAN_POINT('',(26.,14.5,13.));
#2136=DIRECTION('',(0.,1.,-0.));
#2137=DIRECTION('',(-1.,0.,0.));
#2138=AXIS2_PLACEMENT_3D('',#2135,#2136,#2137);
#2139=PLANE('',#2138);
#2140=CARTESIAN_POINT('',(34.,14.5,24.257359313));
#2141=VERTEX_POINT('',#2140);
#2142=CARTESIAN_POINT('',(40.242640687,14.5,30.5));
#2143=VERTEX_POINT('',#2142);
#2144=CARTESIAN_POINT('',(34.,14.5,24.257359313));
#2145=DIRECTION('',(0.707106781,0.,0.707106781));
#2146=VECTOR('',#2145,8.828427125);
#2147=LINE('',#2144,#2146);
#2148=EDGE_CURVE('',#2141,#2143,#2147,.T.);
#2149=ORIENTED_EDGE('',*,*,#2148,.T.);
#2150=CARTESIAN_POINT('',(42.,14.5,30.5));
#2151=VERTEX_POINT('',#2150);
#2152=CARTESIAN_POINT('',(40.242640687,14.5,30.5));
#2153=DIRECTION('',(1.,0.,-0.));
#2154=VECTOR('',#2153,1.757359313);
#2155=LINE('',#2152,#2154);
#2156=EDGE_CURVE('',#2143,#2151,#2155,.T.);
#2157=ORIENTED_EDGE('',*,*,#2156,.T.);
#2158=CARTESIAN_POINT('',(42.,14.5,25.5));
#2159=VERTEX_POINT('',#2158);
#2160=CARTESIAN_POINT('',(42.,14.5,30.5));
#2161=DIRECTION('',(0.,-0.,-1.));
#2162=VECTOR('',#2161,5.);
#2163=LINE('',#2160,#2162);
#2164=EDGE_CURVE('',#2151,#2159,#2163,.T.);
#2165=ORIENTED_EDGE('',*,*,#2164,.T.);
#2166=CARTESIAN_POINT('',(30.,14.5,13.5));
#2167=VERTEX_POINT('',#2166);
#2168=CARTESIAN_POINT('',(30.,14.5,25.5));
#2169=DIRECTION('',(0.,1.,-0.));
#2170=DIRECTION('',(-1.,0.,0.));
#2171=AXIS2_PLACEMENT_3D('',#2168,#2169,#2170);
#2172=CIRCLE('',#2171,12.);
#2173=EDGE_CURVE('',#2159,#2167,#2172,.T.);
#2174=ORIENTED_EDGE('',*,*,#2173,.T.);
#2175=CARTESIAN_POINT('',(30.,14.5,13.5));
#2176=DIRECTION('',(-1.,0.,0.));
#2177=VECTOR('',#2176,30.);
#2178=LINE('',#2175,#2177);
#2179=EDGE_CURVE('',#2167,#851,#2178,.T.);
#2180=ORIENTED_EDGE('',*,*,#2179,.T.);
#2181=ORIENTED_EDGE('',*,*,#856,.T.);
#2182=CARTESIAN_POINT('',(2.,14.5,27.5));
#2183=VERTEX_POINT('',#2182);
#2184=CARTESIAN_POINT('',(0.,14.5,27.5));
#2185=DIRECTION('',(1.,0.,-0.));
#2186=VECTOR('',#2185,2.);
#2187=LINE('',#2184,#2186);
#2188=EDGE_CURVE('',#842,#2183,#2187,.T.);
#2189=ORIENTED_EDGE('',*,*,#2188,.T.);
#2190=CARTESIAN_POINT('',(2.,14.5,22.5));
#2191=VERTEX_POINT('',#2190);
#2192=CARTESIAN_POINT('',(2.,14.5,27.5));
#2193=DIRECTION('',(-0.,-0.,-1.));
#2194=VECTOR('',#2193,5.);
#2195=LINE('',#2192,#2194);
#2196=EDGE_CURVE('',#2183,#2191,#2195,.T.);
#2197=ORIENTED_EDGE('',*,*,#2196,.T.);
#2198=CARTESIAN_POINT('',(29.757359313,14.5,22.5));
#2199=VERTEX_POINT('',#2198);
#2200=CARTESIAN_POINT('',(2.,14.5,22.5));
#2201=DIRECTION('',(1.,-0.,-0.));
#2202=VECTOR('',#2201,27.757359313);
#2203=LINE('',#2200,#2202);
#2204=EDGE_CURVE('',#2191,#2199,#2203,.T.);
#2205=ORIENTED_EDGE('',*,*,#2204,.T.);
#2206=CARTESIAN_POINT('',(29.757359313,14.5,28.5));
#2207=DIRECTION('',(-0.,-1.,0.));
#2208=DIRECTION('',(-1.,0.,0.));
#2209=AXIS2_PLACEMENT_3D('',#2206,#2207,#2208);
#2210=CIRCLE('',#2209,6.);
#2211=EDGE_CURVE('',#2199,#2141,#2210,.T.);
#2212=ORIENTED_EDGE('',*,*,#2211,.T.);
#2213=EDGE_LOOP('',(#2149,#2157,#2165,#2174,#2180,#2181,#2189,#2197,#2205,#2212));
#2214=FACE_BOUND('',#2213,.T.);
#2215=ADVANCED_FACE('',(#2214),#2139,.T.);
#2216=CARTESIAN_POINT('',(5.,49.5,44.5));
#2217=DIRECTION('',(-1.,0.,0.));
#2218=DIRECTION('',(0.,-1.,0.));
#2219=AXIS2_PLACEMENT_3D('',#2216,#2217,#2218);
#2220=CYLINDRICAL_SURFACE('',#2219,15.);
#2221=ORIENTED_EDGE('',*,*,#1817,.F.);
#2222=CARTESIAN_POINT('',(2.,49.5,44.5));
#2223=DIRECTION('',(-1.,-0.,-0.));
#2224=DIRECTION('',(0.,1.,-0.));
#2225=AXIS2_PLACEMENT_3D('',#2222,#2223,#2224);
#2226=CIRCLE('',#2225,15.);
#2227=EDGE_CURVE('',#1806,#1735,#2226,.T.);
#2228=ORIENTED_EDGE('',*,*,#2227,.T.);
#2229=ORIENTED_EDGE('',*,*,#1740,.F.);
#2230=ORIENTED_EDGE('',*,*,#914,.F.);
#2231=EDGE_LOOP('',(#2221,#2228,#2229,#2230));
#2232=FACE_BOUND('',#2231,.T.);
#2233=ADVANCED_FACE('',(#2232),#2220,.T.);
#2234=CARTESIAN_POINT('',(5.,19.5,44.5));
#2235=DIRECTION('',(-1.,0.,0.));
#2236=DIRECTION('',(0.,-1.,0.));
#2237=AXIS2_PLACEMENT_3D('',#2234,#2235,#2236);
#2238=CYLINDRICAL_SURFACE('',#2237,15.);
#2239=ORIENTED_EDGE('',*,*,#1885,.F.);
#2240=CARTESIAN_POINT('',(2.,19.5,44.5));
#2241=DIRECTION('',(-1.,-0.,-0.));
#2242=DIRECTION('',(0.,1.,-0.));
#2243=AXIS2_PLACEMENT_3D('',#2240,#2241,#2242);
#2244=CIRCLE('',#2243,15.);
#2245=EDGE_CURVE('',#1874,#1798,#2244,.T.);
#2246=ORIENTED_EDGE('',*,*,#2245,.T.);
#2247=ORIENTED_EDGE('',*,*,#1803,.F.);
#2248=ORIENTED_EDGE('',*,*,#899,.F.);
#2249=EDGE_LOOP('',(#2239,#2246,#2247,#2248));
#2250=FACE_BOUND('',#2249,.T.);
#2251=ADVANCED_FACE('',(#2250),#2238,.T.);
#2252=CARTESIAN_POINT('',(3.,19.5,45.5));
#2253=DIRECTION('',(1.,0.,0.));
#2254=DIRECTION('',(0.,1.,-0.));
#2255=AXIS2_PLACEMENT_3D('',#2252,#2253,#2254);
#2256=CONICAL_SURFACE('',#2255,2.5,45.);
#2257=CARTESIAN_POINT('',(5.,24.,45.5));
#2258=DIRECTION('',(-0.707106781,-0.707106781,0.));
#2259=VECTOR('',#2258,2.828427125);
#2260=LINE('',#2257,#2259);
#2261=EDGE_CURVE('',#1700,#1956,#2260,.T.);
#2262=ORIENTED_EDGE('',*,*,#2261,.F.);
#2263=ORIENTED_EDGE('',*,*,#1706,.F.);
#2264=ORIENTED_EDGE('',*,*,#2261,.T.);
#2265=ORIENTED_EDGE('',*,*,#1962,.F.);
#2266=ORIENTED_EDGE('',*,*,#1969,.F.);
#2267=EDGE_LOOP('',(#2262,#2263,#2264,#2265,#2266));
#2268=FACE_BOUND('',#2267,.T.);
#2269=ADVANCED_FACE('',(#2268),#2256,.F.);
#2270=CARTESIAN_POINT('',(3.,49.5,45.5));
#2271=DIRECTION('',(1.,0.,0.));
#2272=DIRECTION('',(0.,1.,-0.));
#2273=AXIS2_PLACEMENT_3D('',#2270,#2271,#2272);
#2274=CONICAL_SURFACE('',#2273,2.5,45.);
#2275=CARTESIAN_POINT('',(5.,54.,45.5));
#2276=DIRECTION('',(-0.707106781,-0.707106781,0.));
#2277=VECTOR('',#2276,2.828427125);
#2278=LINE('',#2275,#2277);
#2279=EDGE_CURVE('',#1689,#1840,#2278,.T.);
#2280=ORIENTED_EDGE('',*,*,#2279,.F.);
#2281=ORIENTED_EDGE('',*,*,#1695,.F.);
#2282=ORIENTED_EDGE('',*,*,#2279,.T.);
#2283=ORIENTED_EDGE('',*,*,#1846,.F.);
#2284=ORIENTED_EDGE('',*,*,#1853,.F.);
#2285=EDGE_LOOP('',(#2280,#2281,#2282,#2283,#2284));
#2286=FACE_BOUND('',#2285,.T.);
#2287=ADVANCED_FACE('',(#2286),#2274,.F.);
#2288=CARTESIAN_POINT('',(50.,62.,33.5));
#2289=DIRECTION('',(0.,-0.,-1.));
#2290=DIRECTION('',(0.,1.,-0.));
#2291=AXIS2_PLACEMENT_3D('',#2288,#2289,#2290);
#2292=PLANE('',#2291);
#2293=CARTESIAN_POINT('',(40.242640687,61.5,33.5));
#2294=VERTEX_POINT('',#2293);
#2295=CARTESIAN_POINT('',(40.242640687,57.5,33.5));
#2296=VERTEX_POINT('',#2295);
#2297=CARTESIAN_POINT('',(40.242640687,61.5,33.5));
#2298=DIRECTION('',(0.,-1.,0.));
#2299=VECTOR('',#2298,4.);
#2300=LINE('',#2297,#2299);
#2301=EDGE_CURVE('',#2294,#2296,#2300,.T.);
#2302=ORIENTED_EDGE('',*,*,#2301,.T.);
#2303=CARTESIAN_POINT('',(42.,57.5,33.5));
#2304=VERTEX_POINT('',#2303);
#2305=CARTESIAN_POINT('',(40.242640687,57.5,33.5));
#2306=DIRECTION('',(1.,-0.,-0.));
#2307=VECTOR('',#2306,1.757359313);
#2308=LINE('',#2305,#2307);
#2309=EDGE_CURVE('',#2296,#2304,#2308,.T.);
#2310=ORIENTED_EDGE('',*,*,#2309,.T.);
#2311=CARTESIAN_POINT('',(42.,61.5,33.5));
#2312=VERTEX_POINT('',#2311);
#2313=CARTESIAN_POINT('',(42.,57.5,33.5));
#2314=DIRECTION('',(0.,1.,-0.));
#2315=VECTOR('',#2314,4.);
#2316=LINE('',#2313,#2315);
#2317=EDGE_CURVE('',#2304,#2312,#2316,.T.);
#2318=ORIENTED_EDGE('',*,*,#2317,.T.);
#2319=CARTESIAN_POINT('',(42.,61.5,33.5));
#2320=DIRECTION('',(-1.,0.,0.));
#2321=VECTOR('',#2320,1.757359313);
#2322=LINE('',#2319,#2321);
#2323=EDGE_CURVE('',#2312,#2294,#2322,.T.);
#2324=ORIENTED_EDGE('',*,*,#2323,.T.);
#2325=EDGE_LOOP('',(#2302,#2310,#2318,#2324));
#2326=FACE_BOUND('',#2325,.T.);
#2327=ADVANCED_FACE('',(#2326),#2292,.F.);
#2328=CARTESIAN_POINT('',(45.,69.5,0.5));
#2329=DIRECTION('',(1.,0.,0.));
#2330=DIRECTION('',(0.,0.,1.));
#2331=AXIS2_PLACEMENT_3D('',#2328,#2329,#2330);
#2332=PLANE('',#2331);
#2333=CARTESIAN_POINT('',(45.,61.5,30.5));
#2334=VERTEX_POINT('',#2333);
#2335=CARTESIAN_POINT('',(45.,57.5,30.5));
#2336=VERTEX_POINT('',#2335);
#2337=CARTESIAN_POINT('',(45.,61.5,30.5));
#2338=DIRECTION('',(-0.,-1.,0.));
#2339=VECTOR('',#2338,4.);
#2340=LINE('',#2337,#2339);
#2341=EDGE_CURVE('',#2334,#2336,#2340,.T.);
#2342=ORIENTED_EDGE('',*,*,#2341,.T.);
#2343=CARTESIAN_POINT('',(45.,57.5,25.5));
#2344=VERTEX_POINT('',#2343);
#2345=CARTESIAN_POINT('',(45.,57.5,30.5));
#2346=DIRECTION('',(-0.,-0.,-1.));
#2347=VECTOR('',#2346,5.);
#2348=LINE('',#2345,#2347);
#2349=EDGE_CURVE('',#2336,#2344,#2348,.T.);
#2350=ORIENTED_EDGE('',*,*,#2349,.T.);
#2351=CARTESIAN_POINT('',(45.,61.5,25.5));
#2352=VERTEX_POINT('',#2351);
#2353=CARTESIAN_POINT('',(45.,57.5,25.5));
#2354=DIRECTION('',(0.,1.,-0.));
#2355=VECTOR('',#2354,4.);
#2356=LINE('',#2353,#2355);
#2357=EDGE_CURVE('',#2344,#2352,#2356,.T.);
#2358=ORIENTED_EDGE('',*,*,#2357,.T.);
#2359=CARTESIAN_POINT('',(45.,61.5,25.5));
#2360=DIRECTION('',(0.,0.,1.));
#2361=VECTOR('',#2360,5.);
#2362=LINE('',#2359,#2361);
#2363=EDGE_CURVE('',#2352,#2334,#2362,.T.);
#2364=ORIENTED_EDGE('',*,*,#2363,.T.);
#2365=EDGE_LOOP('',(#2342,#2350,#2358,#2364));
#2366=FACE_BOUND('',#2365,.T.);
#2367=ADVANCED_FACE('',(#2366),#2332,.T.);
#2368=CARTESIAN_POINT('',(50.,7.,33.5));
#2369=DIRECTION('',(0.,0.,1.));
#2370=DIRECTION('',(0.,-1.,0.));
#2371=AXIS2_PLACEMENT_3D('',#2368,#2369,#2370);
#2372=PLANE('',#2371);
#2373=CARTESIAN_POINT('',(40.242640687,11.5,33.5));
#2374=VERTEX_POINT('',#2373);
#2375=CARTESIAN_POINT('',(40.242640687,7.5,33.5));
#2376=VERTEX_POINT('',#2375);
#2377=CARTESIAN_POINT('',(40.242640687,11.5,33.5));
#2378=DIRECTION('',(0.,-1.,0.));
#2379=VECTOR('',#2378,4.);
#2380=LINE('',#2377,#2379);
#2381=EDGE_CURVE('',#2374,#2376,#2380,.T.);
#2382=ORIENTED_EDGE('',*,*,#2381,.T.);
#2383=CARTESIAN_POINT('',(42.,7.5,33.5));
#2384=VERTEX_POINT('',#2383);
#2385=CARTESIAN_POINT('',(40.242640687,7.5,33.5));
#2386=DIRECTION('',(1.,-0.,-0.));
#2387=VECTOR('',#2386,1.757359313);
#2388=LINE('',#2385,#2387);
#2389=EDGE_CURVE('',#2376,#2384,#2388,.T.);
#2390=ORIENTED_EDGE('',*,*,#2389,.T.);
#2391=CARTESIAN_POINT('',(42.,11.5,33.5));
#2392=VERTEX_POINT('',#2391);
#2393=CARTESIAN_POINT('',(42.,7.5,33.5));
#2394=DIRECTION('',(-0.,1.,-0.));
#2395=VECTOR('',#2394,4.);
#2396=LINE('',#2393,#2395);
#2397=EDGE_CURVE('',#2384,#2392,#2396,.T.);
#2398=ORIENTED_EDGE('',*,*,#2397,.T.);
#2399=CARTESIAN_POINT('',(42.,11.5,33.5));
#2400=DIRECTION('',(-1.,-0.,0.));
#2401=VECTOR('',#2400,1.757359313);
#2402=LINE('',#2399,#2401);
#2403=EDGE_CURVE('',#2392,#2374,#2402,.T.);
#2404=ORIENTED_EDGE('',*,*,#2403,.T.);
#2405=EDGE_LOOP('',(#2382,#2390,#2398,#2404));
#2406=FACE_BOUND('',#2405,.T.);
#2407=ADVANCED_FACE('',(#2406),#2372,.T.);
#2408=CARTESIAN_POINT('',(45.,69.5,0.5));
#2409=DIRECTION('',(1.,0.,0.));
#2410=DIRECTION('',(0.,0.,1.));
#2411=AXIS2_PLACEMENT_3D('',#2408,#2409,#2410);
#2412=PLANE('',#2411);
#2413=CARTESIAN_POINT('',(45.,11.5,30.5));
#2414=VERTEX_POINT('',#2413);
#2415=CARTESIAN_POINT('',(45.,7.5,30.5));
#2416=VERTEX_POINT('',#2415);
#2417=CARTESIAN_POINT('',(45.,11.5,30.5));
#2418=DIRECTION('',(0.,-1.,0.));
#2419=VECTOR('',#2418,4.);
#2420=LINE('',#2417,#2419);
#2421=EDGE_CURVE('',#2414,#2416,#2420,.T.);
#2422=ORIENTED_EDGE('',*,*,#2421,.T.);
#2423=CARTESIAN_POINT('',(45.,7.5,25.5));
#2424=VERTEX_POINT('',#2423);
#2425=CARTESIAN_POINT('',(45.,7.5,30.5));
#2426=DIRECTION('',(-0.,-0.,-1.));
#2427=VECTOR('',#2426,5.);
#2428=LINE('',#2425,#2427);
#2429=EDGE_CURVE('',#2416,#2424,#2428,.T.);
#2430=ORIENTED_EDGE('',*,*,#2429,.T.);
#2431=CARTESIAN_POINT('',(45.,11.5,25.5));
#2432=VERTEX_POINT('',#2431);
#2433=CARTESIAN_POINT('',(45.,7.5,25.5));
#2434=DIRECTION('',(0.,1.,-0.));
#2435=VECTOR('',#2434,4.);
#2436=LINE('',#2433,#2435);
#2437=EDGE_CURVE('',#2424,#2432,#2436,.T.);
#2438=ORIENTED_EDGE('',*,*,#2437,.T.);
#2439=CARTESIAN_POINT('',(45.,11.5,25.5));
#2440=DIRECTION('',(-0.,0.,1.));
#2441=VECTOR('',#2440,5.);
#2442=LINE('',#2439,#2441);
#2443=EDGE_CURVE('',#2432,#2414,#2442,.T.);
#2444=ORIENTED_EDGE('',*,*,#2443,.T.);
#2445=EDGE_LOOP('',(#2422,#2430,#2438,#2444));
#2446=FACE_BOUND('',#2445,.T.);
#2447=ADVANCED_FACE('',(#2446),#2412,.T.);
#2448=CARTESIAN_POINT('',(30.,69.5,25.5));
#2449=DIRECTION('',(0.,-1.,0.));
#2450=DIRECTION('',(1.,0.,0.));
#2451=AXIS2_PLACEMENT_3D('',#2448,#2449,#2450);
#2452=CYLINDRICAL_SURFACE('',#2451,15.);
#2453=ORIENTED_EDGE('',*,*,#2437,.F.);
#2454=CARTESIAN_POINT('',(30.,7.5,25.5));
#2455=DIRECTION('',(0.,1.,-0.));
#2456=DIRECTION('',(-1.,0.,0.));
#2457=AXIS2_PLACEMENT_3D('',#2454,#2455,#2456);
#2458=CIRCLE('',#2457,15.);
#2459=EDGE_CURVE('',#2424,#1556,#2458,.T.);
#2460=ORIENTED_EDGE('',*,*,#2459,.T.);
#2461=ORIENTED_EDGE('',*,*,#1561,.F.);
#2462=CARTESIAN_POINT('',(30.,11.5,25.5));
#2463=DIRECTION('',(-0.,-1.,0.));
#2464=DIRECTION('',(-1.,0.,0.));
#2465=AXIS2_PLACEMENT_3D('',#2462,#2463,#2464);
#2466=CIRCLE('',#2465,15.);
#2467=EDGE_CURVE('',#1554,#2432,#2466,.T.);
#2468=ORIENTED_EDGE('',*,*,#2467,.T.);
#2469=EDGE_LOOP('',(#2453,#2460,#2461,#2468));
#2470=FACE_BOUND('',#2469,.T.);
#2471=ADVANCED_FACE('',(#2470),#2452,.T.);
#2472=CARTESIAN_POINT('',(30.,69.5,25.5));
#2473=DIRECTION('',(0.,-1.,0.));
#2474=DIRECTION('',(1.,0.,0.));
#2475=AXIS2_PLACEMENT_3D('',#2472,#2473,#2474);
#2476=CYLINDRICAL_SURFACE('',#2475,15.);
#2477=ORIENTED_EDGE('',*,*,#1537,.F.);
#2478=CARTESIAN_POINT('',(30.,61.5,25.5));
#2479=DIRECTION('',(0.,-1.,0.));
#2480=DIRECTION('',(1.,0.,0.));
#2481=AXIS2_PLACEMENT_3D('',#2478,#2479,#2480);
#2482=CIRCLE('',#2481,15.);
#2483=EDGE_CURVE('',#1524,#2352,#2482,.T.);
#2484=ORIENTED_EDGE('',*,*,#2483,.T.);
#2485=ORIENTED_EDGE('',*,*,#2357,.F.);
#2486=CARTESIAN_POINT('',(30.,57.5,25.5));
#2487=DIRECTION('',(0.,1.,-0.));
#2488=DIRECTION('',(-1.,0.,0.));
#2489=AXIS2_PLACEMENT_3D('',#2486,#2487,#2488);
#2490=CIRCLE('',#2489,15.);
#2491=EDGE_CURVE('',#2344,#1532,#2490,.T.);
#2492=ORIENTED_EDGE('',*,*,#2491,.T.);
#2493=EDGE_LOOP('',(#2477,#2484,#2485,#2492));
#2494=FACE_BOUND('',#2493,.T.);
#2495=ADVANCED_FACE('',(#2494),#2476,.T.);
#2496=CARTESIAN_POINT('',(40.,69.5,34.5));
#2497=DIRECTION('',(-0.707106781,0.,0.707106781));
#2498=DIRECTION('',(-0.,1.,-0.));
#2499=AXIS2_PLACEMENT_3D('',#2496,#2497,#2498);
#2500=PLANE('',#2499);
#2501=CARTESIAN_POINT('',(31.878679656,57.5,26.378679656));
#2502=VERTEX_POINT('',#2501);
#2503=CARTESIAN_POINT('',(38.121320344,57.5,32.621320344));
#2504=VERTEX_POINT('',#2503);
#2505=CARTESIAN_POINT('',(31.878679656,57.5,26.378679656));
#2506=DIRECTION('',(0.707106781,0.,0.707106781));
#2507=VECTOR('',#2506,8.828427125);
#2508=LINE('',#2505,#2507);
#2509=EDGE_CURVE('',#2502,#2504,#2508,.T.);
#2510=ORIENTED_EDGE('',*,*,#2509,.T.);
#2511=CARTESIAN_POINT('',(38.121320344,61.5,32.621320344));
#2512=VERTEX_POINT('',#2511);
#2513=CARTESIAN_POINT('',(38.121320344,57.5,32.621320344));
#2514=DIRECTION('',(0.,1.,-0.));
#2515=VECTOR('',#2514,4.);
#2516=LINE('',#2513,#2515);
#2517=EDGE_CURVE('',#2504,#2512,#2516,.T.);
#2518=ORIENTED_EDGE('',*,*,#2517,.T.);
#2519=CARTESIAN_POINT('',(31.878679656,61.5,26.378679656));
#2520=VERTEX_POINT('',#2519);
#2521=CARTESIAN_POINT('',(38.121320344,61.5,32.621320344));
#2522=DIRECTION('',(-0.707106781,-0.,-0.707106781));
#2523=VECTOR('',#2522,8.828427125);
#2524=LINE('',#2521,#2523);
#2525=EDGE_CURVE('',#2512,#2520,#2524,.T.);
#2526=ORIENTED_EDGE('',*,*,#2525,.T.);
#2527=CARTESIAN_POINT('',(31.878679656,61.5,26.378679656));
#2528=DIRECTION('',(-0.,-1.,0.));
#2529=VECTOR('',#2528,4.);
#2530=LINE('',#2527,#2529);
#2531=EDGE_CURVE('',#2520,#2502,#2530,.T.);
#2532=ORIENTED_EDGE('',*,*,#2531,.T.);
#2533=EDGE_LOOP('',(#2510,#2518,#2526,#2532));
#2534=FACE_BOUND('',#2533,.T.);
#2535=ADVANCED_FACE('',(#2534),#2500,.T.);
#2536=CARTESIAN_POINT('',(31.,7.,25.5));
#2537=DIRECTION('',(0.707106781,-0.,-0.707106781));
#2538=DIRECTION('',(-0.,1.,-0.));
#2539=AXIS2_PLACEMENT_3D('',#2536,#2537,#2538);
#2540=PLANE('',#2539);
#2541=CARTESIAN_POINT('',(31.878679656,11.5,26.378679656));
#2542=VERTEX_POINT('',#2541);
#2543=CARTESIAN_POINT('',(31.878679656,7.5,26.378679656));
#2544=VERTEX_POINT('',#2543);
#2545=CARTESIAN_POINT('',(31.878679656,11.5,26.378679656));
#2546=DIRECTION('',(-0.,-1.,0.));
#2547=VECTOR('',#2546,4.);
#2548=LINE('',#2545,#2547);
#2549=EDGE_CURVE('',#2542,#2544,#2548,.T.);
#2550=ORIENTED_EDGE('',*,*,#2549,.T.);
#2551=CARTESIAN_POINT('',(38.121320344,7.5,32.621320344));
#2552=VERTEX_POINT('',#2551);
#2553=CARTESIAN_POINT('',(31.878679656,7.5,26.378679656));
#2554=DIRECTION('',(0.707106781,0.,0.707106781));
#2555=VECTOR('',#2554,8.828427125);
#2556=LINE('',#2553,#2555);
#2557=EDGE_CURVE('',#2544,#2552,#2556,.T.);
#2558=ORIENTED_EDGE('',*,*,#2557,.T.);
#2559=CARTESIAN_POINT('',(38.121320344,11.5,32.621320344));
#2560=VERTEX_POINT('',#2559);
#2561=CARTESIAN_POINT('',(38.121320344,7.5,32.621320344));
#2562=DIRECTION('',(-0.,1.,-0.));
#2563=VECTOR('',#2562,4.);
#2564=LINE('',#2561,#2563);
#2565=EDGE_CURVE('',#2552,#2560,#2564,.T.);
#2566=ORIENTED_EDGE('',*,*,#2565,.T.);
#2567=CARTESIAN_POINT('',(38.121320344,11.5,32.621320344));
#2568=DIRECTION('',(-0.707106781,-0.,-0.707106781));
#2569=VECTOR('',#2568,8.828427125);
#2570=LINE('',#2567,#2569);
#2571=EDGE_CURVE('',#2560,#2542,#2570,.T.);
#2572=ORIENTED_EDGE('',*,*,#2571,.T.);
#2573=EDGE_LOOP('',(#2550,#2558,#2566,#2572));
#2574=FACE_BOUND('',#2573,.T.);
#2575=ADVANCED_FACE('',(#2574),#2540,.F.);
#2576=CARTESIAN_POINT('',(29.757359313,7.,28.5));
#2577=DIRECTION('',(0.,1.,-0.));
#2578=DIRECTION('',(-1.,0.,0.));
#2579=AXIS2_PLACEMENT_3D('',#2576,#2577,#2578);
#2580=CYLINDRICAL_SURFACE('',#2579,3.);
#2581=ORIENTED_EDGE('',*,*,#2130,.F.);
#2582=CARTESIAN_POINT('',(29.757359313,7.5,28.5));
#2583=DIRECTION('',(-0.,-1.,0.));
#2584=DIRECTION('',(-1.,0.,0.));
#2585=AXIS2_PLACEMENT_3D('',#2582,#2583,#2584);
#2586=CIRCLE('',#2585,3.);
#2587=EDGE_CURVE('',#2119,#2544,#2586,.T.);
#2588=ORIENTED_EDGE('',*,*,#2587,.T.);
#2589=ORIENTED_EDGE('',*,*,#2549,.F.);
#2590=CARTESIAN_POINT('',(29.757359313,11.5,28.5));
#2591=DIRECTION('',(0.,1.,-0.));
#2592=DIRECTION('',(-1.,0.,0.));
#2593=AXIS2_PLACEMENT_3D('',#2590,#2591,#2592);
#2594=CIRCLE('',#2593,3.);
#2595=EDGE_CURVE('',#2542,#2101,#2594,.T.);
#2596=ORIENTED_EDGE('',*,*,#2595,.T.);
#2597=EDGE_LOOP('',(#2581,#2588,#2589,#2596));
#2598=FACE_BOUND('',#2597,.T.);
#2599=ADVANCED_FACE('',(#2598),#2580,.F.);
#2600=CARTESIAN_POINT('',(29.757359313,62.,28.5));
#2601=DIRECTION('',(0.,1.,-0.));
#2602=DIRECTION('',(-1.,0.,0.));
#2603=AXIS2_PLACEMENT_3D('',#2600,#2601,#2602);
#2604=CYLINDRICAL_SURFACE('',#2603,3.);
#2605=ORIENTED_EDGE('',*,*,#2531,.F.);
#2606=CARTESIAN_POINT('',(29.757359313,61.5,28.5));
#2607=DIRECTION('',(-0.,1.,-0.));
#2608=DIRECTION('',(1.,0.,0.));
#2609=AXIS2_PLACEMENT_3D('',#2606,#2607,#2608);
#2610=CIRCLE('',#2609,3.);
#2611=EDGE_CURVE('',#2520,#1980,#2610,.T.);
#2612=ORIENTED_EDGE('',*,*,#2611,.T.);
#2613=ORIENTED_EDGE('',*,*,#2009,.F.);
#2614=CARTESIAN_POINT('',(29.757359313,57.5,28.5));
#2615=DIRECTION('',(-0.,-1.,0.));
#2616=DIRECTION('',(-1.,0.,0.));
#2617=AXIS2_PLACEMENT_3D('',#2614,#2615,#2616);
#2618=CIRCLE('',#2617,3.);
#2619=EDGE_CURVE('',#1998,#2502,#2618,.T.);
#2620=ORIENTED_EDGE('',*,*,#2619,.T.);
#2621=EDGE_LOOP('',(#2605,#2612,#2613,#2620));
#2622=FACE_BOUND('',#2621,.T.);
#2623=ADVANCED_FACE('',(#2622),#2604,.F.);
#2624=CARTESIAN_POINT('',(-34.,34.5,32.5));
#2625=DIRECTION('',(0.,-0.,-1.));
#2626=DIRECTION('',(0.,1.,-0.));
#2627=AXIS2_PLACEMENT_3D('',#2624,#2625,#2626);
#2628=PLANE('',#2627);
#2629=CARTESIAN_POINT('',(2.,49.5,32.5));
#2630=VERTEX_POINT('',#2629);
#2631=CARTESIAN_POINT('',(0.,49.5,32.5));
#2632=DIRECTION('',(1.,0.,-0.));
#2633=VECTOR('',#2632,2.);
#2634=LINE('',#2631,#2633);
#2635=EDGE_CURVE('',#825,#2630,#2634,.T.);
#2636=ORIENTED_EDGE('',*,*,#2635,.T.);
#2637=CARTESIAN_POINT('',(2.,19.5,32.5));
#2638=VERTEX_POINT('',#2637);
#2639=CARTESIAN_POINT('',(2.,49.5,32.5));
#2640=DIRECTION('',(0.,-1.,0.));
#2641=VECTOR('',#2640,30.);
#2642=LINE('',#2639,#2641);
#2643=EDGE_CURVE('',#2630,#2638,#2642,.T.);
#2644=ORIENTED_EDGE('',*,*,#2643,.T.);
#2645=CARTESIAN_POINT('',(2.,19.5,32.5));
#2646=DIRECTION('',(-1.,-0.,0.));
#2647=VECTOR('',#2646,2.);
#2648=LINE('',#2645,#2647);
#2649=EDGE_CURVE('',#2638,#834,#2648,.T.);
#2650=ORIENTED_EDGE('',*,*,#2649,.T.);
#2651=ORIENTED_EDGE('',*,*,#839,.T.);
#2652=EDGE_LOOP('',(#2636,#2644,#2650,#2651));
#2653=FACE_BOUND('',#2652,.T.);
#2654=ADVANCED_FACE('',(#2653),#2628,.T.);
#2655=CARTESIAN_POINT('',(-34.,49.5,27.5));
#2656=DIRECTION('',(-1.,0.,0.));
#2657=DIRECTION('',(0.,-1.,0.));
#2658=AXIS2_PLACEMENT_3D('',#2655,#2656,#2657);
#2659=CYLINDRICAL_SURFACE('',#2658,5.);
#2660=ORIENTED_EDGE('',*,*,#2090,.F.);
#2661=CARTESIAN_POINT('',(2.,49.5,27.5));
#2662=DIRECTION('',(1.,0.,0.));
#2663=DIRECTION('',(0.,1.,-0.));
#2664=AXIS2_PLACEMENT_3D('',#2661,#2662,#2663);
#2665=CIRCLE('',#2664,5.);
#2666=EDGE_CURVE('',#2079,#2630,#2665,.T.);
#2667=ORIENTED_EDGE('',*,*,#2666,.T.);
#2668=ORIENTED_EDGE('',*,*,#2635,.F.);
#2669=ORIENTED_EDGE('',*,*,#831,.F.);
#2670=EDGE_LOOP('',(#2660,#2667,#2668,#2669));
#2671=FACE_BOUND('',#2670,.T.);
#2672=ADVANCED_FACE('',(#2671),#2659,.F.);
#2673=CARTESIAN_POINT('',(-34.,19.5,27.5));
#2674=DIRECTION('',(-1.,0.,0.));
#2675=DIRECTION('',(0.,-1.,0.));
#2676=AXIS2_PLACEMENT_3D('',#2673,#2674,#2675);
#2677=CYLINDRICAL_SURFACE('',#2676,5.);
#2678=ORIENTED_EDGE('',*,*,#2649,.F.);
#2679=CARTESIAN_POINT('',(2.,19.5,27.5));
#2680=DIRECTION('',(1.,0.,0.));
#2681=DIRECTION('',(0.,1.,-0.));
#2682=AXIS2_PLACEMENT_3D('',#2679,#2680,#2681);
#2683=CIRCLE('',#2682,5.);
#2684=EDGE_CURVE('',#2638,#2183,#2683,.T.);
#2685=ORIENTED_EDGE('',*,*,#2684,.T.);
#2686=ORIENTED_EDGE('',*,*,#2188,.F.);
#2687=ORIENTED_EDGE('',*,*,#848,.F.);
#2688=EDGE_LOOP('',(#2678,#2685,#2686,#2687));
#2689=FACE_BOUND('',#2688,.T.);
#2690=ADVANCED_FACE('',(#2689),#2677,.F.);
#2691=CARTESIAN_POINT('',(2.,11.5,0.5));
#2692=DIRECTION('',(0.,0.,1.));
#2693=DIRECTION('',(0.,-1.,0.));
#2694=AXIS2_PLACEMENT_3D('',#2691,#2692,#2693);
#2695=CYLINDRICAL_SURFACE('',#2694,3.);
#2696=CARTESIAN_POINT('',(4.5,13.158312395,27.5));
#2697=VERTEX_POINT('',#2696);
#2698=CARTESIAN_POINT('',(2.,11.5,27.5));
#2699=DIRECTION('',(0.,0.,1.));
#2700=DIRECTION('',(0.,-1.,0.));
#2701=AXIS2_PLACEMENT_3D('',#2698,#2699,#2700);
#2702=CIRCLE('',#2701,3.);
#2703=EDGE_CURVE('',#2697,#2183,#2702,.T.);
#2704=ORIENTED_EDGE('',*,*,#2703,.F.);
#2705=CARTESIAN_POINT('',(2.,11.5,22.5));
#2706=DIRECTION('',(-0.894427191,0.,0.447213595));
#2707=DIRECTION('',(0.447213595,0.,0.894427191));
#2708=AXIS2_PLACEMENT_3D('',#2705,#2706,#2707);
#2709=ELLIPSE('',#2708,6.708203932,3.);
#2710=EDGE_CURVE('',#2697,#2191,#2709,.T.);
#2711=ORIENTED_EDGE('',*,*,#2710,.T.);
#2712=ORIENTED_EDGE('',*,*,#2196,.F.);
#2713=EDGE_LOOP('',(#2704,#2711,#2712));
#2714=FACE_BOUND('',#2713,.T.);
#2715=ADVANCED_FACE('',(#2714),#2695,.T.);
#2716=CARTESIAN_POINT('',(2.,19.5,27.5));
#2717=DIRECTION('',(1.,0.,0.));
#2718=DIRECTION('',(0.,1.,-0.));
#2719=AXIS2_PLACEMENT_3D('',#2716,#2717,#2718);
#2720=TOROIDAL_SURFACE('',#2719,8.,3.);
#2721=ORIENTED_EDGE('',*,*,#1618,.F.);
#2722=CARTESIAN_POINT('',(5.,11.562712097,28.49967922));
#2723=CARTESIAN_POINT('',(4.999999839,11.639915429,28.507537265));
#2724=CARTESIAN_POINT('',(4.997093366,11.717566534,28.510111517));
#2725=CARTESIAN_POINT('',(4.991325635,11.793484079,28.506996153));
#2726=CARTESIAN_POINT('',(4.985557904,11.869401624,28.50388079));
#2727=CARTESIAN_POINT('',(4.976949692,11.944022387,28.495150823));
#2728=CARTESIAN_POINT('',(4.965540877,12.017360572,28.480484336));
#2729=CARTESIAN_POINT('',(4.942723247,12.16403694,28.451151361));
#2730=CARTESIAN_POINT('',(4.908254661,12.306762355,28.397471817));
#2731=CARTESIAN_POINT('',(4.863690234,12.441162278,28.317135338));
#2732=CARTESIAN_POINT('',(4.819125807,12.5755622,28.236798858));
#2733=CARTESIAN_POINT('',(4.765260617,12.700014897,28.131398557));
#2734=CARTESIAN_POINT('',(4.703935485,12.817977734,27.997101977));
#2735=CARTESIAN_POINT('',(4.642610354,12.935940571,27.862805397));
#2736=CARTESIAN_POINT('',(4.573743036,13.047140585,27.699708662));
#2737=CARTESIAN_POINT('',(4.5,13.158312395,27.5));
#2738=B_SPLINE_CURVE_WITH_KNOTS('',3,(#2722,#2723,#2724,#2725,#2726,#2727,#2728,#2729,#2730,#2731,#2732,#2733,#2734,#2735,#2736,#2737),.UNSPECIFIED.,.F.,.F.,(4,3,3,3,3,4),(0.035300271,0.035753382,0.036206493,0.037112715,0.038018936,0.038925158),.UNSPECIFIED.);
#2739=EDGE_CURVE('',#1603,#2697,#2738,.T.);
#2740=ORIENTED_EDGE('',*,*,#2739,.T.);
#2741=ORIENTED_EDGE('',*,*,#2703,.T.);
#2742=ORIENTED_EDGE('',*,*,#2684,.F.);
#2743=CARTESIAN_POINT('',(2.,19.5,35.5));
#2744=DIRECTION('',(0.,1.,-0.));
#2745=DIRECTION('',(-1.,0.,0.));
#2746=AXIS2_PLACEMENT_3D('',#2743,#2744,#2745);
#2747=CIRCLE('',#2746,3.);
#2748=EDGE_CURVE('',#1612,#2638,#2747,.T.);
#2749=ORIENTED_EDGE('',*,*,#2748,.F.);
#2750=EDGE_LOOP('',(#2721,#2740,#2741,#2742,#2749));
#2751=FACE_BOUND('',#2750,.T.);
#2752=ADVANCED_FACE('',(#2751),#2720,.T.);
#2753=CARTESIAN_POINT('',(2.,57.5,13.));
#2754=DIRECTION('',(0.,-0.,-1.));
#2755=DIRECTION('',(0.,1.,-0.));
#2756=AXIS2_PLACEMENT_3D('',#2753,#2754,#2755);
#2757=CYLINDRICAL_SURFACE('',#2756,3.);
#2758=ORIENTED_EDGE('',*,*,#2084,.F.);
#2759=CARTESIAN_POINT('',(4.5,55.841687605,27.5));
#2760=VERTEX_POINT('',#2759);
#2761=CARTESIAN_POINT('',(2.,57.5,22.5));
#2762=DIRECTION('',(-0.894427191,0.,0.447213595));
#2763=DIRECTION('',(-0.447213595,-0.,-0.894427191));
#2764=AXIS2_PLACEMENT_3D('',#2761,#2762,#2763);
#2765=ELLIPSE('',#2764,6.708203932,3.);
#2766=EDGE_CURVE('',#2071,#2760,#2765,.T.);
#2767=ORIENTED_EDGE('',*,*,#2766,.T.);
#2768=CARTESIAN_POINT('',(2.,57.5,27.5));
#2769=DIRECTION('',(0.,0.,1.));
#2770=DIRECTION('',(0.,-1.,0.));
#2771=AXIS2_PLACEMENT_3D('',#2768,#2769,#2770);
#2772=CIRCLE('',#2771,3.);
#2773=EDGE_CURVE('',#2079,#2760,#2772,.T.);
#2774=ORIENTED_EDGE('',*,*,#2773,.F.);
#2775=EDGE_LOOP('',(#2758,#2767,#2774));
#2776=FACE_BOUND('',#2775,.T.);
#2777=ADVANCED_FACE('',(#2776),#2757,.T.);
#2778=CARTESIAN_POINT('',(2.,34.5,35.5));
#2779=DIRECTION('',(0.,-1.,0.));
#2780=DIRECTION('',(1.,0.,0.));
#2781=AXIS2_PLACEMENT_3D('',#2778,#2779,#2780);
#2782=CYLINDRICAL_SURFACE('',#2781,3.);
#2783=ORIENTED_EDGE('',*,*,#2748,.T.);
#2784=ORIENTED_EDGE('',*,*,#2643,.F.);
#2785=CARTESIAN_POINT('',(2.,49.5,35.5));
#2786=DIRECTION('',(0.,1.,-0.));
#2787=DIRECTION('',(-1.,0.,0.));
#2788=AXIS2_PLACEMENT_3D('',#2785,#2786,#2787);
#2789=CIRCLE('',#2788,3.);
#2790=EDGE_CURVE('',#1621,#2630,#2789,.T.);
#2791=ORIENTED_EDGE('',*,*,#2790,.F.);
#2792=ORIENTED_EDGE('',*,*,#1626,.F.);
#2793=EDGE_LOOP('',(#2783,#2784,#2791,#2792));
#2794=FACE_BOUND('',#2793,.T.);
#2795=ADVANCED_FACE('',(#2794),#2782,.T.);
#2796=CARTESIAN_POINT('',(2.,49.5,27.5));
#2797=DIRECTION('',(1.,0.,0.));
#2798=DIRECTION('',(0.,1.,-0.));
#2799=AXIS2_PLACEMENT_3D('',#2796,#2797,#2798);
#2800=TOROIDAL_SURFACE('',#2799,8.,3.);
#2801=ORIENTED_EDGE('',*,*,#2773,.T.);
#2802=CARTESIAN_POINT('',(4.5,55.841687605,27.5));
#2803=CARTESIAN_POINT('',(4.573743036,55.952859415,27.699708662));
#2804=CARTESIAN_POINT('',(4.642610354,56.064059429,27.862805397));
#2805=CARTESIAN_POINT('',(4.703935485,56.182022266,27.997101977));
#2806=CARTESIAN_POINT('',(4.765260617,56.299985103,28.131398557));
#2807=CARTESIAN_POINT('',(4.819125807,56.4244378,28.236798858));
#2808=CARTESIAN_POINT('',(4.863690234,56.558837722,28.317135338));
#2809=CARTESIAN_POINT('',(4.908254661,56.693237645,28.397471817));
#2810=CARTESIAN_POINT('',(4.942723247,56.83596306,28.451151361));
#2811=CARTESIAN_POINT('',(4.965540877,56.982639428,28.480484336));
#2812=CARTESIAN_POINT('',(4.976949692,57.055977613,28.495150823));
#2813=CARTESIAN_POINT('',(4.985557904,57.130598376,28.50388079));
#2814=CARTESIAN_POINT('',(4.991325635,57.206515921,28.506996153));
#2815=CARTESIAN_POINT('',(4.997093366,57.282433466,28.510111517));
#2816=CARTESIAN_POINT('',(4.999999839,57.360084571,28.507537265));
#2817=CARTESIAN_POINT('',(5.,57.437287903,28.49967922));
#2818=B_SPLINE_CURVE_WITH_KNOTS('',3,(#2802,#2803,#2804,#2805,#2806,#2807,#2808,#2809,#2810,#2811,#2812,#2813,#2814,#2815,#2816,#2817),.UNSPECIFIED.,.F.,.F.,(4,3,3,3,3,4),(0.035300271,0.036206493,0.037112715,0.038018936,0.038472047,0.038925158),.UNSPECIFIED.);
#2819=EDGE_CURVE('',#2760,#1629,#2818,.T.);
#2820=ORIENTED_EDGE('',*,*,#2819,.T.);
#2821=ORIENTED_EDGE('',*,*,#1635,.F.);
#2822=ORIENTED_EDGE('',*,*,#2790,.T.);
#2823=ORIENTED_EDGE('',*,*,#2666,.F.);
#2824=EDGE_LOOP('',(#2801,#2820,#2821,#2822,#2823));
#2825=FACE_BOUND('',#2824,.T.);
#2826=ADVANCED_FACE('',(#2825),#2800,.T.);
#2827=CARTESIAN_POINT('',(42.121320344,57.5,32.378679656));
#2828=DIRECTION('',(-0.707106781,-0.,-0.707106781));
#2829=DIRECTION('',(0.707106781,-0.,-0.707106781));
#2830=AXIS2_PLACEMENT_3D('',#2827,#2828,#2829);
#2831=CYLINDRICAL_SURFACE('',#2830,3.);
#2832=ORIENTED_EDGE('',*,*,#2059,.F.);
#2833=CARTESIAN_POINT('',(40.242640687,57.5,30.5));
#2834=DIRECTION('',(-0.707106781,-0.,-0.707106781));
#2835=DIRECTION('',(0.707106781,-0.,-0.707106781));
#2836=AXIS2_PLACEMENT_3D('',#2833,#2834,#2835);
#2837=CIRCLE('',#2836,3.);
#2838=EDGE_CURVE('',#2046,#2504,#2837,.T.);
#2839=ORIENTED_EDGE('',*,*,#2838,.T.);
#2840=ORIENTED_EDGE('',*,*,#2509,.F.);
#2841=CARTESIAN_POINT('',(34.,57.5,24.257359313));
#2842=DIRECTION('',(-0.707106781,-0.,-0.707106781));
#2843=DIRECTION('',(0.707106781,-0.,-0.707106781));
#2844=AXIS2_PLACEMENT_3D('',#2841,#2842,#2843);
#2845=CIRCLE('',#2844,3.);
#2846=EDGE_CURVE('',#2054,#2502,#2845,.T.);
#2847=ORIENTED_EDGE('',*,*,#2846,.F.);
#2848=EDGE_LOOP('',(#2832,#2839,#2840,#2847));
#2849=FACE_BOUND('',#2848,.T.);
#2850=ADVANCED_FACE('',(#2849),#2831,.T.);
#2851=CARTESIAN_POINT('',(29.757359313,57.5,28.5));
#2852=DIRECTION('',(0.,1.,-0.));
#2853=DIRECTION('',(-1.,0.,0.));
#2854=AXIS2_PLACEMENT_3D('',#2851,#2852,#2853);
#2855=TOROIDAL_SURFACE('',#2854,6.,3.);
#2856=ORIENTED_EDGE('',*,*,#2846,.T.);
#2857=ORIENTED_EDGE('',*,*,#2619,.F.);
#2858=CARTESIAN_POINT('',(29.757359313,57.5,22.5));
#2859=DIRECTION('',(-1.,0.,0.));
#2860=DIRECTION('',(0.,-1.,0.));
#2861=AXIS2_PLACEMENT_3D('',#2858,#2859,#2860);
#2862=CIRCLE('',#2861,3.);
#2863=EDGE_CURVE('',#2062,#1998,#2862,.T.);
#2864=ORIENTED_EDGE('',*,*,#2863,.F.);
#2865=ORIENTED_EDGE('',*,*,#2068,.F.);
#2866=EDGE_LOOP('',(#2856,#2857,#2864,#2865));
#2867=FACE_BOUND('',#2866,.T.);
#2868=ADVANCED_FACE('',(#2867),#2855,.T.);
#2869=CARTESIAN_POINT('',(26.,57.5,22.5));
#2870=DIRECTION('',(-1.,0.,0.));
#2871=DIRECTION('',(0.,-1.,0.));
#2872=AXIS2_PLACEMENT_3D('',#2869,#2870,#2871);
#2873=CYLINDRICAL_SURFACE('',#2872,3.);
#2874=ORIENTED_EDGE('',*,*,#2003,.F.);
#2875=CARTESIAN_POINT('',(8.,57.468647604,25.499836167));
#2876=VERTEX_POINT('',#2875);
#2877=CARTESIAN_POINT('',(8.,57.5,22.5));
#2878=DIRECTION('',(1.,0.,0.));
#2879=DIRECTION('',(0.,1.,-0.));
#2880=AXIS2_PLACEMENT_3D('',#2877,#2878,#2879);
#2881=CIRCLE('',#2880,3.);
#2882=EDGE_CURVE('',#1990,#2876,#2881,.T.);
#2883=ORIENTED_EDGE('',*,*,#2882,.T.);
#2884=CARTESIAN_POINT('',(7.,55.841687605,25.));
#2885=VERTEX_POINT('',#2884);
#2886=CARTESIAN_POINT('',(8.000001373,57.468647682,25.499836168));
#2887=CARTESIAN_POINT('',(8.000001051,57.392534238,25.499040684));
#2888=CARTESIAN_POINT('',(7.994186959,57.315724628,25.495293125));
#2889=CARTESIAN_POINT('',(7.982651489,57.240257016,25.488734445));
#2890=CARTESIAN_POINT('',(7.971116019,57.164789403,25.482175765));
#2891=CARTESIAN_POINT('',(7.953899386,57.090227014,25.472820228));
#2892=CARTESIAN_POINT('',(7.931081756,57.016543556,25.460788724));
#2893=CARTESIAN_POINT('',(7.908264125,56.942860098,25.448757219));
#2894=CARTESIAN_POINT('',(7.879835389,56.870056546,25.434049383));
#2895=CARTESIAN_POINT('',(7.845834439,56.798117744,25.416738127));
#2896=CARTESIAN_POINT('',(7.811833488,56.726178942,25.39942687));
#2897=CARTESIAN_POINT('',(7.771951183,56.654699582,25.379367624));
#2898=CARTESIAN_POINT('',(7.727386988,56.585416846,25.357190518));
#2899=CARTESIAN_POINT('',(7.638258598,56.446851376,25.312836307));
#2900=CARTESIAN_POINT('',(7.530521302,56.316552112,25.260122868));
#2901=CARTESIAN_POINT('',(7.407871039,56.193045442,25.200346234));
#2902=CARTESIAN_POINT('',(7.285220777,56.069538773,25.1405696));
#2903=CARTESIAN_POINT('',(7.147486072,55.952859415,25.073743036));
#2904=CARTESIAN_POINT('',(7.,55.841687605,25.));
#2905=B_SPLINE_CURVE_WITH_KNOTS('',3,(#2886,#2887,#2888,#2889,#2890,#2891,#2892,#2893,#2894,#2895,#2896,#2897,#2898,#2899,#2900,#2901,#2902,#2903,#2904),.UNSPECIFIED.,.F.,.F.,(4,3,3,3,3,3,4),(0.035300271,0.035753382,0.036206493,0.036659604,0.037112715,0.038018936,0.038925158),.UNSPECIFIED.);
#2906=EDGE_CURVE('',#2876,#2885,#2905,.T.);
#2907=ORIENTED_EDGE('',*,*,#2906,.T.);
#2908=CARTESIAN_POINT('',(2.,57.5,22.5));
#2909=DIRECTION('',(0.447213595,-0.,-0.894427191));
#2910=DIRECTION('',(-0.894427191,-0.,-0.447213595));
#2911=AXIS2_PLACEMENT_3D('',#2908,#2909,#2910);
#2912=ELLIPSE('',#2911,6.708203932,3.);
#2913=EDGE_CURVE('',#2885,#2071,#2912,.T.);
#2914=ORIENTED_EDGE('',*,*,#2913,.T.);
#2915=ORIENTED_EDGE('',*,*,#2076,.F.);
#2916=ORIENTED_EDGE('',*,*,#2863,.T.);
#2917=EDGE_LOOP('',(#2874,#2883,#2907,#2914,#2915,#2916));
#2918=FACE_BOUND('',#2917,.T.);
#2919=ADVANCED_FACE('',(#2918),#2873,.T.);
#2920=CARTESIAN_POINT('',(26.,11.5,22.5));
#2921=DIRECTION('',(-1.,0.,0.));
#2922=DIRECTION('',(0.,-1.,0.));
#2923=AXIS2_PLACEMENT_3D('',#2920,#2921,#2922);
#2924=CYLINDRICAL_SURFACE('',#2923,3.);
#2925=ORIENTED_EDGE('',*,*,#2204,.F.);
#2926=CARTESIAN_POINT('',(7.,13.158312395,25.));
#2927=VERTEX_POINT('',#2926);
#2928=CARTESIAN_POINT('',(2.,11.5,22.5));
#2929=DIRECTION('',(0.447213595,-0.,-0.894427191));
#2930=DIRECTION('',(0.894427191,0.,0.447213595));
#2931=AXIS2_PLACEMENT_3D('',#2928,#2929,#2930);
#2932=ELLIPSE('',#2931,6.708203932,3.);
#2933=EDGE_CURVE('',#2191,#2927,#2932,.T.);
#2934=ORIENTED_EDGE('',*,*,#2933,.T.);
#2935=CARTESIAN_POINT('',(8.,11.531352396,25.499836167));
#2936=VERTEX_POINT('',#2935);
#2937=CARTESIAN_POINT('',(7.,13.158312395,25.));
#2938=CARTESIAN_POINT('',(7.147486072,13.047140585,25.073743036));
#2939=CARTESIAN_POINT('',(7.285220777,12.930461227,25.1405696));
#2940=CARTESIAN_POINT('',(7.407871039,12.806954558,25.200346234));
#2941=CARTESIAN_POINT('',(7.530521302,12.683447888,25.260122868));
#2942=CARTESIAN_POINT('',(7.638258598,12.553148624,25.312836307));
#2943=CARTESIAN_POINT('',(7.727386988,12.414583154,25.357190518));
#2944=CARTESIAN_POINT('',(7.771951183,12.345300418,25.379367624));
#2945=CARTESIAN_POINT('',(7.811833488,12.273821058,25.39942687));
#2946=CARTESIAN_POINT('',(7.845834439,12.201882256,25.416738127));
#2947=CARTESIAN_POINT('',(7.879835389,12.129943454,25.434049383));
#2948=CARTESIAN_POINT('',(7.908264125,12.057139902,25.448757219));
#2949=CARTESIAN_POINT('',(7.931081756,11.983456444,25.460788724));
#2950=CARTESIAN_POINT('',(7.953899386,11.909772986,25.472820228));
#2951=CARTESIAN_POINT('',(7.971116019,11.835210597,25.482175765));
#2952=CARTESIAN_POINT('',(7.982651489,11.759742984,25.488734445));
#2953=CARTESIAN_POINT('',(7.994186959,11.684275372,25.495293125));
#2954=CARTESIAN_POINT('',(8.000001051,11.607465762,25.499040684));
#2955=CARTESIAN_POINT('',(8.000001373,11.531352318,25.499836168));
#2956=B_SPLINE_CURVE_WITH_KNOTS('',3,(#2937,#2938,#2939,#2940,#2941,#2942,#2943,#2944,#2945,#2946,#2947,#2948,#2949,#2950,#2951,#2952,#2953,#2954,#2955),.UNSPECIFIED.,.F.,.F.,(4,3,3,3,3,3,4),(0.035300271,0.036206493,0.037112715,0.037565826,0.038018936,0.038472047,0.038925158),.UNSPECIFIED.);
#2957=EDGE_CURVE('',#2927,#2936,#2956,.T.);
#2958=ORIENTED_EDGE('',*,*,#2957,.T.);
#2959=CARTESIAN_POINT('',(8.,11.5,22.5));
#2960=DIRECTION('',(1.,0.,0.));
#2961=DIRECTION('',(0.,1.,-0.));
#2962=AXIS2_PLACEMENT_3D('',#2959,#2960,#2961);
#2963=CIRCLE('',#2962,3.);
#2964=EDGE_CURVE('',#2936,#2103,#2963,.T.);
#2965=ORIENTED_EDGE('',*,*,#2964,.T.);
#2966=ORIENTED_EDGE('',*,*,#2108,.F.);
#2967=CARTESIAN_POINT('',(29.757359313,11.5,22.5));
#2968=DIRECTION('',(1.,0.,0.));
#2969=DIRECTION('',(0.,1.,-0.));
#2970=AXIS2_PLACEMENT_3D('',#2967,#2968,#2969);
#2971=CIRCLE('',#2970,3.);
#2972=EDGE_CURVE('',#2199,#2101,#2971,.T.);
#2973=ORIENTED_EDGE('',*,*,#2972,.F.);
#2974=EDGE_LOOP('',(#2925,#2934,#2958,#2965,#2966,#2973));
#2975=FACE_BOUND('',#2974,.T.);
#2976=ADVANCED_FACE('',(#2975),#2924,.T.);
#2977=CARTESIAN_POINT('',(29.757359313,11.5,28.5));
#2978=DIRECTION('',(0.,1.,-0.));
#2979=DIRECTION('',(-1.,0.,0.));
#2980=AXIS2_PLACEMENT_3D('',#2977,#2978,#2979);
#2981=TOROIDAL_SURFACE('',#2980,6.,3.);
#2982=ORIENTED_EDGE('',*,*,#2972,.T.);
#2983=ORIENTED_EDGE('',*,*,#2595,.F.);
#2984=CARTESIAN_POINT('',(34.,11.5,24.257359313));
#2985=DIRECTION('',(0.707106781,0.,0.707106781));
#2986=DIRECTION('',(-0.707106781,0.,0.707106781));
#2987=AXIS2_PLACEMENT_3D('',#2984,#2985,#2986);
#2988=CIRCLE('',#2987,3.);
#2989=EDGE_CURVE('',#2141,#2542,#2988,.T.);
#2990=ORIENTED_EDGE('',*,*,#2989,.F.);
#2991=ORIENTED_EDGE('',*,*,#2211,.F.);
#2992=EDGE_LOOP('',(#2982,#2983,#2990,#2991));
#2993=FACE_BOUND('',#2992,.T.);
#2994=ADVANCED_FACE('',(#2993),#2981,.T.);
#2995=CARTESIAN_POINT('',(33.121320344,11.5,23.378679656));
#2996=DIRECTION('',(0.707106781,0.,0.707106781));
#2997=DIRECTION('',(-0.707106781,0.,0.707106781));
#2998=AXIS2_PLACEMENT_3D('',#2995,#2996,#2997);
#2999=CYLINDRICAL_SURFACE('',#2998,3.);
#3000=ORIENTED_EDGE('',*,*,#2571,.F.);
#3001=CARTESIAN_POINT('',(40.242640687,11.5,30.5));
#3002=DIRECTION('',(-0.707106781,-0.,-0.707106781));
#3003=DIRECTION('',(-0.707106781,0.,0.707106781));
#3004=AXIS2_PLACEMENT_3D('',#3001,#3002,#3003);
#3005=CIRCLE('',#3004,3.);
#3006=EDGE_CURVE('',#2560,#2143,#3005,.T.);
#3007=ORIENTED_EDGE('',*,*,#3006,.T.);
#3008=ORIENTED_EDGE('',*,*,#2148,.F.);
#3009=ORIENTED_EDGE('',*,*,#2989,.T.);
#3010=EDGE_LOOP('',(#3000,#3007,#3008,#3009));
#3011=FACE_BOUND('',#3010,.T.);
#3012=ADVANCED_FACE('',(#3011),#2999,.T.);
#3013=CARTESIAN_POINT('',(26.,11.5,13.5));
#3014=DIRECTION('',(1.,0.,0.));
#3015=DIRECTION('',(0.,1.,-0.));
#3016=AXIS2_PLACEMENT_3D('',#3013,#3014,#3015);
#3017=CYLINDRICAL_SURFACE('',#3016,3.);
#3018=ORIENTED_EDGE('',*,*,#865,.F.);
#3019=ORIENTED_EDGE('',*,*,#2179,.F.);
#3020=CARTESIAN_POINT('',(30.,11.5,13.5));
#3021=DIRECTION('',(1.,0.,0.));
#3022=DIRECTION('',(0.,1.,-0.));
#3023=AXIS2_PLACEMENT_3D('',#3020,#3021,#3022);
#3024=CIRCLE('',#3023,3.);
#3025=EDGE_CURVE('',#1554,#2167,#3024,.T.);
#3026=ORIENTED_EDGE('',*,*,#3025,.F.);
#3027=ORIENTED_EDGE('',*,*,#1574,.F.);
#3028=EDGE_LOOP('',(#3018,#3019,#3026,#3027));
#3029=FACE_BOUND('',#3028,.T.);
#3030=ADVANCED_FACE('',(#3029),#3017,.T.);
#3031=CARTESIAN_POINT('',(30.,11.5,25.5));
#3032=DIRECTION('',(0.,1.,-0.));
#3033=DIRECTION('',(-1.,0.,0.));
#3034=AXIS2_PLACEMENT_3D('',#3031,#3032,#3033);
#3035=TOROIDAL_SURFACE('',#3034,12.,3.);
#3036=ORIENTED_EDGE('',*,*,#3025,.T.);
#3037=ORIENTED_EDGE('',*,*,#2173,.F.);
#3038=CARTESIAN_POINT('',(42.,11.5,25.5));
#3039=DIRECTION('',(0.,0.,1.));
#3040=DIRECTION('',(0.,-1.,0.));
#3041=AXIS2_PLACEMENT_3D('',#3038,#3039,#3040);
#3042=CIRCLE('',#3041,3.);
#3043=EDGE_CURVE('',#2432,#2159,#3042,.T.);
#3044=ORIENTED_EDGE('',*,*,#3043,.F.);
#3045=ORIENTED_EDGE('',*,*,#2467,.F.);
#3046=EDGE_LOOP('',(#3036,#3037,#3044,#3045));
#3047=FACE_BOUND('',#3046,.T.);
#3048=ADVANCED_FACE('',(#3047),#3035,.T.);
#3049=CARTESIAN_POINT('',(42.,11.5,13.));
#3050=DIRECTION('',(0.,-0.,-1.));
#3051=DIRECTION('',(0.,1.,-0.));
#3052=AXIS2_PLACEMENT_3D('',#3049,#3050,#3051);
#3053=CYLINDRICAL_SURFACE('',#3052,3.);
#3054=ORIENTED_EDGE('',*,*,#2164,.F.);
#3055=CARTESIAN_POINT('',(42.,11.5,30.5));
#3056=DIRECTION('',(0.,-0.,-1.));
#3057=DIRECTION('',(0.,1.,-0.));
#3058=AXIS2_PLACEMENT_3D('',#3055,#3056,#3057);
#3059=CIRCLE('',#3058,3.);
#3060=EDGE_CURVE('',#2151,#2414,#3059,.T.);
#3061=ORIENTED_EDGE('',*,*,#3060,.T.);
#3062=ORIENTED_EDGE('',*,*,#2443,.F.);
#3063=ORIENTED_EDGE('',*,*,#3043,.T.);
#3064=EDGE_LOOP('',(#3054,#3061,#3062,#3063));
#3065=FACE_BOUND('',#3064,.T.);
#3066=ADVANCED_FACE('',(#3065),#3053,.T.);
#3067=CARTESIAN_POINT('',(26.,11.5,30.5));
#3068=DIRECTION('',(1.,0.,0.));
#3069=DIRECTION('',(0.,1.,-0.));
#3070=AXIS2_PLACEMENT_3D('',#3067,#3068,#3069);
#3071=CYLINDRICAL_SURFACE('',#3070,3.);
#3072=ORIENTED_EDGE('',*,*,#2403,.F.);
#3073=CARTESIAN_POINT('',(42.,11.5,30.5));
#3074=DIRECTION('',(-1.,-0.,-0.));
#3075=DIRECTION('',(0.,1.,-0.));
#3076=AXIS2_PLACEMENT_3D('',#3073,#3074,#3075);
#3077=CIRCLE('',#3076,3.);
#3078=EDGE_CURVE('',#2392,#2151,#3077,.T.);
#3079=ORIENTED_EDGE('',*,*,#3078,.T.);
#3080=ORIENTED_EDGE('',*,*,#2156,.F.);
#3081=CARTESIAN_POINT('',(40.242640687,11.5,30.5));
#3082=DIRECTION('',(-1.,0.,0.));
#3083=DIRECTION('',(0.,-1.,0.));
#3084=AXIS2_PLACEMENT_3D('',#3081,#3082,#3083);
#3085=CIRCLE('',#3084,3.);
#3086=EDGE_CURVE('',#2374,#2143,#3085,.T.);
#3087=ORIENTED_EDGE('',*,*,#3086,.F.);
#3088=EDGE_LOOP('',(#3072,#3079,#3080,#3087));
#3089=FACE_BOUND('',#3088,.T.);
#3090=ADVANCED_FACE('',(#3089),#3071,.T.);
#3091=CARTESIAN_POINT('',(40.242640687,7.,30.5));
#3092=DIRECTION('',(0.,1.,-0.));
#3093=DIRECTION('',(-1.,0.,0.));
#3094=AXIS2_PLACEMENT_3D('',#3091,#3092,#3093);
#3095=CYLINDRICAL_SURFACE('',#3094,3.);
#3096=ORIENTED_EDGE('',*,*,#2565,.F.);
#3097=CARTESIAN_POINT('',(40.242640687,7.5,30.5));
#3098=DIRECTION('',(0.,1.,-0.));
#3099=DIRECTION('',(-1.,0.,0.));
#3100=AXIS2_PLACEMENT_3D('',#3097,#3098,#3099);
#3101=CIRCLE('',#3100,3.);
#3102=EDGE_CURVE('',#2552,#2376,#3101,.T.);
#3103=ORIENTED_EDGE('',*,*,#3102,.T.);
#3104=ORIENTED_EDGE('',*,*,#2381,.F.);
#3105=CARTESIAN_POINT('',(40.242640687,11.5,30.5));
#3106=DIRECTION('',(0.,1.,-0.));
#3107=DIRECTION('',(-1.,0.,0.));
#3108=AXIS2_PLACEMENT_3D('',#3105,#3106,#3107);
#3109=CIRCLE('',#3108,3.);
#3110=EDGE_CURVE('',#2560,#2374,#3109,.T.);
#3111=ORIENTED_EDGE('',*,*,#3110,.F.);
#3112=EDGE_LOOP('',(#3096,#3103,#3104,#3111));
#3113=FACE_BOUND('',#3112,.T.);
#3114=ADVANCED_FACE('',(#3113),#3095,.T.);
#3115=CARTESIAN_POINT('',(40.242640687,11.5,30.5));
#3116=DIRECTION('',(0.,0.,1.));
#3117=DIRECTION('',(0.,-1.,0.));
#3118=AXIS2_PLACEMENT_3D('',#3115,#3116,#3117);
#3119=SPHERICAL_SURFACE('',#3118,3.);
#3120=ORIENTED_EDGE('',*,*,#3086,.T.);
#3121=ORIENTED_EDGE('',*,*,#3006,.F.);
#3122=ORIENTED_EDGE('',*,*,#3110,.T.);
#3123=EDGE_LOOP('',(#3120,#3121,#3122));
#3124=FACE_BOUND('',#3123,.T.);
#3125=ADVANCED_FACE('',(#3124),#3119,.T.);
#3126=CARTESIAN_POINT('',(42.,11.5,30.5));
#3127=DIRECTION('',(0.,-1.,0.));
#3128=DIRECTION('',(1.,0.,0.));
#3129=AXIS2_PLACEMENT_3D('',#3126,#3127,#3128);
#3130=SPHERICAL_SURFACE('',#3129,3.);
#3131=ORIENTED_EDGE('',*,*,#3060,.F.);
#3132=ORIENTED_EDGE('',*,*,#3078,.F.);
#3133=CARTESIAN_POINT('',(42.,11.5,30.5));
#3134=DIRECTION('',(0.,-1.,0.));
#3135=DIRECTION('',(1.,0.,0.));
#3136=AXIS2_PLACEMENT_3D('',#3133,#3134,#3135);
#3137=CIRCLE('',#3136,3.);
#3138=EDGE_CURVE('',#2414,#2392,#3137,.T.);
#3139=ORIENTED_EDGE('',*,*,#3138,.F.);
#3140=EDGE_LOOP('',(#3131,#3132,#3139));
#3141=FACE_BOUND('',#3140,.T.);
#3142=ADVANCED_FACE('',(#3141),#3130,.T.);
#3143=CARTESIAN_POINT('',(42.,69.5,30.5));
#3144=DIRECTION('',(0.,-1.,0.));
#3145=DIRECTION('',(1.,0.,0.));
#3146=AXIS2_PLACEMENT_3D('',#3143,#3144,#3145);
#3147=CYLINDRICAL_SURFACE('',#3146,3.);
#3148=ORIENTED_EDGE('',*,*,#2397,.F.);
#3149=CARTESIAN_POINT('',(42.,7.5,30.5));
#3150=DIRECTION('',(-0.,1.,-0.));
#3151=DIRECTION('',(1.,0.,0.));
#3152=AXIS2_PLACEMENT_3D('',#3149,#3150,#3151);
#3153=CIRCLE('',#3152,3.);
#3154=EDGE_CURVE('',#2384,#2416,#3153,.T.);
#3155=ORIENTED_EDGE('',*,*,#3154,.T.);
#3156=ORIENTED_EDGE('',*,*,#2421,.F.);
#3157=ORIENTED_EDGE('',*,*,#3138,.T.);
#3158=EDGE_LOOP('',(#3148,#3155,#3156,#3157));
#3159=FACE_BOUND('',#3158,.T.);
#3160=ADVANCED_FACE('',(#3159),#3147,.T.);
#3161=CARTESIAN_POINT('',(5.,7.5,22.5));
#3162=DIRECTION('',(1.,0.,0.));
#3163=DIRECTION('',(0.,1.,-0.));
#3164=AXIS2_PLACEMENT_3D('',#3161,#3162,#3163);
#3165=CYLINDRICAL_SURFACE('',#3164,3.);
#3166=ORIENTED_EDGE('',*,*,#2124,.F.);
#3167=CARTESIAN_POINT('',(2.,7.5,22.5));
#3168=DIRECTION('',(0.447213595,-0.,-0.894427191));
#3169=DIRECTION('',(0.894427191,0.,0.447213595));
#3170=AXIS2_PLACEMENT_3D('',#3167,#3168,#3169);
#3171=ELLIPSE('',#3170,6.708203932,3.);
#3172=EDGE_CURVE('',#2111,#1866,#3171,.T.);
#3173=ORIENTED_EDGE('',*,*,#3172,.T.);
#3174=ORIENTED_EDGE('',*,*,#1871,.F.);
#3175=CARTESIAN_POINT('',(29.757359313,7.5,22.5));
#3176=DIRECTION('',(1.,0.,0.));
#3177=DIRECTION('',(0.,1.,-0.));
#3178=AXIS2_PLACEMENT_3D('',#3175,#3176,#3177);
#3179=CIRCLE('',#3178,3.);
#3180=EDGE_CURVE('',#2119,#1864,#3179,.T.);
#3181=ORIENTED_EDGE('',*,*,#3180,.F.);
#3182=EDGE_LOOP('',(#3166,#3173,#3174,#3181));
#3183=FACE_BOUND('',#3182,.T.);
#3184=ADVANCED_FACE('',(#3183),#3165,.T.);
#3185=CARTESIAN_POINT('',(29.757359313,7.5,28.5));
#3186=DIRECTION('',(0.,1.,-0.));
#3187=DIRECTION('',(-1.,0.,0.));
#3188=AXIS2_PLACEMENT_3D('',#3185,#3186,#3187);
#3189=TOROIDAL_SURFACE('',#3188,6.,3.);
#3190=ORIENTED_EDGE('',*,*,#3180,.T.);
#3191=ORIENTED_EDGE('',*,*,#1934,.F.);
#3192=CARTESIAN_POINT('',(34.,7.5,24.257359313));
#3193=DIRECTION('',(0.707106781,0.,0.707106781));
#3194=DIRECTION('',(-0.707106781,0.,0.707106781));
#3195=AXIS2_PLACEMENT_3D('',#3192,#3193,#3194);
#3196=CIRCLE('',#3195,3.);
#3197=EDGE_CURVE('',#2544,#1922,#3196,.T.);
#3198=ORIENTED_EDGE('',*,*,#3197,.F.);
#3199=ORIENTED_EDGE('',*,*,#2587,.F.);
#3200=EDGE_LOOP('',(#3190,#3191,#3198,#3199));
#3201=FACE_BOUND('',#3200,.T.);
#3202=ADVANCED_FACE('',(#3201),#3189,.T.);
#3203=CARTESIAN_POINT('',(5.,7.5,13.5));
#3204=DIRECTION('',(1.,0.,0.));
#3205=DIRECTION('',(0.,1.,-0.));
#3206=AXIS2_PLACEMENT_3D('',#3203,#3204,#3205);
#3207=CYLINDRICAL_SURFACE('',#3206,3.);
#3208=ORIENTED_EDGE('',*,*,#882,.F.);
#3209=ORIENTED_EDGE('',*,*,#1567,.F.);
#3210=CARTESIAN_POINT('',(30.,7.5,13.5));
#3211=DIRECTION('',(1.,0.,0.));
#3212=DIRECTION('',(0.,1.,-0.));
#3213=AXIS2_PLACEMENT_3D('',#3210,#3211,#3212);
#3214=CIRCLE('',#3213,3.);
#3215=EDGE_CURVE('',#1889,#1556,#3214,.T.);
#3216=ORIENTED_EDGE('',*,*,#3215,.F.);
#3217=ORIENTED_EDGE('',*,*,#1894,.F.);
#3218=EDGE_LOOP('',(#3208,#3209,#3216,#3217));
#3219=FACE_BOUND('',#3218,.T.);
#3220=ADVANCED_FACE('',(#3219),#3207,.T.);
#3221=CARTESIAN_POINT('',(22.621320344,7.5,12.878679656));
#3222=DIRECTION('',(-0.707106781,-0.,-0.707106781));
#3223=DIRECTION('',(0.707106781,-0.,-0.707106781));
#3224=AXIS2_PLACEMENT_3D('',#3221,#3222,#3223);
#3225=CYLINDRICAL_SURFACE('',#3224,3.);
#3226=ORIENTED_EDGE('',*,*,#3197,.T.);
#3227=ORIENTED_EDGE('',*,*,#1927,.F.);
#3228=CARTESIAN_POINT('',(40.242640687,7.5,30.5));
#3229=DIRECTION('',(0.707106781,-0.,0.707106781));
#3230=DIRECTION('',(-0.707106781,0.,0.707106781));
#3231=AXIS2_PLACEMENT_3D('',#3228,#3229,#3230);
#3232=CIRCLE('',#3231,3.);
#3233=EDGE_CURVE('',#2552,#1914,#3232,.T.);
#3234=ORIENTED_EDGE('',*,*,#3233,.F.);
#3235=ORIENTED_EDGE('',*,*,#2557,.F.);
#3236=EDGE_LOOP('',(#3226,#3227,#3234,#3235));
#3237=FACE_BOUND('',#3236,.T.);
#3238=ADVANCED_FACE('',(#3237),#3225,.T.);
#3239=CARTESIAN_POINT('',(30.,7.5,25.5));
#3240=DIRECTION('',(0.,1.,-0.));
#3241=DIRECTION('',(-1.,0.,0.));
#3242=AXIS2_PLACEMENT_3D('',#3239,#3240,#3241);
#3243=TOROIDAL_SURFACE('',#3242,12.,3.);
#3244=ORIENTED_EDGE('',*,*,#3215,.T.);
#3245=ORIENTED_EDGE('',*,*,#2459,.F.);
#3246=CARTESIAN_POINT('',(42.,7.5,25.5));
#3247=DIRECTION('',(0.,0.,1.));
#3248=DIRECTION('',(0.,-1.,0.));
#3249=AXIS2_PLACEMENT_3D('',#3246,#3247,#3248);
#3250=CIRCLE('',#3249,3.);
#3251=EDGE_CURVE('',#1897,#2424,#3250,.T.);
#3252=ORIENTED_EDGE('',*,*,#3251,.F.);
#3253=ORIENTED_EDGE('',*,*,#1903,.F.);
#3254=EDGE_LOOP('',(#3244,#3245,#3252,#3253));
#3255=FACE_BOUND('',#3254,.T.);
#3256=ADVANCED_FACE('',(#3255),#3243,.T.);
#3257=CARTESIAN_POINT('',(40.242640687,7.5,30.5));
#3258=DIRECTION('',(0.,1.,-0.));
#3259=DIRECTION('',(-1.,0.,0.));
#3260=AXIS2_PLACEMENT_3D('',#3257,#3258,#3259);
#3261=SPHERICAL_SURFACE('',#3260,3.);
#3262=ORIENTED_EDGE('',*,*,#3102,.F.);
#3263=ORIENTED_EDGE('',*,*,#3233,.T.);
#3264=CARTESIAN_POINT('',(40.242640687,7.5,30.5));
#3265=DIRECTION('',(1.,0.,0.));
#3266=DIRECTION('',(0.,1.,-0.));
#3267=AXIS2_PLACEMENT_3D('',#3264,#3265,#3266);
#3268=CIRCLE('',#3267,3.);
#3269=EDGE_CURVE('',#2376,#1914,#3268,.T.);
#3270=ORIENTED_EDGE('',*,*,#3269,.F.);
#3271=EDGE_LOOP('',(#3262,#3263,#3270));
#3272=FACE_BOUND('',#3271,.T.);
#3273=ADVANCED_FACE('',(#3272),#3261,.T.);
#3274=CARTESIAN_POINT('',(42.,7.5,30.5));
#3275=DIRECTION('',(0.,-0.,-1.));
#3276=DIRECTION('',(0.,1.,-0.));
#3277=AXIS2_PLACEMENT_3D('',#3274,#3275,#3276);
#3278=CYLINDRICAL_SURFACE('',#3277,3.);
#3279=ORIENTED_EDGE('',*,*,#3251,.T.);
#3280=ORIENTED_EDGE('',*,*,#2429,.F.);
#3281=CARTESIAN_POINT('',(42.,7.5,30.5));
#3282=DIRECTION('',(0.,0.,1.));
#3283=DIRECTION('',(0.,-1.,0.));
#3284=AXIS2_PLACEMENT_3D('',#3281,#3282,#3283);
#3285=CIRCLE('',#3284,3.);
#3286=EDGE_CURVE('',#1906,#2416,#3285,.T.);
#3287=ORIENTED_EDGE('',*,*,#3286,.F.);
#3288=ORIENTED_EDGE('',*,*,#1911,.F.);
#3289=EDGE_LOOP('',(#3279,#3280,#3287,#3288));
#3290=FACE_BOUND('',#3289,.T.);
#3291=ADVANCED_FACE('',(#3290),#3278,.T.);
#3292=CARTESIAN_POINT('',(5.,7.5,30.5));
#3293=DIRECTION('',(1.,0.,0.));
#3294=DIRECTION('',(0.,1.,-0.));
#3295=AXIS2_PLACEMENT_3D('',#3292,#3293,#3294);
#3296=CYLINDRICAL_SURFACE('',#3295,3.);
#3297=ORIENTED_EDGE('',*,*,#3269,.T.);
#3298=ORIENTED_EDGE('',*,*,#1919,.F.);
#3299=CARTESIAN_POINT('',(42.,7.5,30.5));
#3300=DIRECTION('',(1.,0.,0.));
#3301=DIRECTION('',(0.,1.,-0.));
#3302=AXIS2_PLACEMENT_3D('',#3299,#3300,#3301);
#3303=CIRCLE('',#3302,3.);
#3304=EDGE_CURVE('',#2384,#1906,#3303,.T.);
#3305=ORIENTED_EDGE('',*,*,#3304,.F.);
#3306=ORIENTED_EDGE('',*,*,#2389,.F.);
#3307=EDGE_LOOP('',(#3297,#3298,#3305,#3306));
#3308=FACE_BOUND('',#3307,.T.);
#3309=ADVANCED_FACE('',(#3308),#3296,.T.);
#3310=CARTESIAN_POINT('',(42.,7.5,30.5));
#3311=DIRECTION('',(0.,1.,-0.));
#3312=DIRECTION('',(-1.,0.,0.));
#3313=AXIS2_PLACEMENT_3D('',#3310,#3311,#3312);
#3314=SPHERICAL_SURFACE('',#3313,3.);
#3315=ORIENTED_EDGE('',*,*,#3286,.T.);
#3316=ORIENTED_EDGE('',*,*,#3154,.F.);
#3317=ORIENTED_EDGE('',*,*,#3304,.T.);
#3318=EDGE_LOOP('',(#3315,#3316,#3317));
#3319=FACE_BOUND('',#3318,.T.);
#3320=ADVANCED_FACE('',(#3319),#3314,.T.);
#3321=CARTESIAN_POINT('',(2.,7.5,0.5));
#3322=DIRECTION('',(0.,0.,1.));
#3323=DIRECTION('',(0.,-1.,0.));
#3324=AXIS2_PLACEMENT_3D('',#3321,#3322,#3323);
#3325=CYLINDRICAL_SURFACE('',#3324,3.);
#3326=ORIENTED_EDGE('',*,*,#1879,.F.);
#3327=CARTESIAN_POINT('',(2.,7.5,22.5));
#3328=DIRECTION('',(-0.894427191,0.,0.447213595));
#3329=DIRECTION('',(0.447213595,0.,0.894427191));
#3330=AXIS2_PLACEMENT_3D('',#3327,#3328,#3329);
#3331=ELLIPSE('',#3330,6.708203932,3.);
#3332=EDGE_CURVE('',#1866,#1587,#3331,.T.);
#3333=ORIENTED_EDGE('',*,*,#3332,.T.);
#3334=ORIENTED_EDGE('',*,*,#1592,.F.);
#3335=CARTESIAN_POINT('',(2.,7.5,44.5));
#3336=DIRECTION('',(0.,0.,1.));
#3337=DIRECTION('',(0.,-1.,0.));
#3338=AXIS2_PLACEMENT_3D('',#3335,#3336,#3337);
#3339=CIRCLE('',#3338,3.);
#3340=EDGE_CURVE('',#1874,#1585,#3339,.T.);
#3341=ORIENTED_EDGE('',*,*,#3340,.F.);
#3342=EDGE_LOOP('',(#3326,#3333,#3334,#3341));
#3343=FACE_BOUND('',#3342,.T.);
#3344=ADVANCED_FACE('',(#3343),#3325,.T.);
#3345=CARTESIAN_POINT('',(2.,19.5,44.5));
#3346=DIRECTION('',(1.,0.,0.));
#3347=DIRECTION('',(0.,1.,-0.));
#3348=AXIS2_PLACEMENT_3D('',#3345,#3346,#3347);
#3349=TOROIDAL_SURFACE('',#3348,12.,3.);
#3350=ORIENTED_EDGE('',*,*,#3340,.T.);
#3351=ORIENTED_EDGE('',*,*,#1684,.F.);
#3352=CARTESIAN_POINT('',(2.,19.5,56.5));
#3353=DIRECTION('',(0.,1.,-0.));
#3354=DIRECTION('',(-1.,0.,0.));
#3355=AXIS2_PLACEMENT_3D('',#3352,#3353,#3354);
#3356=CIRCLE('',#3355,3.);
#3357=EDGE_CURVE('',#1798,#1672,#3356,.T.);
#3358=ORIENTED_EDGE('',*,*,#3357,.F.);
#3359=ORIENTED_EDGE('',*,*,#2245,.F.);
#3360=EDGE_LOOP('',(#3350,#3351,#3358,#3359));
#3361=FACE_BOUND('',#3360,.T.);
#3362=ADVANCED_FACE('',(#3361),#3349,.T.);
#3363=CARTESIAN_POINT('',(2.,61.5,0.5));
#3364=DIRECTION('',(0.,0.,1.));
#3365=DIRECTION('',(0.,-1.,0.));
#3366=AXIS2_PLACEMENT_3D('',#3363,#3364,#3365);
#3367=CYLINDRICAL_SURFACE('',#3366,3.);
#3368=ORIENTED_EDGE('',*,*,#1660,.F.);
#3369=CARTESIAN_POINT('',(2.,61.5,22.5));
#3370=DIRECTION('',(-0.894427191,0.,0.447213595));
#3371=DIRECTION('',(0.447213595,0.,0.894427191));
#3372=AXIS2_PLACEMENT_3D('',#3369,#3370,#3371);
#3373=ELLIPSE('',#3372,6.708203932,3.);
#3374=EDGE_CURVE('',#1647,#1743,#3373,.T.);
#3375=ORIENTED_EDGE('',*,*,#3374,.T.);
#3376=ORIENTED_EDGE('',*,*,#1748,.F.);
#3377=CARTESIAN_POINT('',(2.,61.5,44.5));
#3378=DIRECTION('',(0.,0.,1.));
#3379=DIRECTION('',(0.,-1.,0.));
#3380=AXIS2_PLACEMENT_3D('',#3377,#3378,#3379);
#3381=CIRCLE('',#3380,3.);
#3382=EDGE_CURVE('',#1655,#1735,#3381,.T.);
#3383=ORIENTED_EDGE('',*,*,#3382,.F.);
#3384=EDGE_LOOP('',(#3368,#3375,#3376,#3383));
#3385=FACE_BOUND('',#3384,.T.);
#3386=ADVANCED_FACE('',(#3385),#3367,.T.);
#3387=CARTESIAN_POINT('',(2.,69.5,56.5));
#3388=DIRECTION('',(0.,1.,-0.));
#3389=DIRECTION('',(-1.,0.,0.));
#3390=AXIS2_PLACEMENT_3D('',#3387,#3388,#3389);
#3391=CYLINDRICAL_SURFACE('',#3390,3.);
#3392=ORIENTED_EDGE('',*,*,#3357,.T.);
#3393=ORIENTED_EDGE('',*,*,#1677,.F.);
#3394=CARTESIAN_POINT('',(2.,49.5,56.5));
#3395=DIRECTION('',(0.,1.,-0.));
#3396=DIRECTION('',(-1.,0.,0.));
#3397=AXIS2_PLACEMENT_3D('',#3394,#3395,#3396);
#3398=CIRCLE('',#3397,3.);
#3399=EDGE_CURVE('',#1806,#1663,#3398,.T.);
#3400=ORIENTED_EDGE('',*,*,#3399,.F.);
#3401=ORIENTED_EDGE('',*,*,#1811,.F.);
#3402=EDGE_LOOP('',(#3392,#3393,#3400,#3401));
#3403=FACE_BOUND('',#3402,.T.);
#3404=ADVANCED_FACE('',(#3403),#3391,.T.);
#3405=CARTESIAN_POINT('',(2.,49.5,44.5));
#3406=DIRECTION('',(1.,0.,0.));
#3407=DIRECTION('',(0.,1.,-0.));
#3408=AXIS2_PLACEMENT_3D('',#3405,#3406,#3407);
#3409=TOROIDAL_SURFACE('',#3408,12.,3.);
#3410=ORIENTED_EDGE('',*,*,#3382,.T.);
#3411=ORIENTED_EDGE('',*,*,#2227,.F.);
#3412=ORIENTED_EDGE('',*,*,#3399,.T.);
#3413=ORIENTED_EDGE('',*,*,#1669,.F.);
#3414=EDGE_LOOP('',(#3410,#3411,#3412,#3413));
#3415=FACE_BOUND('',#3414,.T.);
#3416=ADVANCED_FACE('',(#3415),#3409,.T.);
#3417=CARTESIAN_POINT('',(26.,61.5,22.5));
#3418=DIRECTION('',(-1.,0.,0.));
#3419=DIRECTION('',(0.,-1.,0.));
#3420=AXIS2_PLACEMENT_3D('',#3417,#3418,#3419);
#3421=CYLINDRICAL_SURFACE('',#3420,3.);
#3422=ORIENTED_EDGE('',*,*,#1756,.F.);
#3423=CARTESIAN_POINT('',(2.,61.5,22.5));
#3424=DIRECTION('',(0.447213595,-0.,-0.894427191));
#3425=DIRECTION('',(0.894427191,0.,0.447213595));
#3426=AXIS2_PLACEMENT_3D('',#3423,#3424,#3425);
#3427=ELLIPSE('',#3426,6.708203932,3.);
#3428=EDGE_CURVE('',#1743,#1982,#3427,.T.);
#3429=ORIENTED_EDGE('',*,*,#3428,.T.);
#3430=ORIENTED_EDGE('',*,*,#1987,.F.);
#3431=CARTESIAN_POINT('',(29.757359313,61.5,22.5));
#3432=DIRECTION('',(1.,0.,0.));
#3433=DIRECTION('',(0.,1.,-0.));
#3434=AXIS2_PLACEMENT_3D('',#3431,#3432,#3433);
#3435=CIRCLE('',#3434,3.);
#3436=EDGE_CURVE('',#1751,#1980,#3435,.T.);
#3437=ORIENTED_EDGE('',*,*,#3436,.F.);
#3438=EDGE_LOOP('',(#3422,#3429,#3430,#3437));
#3439=FACE_BOUND('',#3438,.T.);
#3440=ADVANCED_FACE('',(#3439),#3421,.T.);
#3441=CARTESIAN_POINT('',(29.757359313,61.5,28.5));
#3442=DIRECTION('',(0.,-1.,0.));
#3443=DIRECTION('',(1.,0.,0.));
#3444=AXIS2_PLACEMENT_3D('',#3441,#3442,#3443);
#3445=TOROIDAL_SURFACE('',#3444,6.,3.);
#3446=ORIENTED_EDGE('',*,*,#3436,.T.);
#3447=ORIENTED_EDGE('',*,*,#2611,.F.);
#3448=CARTESIAN_POINT('',(34.,61.5,24.257359313));
#3449=DIRECTION('',(0.707106781,0.,0.707106781));
#3450=DIRECTION('',(-0.707106781,0.,0.707106781));
#3451=AXIS2_PLACEMENT_3D('',#3448,#3449,#3450);
#3452=CIRCLE('',#3451,3.);
#3453=EDGE_CURVE('',#1759,#2520,#3452,.T.);
#3454=ORIENTED_EDGE('',*,*,#3453,.F.);
#3455=ORIENTED_EDGE('',*,*,#1765,.F.);
#3456=EDGE_LOOP('',(#3446,#3447,#3454,#3455));
#3457=FACE_BOUND('',#3456,.T.);
#3458=ADVANCED_FACE('',(#3457),#3445,.T.);
#3459=CARTESIAN_POINT('',(7.621320344,61.5,-2.121320344));
#3460=DIRECTION('',(-0.707106781,-0.,-0.707106781));
#3461=DIRECTION('',(0.707106781,-0.,-0.707106781));
#3462=AXIS2_PLACEMENT_3D('',#3459,#3460,#3461);
#3463=CYLINDRICAL_SURFACE('',#3462,3.);
#3464=ORIENTED_EDGE('',*,*,#3453,.T.);
#3465=ORIENTED_EDGE('',*,*,#2525,.F.);
#3466=CARTESIAN_POINT('',(40.242640687,61.5,30.5));
#3467=DIRECTION('',(0.707106781,0.,0.707106781));
#3468=DIRECTION('',(-0.707106781,0.,0.707106781));
#3469=AXIS2_PLACEMENT_3D('',#3466,#3467,#3468);
#3470=CIRCLE('',#3469,3.);
#3471=EDGE_CURVE('',#1768,#2512,#3470,.T.);
#3472=ORIENTED_EDGE('',*,*,#3471,.F.);
#3473=ORIENTED_EDGE('',*,*,#1773,.F.);
#3474=EDGE_LOOP('',(#3464,#3465,#3472,#3473));
#3475=FACE_BOUND('',#3474,.T.);
#3476=ADVANCED_FACE('',(#3475),#3463,.T.);
#3477=CARTESIAN_POINT('',(50.,61.5,30.5));
#3478=DIRECTION('',(-1.,0.,0.));
#3479=DIRECTION('',(0.,-1.,0.));
#3480=AXIS2_PLACEMENT_3D('',#3477,#3478,#3479);
#3481=CYLINDRICAL_SURFACE('',#3480,3.);
#3482=ORIENTED_EDGE('',*,*,#2323,.F.);
#3483=CARTESIAN_POINT('',(42.,61.5,30.5));
#3484=DIRECTION('',(-1.,0.,0.));
#3485=DIRECTION('',(0.,-1.,0.));
#3486=AXIS2_PLACEMENT_3D('',#3483,#3484,#3485);
#3487=CIRCLE('',#3486,3.);
#3488=EDGE_CURVE('',#2312,#1776,#3487,.T.);
#3489=ORIENTED_EDGE('',*,*,#3488,.T.);
#3490=ORIENTED_EDGE('',*,*,#1781,.F.);
#3491=CARTESIAN_POINT('',(40.242640687,61.5,30.5));
#3492=DIRECTION('',(-1.,-0.,0.));
#3493=DIRECTION('',(0.,-1.,0.));
#3494=AXIS2_PLACEMENT_3D('',#3491,#3492,#3493);
#3495=CIRCLE('',#3494,3.);
#3496=EDGE_CURVE('',#2294,#1768,#3495,.T.);
#3497=ORIENTED_EDGE('',*,*,#3496,.F.);
#3498=EDGE_LOOP('',(#3482,#3489,#3490,#3497));
#3499=FACE_BOUND('',#3498,.T.);
#3500=ADVANCED_FACE('',(#3499),#3481,.T.);
#3501=CARTESIAN_POINT('',(40.242640687,61.5,30.5));
#3502=DIRECTION('',(-0.,1.,-0.));
#3503=DIRECTION('',(-1.,-0.,0.));
#3504=AXIS2_PLACEMENT_3D('',#3501,#3502,#3503);
#3505=SPHERICAL_SURFACE('',#3504,3.);
#3506=ORIENTED_EDGE('',*,*,#3496,.T.);
#3507=ORIENTED_EDGE('',*,*,#3471,.T.);
#3508=CARTESIAN_POINT('',(40.242640687,61.5,30.5));
#3509=DIRECTION('',(-0.,-1.,0.));
#3510=DIRECTION('',(-1.,0.,0.));
#3511=AXIS2_PLACEMENT_3D('',#3508,#3509,#3510);
#3512=CIRCLE('',#3511,3.);
#3513=EDGE_CURVE('',#2294,#2512,#3512,.T.);
#3514=ORIENTED_EDGE('',*,*,#3513,.F.);
#3515=EDGE_LOOP('',(#3506,#3507,#3514));
#3516=FACE_BOUND('',#3515,.T.);
#3517=ADVANCED_FACE('',(#3516),#3505,.T.);
#3518=CARTESIAN_POINT('',(42.,62.,30.5));
#3519=DIRECTION('',(0.,-1.,0.));
#3520=DIRECTION('',(1.,0.,0.));
#3521=AXIS2_PLACEMENT_3D('',#3518,#3519,#3520);
#3522=CYLINDRICAL_SURFACE('',#3521,3.);
#3523=ORIENTED_EDGE('',*,*,#2341,.F.);
#3524=CARTESIAN_POINT('',(42.,61.5,30.5));
#3525=DIRECTION('',(0.,-1.,0.));
#3526=DIRECTION('',(1.,0.,0.));
#3527=AXIS2_PLACEMENT_3D('',#3524,#3525,#3526);
#3528=CIRCLE('',#3527,3.);
#3529=EDGE_CURVE('',#2334,#2312,#3528,.T.);
#3530=ORIENTED_EDGE('',*,*,#3529,.T.);
#3531=ORIENTED_EDGE('',*,*,#2317,.F.);
#3532=CARTESIAN_POINT('',(42.,57.5,30.5));
#3533=DIRECTION('',(-0.,1.,-0.));
#3534=DIRECTION('',(1.,0.,0.));
#3535=AXIS2_PLACEMENT_3D('',#3532,#3533,#3534);
#3536=CIRCLE('',#3535,3.);
#3537=EDGE_CURVE('',#2304,#2336,#3536,.T.);
#3538=ORIENTED_EDGE('',*,*,#3537,.T.);
#3539=EDGE_LOOP('',(#3523,#3530,#3531,#3538));
#3540=FACE_BOUND('',#3539,.T.);
#3541=ADVANCED_FACE('',(#3540),#3522,.T.);
#3542=CARTESIAN_POINT('',(40.242640687,69.5,30.5));
#3543=DIRECTION('',(0.,-1.,0.));
#3544=DIRECTION('',(1.,0.,0.));
#3545=AXIS2_PLACEMENT_3D('',#3542,#3543,#3544);
#3546=CYLINDRICAL_SURFACE('',#3545,3.);
#3547=ORIENTED_EDGE('',*,*,#3513,.T.);
#3548=ORIENTED_EDGE('',*,*,#2517,.F.);
#3549=CARTESIAN_POINT('',(40.242640687,57.5,30.5));
#3550=DIRECTION('',(0.,-1.,0.));
#3551=DIRECTION('',(1.,0.,0.));
#3552=AXIS2_PLACEMENT_3D('',#3549,#3550,#3551);
#3553=CIRCLE('',#3552,3.);
#3554=EDGE_CURVE('',#2296,#2504,#3553,.T.);
#3555=ORIENTED_EDGE('',*,*,#3554,.F.);
#3556=ORIENTED_EDGE('',*,*,#2301,.F.);
#3557=EDGE_LOOP('',(#3547,#3548,#3555,#3556));
#3558=FACE_BOUND('',#3557,.T.);
#3559=ADVANCED_FACE('',(#3558),#3546,.T.);
#3560=CARTESIAN_POINT('',(26.,57.5,30.5));
#3561=DIRECTION('',(-1.,0.,0.));
#3562=DIRECTION('',(0.,-1.,0.));
#3563=AXIS2_PLACEMENT_3D('',#3560,#3561,#3562);
#3564=CYLINDRICAL_SURFACE('',#3563,3.);
#3565=ORIENTED_EDGE('',*,*,#2051,.F.);
#3566=CARTESIAN_POINT('',(42.,57.5,30.5));
#3567=DIRECTION('',(-1.,0.,0.));
#3568=DIRECTION('',(0.,-1.,0.));
#3569=AXIS2_PLACEMENT_3D('',#3566,#3567,#3568);
#3570=CIRCLE('',#3569,3.);
#3571=EDGE_CURVE('',#2038,#2304,#3570,.T.);
#3572=ORIENTED_EDGE('',*,*,#3571,.T.);
#3573=ORIENTED_EDGE('',*,*,#2309,.F.);
#3574=CARTESIAN_POINT('',(40.242640687,57.5,30.5));
#3575=DIRECTION('',(-1.,0.,0.));
#3576=DIRECTION('',(-0.,-0.,-1.));
#3577=AXIS2_PLACEMENT_3D('',#3574,#3575,#3576);
#3578=CIRCLE('',#3577,3.);
#3579=EDGE_CURVE('',#2046,#2296,#3578,.T.);
#3580=ORIENTED_EDGE('',*,*,#3579,.F.);
#3581=EDGE_LOOP('',(#3565,#3572,#3573,#3580));
#3582=FACE_BOUND('',#3581,.T.);
#3583=ADVANCED_FACE('',(#3582),#3564,.T.);
#3584=CARTESIAN_POINT('',(40.242640687,57.5,30.5));
#3585=DIRECTION('',(0.,-0.,-1.));
#3586=DIRECTION('',(0.,1.,-0.));
#3587=AXIS2_PLACEMENT_3D('',#3584,#3585,#3586);
#3588=SPHERICAL_SURFACE('',#3587,3.);
#3589=ORIENTED_EDGE('',*,*,#3554,.T.);
#3590=ORIENTED_EDGE('',*,*,#2838,.F.);
#3591=ORIENTED_EDGE('',*,*,#3579,.T.);
#3592=EDGE_LOOP('',(#3589,#3590,#3591));
#3593=FACE_BOUND('',#3592,.T.);
#3594=ADVANCED_FACE('',(#3593),#3588,.T.);
#3595=CARTESIAN_POINT('',(5.,61.5,13.5));
#3596=DIRECTION('',(1.,0.,0.));
#3597=DIRECTION('',(0.,1.,-0.));
#3598=AXIS2_PLACEMENT_3D('',#3595,#3596,#3597);
#3599=CYLINDRICAL_SURFACE('',#3598,3.);
#3600=ORIENTED_EDGE('',*,*,#797,.F.);
#3601=ORIENTED_EDGE('',*,*,#1731,.F.);
#3602=CARTESIAN_POINT('',(30.,61.5,13.5));
#3603=DIRECTION('',(1.,0.,0.));
#3604=DIRECTION('',(0.,1.,-0.));
#3605=AXIS2_PLACEMENT_3D('',#3602,#3603,#3604);
#3606=CIRCLE('',#3605,3.);
#3607=EDGE_CURVE('',#1524,#1719,#3606,.T.);
#3608=ORIENTED_EDGE('',*,*,#3607,.F.);
#3609=ORIENTED_EDGE('',*,*,#1529,.F.);
#3610=EDGE_LOOP('',(#3600,#3601,#3608,#3609));
#3611=FACE_BOUND('',#3610,.T.);
#3612=ADVANCED_FACE('',(#3611),#3599,.T.);
#3613=CARTESIAN_POINT('',(30.,61.5,25.5));
#3614=DIRECTION('',(0.,-1.,0.));
#3615=DIRECTION('',(1.,0.,0.));
#3616=AXIS2_PLACEMENT_3D('',#3613,#3614,#3615);
#3617=TOROIDAL_SURFACE('',#3616,12.,3.);
#3618=ORIENTED_EDGE('',*,*,#3607,.T.);
#3619=ORIENTED_EDGE('',*,*,#1725,.F.);
#3620=CARTESIAN_POINT('',(42.,61.5,25.5));
#3621=DIRECTION('',(0.,0.,1.));
#3622=DIRECTION('',(0.,-1.,0.));
#3623=AXIS2_PLACEMENT_3D('',#3620,#3621,#3622);
#3624=CIRCLE('',#3623,3.);
#3625=EDGE_CURVE('',#2352,#1717,#3624,.T.);
#3626=ORIENTED_EDGE('',*,*,#3625,.F.);
#3627=ORIENTED_EDGE('',*,*,#2483,.F.);
#3628=EDGE_LOOP('',(#3618,#3619,#3626,#3627));
#3629=FACE_BOUND('',#3628,.T.);
#3630=ADVANCED_FACE('',(#3629),#3617,.T.);
#3631=CARTESIAN_POINT('',(42.,61.5,0.5));
#3632=DIRECTION('',(0.,-0.,-1.));
#3633=DIRECTION('',(0.,1.,-0.));
#3634=AXIS2_PLACEMENT_3D('',#3631,#3632,#3633);
#3635=CYLINDRICAL_SURFACE('',#3634,3.);
#3636=ORIENTED_EDGE('',*,*,#3625,.T.);
#3637=ORIENTED_EDGE('',*,*,#1787,.F.);
#3638=CARTESIAN_POINT('',(42.,61.5,30.5));
#3639=DIRECTION('',(0.,0.,1.));
#3640=DIRECTION('',(0.,-1.,0.));
#3641=AXIS2_PLACEMENT_3D('',#3638,#3639,#3640);
#3642=CIRCLE('',#3641,3.);
#3643=EDGE_CURVE('',#2334,#1776,#3642,.T.);
#3644=ORIENTED_EDGE('',*,*,#3643,.F.);
#3645=ORIENTED_EDGE('',*,*,#2363,.F.);
#3646=EDGE_LOOP('',(#3636,#3637,#3644,#3645));
#3647=FACE_BOUND('',#3646,.T.);
#3648=ADVANCED_FACE('',(#3647),#3635,.T.);
#3649=CARTESIAN_POINT('',(42.,61.5,30.5));
#3650=DIRECTION('',(0.,-1.,0.));
#3651=DIRECTION('',(1.,0.,0.));
#3652=AXIS2_PLACEMENT_3D('',#3649,#3650,#3651);
#3653=SPHERICAL_SURFACE('',#3652,3.);
#3654=ORIENTED_EDGE('',*,*,#3643,.T.);
#3655=ORIENTED_EDGE('',*,*,#3488,.F.);
#3656=ORIENTED_EDGE('',*,*,#3529,.F.);
#3657=EDGE_LOOP('',(#3654,#3655,#3656));
#3658=FACE_BOUND('',#3657,.T.);
#3659=ADVANCED_FACE('',(#3658),#3653,.T.);
#3660=CARTESIAN_POINT('',(5.,57.5,13.5));
#3661=DIRECTION('',(-1.,0.,0.));
#3662=DIRECTION('',(0.,-1.,0.));
#3663=AXIS2_PLACEMENT_3D('',#3660,#3661,#3662);
#3664=CYLINDRICAL_SURFACE('',#3663,3.);
#3665=ORIENTED_EDGE('',*,*,#814,.F.);
#3666=ORIENTED_EDGE('',*,*,#1543,.F.);
#3667=CARTESIAN_POINT('',(30.,57.5,13.5));
#3668=DIRECTION('',(1.,0.,0.));
#3669=DIRECTION('',(0.,1.,-0.));
#3670=AXIS2_PLACEMENT_3D('',#3667,#3668,#3669);
#3671=CIRCLE('',#3670,3.);
#3672=EDGE_CURVE('',#2021,#1532,#3671,.T.);
#3673=ORIENTED_EDGE('',*,*,#3672,.F.);
#3674=ORIENTED_EDGE('',*,*,#2026,.F.);
#3675=EDGE_LOOP('',(#3665,#3666,#3673,#3674));
#3676=FACE_BOUND('',#3675,.T.);
#3677=ADVANCED_FACE('',(#3676),#3664,.T.);
#3678=CARTESIAN_POINT('',(30.,57.5,25.5));
#3679=DIRECTION('',(0.,1.,-0.));
#3680=DIRECTION('',(-1.,0.,0.));
#3681=AXIS2_PLACEMENT_3D('',#3678,#3679,#3680);
#3682=TOROIDAL_SURFACE('',#3681,12.,3.);
#3683=ORIENTED_EDGE('',*,*,#3672,.T.);
#3684=ORIENTED_EDGE('',*,*,#2491,.F.);
#3685=CARTESIAN_POINT('',(42.,57.5,25.5));
#3686=DIRECTION('',(0.,0.,1.));
#3687=DIRECTION('',(0.,-1.,0.));
#3688=AXIS2_PLACEMENT_3D('',#3685,#3686,#3687);
#3689=CIRCLE('',#3688,3.);
#3690=EDGE_CURVE('',#2029,#2344,#3689,.T.);
#3691=ORIENTED_EDGE('',*,*,#3690,.F.);
#3692=ORIENTED_EDGE('',*,*,#2035,.F.);
#3693=EDGE_LOOP('',(#3683,#3684,#3691,#3692));
#3694=FACE_BOUND('',#3693,.T.);
#3695=ADVANCED_FACE('',(#3694),#3682,.T.);
#3696=CARTESIAN_POINT('',(42.,57.5,13.));
#3697=DIRECTION('',(0.,-0.,-1.));
#3698=DIRECTION('',(0.,1.,-0.));
#3699=AXIS2_PLACEMENT_3D('',#3696,#3697,#3698);
#3700=CYLINDRICAL_SURFACE('',#3699,3.);
#3701=ORIENTED_EDGE('',*,*,#3690,.T.);
#3702=ORIENTED_EDGE('',*,*,#2349,.F.);
#3703=CARTESIAN_POINT('',(42.,57.5,30.5));
#3704=DIRECTION('',(0.,0.,1.));
#3705=DIRECTION('',(0.,-1.,0.));
#3706=AXIS2_PLACEMENT_3D('',#3703,#3704,#3705);
#3707=CIRCLE('',#3706,3.);
#3708=EDGE_CURVE('',#2038,#2336,#3707,.T.);
#3709=ORIENTED_EDGE('',*,*,#3708,.F.);
#3710=ORIENTED_EDGE('',*,*,#2043,.F.);
#3711=EDGE_LOOP('',(#3701,#3702,#3709,#3710));
#3712=FACE_BOUND('',#3711,.T.);
#3713=ADVANCED_FACE('',(#3712),#3700,.T.);
#3714=CARTESIAN_POINT('',(42.,57.5,30.5));
#3715=DIRECTION('',(0.,-1.,0.));
#3716=DIRECTION('',(1.,0.,0.));
#3717=AXIS2_PLACEMENT_3D('',#3714,#3715,#3716);
#3718=SPHERICAL_SURFACE('',#3717,3.);
#3719=ORIENTED_EDGE('',*,*,#3708,.T.);
#3720=ORIENTED_EDGE('',*,*,#3537,.F.);
#3721=ORIENTED_EDGE('',*,*,#3571,.F.);
#3722=EDGE_LOOP('',(#3719,#3720,#3721));
#3723=FACE_BOUND('',#3722,.T.);
#3724=ADVANCED_FACE('',(#3723),#3718,.T.);
#3725=CARTESIAN_POINT('',(6.999999962,55.841687671,24.999999981));
#3726=CARTESIAN_POINT('',(6.724254997,55.968707309,25.084255265));
#3727=CARTESIAN_POINT('',(6.448555106,56.068045205,25.21019733));
#3728=CARTESIAN_POINT('',(5.924212234,56.201641086,25.533136409));
#3729=CARTESIAN_POINT('',(5.675654964,56.235877232,25.730080634));
#3730=CARTESIAN_POINT('',(5.230080634,56.235877232,26.175654964));
#3731=CARTESIAN_POINT('',(5.033136409,56.201641086,26.424212234));
#3732=CARTESIAN_POINT('',(4.71019733,56.068045205,26.948555106));
#3733=CARTESIAN_POINT('',(4.584255265,55.968707309,27.224254997));
#3734=CARTESIAN_POINT('',(4.499999981,55.841687671,27.499999962));
#3735=CARTESIAN_POINT('',(6.99628198,55.838885075,24.99814099));
#3736=CARTESIAN_POINT('',(6.720883449,55.965865451,25.082575283));
#3737=CARTESIAN_POINT('',(6.44552978,56.065165393,25.208593));
#3738=CARTESIAN_POINT('',(5.921799307,56.198708172,25.531490148));
#3739=CARTESIAN_POINT('',(5.67350782,56.232929254,25.72831698));
#3740=CARTESIAN_POINT('',(5.22831698,56.232929254,26.17350782));
#3741=CARTESIAN_POINT('',(5.031490148,56.198708172,26.421799307));
#3742=CARTESIAN_POINT('',(4.708593,56.065165393,26.94552978));
#3743=CARTESIAN_POINT('',(4.582575283,55.965865451,27.220883449));
#3744=CARTESIAN_POINT('',(4.49814099,55.838885075,27.49628198));
#3745=CARTESIAN_POINT('',(6.992554545,55.836085612,24.996277272));
#3746=CARTESIAN_POINT('',(6.717502566,55.963025211,25.080889833));
#3747=CARTESIAN_POINT('',(6.442495238,56.062286016,25.206982503));
#3748=CARTESIAN_POINT('',(5.919377543,56.195774104,25.529836538));
#3749=CARTESIAN_POINT('',(5.671352099,56.229979716,25.726545491));
#3750=CARTESIAN_POINT('',(5.226545491,56.229979716,26.171352099));
#3751=CARTESIAN_POINT('',(5.029836538,56.195774104,26.419377543));
#3752=CARTESIAN_POINT('',(4.706982503,56.062286016,26.942495238));
#3753=CARTESIAN_POINT('',(4.580889833,55.963025211,27.217502566));
#3754=CARTESIAN_POINT('',(4.496277272,55.836085612,27.492554545));
#3755=CARTESIAN_POINT('',(6.770645753,55.670030624,24.885322877));
#3756=CARTESIAN_POINT('',(6.516179793,55.794458997,24.980476722));
#3757=CARTESIAN_POINT('',(6.261746032,55.891325833,25.110978357));
#3758=CARTESIAN_POINT('',(5.7750388,56.021472321,25.431201328));
#3759=CARTESIAN_POINT('',(5.542827009,56.054735275,25.620881397));
#3760=CARTESIAN_POINT('',(5.120881397,56.054735275,26.042827009));
#3761=CARTESIAN_POINT('',(4.931201328,56.021472321,26.2750388));
#3762=CARTESIAN_POINT('',(4.610978357,55.891325833,26.761746032));
#3763=CARTESIAN_POINT('',(4.480476722,55.794458997,27.016179793));
#3764=CARTESIAN_POINT('',(4.385322877,55.670030624,27.270645753));
#3765=CARTESIAN_POINT('',(6.520320871,55.517519748,24.760160435));
#3766=CARTESIAN_POINT('',(6.286472406,55.634443981,24.863094219));
#3767=CARTESIAN_POINT('',(6.052646998,55.725044892,24.995519336));
#3768=CARTESIAN_POINT('',(5.602977037,55.846653934,25.309096276));
#3769=CARTESIAN_POINT('',(5.387176863,55.877650087,25.49021683));
#3770=CARTESIAN_POINT('',(4.99021683,55.877650087,25.887176863));
#3771=CARTESIAN_POINT('',(4.809096276,55.846653934,26.102977037));
#3772=CARTESIAN_POINT('',(4.495519336,55.725044892,26.552646998));
#3773=CARTESIAN_POINT('',(4.363094219,55.634443981,26.786472406));
#3774=CARTESIAN_POINT('',(4.260160435,55.517519748,27.020320871));
#3775=CARTESIAN_POINT('',(5.964960503,55.239839565,24.482480252));
#3776=CARTESIAN_POINT('',(5.771292358,55.336673637,24.593304773));
#3777=CARTESIAN_POINT('',(5.577634519,55.411075101,24.723360529));
#3778=CARTESIAN_POINT('',(5.20140581,55.51076494,25.014383377));
#3779=CARTESIAN_POINT('',(5.018855013,55.536048025,25.175334556));
#3780=CARTESIAN_POINT('',(4.675334556,55.536048025,25.518855013));
#3781=CARTESIAN_POINT('',(4.514383377,55.51076494,25.70140581));
#3782=CARTESIAN_POINT('',(4.223360529,55.411075101,26.077634519));
#3783=CARTESIAN_POINT('',(4.093304773,55.336673637,26.271292358));
#3784=CARTESIAN_POINT('',(3.982480252,55.239839565,26.464960503));
#3785=CARTESIAN_POINT('',(5.659938751,55.114677123,24.329969376));
#3786=CARTESIAN_POINT('',(5.485858824,55.198979233,24.440932428));
#3787=CARTESIAN_POINT('',(5.31178548,55.263488258,24.566723607));
#3788=CARTESIAN_POINT('',(4.971997313,55.349850991,24.841877346));
#3789=CARTESIAN_POINT('',(4.806295353,55.371701477,24.991229386));
#3790=CARTESIAN_POINT('',(4.491229386,55.371701477,25.306295353));
#3791=CARTESIAN_POINT('',(4.341877346,55.349850991,25.471997313));
#3792=CARTESIAN_POINT('',(4.066723607,55.263488258,25.81178548));
#3793=CARTESIAN_POINT('',(3.940932428,55.198979233,25.985858824));
#3794=CARTESIAN_POINT('',(3.829969376,55.114677123,26.159938751));
#3795=CARTESIAN_POINT('',(5.006904045,54.896505203,24.003452022));
#3796=CARTESIAN_POINT('',(4.870548737,54.955605473,24.107105799));
#3797=CARTESIAN_POINT('',(4.73419542,55.000499007,24.218640827));
#3798=CARTESIAN_POINT('',(4.465720041,55.060510824,24.453946287));
#3799=CARTESIAN_POINT('',(4.333601916,55.075628287,24.577713138));
#3800=CARTESIAN_POINT('',(4.077713138,55.075628287,24.833601916));
#3801=CARTESIAN_POINT('',(3.953946287,55.060510824,24.965720041));
#3802=CARTESIAN_POINT('',(3.718640827,55.000499007,25.23419542));
#3803=CARTESIAN_POINT('',(3.607105799,54.955605473,25.370548737));
#3804=CARTESIAN_POINT('',(3.503452022,54.896505203,25.506904045));
#3805=CARTESIAN_POINT('',(4.658907238,54.803501119,23.829453619));
#3806=CARTESIAN_POINT('',(4.540706585,54.84994866,23.925686888));
#3807=CARTESIAN_POINT('',(4.422507007,54.885126952,24.027252901));
#3808=CARTESIAN_POINT('',(4.188931413,54.932123825,24.238607763));
#3809=CARTESIAN_POINT('',(4.073557525,54.943941993,24.348394671));
#3810=CARTESIAN_POINT('',(3.848394671,54.943941993,24.573557525));
#3811=CARTESIAN_POINT('',(3.738607763,54.932123825,24.688931413));
#3812=CARTESIAN_POINT('',(3.527252901,54.885126952,24.922507007));
#3813=CARTESIAN_POINT('',(3.425686888,54.84994866,25.040706585));
#3814=CARTESIAN_POINT('',(3.329453619,54.803501119,25.158907238));
#3815=CARTESIAN_POINT('',(3.570487306,54.57808197,23.285243653));
#3816=CARTESIAN_POINT('',(3.504989537,54.591924329,23.350464095));
#3817=CARTESIAN_POINT('',(3.439491387,54.602250808,23.415809356));
#3818=CARTESIAN_POINT('',(3.308502495,54.616004181,23.546609395));
#3819=CARTESIAN_POINT('',(3.243011005,54.619431269,23.612064807));
#3820=CARTESIAN_POINT('',(3.112064807,54.619431269,23.743011005));
#3821=CARTESIAN_POINT('',(3.046609395,54.616004181,23.808502495));
#3822=CARTESIAN_POINT('',(2.915809356,54.602250808,23.939491387));
#3823=CARTESIAN_POINT('',(2.850464095,54.591924329,24.004989537));
#3824=CARTESIAN_POINT('',(2.785243653,54.57808197,24.070487306));
#3825=CARTESIAN_POINT('',(2.785398163,54.5,22.892699082));
#3826=CARTESIAN_POINT('',(2.785398163,54.5,22.892699082));
#3827=CARTESIAN_POINT('',(2.687223393,54.5,22.990873852));
#3828=CARTESIAN_POINT('',(2.687223393,54.5,22.990873852));
#3829=CARTESIAN_POINT('',(2.589048623,54.5,23.089048623));
#3830=CARTESIAN_POINT('',(2.589048623,54.5,23.089048623));
#3831=CARTESIAN_POINT('',(2.490873852,54.5,23.187223393));
#3832=CARTESIAN_POINT('',(2.490873852,54.5,23.187223393));
#3833=CARTESIAN_POINT('',(2.392699082,54.5,23.285398163));
#3834=CARTESIAN_POINT('',(2.392699082,54.5,23.285398163));
#3835=CARTESIAN_POINT('',(1.999981776,54.5,22.499990888));
#3836=CARTESIAN_POINT('',(1.999981776,54.5,22.499990888));
#3837=CARTESIAN_POINT('',(1.999984054,54.5,22.49998861));
#3838=CARTESIAN_POINT('',(1.999984054,54.5,22.49998861));
#3839=CARTESIAN_POINT('',(1.999986332,54.5,22.499986332));
#3840=CARTESIAN_POINT('',(1.999986332,54.5,22.499986332));
#3841=CARTESIAN_POINT('',(1.99998861,54.5,22.499984054));
#3842=CARTESIAN_POINT('',(1.99998861,54.5,22.499984054));
#3843=CARTESIAN_POINT('',(1.999990888,54.5,22.499981776));
#3844=CARTESIAN_POINT('',(1.999990888,54.5,22.499981776));
#3845=CARTESIAN_POINT('',(1.999963552,54.5,22.499981776));
#3846=CARTESIAN_POINT('',(1.999963552,54.5,22.499981776));
#3847=CARTESIAN_POINT('',(1.999968108,54.5,22.49997722));
#3848=CARTESIAN_POINT('',(1.999968108,54.5,22.49997722));
#3849=CARTESIAN_POINT('',(1.999972664,54.5,22.499972664));
#3850=CARTESIAN_POINT('',(1.999972664,54.5,22.499972664));
#3851=CARTESIAN_POINT('',(1.99997722,54.5,22.499968108));
#3852=CARTESIAN_POINT('',(1.99997722,54.5,22.499968108));
#3853=CARTESIAN_POINT('',(1.999981776,54.5,22.499963552));
#3854=CARTESIAN_POINT('',(1.999981776,54.5,22.499963552));
#3855=CARTESIAN_POINT('',(1.999945327,54.5,22.499972664));
#3856=CARTESIAN_POINT('',(1.999945328,54.5,22.499972664));
#3857=CARTESIAN_POINT('',(1.999952161,54.5,22.49996583));
#3858=CARTESIAN_POINT('',(1.999952162,54.5,22.49996583));
#3859=CARTESIAN_POINT('',(1.999958996,54.5,22.499958996));
#3860=CARTESIAN_POINT('',(1.999958996,54.5,22.499958996));
#3861=CARTESIAN_POINT('',(1.99996583,54.5,22.499952162));
#3862=CARTESIAN_POINT('',(1.99996583,54.5,22.499952161));
#3863=CARTESIAN_POINT('',(1.999972664,54.5,22.499945328));
#3864=CARTESIAN_POINT('',(1.999972664,54.5,22.499945327));
#3865=B_SPLINE_SURFACE_WITH_KNOTS('',3,3,((#3725,#3726,#3727,#3728,#3729,#3730,#3731,#3732,#3733,#3734),(#3735,#3736,#3737,#3738,#3739,#3740,#3741,#3742,#3743,#3744),(#3745,#3746,#3747,#3748,#3749,#3750,#3751,#3752,#3753,#3754),(#3755,#3756,#3757,#3758,#3759,#3760,#3761,#3762,#3763,#3764),(#3765,#3766,#3767,#3768,#3769,#3770,#3771,#3772,#3773,#3774),(#3775,#3776,#3777,#3778,#3779,#3780,#3781,#3782,#3783,#3784),(#3785,#3786,#3787,#3788,#3789,#3790,#3791,#3792,#3793,#3794),(#3795,#3796,#3797,#3798,#3799,#3800,#3801,#3802,#3803,#3804),(#3805,#3806,#3807,#3808,#3809,#3810,#3811,#3812,#3813,#3814),(#3815,#3816,#3817,#3818,#3819,#3820,#3821,#3822,#3823,#3824),(#3825,#3826,#3827,#3828,#3829,#3830,#3831,#3832,#3833,#3834),(#3835,#3836,#3837,#3838,#3839,#3840,#3841,#3842,#3843,#3844),(#3845,#3846,#3847,#3848,#3849,#3850,#3851,#3852,#3853,#3854),(#3855,#3856,#3857,#3858,#3859,#3860,#3861,#3862,#3863,#3864)),.UNSPECIFIED.,.F.,.F.,.U.,(4,2,2,2,2,2,4),(4,2,2,2,4),(3.727278181,3.730641276,3.926990817,4.123340358,4.319689899,4.71238898,4.712398092),(0.,0.25,0.5,0.75,1.),.UNSPECIFIED.);
#3866=ORIENTED_EDGE('',*,*,#2766,.F.);
#3867=ORIENTED_EDGE('',*,*,#2913,.F.);
#3868=CARTESIAN_POINT('',(7.,54.18337521,27.5));
#3869=DIRECTION('',(-0.483779447,-0.729324957,-0.483779447));
#3870=DIRECTION('',(0.833333333,-0.552770798,-0.));
#3871=AXIS2_PLACEMENT_3D('',#3868,#3869,#3870);
#3872=CIRCLE('',#3871,3.);
#3873=EDGE_CURVE('',#2760,#2885,#3872,.T.);
#3874=ORIENTED_EDGE('',*,*,#3873,.F.);
#3875=EDGE_LOOP('',(#3866,#3867,#3874));
#3876=FACE_BOUND('',#3875,.T.);
#3877=ADVANCED_FACE('',(#3876),#3865,.F.);
#3878=CARTESIAN_POINT('',(4.5,55.841687605,27.5));
#3879=CARTESIAN_POINT('',(4.584255384,55.968707375,27.224255108));
#3880=CARTESIAN_POINT('',(4.710197533,56.068045375,26.948555289));
#3881=CARTESIAN_POINT('',(5.033136721,56.201641393,26.424212526));
#3882=CARTESIAN_POINT('',(5.230080971,56.235877574,26.17565529));
#3883=CARTESIAN_POINT('',(5.67565529,56.235877574,25.730080971));
#3884=CARTESIAN_POINT('',(5.924212526,56.201641393,25.533136721));
#3885=CARTESIAN_POINT('',(6.448555289,56.068045375,25.210197533));
#3886=CARTESIAN_POINT('',(6.724255108,55.968707375,25.084255384));
#3887=CARTESIAN_POINT('',(7.,55.841687605,25.));
#3888=CARTESIAN_POINT('',(4.573743036,55.952859415,27.699708662));
#3889=CARTESIAN_POINT('',(4.647506651,56.085007866,27.406478051));
#3890=CARTESIAN_POINT('',(4.768072799,56.188746207,27.112432602));
#3891=CARTESIAN_POINT('',(5.089895111,56.328370641,26.553929884));
#3892=CARTESIAN_POINT('',(5.291088931,56.364229883,26.289579719));
#3893=CARTESIAN_POINT('',(5.752607817,56.364229883,25.818753215));
#3894=CARTESIAN_POINT('',(6.012844007,56.328370641,25.612367274));
#3895=CARTESIAN_POINT('',(6.564600837,56.188746207,25.279591947));
#3896=CARTESIAN_POINT('',(6.856015475,56.085007866,25.153266696));
#3897=CARTESIAN_POINT('',(7.147486072,55.952859415,25.073743036));
#3898=CARTESIAN_POINT('',(4.642610354,56.064059429,27.862805397));
#3899=CARTESIAN_POINT('',(4.70494201,56.19794556,27.553769804));
#3900=CARTESIAN_POINT('',(4.819196959,56.303590031,27.243214749));
#3901=CARTESIAN_POINT('',(5.138372371,56.446237355,26.654663629));
#3902=CARTESIAN_POINT('',(5.343220637,56.483207928,26.376799707));
#3903=CARTESIAN_POINT('',(5.819909181,56.484191288,25.885758448));
#3904=CARTESIAN_POINT('',(6.091642197,56.448203884,25.67269154));
#3905=CARTESIAN_POINT('',(6.67072077,56.30741675,25.335927907));
#3906=CARTESIAN_POINT('',(6.977936293,56.202648939,25.212307245));
#3907=CARTESIAN_POINT('',(7.285220777,56.069538773,25.1405696));
#3908=CARTESIAN_POINT('',(4.765260617,56.299985103,28.131398557));
#3909=CARTESIAN_POINT('',(4.805500114,56.428232004,27.793603349));
#3910=CARTESIAN_POINT('',(4.907066815,56.530362498,27.453454552));
#3911=CARTESIAN_POINT('',(5.21967796,56.669173959,26.812320627));
#3912=CARTESIAN_POINT('',(5.430632597,56.705815033,26.511518675));
#3913=CARTESIAN_POINT('',(5.934588189,56.708829481,25.988252432));
#3914=CARTESIAN_POINT('',(6.227444946,56.675202019,25.765937804));
#3915=CARTESIAN_POINT('',(6.857129456,56.542033765,25.428654801));
#3916=CARTESIAN_POINT('',(7.193777289,56.442531303,25.313783204));
#3917=CARTESIAN_POINT('',(7.530521302,56.316552112,25.260122868));
#3918=CARTESIAN_POINT('',(4.819141354,56.424474833,28.236849792));
#3919=CARTESIAN_POINT('',(4.848739418,56.545360663,27.886110513));
#3920=CARTESIAN_POINT('',(4.943947942,56.642081254,27.532885271));
#3921=CARTESIAN_POINT('',(5.252672569,56.774055712,26.869228223));
#3922=CARTESIAN_POINT('',(5.46609113,56.809267633,26.559005519));
#3923=CARTESIAN_POINT('',(5.982159677,56.813360669,26.023732407));
#3924=CARTESIAN_POINT('',(6.284646969,56.782240508,25.798850792));
#3925=CARTESIAN_POINT('',(6.937617424,56.657896815,25.465034088));
#3926=CARTESIAN_POINT('',(7.287894888,56.564712851,25.356204502));
#3927=CARTESIAN_POINT('',(7.638282709,56.446847045,25.312834291));
#3928=CARTESIAN_POINT('',(4.885984911,56.626075724,28.357353326));
#3929=CARTESIAN_POINT('',(4.902440668,56.729217589,27.9902797));
#3930=CARTESIAN_POINT('',(4.989736026,56.812242535,27.62091171));
#3931=CARTESIAN_POINT('',(5.293563714,56.926220162,26.930194035));
#3932=CARTESIAN_POINT('',(5.509989494,56.957132808,26.60908643));
#3933=CARTESIAN_POINT('',(6.041035522,56.962398601,26.061109742));
#3934=CARTESIAN_POINT('',(6.355469628,56.936749906,25.834432746));
#3935=CARTESIAN_POINT('',(7.037375505,56.832547526,25.507992183));
#3936=CARTESIAN_POINT('',(7.404608293,56.754030455,25.408343105));
#3937=CARTESIAN_POINT('',(7.771969822,56.654696006,25.379366794));
#3938=CARTESIAN_POINT('',(4.905924316,56.695853626,28.391127717));
#3939=CARTESIAN_POINT('',(4.918475127,56.791957681,28.019139971));
#3940=CARTESIAN_POINT('',(5.003408134,56.869483962,27.644985522));
#3941=CARTESIAN_POINT('',(5.305764275,56.976169992,26.946394681));
#3942=CARTESIAN_POINT('',(5.52307828,57.005291169,26.622210354));
#3943=CARTESIAN_POINT('',(6.058581824,57.010879075,26.070898162));
#3944=CARTESIAN_POINT('',(6.376578133,56.98734379,25.843969244));
#3945=CARTESIAN_POINT('',(7.067120483,56.891018841,25.52035252));
#3946=CARTESIAN_POINT('',(7.439417371,56.818264014,25.423781531));
#3947=CARTESIAN_POINT('',(7.811848633,56.72617779,25.399426508));
#3948=CARTESIAN_POINT('',(4.939923821,56.837270744,28.445224323));
#3949=CARTESIAN_POINT('',(4.946076675,56.917781083,28.064908438));
#3950=CARTESIAN_POINT('',(5.027163185,56.983017712,27.682767936));
#3951=CARTESIAN_POINT('',(5.327221908,57.073296512,26.971282866));
#3952=CARTESIAN_POINT('',(5.546080807,57.098304525,26.642206901));
#3953=CARTESIAN_POINT('',(6.08912804,57.104360137,26.08599684));
#3954=CARTESIAN_POINT('',(6.413111349,57.08540545,25.85907275));
#3955=CARTESIAN_POINT('',(7.118141826,57.006334887,25.541108778));
#3956=CARTESIAN_POINT('',(7.498922833,56.946248939,25.450188984));
#3957=CARTESIAN_POINT('',(7.879847642,56.870055556,25.43404923));
#3958=CARTESIAN_POINT('',(4.954132062,56.909301244,28.465817849));
#3959=CARTESIAN_POINT('',(4.957763047,56.981226743,28.082053474));
#3960=CARTESIAN_POINT('',(5.037348233,57.039650629,27.696678805));
#3961=CARTESIAN_POINT('',(5.336570774,57.120785797,26.98011378));
#3962=CARTESIAN_POINT('',(5.556093189,57.143465868,26.649198654));
#3963=CARTESIAN_POINT('',(6.102259832,57.14967028,26.09139658));
#3964=CARTESIAN_POINT('',(6.428694277,57.133192237,25.864723891));
#3965=CARTESIAN_POINT('',(7.139640023,57.06353254,25.549601675));
#3966=CARTESIAN_POINT('',(7.523878255,57.010377689,25.461273204));
#3967=CARTESIAN_POINT('',(7.908264125,56.942860098,25.448757219));
#3968=CARTESIAN_POINT('',(4.976949692,57.055977613,28.495150823));
#3969=CARTESIAN_POINT('',(4.977010659,57.109678147,28.106054128));
#3970=CARTESIAN_POINT('',(5.054538641,57.153573813,27.715820595));
#3971=CARTESIAN_POINT('',(5.352844142,57.215133944,26.991886628));
#3972=CARTESIAN_POINT('',(5.57350433,57.232774151,26.658470908));
#3973=CARTESIAN_POINT('',(6.124586196,57.239114247,26.098987252));
#3974=CARTESIAN_POINT('',(6.454791137,57.227811644,25.873139363));
#3975=CARTESIAN_POINT('',(7.174768204,57.177966705,25.563267499));
#3976=CARTESIAN_POINT('',(7.564257176,57.139444019,25.479365412));
#3977=CARTESIAN_POINT('',(7.953899386,57.090227014,25.472820228));
#3978=CARTESIAN_POINT('',(4.985560355,57.130621731,28.503887983));
#3979=CARTESIAN_POINT('',(4.984572962,57.174683301,28.112908132));
#3980=CARTESIAN_POINT('',(5.061544976,57.210864629,27.721050465));
#3981=CARTESIAN_POINT('',(5.35976962,57.26199504,26.99482835));
#3982=CARTESIAN_POINT('',(5.580904159,57.27692387,26.660751474));
#3983=CARTESIAN_POINT('',(6.133782134,57.283251131,26.101178566));
#3984=CARTESIAN_POINT('',(6.465306641,57.274647058,25.875904117));
#3985=CARTESIAN_POINT('',(7.188400222,57.23520483,25.568440868));
#3986=CARTESIAN_POINT('',(7.579682965,57.204382303,25.48637382));
#3987=CARTESIAN_POINT('',(7.97112071,57.16478911,25.482175724));
#3988=CARTESIAN_POINT('',(4.9970946,57.282457017,28.510118699));
#3989=CARTESIAN_POINT('',(4.995504279,57.30673339,28.117034754));
#3990=CARTESIAN_POINT('',(5.072328021,57.327047336,27.723595776));
#3991=CARTESIAN_POINT('',(5.3711659,57.356671963,26.995608142));
#3992=CARTESIAN_POINT('',(5.593061246,57.365970858,26.661348868));
#3993=CARTESIAN_POINT('',(6.148190764,57.37213276,26.102934996));
#3994=CARTESIAN_POINT('',(6.481204268,57.368993317,25.879002374));
#3995=CARTESIAN_POINT('',(7.207681984,57.350749614,25.575608512));
#3996=CARTESIAN_POINT('',(7.600857416,57.335652615,25.496267876));
#3997=CARTESIAN_POINT('',(7.9941892,57.315724521,25.495293131));
#3998=CARTESIAN_POINT('',(5.,57.36009191,28.507530288));
#3999=CARTESIAN_POINT('',(4.998865838,57.374166699,28.114234791));
#4000=CARTESIAN_POINT('',(5.076104752,57.386283276,27.72084924));
#4001=CARTESIAN_POINT('',(5.375644491,57.404771496,26.993404267));
#4002=CARTESIAN_POINT('',(5.597826593,57.411135842,26.659633155));
#4003=CARTESIAN_POINT('',(6.153406091,57.417143849,26.10248207));
#4004=CARTESIAN_POINT('',(6.48658329,57.416785128,25.879322915));
#4005=CARTESIAN_POINT('',(7.213313703,57.409395048,25.577593807));
#4006=CARTESIAN_POINT('',(7.606578888,57.402366588,25.499143439));
#4007=CARTESIAN_POINT('',(8.,57.392534174,25.499040677));
#4008=CARTESIAN_POINT('',(5.,57.437295208,28.499672333));
#4009=CARTESIAN_POINT('',(5.,57.441399227,28.106994697));
#4010=CARTESIAN_POINT('',(5.07808197,57.445501632,27.714471563));
#4011=CARTESIAN_POINT('',(5.378640835,57.45308487,26.988897902));
#4012=CARTESIAN_POINT('',(5.600999473,57.45656272,26.656132857));
#4013=CARTESIAN_POINT('',(6.15635984,57.46236668,26.100802818));
#4014=CARTESIAN_POINT('',(6.489143059,57.464690505,25.878456324));
#4015=CARTESIAN_POINT('',(7.214756347,57.467831585,25.577913873));
#4016=CARTESIAN_POINT('',(7.607300918,57.468647604,25.499836167));
#4017=CARTESIAN_POINT('',(8.,57.468647604,25.499836167));
#4018=B_SPLINE_SURFACE_WITH_KNOTS('',3,3,((#3878,#3879,#3880,#3881,#3882,#3883,#3884,#3885,#3886,#3887),(#3888,#3889,#3890,#3891,#3892,#3893,#3894,#3895,#3896,#3897),(#3898,#3899,#3900,#3901,#3902,#3903,#3904,#3905,#3906,#3907),(#3908,#3909,#3910,#3911,#3912,#3913,#3914,#3915,#3916,#3917),(#3918,#3919,#3920,#3921,#3922,#3923,#3924,#3925,#3926,#3927),(#3928,#3929,#3930,#3931,#3932,#3933,#3934,#3935,#3936,#3937),(#3938,#3939,#3940,#3941,#3942,#3943,#3944,#3945,#3946,#3947),(#3948,#3949,#3950,#3951,#3952,#3953,#3954,#3955,#3956,#3957),(#3958,#3959,#3960,#3961,#3962,#3963,#3964,#3965,#3966,#3967),(#3968,#3969,#3970,#3971,#3972,#3973,#3974,#3975,#3976,#3977),(#3978,#3979,#3980,#3981,#3982,#3983,#3984,#3985,#3986,#3987),(#3988,#3989,#3990,#3991,#3992,#3993,#3994,#3995,#3996,#3997),(#3998,#3999,#4000,#4001,#4002,#4003,#4004,#4005,#4006,#4007),(#4008,#4009,#4010,#4011,#4012,#4013,#4014,#4015,#4016,#4017)),.UNSPECIFIED.,.F.,.F.,.U.,(4,2,2,2,2,2,4),(4,2,2,2,4),(0.035300271,0.036206493,0.037112715,0.037565826,0.038018936,0.038472047,0.038925158),(0.,0.25,0.5,0.75,1.),.UNSPECIFIED.);
#4019=ORIENTED_EDGE('',*,*,#3873,.T.);
#4020=ORIENTED_EDGE('',*,*,#2906,.F.);
#4021=CARTESIAN_POINT('',(8.,57.437295208,28.499672333));
#4022=DIRECTION('',(0.,-0.999945389,-0.010450799));
#4023=DIRECTION('',(0.,0.010450799,-0.999945389));
#4024=AXIS2_PLACEMENT_3D('',#4021,#4022,#4023);
#4025=CIRCLE('',#4024,3.);
#4026=EDGE_CURVE('',#1629,#2876,#4025,.T.);
#4027=ORIENTED_EDGE('',*,*,#4026,.F.);
#4028=ORIENTED_EDGE('',*,*,#2819,.F.);
#4029=EDGE_LOOP('',(#4019,#4020,#4027,#4028));
#4030=FACE_BOUND('',#4029,.T.);
#4031=ADVANCED_FACE('',(#4030),#4018,.F.);
#4032=CARTESIAN_POINT('',(8.,57.5,22.5));
#4033=DIRECTION('',(1.,0.,0.));
#4034=DIRECTION('',(0.,1.,-0.));
#4035=AXIS2_PLACEMENT_3D('',#4032,#4033,#4034);
#4036=TOROIDAL_SURFACE('',#4035,6.,3.);
#4037=ORIENTED_EDGE('',*,*,#4026,.T.);
#4038=ORIENTED_EDGE('',*,*,#2882,.F.);
#4039=CARTESIAN_POINT('',(8.,57.5,28.5));
#4040=DIRECTION('',(0.,-1.,0.));
#4041=DIRECTION('',(1.,0.,0.));
#4042=AXIS2_PLACEMENT_3D('',#4039,#4040,#4041);
#4043=CIRCLE('',#4042,3.);
#4044=EDGE_CURVE('',#1638,#1990,#4043,.T.);
#4045=ORIENTED_EDGE('',*,*,#4044,.F.);
#4046=ORIENTED_EDGE('',*,*,#1644,.F.);
#4047=EDGE_LOOP('',(#4037,#4038,#4045,#4046));
#4048=FACE_BOUND('',#4047,.T.);
#4049=ADVANCED_FACE('',(#4048),#4036,.F.);
#4050=CARTESIAN_POINT('',(8.,62.,28.5));
#4051=DIRECTION('',(0.,-1.,0.));
#4052=DIRECTION('',(1.,0.,0.));
#4053=AXIS2_PLACEMENT_3D('',#4050,#4051,#4052);
#4054=CYLINDRICAL_SURFACE('',#4053,3.);
#4055=ORIENTED_EDGE('',*,*,#4044,.T.);
#4056=ORIENTED_EDGE('',*,*,#1995,.F.);
#4057=CARTESIAN_POINT('',(8.,61.5,28.5));
#4058=DIRECTION('',(0.,-1.,0.));
#4059=DIRECTION('',(1.,0.,0.));
#4060=AXIS2_PLACEMENT_3D('',#4057,#4058,#4059);
#4061=CIRCLE('',#4060,3.);
#4062=EDGE_CURVE('',#1647,#1982,#4061,.T.);
#4063=ORIENTED_EDGE('',*,*,#4062,.F.);
#4064=ORIENTED_EDGE('',*,*,#1652,.F.);
#4065=EDGE_LOOP('',(#4055,#4056,#4063,#4064));
#4066=FACE_BOUND('',#4065,.T.);
#4067=ADVANCED_FACE('',(#4066),#4054,.F.);
#4068=CARTESIAN_POINT('',(5.,61.5,28.5));
#4069=CARTESIAN_POINT('',(5.,61.5,28.107300918));
#4070=CARTESIAN_POINT('',(5.07808197,61.5,27.714756347));
#4071=CARTESIAN_POINT('',(5.378640835,61.5,26.989143059));
#4072=CARTESIAN_POINT('',(5.600999473,61.5,26.65635984));
#4073=CARTESIAN_POINT('',(6.15635984,61.5,26.100999473));
#4074=CARTESIAN_POINT('',(6.489143059,61.5,25.878640835));
#4075=CARTESIAN_POINT('',(7.214756347,61.5,25.57808197));
#4076=CARTESIAN_POINT('',(7.607300918,61.5,25.5));
#4077=CARTESIAN_POINT('',(8.,61.5,25.5));
#4078=CARTESIAN_POINT('',(5.,61.696349541,28.5));
#4079=CARTESIAN_POINT('',(5.,61.670647446,28.107300918));
#4080=CARTESIAN_POINT('',(5.07808197,61.650065917,27.714756347));
#4081=CARTESIAN_POINT('',(5.378640835,61.62224617,26.989143059));
#4082=CARTESIAN_POINT('',(5.600999473,61.615018898,26.65635984));
#4083=CARTESIAN_POINT('',(6.15635984,61.615018898,26.100999473));
#4084=CARTESIAN_POINT('',(6.489143059,61.62224617,25.878640835));
#4085=CARTESIAN_POINT('',(7.214756347,61.650065917,25.57808197));
#4086=CARTESIAN_POINT('',(7.607300918,61.670647446,25.5));
#4087=CARTESIAN_POINT('',(8.,61.696349541,25.5));
#4088=CARTESIAN_POINT('',(4.980661736,61.892694227,28.461323473));
#4089=CARTESIAN_POINT('',(4.985962831,61.841428695,28.074544529));
#4090=CARTESIAN_POINT('',(5.067493336,61.8003884,27.687912337));
#4091=CARTESIAN_POINT('',(5.37089932,61.744918399,26.972215228));
#4092=CARTESIAN_POINT('',(5.592659388,61.730510291,26.643421901));
#4093=CARTESIAN_POINT('',(6.143421901,61.730510291,26.092659388));
#4094=CARTESIAN_POINT('',(6.472215228,61.744918399,25.87089932));
#4095=CARTESIAN_POINT('',(7.187912337,61.8003884,25.567493336));
#4096=CARTESIAN_POINT('',(7.574544529,61.841428695,25.485962831));
#4097=CARTESIAN_POINT('',(7.961323473,61.892694227,25.480661736));
#4098=CARTESIAN_POINT('',(4.904049946,62.277847706,28.308099892));
#4099=CARTESIAN_POINT('',(4.927377112,62.185189253,27.942695849));
#4100=CARTESIAN_POINT('',(5.020207888,62.11134705,27.577413437));
#4101=CARTESIAN_POINT('',(5.331940984,62.011639559,26.897841537));
#4102=CARTESIAN_POINT('',(5.550739229,61.985808044,26.583778299));
#4103=CARTESIAN_POINT('',(6.083778299,61.985808044,26.050739229));
#4104=CARTESIAN_POINT('',(6.397841537,62.011639559,25.831940984));
#4105=CARTESIAN_POINT('',(7.077413437,62.11134705,25.520207888));
#4106=CARTESIAN_POINT('',(7.442695849,62.185189253,25.427377112));
#4107=CARTESIAN_POINT('',(7.808099892,62.277847706,25.404049946));
#4108=CARTESIAN_POINT('',(4.846778314,62.466646975,28.193556628));
#4109=CARTESIAN_POINT('',(4.882660483,62.358261345,27.84347895));
#4110=CARTESIAN_POINT('',(4.983200665,62.272160714,27.493505962));
#4111=CARTESIAN_POINT('',(5.300231225,62.155981142,26.839950572));
#4112=CARTESIAN_POINT('',(5.516626119,62.125937468,26.536563704));
#4113=CARTESIAN_POINT('',(6.036563704,62.125937468,26.016626119));
#4114=CARTESIAN_POINT('',(6.339950572,62.155981142,25.800231225));
#4115=CARTESIAN_POINT('',(6.993505962,62.272160714,25.483200665));
#4116=CARTESIAN_POINT('',(7.34347895,62.358261345,25.382660483));
#4117=CARTESIAN_POINT('',(7.693556628,62.466646975,25.346778314));
#4118=CARTESIAN_POINT('',(4.696498881,62.829453619,27.892997763));
#4119=CARTESIAN_POINT('',(4.757987311,62.702765828,27.578187398));
#4120=CARTESIAN_POINT('',(4.873071608,62.602848642,27.263449173));
#4121=CARTESIAN_POINT('',(5.196986751,62.468233477,26.670586803));
#4122=CARTESIAN_POINT('',(5.405742619,62.433566929,26.392598615));
#4123=CARTESIAN_POINT('',(5.892598615,62.433566929,25.905742619));
#4124=CARTESIAN_POINT('',(6.170586803,62.468233477,25.696986751));
#4125=CARTESIAN_POINT('',(6.763449173,62.602848642,25.373071608));
#4126=CARTESIAN_POINT('',(7.078187398,62.702765828,25.257987311));
#4127=CARTESIAN_POINT('',(7.392997763,62.829453619,25.196498881));
#4128=CARTESIAN_POINT('',(4.603494797,63.003452022,27.706989594));
#4129=CARTESIAN_POINT('',(4.677921095,62.874085775,27.412044919));
#4130=CARTESIAN_POINT('',(4.799753292,62.772511627,27.11715693));
#4131=CARTESIAN_POINT('',(5.12514978,62.635794483,26.558855053));
#4132=CARTESIAN_POINT('',(5.328650888,62.600677961,26.295548547));
#4133=CARTESIAN_POINT('',(5.795548547,62.600677961,25.828650888));
#4134=CARTESIAN_POINT('',(6.058855053,62.635794483,25.62514978));
#4135=CARTESIAN_POINT('',(6.61715693,62.772511627,25.299753292));
#4136=CARTESIAN_POINT('',(6.912044919,62.874085775,25.177921095));
#4137=CARTESIAN_POINT('',(7.206989594,63.003452022,25.103494797));
#4138=CARTESIAN_POINT('',(4.385322877,63.329969376,27.270645753));
#4139=CARTESIAN_POINT('',(4.480476722,63.205541003,27.016179793));
#4140=CARTESIAN_POINT('',(4.610978357,63.108674167,26.761746032));
#4141=CARTESIAN_POINT('',(4.931201328,62.978527679,26.2750388));
#4142=CARTESIAN_POINT('',(5.120881397,62.945264725,26.042827009));
#4143=CARTESIAN_POINT('',(5.542827009,62.945264725,25.620881397));
#4144=CARTESIAN_POINT('',(5.7750388,62.978527679,25.431201328));
#4145=CARTESIAN_POINT('',(6.261746032,63.108674167,25.110978357));
#4146=CARTESIAN_POINT('',(6.516179793,63.205541003,24.980476722));
#4147=CARTESIAN_POINT('',(6.770645753,63.329969376,24.885322877));
#4148=CARTESIAN_POINT('',(4.260160435,63.482480252,27.020320871));
#4149=CARTESIAN_POINT('',(4.363094219,63.365556019,26.786472406));
#4150=CARTESIAN_POINT('',(4.495519336,63.274955108,26.552646998));
#4151=CARTESIAN_POINT('',(4.809096276,63.153346066,26.102977037));
#4152=CARTESIAN_POINT('',(4.99021683,63.122349913,25.887176863));
#4153=CARTESIAN_POINT('',(5.387176863,63.122349913,25.49021683));
#4154=CARTESIAN_POINT('',(5.602977037,63.153346066,25.309096276));
#4155=CARTESIAN_POINT('',(6.052646998,63.274955108,24.995519336));
#4156=CARTESIAN_POINT('',(6.286472406,63.365556019,24.863094219));
#4157=CARTESIAN_POINT('',(6.520320871,63.482480252,24.760160435));
#4158=CARTESIAN_POINT('',(3.982480252,63.760160435,26.464960503));
#4159=CARTESIAN_POINT('',(4.093304773,63.663326363,26.271292358));
#4160=CARTESIAN_POINT('',(4.223360529,63.588924899,26.077634519));
#4161=CARTESIAN_POINT('',(4.514383377,63.48923506,25.70140581));
#4162=CARTESIAN_POINT('',(4.675334556,63.463951975,25.518855013));
#4163=CARTESIAN_POINT('',(5.018855013,63.463951975,25.175334556));
#4164=CARTESIAN_POINT('',(5.20140581,63.48923506,25.014383377));
#4165=CARTESIAN_POINT('',(5.577634519,63.588924899,24.723360529));
#4166=CARTESIAN_POINT('',(5.771292358,63.663326363,24.593304773));
#4167=CARTESIAN_POINT('',(5.964960503,63.760160435,24.482480252));
#4168=CARTESIAN_POINT('',(3.829969376,63.885322877,26.159938751));
#4169=CARTESIAN_POINT('',(3.940932428,63.801020767,25.985858824));
#4170=CARTESIAN_POINT('',(4.066723607,63.736511742,25.81178548));
#4171=CARTESIAN_POINT('',(4.341877346,63.650149009,25.471997313));
#4172=CARTESIAN_POINT('',(4.491229386,63.628298523,25.306295353));
#4173=CARTESIAN_POINT('',(4.806295353,63.628298523,24.991229386));
#4174=CARTESIAN_POINT('',(4.971997313,63.650149009,24.841877346));
#4175=CARTESIAN_POINT('',(5.31178548,63.736511742,24.566723607));
#4176=CARTESIAN_POINT('',(5.485858824,63.801020767,24.440932428));
#4177=CARTESIAN_POINT('',(5.659938751,63.885322877,24.329969376));
#4178=CARTESIAN_POINT('',(3.503452022,64.103494797,25.506904045));
#4179=CARTESIAN_POINT('',(3.607105799,64.044394527,25.370548737));
#4180=CARTESIAN_POINT('',(3.718640827,63.999500993,25.23419542));
#4181=CARTESIAN_POINT('',(3.953946287,63.939489176,24.965720041));
#4182=CARTESIAN_POINT('',(4.077713138,63.924371713,24.833601916));
#4183=CARTESIAN_POINT('',(4.333601916,63.924371713,24.577713138));
#4184=CARTESIAN_POINT('',(4.465720041,63.939489176,24.453946287));
#4185=CARTESIAN_POINT('',(4.73419542,63.999500993,24.218640827));
#4186=CARTESIAN_POINT('',(4.870548737,64.044394527,24.107105799));
#4187=CARTESIAN_POINT('',(5.006904045,64.103494797,24.003452022));
#4188=CARTESIAN_POINT('',(3.329453619,64.196498881,25.158907238));
#4189=CARTESIAN_POINT('',(3.425686888,64.15005134,25.040706585));
#4190=CARTESIAN_POINT('',(3.527252901,64.114873048,24.922507007));
#4191=CARTESIAN_POINT('',(3.738607763,64.067876175,24.688931413));
#4192=CARTESIAN_POINT('',(3.848394671,64.056058007,24.573557525));
#4193=CARTESIAN_POINT('',(4.073557525,64.056058007,24.348394671));
#4194=CARTESIAN_POINT('',(4.188931413,64.067876175,24.238607763));
#4195=CARTESIAN_POINT('',(4.422507007,64.114873048,24.027252901));
#4196=CARTESIAN_POINT('',(4.540706585,64.15005134,23.925686888));
#4197=CARTESIAN_POINT('',(4.658907238,64.196498881,23.829453619));
#4198=CARTESIAN_POINT('',(2.785243653,64.42191803,24.070487306));
#4199=CARTESIAN_POINT('',(2.850464095,64.408075671,24.004989537));
#4200=CARTESIAN_POINT('',(2.915809356,64.397749192,23.939491387));
#4201=CARTESIAN_POINT('',(3.046609395,64.383995819,23.808502495));
#4202=CARTESIAN_POINT('',(3.112064807,64.380568731,23.743011005));
#4203=CARTESIAN_POINT('',(3.243011005,64.380568731,23.612064807));
#4204=CARTESIAN_POINT('',(3.308502495,64.383995819,23.546609395));
#4205=CARTESIAN_POINT('',(3.439491387,64.397749192,23.415809356));
#4206=CARTESIAN_POINT('',(3.504989537,64.408075671,23.350464095));
#4207=CARTESIAN_POINT('',(3.570487306,64.42191803,23.285243653));
#4208=CARTESIAN_POINT('',(2.392699082,64.5,23.285398163));
#4209=CARTESIAN_POINT('',(2.392699082,64.5,23.285398163));
#4210=CARTESIAN_POINT('',(2.490873852,64.5,23.187223393));
#4211=CARTESIAN_POINT('',(2.490873852,64.5,23.187223393));
#4212=CARTESIAN_POINT('',(2.589048623,64.5,23.089048623));
#4213=CARTESIAN_POINT('',(2.589048623,64.5,23.089048623));
#4214=CARTESIAN_POINT('',(2.687223393,64.5,22.990873852));
#4215=CARTESIAN_POINT('',(2.687223393,64.5,22.990873852));
#4216=CARTESIAN_POINT('',(2.785398163,64.5,22.892699082));
#4217=CARTESIAN_POINT('',(2.785398163,64.5,22.892699082));
#4218=CARTESIAN_POINT('',(2.,64.5,22.5));
#4219=CARTESIAN_POINT('',(2.,64.5,22.5));
#4220=CARTESIAN_POINT('',(2.,64.5,22.5));
#4221=CARTESIAN_POINT('',(2.,64.5,22.5));
#4222=CARTESIAN_POINT('',(2.,64.5,22.5));
#4223=CARTESIAN_POINT('',(2.,64.5,22.5));
#4224=CARTESIAN_POINT('',(2.,64.5,22.5));
#4225=CARTESIAN_POINT('',(2.,64.5,22.5));
#4226=CARTESIAN_POINT('',(2.,64.5,22.5));
#4227=CARTESIAN_POINT('',(2.,64.5,22.5));
#4228=B_SPLINE_SURFACE_WITH_KNOTS('',3,3,((#4068,#4069,#4070,#4071,#4072,#4073,#4074,#4075,#4076,#4077),(#4078,#4079,#4080,#4081,#4082,#4083,#4084,#4085,#4086,#4087),(#4088,#4089,#4090,#4091,#4092,#4093,#4094,#4095,#4096,#4097),(#4098,#4099,#4100,#4101,#4102,#4103,#4104,#4105,#4106,#4107),(#4108,#4109,#4110,#4111,#4112,#4113,#4114,#4115,#4116,#4117),(#4118,#4119,#4120,#4121,#4122,#4123,#4124,#4125,#4126,#4127),(#4128,#4129,#4130,#4131,#4132,#4133,#4134,#4135,#4136,#4137),(#4138,#4139,#4140,#4141,#4142,#4143,#4144,#4145,#4146,#4147),(#4148,#4149,#4150,#4151,#4152,#4153,#4154,#4155,#4156,#4157),(#4158,#4159,#4160,#4161,#4162,#4163,#4164,#4165,#4166,#4167),(#4168,#4169,#4170,#4171,#4172,#4173,#4174,#4175,#4176,#4177),(#4178,#4179,#4180,#4181,#4182,#4183,#4184,#4185,#4186,#4187),(#4188,#4189,#4190,#4191,#4192,#4193,#4194,#4195,#4196,#4197),(#4198,#4199,#4200,#4201,#4202,#4203,#4204,#4205,#4206,#4207),(#4208,#4209,#4210,#4211,#4212,#4213,#4214,#4215,#4216,#4217),(#4218,#4219,#4220,#4221,#4222,#4223,#4224,#4225,#4226,#4227)),.UNSPECIFIED.,.F.,.F.,.U.,(4,2,2,2,2,2,2,4),(4,2,2,2,4),(0.,0.196349541,0.392699082,0.589048623,0.785398163,0.981747704,1.178097245,1.570796327),(0.,0.25,0.5,0.75,1.),.UNSPECIFIED.);
#4229=ORIENTED_EDGE('',*,*,#4062,.T.);
#4230=ORIENTED_EDGE('',*,*,#3428,.F.);
#4231=ORIENTED_EDGE('',*,*,#3374,.F.);
#4232=EDGE_LOOP('',(#4229,#4230,#4231));
#4233=FACE_BOUND('',#4232,.T.);
#4234=ADVANCED_FACE('',(#4233),#4228,.F.);
#4235=CARTESIAN_POINT('',(4.499999981,13.15831233,27.499999961));
#4236=CARTESIAN_POINT('',(4.584255265,13.031292692,27.224254996));
#4237=CARTESIAN_POINT('',(4.71019733,12.931954795,26.948555106));
#4238=CARTESIAN_POINT('',(5.033136408,12.798358915,26.424212234));
#4239=CARTESIAN_POINT('',(5.230080633,12.764122769,26.175654964));
#4240=CARTESIAN_POINT('',(5.675654964,12.764122769,25.730080633));
#4241=CARTESIAN_POINT('',(5.924212234,12.798358915,25.533136408));
#4242=CARTESIAN_POINT('',(6.448555106,12.931954795,25.21019733));
#4243=CARTESIAN_POINT('',(6.724254996,13.031292692,25.084255265));
#4244=CARTESIAN_POINT('',(6.999999961,13.15831233,24.999999981));
#4245=CARTESIAN_POINT('',(4.49814099,13.161114926,27.49628198));
#4246=CARTESIAN_POINT('',(4.582575283,13.034134549,27.220883448));
#4247=CARTESIAN_POINT('',(4.708593,12.934834607,26.945529779));
#4248=CARTESIAN_POINT('',(5.031490148,12.801291828,26.421799307));
#4249=CARTESIAN_POINT('',(5.22831698,12.767070746,26.17350782));
#4250=CARTESIAN_POINT('',(5.67350782,12.767070746,25.72831698));
#4251=CARTESIAN_POINT('',(5.921799307,12.801291828,25.531490148));
#4252=CARTESIAN_POINT('',(6.445529779,12.934834607,25.208593));
#4253=CARTESIAN_POINT('',(6.720883448,13.034134549,25.082575283));
#4254=CARTESIAN_POINT('',(6.99628198,13.161114926,24.99814099));
#4255=CARTESIAN_POINT('',(4.496277272,13.163914388,27.492554545));
#4256=CARTESIAN_POINT('',(4.580889833,13.036974789,27.217502566));
#4257=CARTESIAN_POINT('',(4.706982503,12.937713984,26.942495238));
#4258=CARTESIAN_POINT('',(5.029836538,12.804225896,26.419377543));
#4259=CARTESIAN_POINT('',(5.226545491,12.770020284,26.171352099));
#4260=CARTESIAN_POINT('',(5.671352099,12.770020284,25.726545491));
#4261=CARTESIAN_POINT('',(5.919377543,12.804225896,25.529836538));
#4262=CARTESIAN_POINT('',(6.442495238,12.937713984,25.206982503));
#4263=CARTESIAN_POINT('',(6.717502566,13.036974789,25.080889833));
#4264=CARTESIAN_POINT('',(6.992554545,13.163914388,24.996277272));
#4265=CARTESIAN_POINT('',(4.385322877,13.329969376,27.270645753));
#4266=CARTESIAN_POINT('',(4.480476722,13.205541003,27.016179793));
#4267=CARTESIAN_POINT('',(4.610978357,13.108674167,26.761746032));
#4268=CARTESIAN_POINT('',(4.931201328,12.978527679,26.2750388));
#4269=CARTESIAN_POINT('',(5.120881397,12.945264725,26.042827009));
#4270=CARTESIAN_POINT('',(5.542827009,12.945264725,25.620881397));
#4271=CARTESIAN_POINT('',(5.7750388,12.978527679,25.431201328));
#4272=CARTESIAN_POINT('',(6.261746032,13.108674167,25.110978357));
#4273=CARTESIAN_POINT('',(6.516179793,13.205541003,24.980476722));
#4274=CARTESIAN_POINT('',(6.770645753,13.329969376,24.885322877));
#4275=CARTESIAN_POINT('',(4.260160435,13.482480252,27.020320871));
#4276=CARTESIAN_POINT('',(4.363094219,13.365556019,26.786472406));
#4277=CARTESIAN_POINT('',(4.495519336,13.274955108,26.552646998));
#4278=CARTESIAN_POINT('',(4.809096276,13.153346066,26.102977037));
#4279=CARTESIAN_POINT('',(4.99021683,13.122349913,25.887176863));
#4280=CARTESIAN_POINT('',(5.387176863,13.122349913,25.49021683));
#4281=CARTESIAN_POINT('',(5.602977037,13.153346066,25.309096276));
#4282=CARTESIAN_POINT('',(6.052646998,13.274955108,24.995519336));
#4283=CARTESIAN_POINT('',(6.286472406,13.365556019,24.863094219));
#4284=CARTESIAN_POINT('',(6.520320871,13.482480252,24.760160435));
#4285=CARTESIAN_POINT('',(3.982480252,13.760160435,26.464960503));
#4286=CARTESIAN_POINT('',(4.093304773,13.663326363,26.271292358));
#4287=CARTESIAN_POINT('',(4.223360529,13.588924899,26.077634519));
#4288=CARTESIAN_POINT('',(4.514383377,13.48923506,25.70140581));
#4289=CARTESIAN_POINT('',(4.675334556,13.463951975,25.518855013));
#4290=CARTESIAN_POINT('',(5.018855013,13.463951975,25.175334556));
#4291=CARTESIAN_POINT('',(5.20140581,13.48923506,25.014383377));
#4292=CARTESIAN_POINT('',(5.577634519,13.588924899,24.723360529));
#4293=CARTESIAN_POINT('',(5.771292358,13.663326363,24.593304773));
#4294=CARTESIAN_POINT('',(5.964960503,13.760160435,24.482480252));
#4295=CARTESIAN_POINT('',(3.829969376,13.885322877,26.159938751));
#4296=CARTESIAN_POINT('',(3.940932428,13.801020767,25.985858824));
#4297=CARTESIAN_POINT('',(4.066723607,13.736511742,25.81178548));
#4298=CARTESIAN_POINT('',(4.341877346,13.650149009,25.471997313));
#4299=CARTESIAN_POINT('',(4.491229386,13.628298523,25.306295353));
#4300=CARTESIAN_POINT('',(4.806295353,13.628298523,24.991229386));
#4301=CARTESIAN_POINT('',(4.971997313,13.650149009,24.841877346));
#4302=CARTESIAN_POINT('',(5.31178548,13.736511742,24.566723607));
#4303=CARTESIAN_POINT('',(5.485858824,13.801020767,24.440932428));
#4304=CARTESIAN_POINT('',(5.659938751,13.885322877,24.329969376));
#4305=CARTESIAN_POINT('',(3.503452022,14.103494797,25.506904045));
#4306=CARTESIAN_POINT('',(3.607105799,14.044394527,25.370548737));
#4307=CARTESIAN_POINT('',(3.718640827,13.999500993,25.23419542));
#4308=CARTESIAN_POINT('',(3.953946287,13.939489176,24.965720041));
#4309=CARTESIAN_POINT('',(4.077713138,13.924371713,24.833601916));
#4310=CARTESIAN_POINT('',(4.333601916,13.924371713,24.577713138));
#4311=CARTESIAN_POINT('',(4.465720041,13.939489176,24.453946287));
#4312=CARTESIAN_POINT('',(4.73419542,13.999500993,24.218640827));
#4313=CARTESIAN_POINT('',(4.870548737,14.044394527,24.107105799));
#4314=CARTESIAN_POINT('',(5.006904045,14.103494797,24.003452022));
#4315=CARTESIAN_POINT('',(3.329453619,14.196498881,25.158907238));
#4316=CARTESIAN_POINT('',(3.425686888,14.15005134,25.040706585));
#4317=CARTESIAN_POINT('',(3.527252901,14.114873048,24.922507007));
#4318=CARTESIAN_POINT('',(3.738607763,14.067876175,24.688931413));
#4319=CARTESIAN_POINT('',(3.848394671,14.056058007,24.573557525));
#4320=CARTESIAN_POINT('',(4.073557525,14.056058007,24.348394671));
#4321=CARTESIAN_POINT('',(4.188931413,14.067876175,24.238607763));
#4322=CARTESIAN_POINT('',(4.422507007,14.114873048,24.027252901));
#4323=CARTESIAN_POINT('',(4.540706585,14.15005134,23.925686888));
#4324=CARTESIAN_POINT('',(4.658907238,14.196498881,23.829453619));
#4325=CARTESIAN_POINT('',(2.785243653,14.42191803,24.070487306));
#4326=CARTESIAN_POINT('',(2.850464095,14.408075671,24.004989537));
#4327=CARTESIAN_POINT('',(2.915809356,14.397749192,23.939491387));
#4328=CARTESIAN_POINT('',(3.046609395,14.383995819,23.808502495));
#4329=CARTESIAN_POINT('',(3.112064807,14.380568731,23.743011005));
#4330=CARTESIAN_POINT('',(3.243011005,14.380568731,23.612064807));
#4331=CARTESIAN_POINT('',(3.308502495,14.383995819,23.546609395));
#4332=CARTESIAN_POINT('',(3.439491387,14.397749192,23.415809356));
#4333=CARTESIAN_POINT('',(3.504989537,14.408075671,23.350464095));
#4334=CARTESIAN_POINT('',(3.570487306,14.42191803,23.285243653));
#4335=CARTESIAN_POINT('',(2.392699082,14.5,23.285398163));
#4336=CARTESIAN_POINT('',(2.392699082,14.5,23.285398163));
#4337=CARTESIAN_POINT('',(2.490873852,14.5,23.187223393));
#4338=CARTESIAN_POINT('',(2.490873852,14.5,23.187223393));
#4339=CARTESIAN_POINT('',(2.589048623,14.5,23.089048623));
#4340=CARTESIAN_POINT('',(2.589048623,14.5,23.089048623));
#4341=CARTESIAN_POINT('',(2.687223393,14.5,22.990873852));
#4342=CARTESIAN_POINT('',(2.687223393,14.5,22.990873852));
#4343=CARTESIAN_POINT('',(2.785398163,14.5,22.892699082));
#4344=CARTESIAN_POINT('',(2.785398163,14.5,22.892699082));
#4345=CARTESIAN_POINT('',(1.999990888,14.5,22.499981776));
#4346=CARTESIAN_POINT('',(1.999990888,14.5,22.499981776));
#4347=CARTESIAN_POINT('',(1.99998861,14.5,22.499984054));
#4348=CARTESIAN_POINT('',(1.99998861,14.5,22.499984054));
#4349=CARTESIAN_POINT('',(1.999986332,14.5,22.499986332));
#4350=CARTESIAN_POINT('',(1.999986332,14.5,22.499986332));
#4351=CARTESIAN_POINT('',(1.999984054,14.5,22.49998861));
#4352=CARTESIAN_POINT('',(1.999984054,14.5,22.49998861));
#4353=CARTESIAN_POINT('',(1.999981776,14.5,22.499990888));
#4354=CARTESIAN_POINT('',(1.999981776,14.5,22.499990888));
#4355=CARTESIAN_POINT('',(1.999981776,14.5,22.499963552));
#4356=CARTESIAN_POINT('',(1.999981776,14.5,22.499963552));
#4357=CARTESIAN_POINT('',(1.99997722,14.5,22.499968108));
#4358=CARTESIAN_POINT('',(1.99997722,14.5,22.499968108));
#4359=CARTESIAN_POINT('',(1.999972664,14.5,22.499972664));
#4360=CARTESIAN_POINT('',(1.999972664,14.5,22.499972664));
#4361=CARTESIAN_POINT('',(1.999968108,14.5,22.49997722));
#4362=CARTESIAN_POINT('',(1.999968108,14.5,22.49997722));
#4363=CARTESIAN_POINT('',(1.999963552,14.5,22.499981776));
#4364=CARTESIAN_POINT('',(1.999963552,14.5,22.499981776));
#4365=CARTESIAN_POINT('',(1.999972664,14.5,22.499945327));
#4366=CARTESIAN_POINT('',(1.999972664,14.5,22.499945328));
#4367=CARTESIAN_POINT('',(1.99996583,14.5,22.499952161));
#4368=CARTESIAN_POINT('',(1.99996583,14.5,22.499952162));
#4369=CARTESIAN_POINT('',(1.999958996,14.5,22.499958996));
#4370=CARTESIAN_POINT('',(1.999958996,14.5,22.499958996));
#4371=CARTESIAN_POINT('',(1.999952162,14.5,22.49996583));
#4372=CARTESIAN_POINT('',(1.999952161,14.5,22.49996583));
#4373=CARTESIAN_POINT('',(1.999945328,14.5,22.499972664));
#4374=CARTESIAN_POINT('',(1.999945327,14.5,22.499972664));
#4375=B_SPLINE_SURFACE_WITH_KNOTS('',3,3,((#4235,#4236,#4237,#4238,#4239,#4240,#4241,#4242,#4243,#4244),(#4245,#4246,#4247,#4248,#4249,#4250,#4251,#4252,#4253,#4254),(#4255,#4256,#4257,#4258,#4259,#4260,#4261,#4262,#4263,#4264),(#4265,#4266,#4267,#4268,#4269,#4270,#4271,#4272,#4273,#4274),(#4275,#4276,#4277,#4278,#4279,#4280,#4281,#4282,#4283,#4284),(#4285,#4286,#4287,#4288,#4289,#4290,#4291,#4292,#4293,#4294),(#4295,#4296,#4297,#4298,#4299,#4300,#4301,#4302,#4303,#4304),(#4305,#4306,#4307,#4308,#4309,#4310,#4311,#4312,#4313,#4314),(#4315,#4316,#4317,#4318,#4319,#4320,#4321,#4322,#4323,#4324),(#4325,#4326,#4327,#4328,#4329,#4330,#4331,#4332,#4333,#4334),(#4335,#4336,#4337,#4338,#4339,#4340,#4341,#4342,#4343,#4344),(#4345,#4346,#4347,#4348,#4349,#4350,#4351,#4352,#4353,#4354),(#4355,#4356,#4357,#4358,#4359,#4360,#4361,#4362,#4363,#4364),(#4365,#4366,#4367,#4368,#4369,#4370,#4371,#4372,#4373,#4374)),.UNSPECIFIED.,.F.,.F.,.U.,(4,2,2,2,2,2,4),(4,2,2,2,4),(0.585685527,0.589048623,0.785398163,0.981747704,1.178097245,1.570796327,1.570805439),(0.,0.25,0.5,0.75,1.),.UNSPECIFIED.);
#4376=ORIENTED_EDGE('',*,*,#2933,.F.);
#4377=ORIENTED_EDGE('',*,*,#2710,.F.);
#4378=CARTESIAN_POINT('',(7.,14.81662479,27.5));
#4379=DIRECTION('',(-0.483779447,0.729324957,-0.483779447));
#4380=DIRECTION('',(-0.833333333,-0.552770798,0.));
#4381=AXIS2_PLACEMENT_3D('',#4378,#4379,#4380);
#4382=CIRCLE('',#4381,3.);
#4383=EDGE_CURVE('',#2927,#2697,#4382,.T.);
#4384=ORIENTED_EDGE('',*,*,#4383,.F.);
#4385=EDGE_LOOP('',(#4376,#4377,#4384));
#4386=FACE_BOUND('',#4385,.T.);
#4387=ADVANCED_FACE('',(#4386),#4375,.F.);
#4388=CARTESIAN_POINT('',(7.,13.158312395,25.));
#4389=CARTESIAN_POINT('',(6.724255108,13.031292625,25.084255384));
#4390=CARTESIAN_POINT('',(6.448555289,12.931954625,25.210197533));
#4391=CARTESIAN_POINT('',(5.924212526,12.798358607,25.533136721));
#4392=CARTESIAN_POINT('',(5.67565529,12.764122426,25.730080971));
#4393=CARTESIAN_POINT('',(5.230080971,12.764122426,26.17565529));
#4394=CARTESIAN_POINT('',(5.033136721,12.798358607,26.424212526));
#4395=CARTESIAN_POINT('',(4.710197533,12.931954625,26.948555289));
#4396=CARTESIAN_POINT('',(4.584255384,13.031292625,27.224255108));
#4397=CARTESIAN_POINT('',(4.5,13.158312395,27.5));
#4398=CARTESIAN_POINT('',(7.147486072,13.047140585,25.073743036));
#4399=CARTESIAN_POINT('',(6.856015475,12.914992134,25.153266696));
#4400=CARTESIAN_POINT('',(6.564600837,12.811253793,25.279591947));
#4401=CARTESIAN_POINT('',(6.012844007,12.671629359,25.612367274));
#4402=CARTESIAN_POINT('',(5.752607817,12.635770117,25.818753215));
#4403=CARTESIAN_POINT('',(5.291088931,12.635770117,26.289579719));
#4404=CARTESIAN_POINT('',(5.089895111,12.671629359,26.553929884));
#4405=CARTESIAN_POINT('',(4.768072799,12.811253793,27.112432602));
#4406=CARTESIAN_POINT('',(4.647506651,12.914992134,27.406478051));
#4407=CARTESIAN_POINT('',(4.573743036,13.047140585,27.699708662));
#4408=CARTESIAN_POINT('',(7.285220777,12.930461227,25.1405696));
#4409=CARTESIAN_POINT('',(6.977936293,12.797351061,25.212307245));
#4410=CARTESIAN_POINT('',(6.67072077,12.69258325,25.335927907));
#4411=CARTESIAN_POINT('',(6.091642197,12.551796116,25.67269154));
#4412=CARTESIAN_POINT('',(5.819909181,12.515808712,25.885758448));
#4413=CARTESIAN_POINT('',(5.343220637,12.516792072,26.376799707));
#4414=CARTESIAN_POINT('',(5.138372371,12.553762645,26.654663629));
#4415=CARTESIAN_POINT('',(4.819196959,12.696409969,27.243214749));
#4416=CARTESIAN_POINT('',(4.70494201,12.80205444,27.553769804));
#4417=CARTESIAN_POINT('',(4.642610354,12.935940571,27.862805397));
#4418=CARTESIAN_POINT('',(7.530521302,12.683447888,25.260122868));
#4419=CARTESIAN_POINT('',(7.193777289,12.557468697,25.313783204));
#4420=CARTESIAN_POINT('',(6.857129456,12.457966235,25.428654801));
#4421=CARTESIAN_POINT('',(6.227444946,12.324797981,25.765937804));
#4422=CARTESIAN_POINT('',(5.934588189,12.291170519,25.988252432));
#4423=CARTESIAN_POINT('',(5.430632597,12.294184967,26.511518675));
#4424=CARTESIAN_POINT('',(5.21967796,12.330826041,26.812320627));
#4425=CARTESIAN_POINT('',(4.907066815,12.469637502,27.453454552));
#4426=CARTESIAN_POINT('',(4.805500114,12.571767996,27.793603349));
#4427=CARTESIAN_POINT('',(4.765260617,12.700014897,28.131398557));
#4428=CARTESIAN_POINT('',(7.638282709,12.553152955,25.312834291));
#4429=CARTESIAN_POINT('',(7.287894888,12.435287149,25.356204502));
#4430=CARTESIAN_POINT('',(6.937617424,12.342103185,25.465034088));
#4431=CARTESIAN_POINT('',(6.284646969,12.217759492,25.798850792));
#4432=CARTESIAN_POINT('',(5.982159677,12.186639331,26.023732407));
#4433=CARTESIAN_POINT('',(5.46609113,12.190732367,26.559005519));
#4434=CARTESIAN_POINT('',(5.252672569,12.225944288,26.869228223));
#4435=CARTESIAN_POINT('',(4.943947942,12.357918746,27.532885271));
#4436=CARTESIAN_POINT('',(4.848739418,12.454639337,27.886110513));
#4437=CARTESIAN_POINT('',(4.819141354,12.575525167,28.236849792));
#4438=CARTESIAN_POINT('',(7.771969822,12.345303994,25.379366794));
#4439=CARTESIAN_POINT('',(7.404608293,12.245969545,25.408343105));
#4440=CARTESIAN_POINT('',(7.037375505,12.167452474,25.507992183));
#4441=CARTESIAN_POINT('',(6.355469628,12.063250094,25.834432746));
#4442=CARTESIAN_POINT('',(6.041035522,12.037601399,26.061109742));
#4443=CARTESIAN_POINT('',(5.509989494,12.042867192,26.60908643));
#4444=CARTESIAN_POINT('',(5.293563714,12.073779838,26.930194035));
#4445=CARTESIAN_POINT('',(4.989736026,12.187757465,27.62091171));
#4446=CARTESIAN_POINT('',(4.902440668,12.270782411,27.9902797));
#4447=CARTESIAN_POINT('',(4.885984911,12.373924276,28.357353326));
#4448=CARTESIAN_POINT('',(7.811848633,12.27382221,25.399426508));
#4449=CARTESIAN_POINT('',(7.439417371,12.181735986,25.423781531));
#4450=CARTESIAN_POINT('',(7.067120483,12.108981159,25.52035252));
#4451=CARTESIAN_POINT('',(6.376578133,12.01265621,25.843969244));
#4452=CARTESIAN_POINT('',(6.058581824,11.989120925,26.070898162));
#4453=CARTESIAN_POINT('',(5.52307828,11.994708831,26.622210354));
#4454=CARTESIAN_POINT('',(5.305764275,12.023830008,26.946394681));
#4455=CARTESIAN_POINT('',(5.003408134,12.130516038,27.644985522));
#4456=CARTESIAN_POINT('',(4.918475127,12.208042319,28.019139971));
#4457=CARTESIAN_POINT('',(4.905924316,12.304146374,28.391127717));
#4458=CARTESIAN_POINT('',(7.879847642,12.129944444,25.43404923));
#4459=CARTESIAN_POINT('',(7.498922833,12.053751061,25.450188984));
#4460=CARTESIAN_POINT('',(7.118141826,11.993665113,25.541108778));
#4461=CARTESIAN_POINT('',(6.413111349,11.91459455,25.85907275));
#4462=CARTESIAN_POINT('',(6.08912804,11.895639863,26.08599684));
#4463=CARTESIAN_POINT('',(5.546080807,11.901695475,26.642206901));
#4464=CARTESIAN_POINT('',(5.327221908,11.926703488,26.971282866));
#4465=CARTESIAN_POINT('',(5.027163185,12.016982288,27.682767936));
#4466=CARTESIAN_POINT('',(4.946076675,12.082218917,28.064908438));
#4467=CARTESIAN_POINT('',(4.939923821,12.162729256,28.445224323));
#4468=CARTESIAN_POINT('',(7.908264125,12.057139902,25.448757219));
#4469=CARTESIAN_POINT('',(7.523878255,11.989622311,25.461273204));
#4470=CARTESIAN_POINT('',(7.139640023,11.93646746,25.549601675));
#4471=CARTESIAN_POINT('',(6.428694277,11.866807763,25.864723891));
#4472=CARTESIAN_POINT('',(6.102259832,11.85032972,26.09139658));
#4473=CARTESIAN_POINT('',(5.556093189,11.856534132,26.649198654));
#4474=CARTESIAN_POINT('',(5.336570774,11.879214203,26.98011378));
#4475=CARTESIAN_POINT('',(5.037348233,11.960349371,27.696678805));
#4476=CARTESIAN_POINT('',(4.957763047,12.018773257,28.082053474));
#4477=CARTESIAN_POINT('',(4.954132062,12.090698756,28.465817849));
#4478=CARTESIAN_POINT('',(7.953899386,11.909772986,25.472820228));
#4479=CARTESIAN_POINT('',(7.564257176,11.860555981,25.479365412));
#4480=CARTESIAN_POINT('',(7.174768204,11.822033295,25.563267499));
#4481=CARTESIAN_POINT('',(6.454791137,11.772188356,25.873139363));
#4482=CARTESIAN_POINT('',(6.124586196,11.760885753,26.098987252));
#4483=CARTESIAN_POINT('',(5.57350433,11.767225849,26.658470908));
#4484=CARTESIAN_POINT('',(5.352844142,11.784866056,26.991886628));
#4485=CARTESIAN_POINT('',(5.054538641,11.846426187,27.715820595));
#4486=CARTESIAN_POINT('',(4.977010659,11.890321853,28.106054128));
#4487=CARTESIAN_POINT('',(4.976949692,11.944022387,28.495150823));
#4488=CARTESIAN_POINT('',(7.97112071,11.83521089,25.482175724));
#4489=CARTESIAN_POINT('',(7.579682965,11.795617697,25.48637382));
#4490=CARTESIAN_POINT('',(7.188400222,11.76479517,25.568440868));
#4491=CARTESIAN_POINT('',(6.465306641,11.725352942,25.875904117));
#4492=CARTESIAN_POINT('',(6.133782134,11.716748869,26.101178566));
#4493=CARTESIAN_POINT('',(5.580904159,11.72307613,26.660751474));
#4494=CARTESIAN_POINT('',(5.35976962,11.73800496,26.99482835));
#4495=CARTESIAN_POINT('',(5.061544976,11.789135371,27.721050465));
#4496=CARTESIAN_POINT('',(4.984572962,11.825316699,28.112908132));
#4497=CARTESIAN_POINT('',(4.985560355,11.869378269,28.503887983));
#4498=CARTESIAN_POINT('',(7.9941892,11.684275479,25.495293131));
#4499=CARTESIAN_POINT('',(7.600857416,11.664347385,25.496267876));
#4500=CARTESIAN_POINT('',(7.207681984,11.649250386,25.575608512));
#4501=CARTESIAN_POINT('',(6.481204268,11.631006683,25.879002374));
#4502=CARTESIAN_POINT('',(6.148190764,11.62786724,26.102934996));
#4503=CARTESIAN_POINT('',(5.593061246,11.634029142,26.661348868));
#4504=CARTESIAN_POINT('',(5.3711659,11.643328037,26.995608142));
#4505=CARTESIAN_POINT('',(5.072328021,11.672952664,27.723595776));
#4506=CARTESIAN_POINT('',(4.995504279,11.69326661,28.117034754));
#4507=CARTESIAN_POINT('',(4.9970946,11.717542983,28.510118699));
#4508=CARTESIAN_POINT('',(8.,11.607465826,25.499040677));
#4509=CARTESIAN_POINT('',(7.606578888,11.597633412,25.499143439));
#4510=CARTESIAN_POINT('',(7.213313703,11.590604952,25.577593807));
#4511=CARTESIAN_POINT('',(6.48658329,11.583214872,25.879322915));
#4512=CARTESIAN_POINT('',(6.153406091,11.582856151,26.10248207));
#4513=CARTESIAN_POINT('',(5.597826593,11.588864158,26.659633155));
#4514=CARTESIAN_POINT('',(5.375644491,11.595228504,26.993404267));
#4515=CARTESIAN_POINT('',(5.076104752,11.613716724,27.72084924));
#4516=CARTESIAN_POINT('',(4.998865838,11.625833301,28.114234791));
#4517=CARTESIAN_POINT('',(5.,11.63990809,28.507530288));
#4518=CARTESIAN_POINT('',(8.,11.531352396,25.499836167));
#4519=CARTESIAN_POINT('',(7.607300918,11.531352396,25.499836167));
#4520=CARTESIAN_POINT('',(7.214756347,11.532168415,25.577913873));
#4521=CARTESIAN_POINT('',(6.489143059,11.535309495,25.878456324));
#4522=CARTESIAN_POINT('',(6.15635984,11.53763332,26.100802818));
#4523=CARTESIAN_POINT('',(5.600999473,11.54343728,26.656132857));
#4524=CARTESIAN_POINT('',(5.378640835,11.54691513,26.988897902));
#4525=CARTESIAN_POINT('',(5.07808197,11.554498368,27.714471563));
#4526=CARTESIAN_POINT('',(5.,11.558600773,28.106994697));
#4527=CARTESIAN_POINT('',(5.,11.562704792,28.499672333));
#4528=B_SPLINE_SURFACE_WITH_KNOTS('',3,3,((#4388,#4389,#4390,#4391,#4392,#4393,#4394,#4395,#4396,#4397),(#4398,#4399,#4400,#4401,#4402,#4403,#4404,#4405,#4406,#4407),(#4408,#4409,#4410,#4411,#4412,#4413,#4414,#4415,#4416,#4417),(#4418,#4419,#4420,#4421,#4422,#4423,#4424,#4425,#4426,#4427),(#4428,#4429,#4430,#4431,#4432,#4433,#4434,#4435,#4436,#4437),(#4438,#4439,#4440,#4441,#4442,#4443,#4444,#4445,#4446,#4447),(#4448,#4449,#4450,#4451,#4452,#4453,#4454,#4455,#4456,#4457),(#4458,#4459,#4460,#4461,#4462,#4463,#4464,#4465,#4466,#4467),(#4468,#4469,#4470,#4471,#4472,#4473,#4474,#4475,#4476,#4477),(#4478,#4479,#4480,#4481,#4482,#4483,#4484,#4485,#4486,#4487),(#4488,#4489,#4490,#4491,#4492,#4493,#4494,#4495,#4496,#4497),(#4498,#4499,#4500,#4501,#4502,#4503,#4504,#4505,#4506,#4507),(#4508,#4509,#4510,#4511,#4512,#4513,#4514,#4515,#4516,#4517),(#4518,#4519,#4520,#4521,#4522,#4523,#4524,#4525,#4526,#4527)),.UNSPECIFIED.,.F.,.F.,.U.,(4,2,2,2,2,2,4),(4,2,2,2,4),(0.035300271,0.036206493,0.037112715,0.037565826,0.038018936,0.038472047,0.038925158),(0.,0.25,0.5,0.75,1.),.UNSPECIFIED.);
#4529=ORIENTED_EDGE('',*,*,#4383,.T.);
#4530=ORIENTED_EDGE('',*,*,#2739,.F.);
#4531=CARTESIAN_POINT('',(8.,11.562704792,28.499672333));
#4532=DIRECTION('',(0.,0.999945389,-0.010450799));
#4533=DIRECTION('',(0.,0.010450799,0.999945389));
#4534=AXIS2_PLACEMENT_3D('',#4531,#4532,#4533);
#4535=CIRCLE('',#4534,3.);
#4536=EDGE_CURVE('',#2936,#1603,#4535,.T.);
#4537=ORIENTED_EDGE('',*,*,#4536,.F.);
#4538=ORIENTED_EDGE('',*,*,#2957,.F.);
#4539=EDGE_LOOP('',(#4529,#4530,#4537,#4538));
#4540=FACE_BOUND('',#4539,.T.);
#4541=ADVANCED_FACE('',(#4540),#4528,.F.);
#4542=CARTESIAN_POINT('',(8.,11.5,22.5));
#4543=DIRECTION('',(1.,0.,0.));
#4544=DIRECTION('',(0.,1.,-0.));
#4545=AXIS2_PLACEMENT_3D('',#4542,#4543,#4544);
#4546=TOROIDAL_SURFACE('',#4545,6.,3.);
#4547=ORIENTED_EDGE('',*,*,#4536,.T.);
#4548=ORIENTED_EDGE('',*,*,#1609,.F.);
#4549=CARTESIAN_POINT('',(8.,11.5,28.5));
#4550=DIRECTION('',(0.,1.,-0.));
#4551=DIRECTION('',(-1.,0.,0.));
#4552=AXIS2_PLACEMENT_3D('',#4549,#4550,#4551);
#4553=CIRCLE('',#4552,3.);
#4554=EDGE_CURVE('',#2103,#1595,#4553,.T.);
#4555=ORIENTED_EDGE('',*,*,#4554,.F.);
#4556=ORIENTED_EDGE('',*,*,#2964,.F.);
#4557=EDGE_LOOP('',(#4547,#4548,#4555,#4556));
#4558=FACE_BOUND('',#4557,.T.);
#4559=ADVANCED_FACE('',(#4558),#4546,.F.);
#4560=CARTESIAN_POINT('',(8.,69.5,28.5));
#4561=DIRECTION('',(0.,-1.,0.));
#4562=DIRECTION('',(1.,0.,0.));
#4563=AXIS2_PLACEMENT_3D('',#4560,#4561,#4562);
#4564=CYLINDRICAL_SURFACE('',#4563,3.);
#4565=ORIENTED_EDGE('',*,*,#4554,.T.);
#4566=ORIENTED_EDGE('',*,*,#1600,.F.);
#4567=CARTESIAN_POINT('',(8.,7.5,28.5));
#4568=DIRECTION('',(0.,1.,-0.));
#4569=DIRECTION('',(-1.,0.,0.));
#4570=AXIS2_PLACEMENT_3D('',#4567,#4568,#4569);
#4571=CIRCLE('',#4570,3.);
#4572=EDGE_CURVE('',#2111,#1587,#4571,.T.);
#4573=ORIENTED_EDGE('',*,*,#4572,.F.);
#4574=ORIENTED_EDGE('',*,*,#2116,.F.);
#4575=EDGE_LOOP('',(#4565,#4566,#4573,#4574));
#4576=FACE_BOUND('',#4575,.T.);
#4577=ADVANCED_FACE('',(#4576),#4564,.F.);
#4578=CARTESIAN_POINT('',(8.,7.5,25.5));
#4579=CARTESIAN_POINT('',(7.607300918,7.5,25.5));
#4580=CARTESIAN_POINT('',(7.214756347,7.5,25.57808197));
#4581=CARTESIAN_POINT('',(6.489143059,7.5,25.878640835));
#4582=CARTESIAN_POINT('',(6.15635984,7.5,26.100999473));
#4583=CARTESIAN_POINT('',(5.600999473,7.5,26.65635984));
#4584=CARTESIAN_POINT('',(5.378640835,7.5,26.989143059));
#4585=CARTESIAN_POINT('',(5.07808197,7.5,27.714756347));
#4586=CARTESIAN_POINT('',(5.,7.5,28.107300918));
#4587=CARTESIAN_POINT('',(5.,7.5,28.5));
#4588=CARTESIAN_POINT('',(8.,7.303650459,25.5));
#4589=CARTESIAN_POINT('',(7.607300918,7.329352554,25.5));
#4590=CARTESIAN_POINT('',(7.214756347,7.349934083,25.57808197));
#4591=CARTESIAN_POINT('',(6.489143059,7.37775383,25.878640835));
#4592=CARTESIAN_POINT('',(6.15635984,7.384981102,26.100999473));
#4593=CARTESIAN_POINT('',(5.600999473,7.384981102,26.65635984));
#4594=CARTESIAN_POINT('',(5.378640835,7.37775383,26.989143059));
#4595=CARTESIAN_POINT('',(5.07808197,7.349934083,27.714756347));
#4596=CARTESIAN_POINT('',(5.,7.329352554,28.107300918));
#4597=CARTESIAN_POINT('',(5.,7.303650459,28.5));
#4598=CARTESIAN_POINT('',(7.961323473,7.107305773,25.480661736));
#4599=CARTESIAN_POINT('',(7.574544529,7.158571305,25.485962831));
#4600=CARTESIAN_POINT('',(7.187912337,7.1996116,25.567493336));
#4601=CARTESIAN_POINT('',(6.472215228,7.255081601,25.87089932));
#4602=CARTESIAN_POINT('',(6.143421901,7.269489709,26.092659388));
#4603=CARTESIAN_POINT('',(5.592659388,7.269489709,26.643421901));
#4604=CARTESIAN_POINT('',(5.37089932,7.255081601,26.972215228));
#4605=CARTESIAN_POINT('',(5.067493336,7.1996116,27.687912337));
#4606=CARTESIAN_POINT('',(4.985962831,7.158571305,28.074544529));
#4607=CARTESIAN_POINT('',(4.980661736,7.107305773,28.461323473));
#4608=CARTESIAN_POINT('',(7.808099892,6.722152294,25.404049946));
#4609=CARTESIAN_POINT('',(7.442695849,6.814810747,25.427377112));
#4610=CARTESIAN_POINT('',(7.077413437,6.88865295,25.520207888));
#4611=CARTESIAN_POINT('',(6.397841537,6.988360441,25.831940984));
#4612=CARTESIAN_POINT('',(6.083778299,7.014191956,26.050739229));
#4613=CARTESIAN_POINT('',(5.550739229,7.014191956,26.583778299));
#4614=CARTESIAN_POINT('',(5.331940984,6.988360441,26.897841537));
#4615=CARTESIAN_POINT('',(5.020207888,6.88865295,27.577413437));
#4616=CARTESIAN_POINT('',(4.927377112,6.814810747,27.942695849));
#4617=CARTESIAN_POINT('',(4.904049946,6.722152294,28.308099892));
#4618=CARTESIAN_POINT('',(7.693556628,6.533353025,25.346778314));
#4619=CARTESIAN_POINT('',(7.34347895,6.641738655,25.382660483));
#4620=CARTESIAN_POINT('',(6.993505962,6.727839286,25.483200665));
#4621=CARTESIAN_POINT('',(6.339950572,6.844018858,25.800231225));
#4622=CARTESIAN_POINT('',(6.036563704,6.874062532,26.016626119));
#4623=CARTESIAN_POINT('',(5.516626119,6.874062532,26.536563704));
#4624=CARTESIAN_POINT('',(5.300231225,6.844018858,26.839950572));
#4625=CARTESIAN_POINT('',(4.983200665,6.727839286,27.493505962));
#4626=CARTESIAN_POINT('',(4.882660483,6.641738655,27.84347895));
#4627=CARTESIAN_POINT('',(4.846778314,6.533353025,28.193556628));
#4628=CARTESIAN_POINT('',(7.392997763,6.170546381,25.196498881));
#4629=CARTESIAN_POINT('',(7.078187398,6.297234172,25.257987311));
#4630=CARTESIAN_POINT('',(6.763449173,6.397151358,25.373071608));
#4631=CARTESIAN_POINT('',(6.170586803,6.531766523,25.696986751));
#4632=CARTESIAN_POINT('',(5.892598615,6.566433071,25.905742619));
#4633=CARTESIAN_POINT('',(5.405742619,6.566433071,26.392598615));
#4634=CARTESIAN_POINT('',(5.196986751,6.531766523,26.670586803));
#4635=CARTESIAN_POINT('',(4.873071608,6.397151358,27.263449173));
#4636=CARTESIAN_POINT('',(4.757987311,6.297234172,27.578187398));
#4637=CARTESIAN_POINT('',(4.696498881,6.170546381,27.892997763));
#4638=CARTESIAN_POINT('',(7.206989594,5.996547978,25.103494797));
#4639=CARTESIAN_POINT('',(6.912044919,6.125914225,25.177921095));
#4640=CARTESIAN_POINT('',(6.61715693,6.227488373,25.299753292));
#4641=CARTESIAN_POINT('',(6.058855053,6.364205517,25.62514978));
#4642=CARTESIAN_POINT('',(5.795548547,6.399322039,25.828650888));
#4643=CARTESIAN_POINT('',(5.328650888,6.399322039,26.295548547));
#4644=CARTESIAN_POINT('',(5.12514978,6.364205517,26.558855053));
#4645=CARTESIAN_POINT('',(4.799753292,6.227488373,27.11715693));
#4646=CARTESIAN_POINT('',(4.677921095,6.125914225,27.412044919));
#4647=CARTESIAN_POINT('',(4.603494797,5.996547978,27.706989594));
#4648=CARTESIAN_POINT('',(6.770645753,5.670030624,24.885322877));
#4649=CARTESIAN_POINT('',(6.516179793,5.794458997,24.980476722));
#4650=CARTESIAN_POINT('',(6.261746032,5.891325833,25.110978357));
#4651=CARTESIAN_POINT('',(5.7750388,6.021472321,25.431201328));
#4652=CARTESIAN_POINT('',(5.542827009,6.054735275,25.620881397));
#4653=CARTESIAN_POINT('',(5.120881397,6.054735275,26.042827009));
#4654=CARTESIAN_POINT('',(4.931201328,6.021472321,26.2750388));
#4655=CARTESIAN_POINT('',(4.610978357,5.891325833,26.761746032));
#4656=CARTESIAN_POINT('',(4.480476722,5.794458997,27.016179793));
#4657=CARTESIAN_POINT('',(4.385322877,5.670030624,27.270645753));
#4658=CARTESIAN_POINT('',(6.520320871,5.517519748,24.760160435));
#4659=CARTESIAN_POINT('',(6.286472406,5.634443981,24.863094219));
#4660=CARTESIAN_POINT('',(6.052646998,5.725044892,24.995519336));
#4661=CARTESIAN_POINT('',(5.602977037,5.846653934,25.309096276));
#4662=CARTESIAN_POINT('',(5.387176863,5.877650087,25.49021683));
#4663=CARTESIAN_POINT('',(4.99021683,5.877650087,25.887176863));
#4664=CARTESIAN_POINT('',(4.809096276,5.846653934,26.102977037));
#4665=CARTESIAN_POINT('',(4.495519336,5.725044892,26.552646998));
#4666=CARTESIAN_POINT('',(4.363094219,5.634443981,26.786472406));
#4667=CARTESIAN_POINT('',(4.260160435,5.517519748,27.020320871));
#4668=CARTESIAN_POINT('',(5.964960503,5.239839565,24.482480252));
#4669=CARTESIAN_POINT('',(5.771292358,5.336673637,24.593304773));
#4670=CARTESIAN_POINT('',(5.577634519,5.411075101,24.723360529));
#4671=CARTESIAN_POINT('',(5.20140581,5.51076494,25.014383377));
#4672=CARTESIAN_POINT('',(5.018855013,5.536048025,25.175334556));
#4673=CARTESIAN_POINT('',(4.675334556,5.536048025,25.518855013));
#4674=CARTESIAN_POINT('',(4.514383377,5.51076494,25.70140581));
#4675=CARTESIAN_POINT('',(4.223360529,5.411075101,26.077634519));
#4676=CARTESIAN_POINT('',(4.093304773,5.336673637,26.271292358));
#4677=CARTESIAN_POINT('',(3.982480252,5.239839565,26.464960503));
#4678=CARTESIAN_POINT('',(5.659938751,5.114677123,24.329969376));
#4679=CARTESIAN_POINT('',(5.485858824,5.198979233,24.440932428));
#4680=CARTESIAN_POINT('',(5.31178548,5.263488258,24.566723607));
#4681=CARTESIAN_POINT('',(4.971997313,5.349850991,24.841877346));
#4682=CARTESIAN_POINT('',(4.806295353,5.371701477,24.991229386));
#4683=CARTESIAN_POINT('',(4.491229386,5.371701477,25.306295353));
#4684=CARTESIAN_POINT('',(4.341877346,5.349850991,25.471997313));
#4685=CARTESIAN_POINT('',(4.066723607,5.263488258,25.81178548));
#4686=CARTESIAN_POINT('',(3.940932428,5.198979233,25.985858824));
#4687=CARTESIAN_POINT('',(3.829969376,5.114677123,26.159938751));
#4688=CARTESIAN_POINT('',(5.006904045,4.896505203,24.003452022));
#4689=CARTESIAN_POINT('',(4.870548737,4.955605473,24.107105799));
#4690=CARTESIAN_POINT('',(4.73419542,5.000499007,24.218640827));
#4691=CARTESIAN_POINT('',(4.465720041,5.060510824,24.453946287));
#4692=CARTESIAN_POINT('',(4.333601916,5.075628287,24.577713138));
#4693=CARTESIAN_POINT('',(4.077713138,5.075628287,24.833601916));
#4694=CARTESIAN_POINT('',(3.953946287,5.060510824,24.965720041));
#4695=CARTESIAN_POINT('',(3.718640827,5.000499007,25.23419542));
#4696=CARTESIAN_POINT('',(3.607105799,4.955605473,25.370548737));
#4697=CARTESIAN_POINT('',(3.503452022,4.896505203,25.506904045));
#4698=CARTESIAN_POINT('',(4.658907238,4.803501119,23.829453619));
#4699=CARTESIAN_POINT('',(4.540706585,4.84994866,23.925686888));
#4700=CARTESIAN_POINT('',(4.422507007,4.885126952,24.027252901));
#4701=CARTESIAN_POINT('',(4.188931413,4.932123825,24.238607763));
#4702=CARTESIAN_POINT('',(4.073557525,4.943941993,24.348394671));
#4703=CARTESIAN_POINT('',(3.848394671,4.943941993,24.573557525));
#4704=CARTESIAN_POINT('',(3.738607763,4.932123825,24.688931413));
#4705=CARTESIAN_POINT('',(3.527252901,4.885126952,24.922507007));
#4706=CARTESIAN_POINT('',(3.425686888,4.84994866,25.040706585));
#4707=CARTESIAN_POINT('',(3.329453619,4.803501119,25.158907238));
#4708=CARTESIAN_POINT('',(3.570487306,4.57808197,23.285243653));
#4709=CARTESIAN_POINT('',(3.504989537,4.591924329,23.350464095));
#4710=CARTESIAN_POINT('',(3.439491387,4.602250808,23.415809356));
#4711=CARTESIAN_POINT('',(3.308502495,4.616004181,23.546609395));
#4712=CARTESIAN_POINT('',(3.243011005,4.619431269,23.612064807));
#4713=CARTESIAN_POINT('',(3.112064807,4.619431269,23.743011005));
#4714=CARTESIAN_POINT('',(3.046609395,4.616004181,23.808502495));
#4715=CARTESIAN_POINT('',(2.915809356,4.602250808,23.939491387));
#4716=CARTESIAN_POINT('',(2.850464095,4.591924329,24.004989537));
#4717=CARTESIAN_POINT('',(2.785243653,4.57808197,24.070487306));
#4718=CARTESIAN_POINT('',(2.785398163,4.5,22.892699082));
#4719=CARTESIAN_POINT('',(2.785398163,4.5,22.892699082));
#4720=CARTESIAN_POINT('',(2.687223393,4.5,22.990873852));
#4721=CARTESIAN_POINT('',(2.687223393,4.5,22.990873852));
#4722=CARTESIAN_POINT('',(2.589048623,4.5,23.089048623));
#4723=CARTESIAN_POINT('',(2.589048623,4.5,23.089048623));
#4724=CARTESIAN_POINT('',(2.490873852,4.5,23.187223393));
#4725=CARTESIAN_POINT('',(2.490873852,4.5,23.187223393));
#4726=CARTESIAN_POINT('',(2.392699082,4.5,23.285398163));
#4727=CARTESIAN_POINT('',(2.392699082,4.5,23.285398163));
#4728=CARTESIAN_POINT('',(2.,4.5,22.5));
#4729=CARTESIAN_POINT('',(2.,4.5,22.5));
#4730=CARTESIAN_POINT('',(2.,4.5,22.5));
#4731=CARTESIAN_POINT('',(2.,4.5,22.5));
#4732=CARTESIAN_POINT('',(2.,4.5,22.5));
#4733=CARTESIAN_POINT('',(2.,4.5,22.5));
#4734=CARTESIAN_POINT('',(2.,4.5,22.5));
#4735=CARTESIAN_POINT('',(2.,4.5,22.5));
#4736=CARTESIAN_POINT('',(2.,4.5,22.5));
#4737=CARTESIAN_POINT('',(2.,4.5,22.5));
#4738=B_SPLINE_SURFACE_WITH_KNOTS('',3,3,((#4578,#4579,#4580,#4581,#4582,#4583,#4584,#4585,#4586,#4587),(#4588,#4589,#4590,#4591,#4592,#4593,#4594,#4595,#4596,#4597),(#4598,#4599,#4600,#4601,#4602,#4603,#4604,#4605,#4606,#4607),(#4608,#4609,#4610,#4611,#4612,#4613,#4614,#4615,#4616,#4617),(#4618,#4619,#4620,#4621,#4622,#4623,#4624,#4625,#4626,#4627),(#4628,#4629,#4630,#4631,#4632,#4633,#4634,#4635,#4636,#4637),(#4638,#4639,#4640,#4641,#4642,#4643,#4644,#4645,#4646,#4647),(#4648,#4649,#4650,#4651,#4652,#4653,#4654,#4655,#4656,#4657),(#4658,#4659,#4660,#4661,#4662,#4663,#4664,#4665,#4666,#4667),(#4668,#4669,#4670,#4671,#4672,#4673,#4674,#4675,#4676,#4677),(#4678,#4679,#4680,#4681,#4682,#4683,#4684,#4685,#4686,#4687),(#4688,#4689,#4690,#4691,#4692,#4693,#4694,#4695,#4696,#4697),(#4698,#4699,#4700,#4701,#4702,#4703,#4704,#4705,#4706,#4707),(#4708,#4709,#4710,#4711,#4712,#4713,#4714,#4715,#4716,#4717),(#4718,#4719,#4720,#4721,#4722,#4723,#4724,#4725,#4726,#4727),(#4728,#4729,#4730,#4731,#4732,#4733,#4734,#4735,#4736,#4737)),.UNSPECIFIED.,.F.,.F.,.U.,(4,2,2,2,2,2,2,4),(4,2,2,2,4),(0.,0.196349541,0.392699082,0.589048623,0.785398163,0.981747704,1.178097245,1.570796327),(0.,0.25,0.5,0.75,1.),.UNSPECIFIED.);
#4739=ORIENTED_EDGE('',*,*,#4572,.T.);
#4740=ORIENTED_EDGE('',*,*,#3332,.F.);
#4741=ORIENTED_EDGE('',*,*,#3172,.F.);
#4742=EDGE_LOOP('',(#4739,#4740,#4741));
#4743=FACE_BOUND('',#4742,.T.);
#4744=ADVANCED_FACE('',(#4743),#4738,.F.);
#4745=CARTESIAN_POINT('',(1.,25.853445113,37.118496678));
#4746=DIRECTION('',(0.,1.,0.));
#4747=DIRECTION('',(0.,0.,1.));
#4748=AXIS2_PLACEMENT_3D('',#4745,#4746,#4747);
#4749=PLANE('',#4748);
#4750=ORIENTED_EDGE('',*,*,#620,.F.);
#4751=CARTESIAN_POINT('',(1.,25.853445113,37.527494633));
#4752=VERTEX_POINT('',#4751);
#4753=CARTESIAN_POINT('',(1.,25.853445113,37.527494633));
#4754=DIRECTION('',(-1.,0.,0.));
#4755=VECTOR('',#4754,1.);
#4756=LINE('',#4753,#4755);
#4757=EDGE_CURVE('',#4752,#613,#4756,.T.);
#4758=ORIENTED_EDGE('',*,*,#4757,.F.);
#4759=CARTESIAN_POINT('',(1.,25.853445113,36.709498723));
#4760=VERTEX_POINT('',#4759);
#4761=CARTESIAN_POINT('',(1.,25.853445113,37.527494633));
#4762=DIRECTION('',(0.,0.,-1.));
#4763=VECTOR('',#4762,0.81799591);
#4764=LINE('',#4761,#4763);
#4765=EDGE_CURVE('',#4752,#4760,#4764,.T.);
#4766=ORIENTED_EDGE('',*,*,#4765,.T.);
#4767=CARTESIAN_POINT('',(1.,25.853445113,36.709498723));
#4768=DIRECTION('',(-1.,0.,0.));
#4769=VECTOR('',#4768,1.);
#4770=LINE('',#4767,#4769);
#4771=EDGE_CURVE('',#4760,#615,#4770,.T.);
#4772=ORIENTED_EDGE('',*,*,#4771,.T.);
#4773=EDGE_LOOP('',(#4750,#4758,#4766,#4772));
#4774=FACE_BOUND('',#4773,.T.);
#4775=ADVANCED_FACE('',(#4774),#4749,.T.);
#4776=CARTESIAN_POINT('',(1.,25.853445113,36.709498723));
#4777=CARTESIAN_POINT('',(0.,25.853445113,36.709498723));
#4778=CARTESIAN_POINT('',(1.,25.853445113,35.854011333));
#4779=CARTESIAN_POINT('',(0.,25.853445113,35.854011333));
#4780=CARTESIAN_POINT('',(1.,25.814249475,35.6273583));
#4781=CARTESIAN_POINT('',(0.,25.814249475,35.6273583));
#4782=CARTESIAN_POINT('',(1.,25.775053838,35.400705267));
#4783=CARTESIAN_POINT('',(0.,25.775053838,35.400705267));
#4784=CARTESIAN_POINT('',(1.,25.659171084,35.192797973));
#4785=CARTESIAN_POINT('',(0.,25.659171084,35.192797973));
#4786=B_SPLINE_SURFACE_WITH_KNOTS('',2,1,((#4776,#4777),(#4778,#4779),(#4780,#4781),(#4782,#4783),(#4784,#4785)),.UNSPECIFIED.,.F.,.F.,.U.,(3,2,3),(2,2),(0.,0.5,1.),(0.,1.),.UNSPECIFIED.);
#4787=ORIENTED_EDGE('',*,*,#630,.F.);
#4788=ORIENTED_EDGE('',*,*,#4771,.F.);
#4789=CARTESIAN_POINT('',(1.,25.659171084,35.192797973));
#4790=VERTEX_POINT('',#4789);
#4791=CARTESIAN_POINT('',(1.,25.853445113,36.709498723));
#4792=CARTESIAN_POINT('',(1.,25.853445113,35.854011333));
#4793=CARTESIAN_POINT('',(1.,25.814249475,35.6273583));
#4794=CARTESIAN_POINT('',(1.,25.775053838,35.400705267));
#4795=CARTESIAN_POINT('',(1.,25.659171084,35.192797973));
#4796=B_SPLINE_CURVE_WITH_KNOTS('',2,(#4791,#4792,#4793,#4794,#4795),.UNSPECIFIED.,.F.,.F.,(3,2,3),(0.,0.5,1.),.UNSPECIFIED.);
#4797=EDGE_CURVE('',#4760,#4790,#4796,.T.);
#4798=ORIENTED_EDGE('',*,*,#4797,.T.);
#4799=CARTESIAN_POINT('',(1.,25.659171084,35.192797973));
#4800=DIRECTION('',(-1.,0.,0.));
#4801=VECTOR('',#4800,1.);
#4802=LINE('',#4799,#4801);
#4803=EDGE_CURVE('',#4790,#623,#4802,.T.);
#4804=ORIENTED_EDGE('',*,*,#4803,.T.);
#4805=EDGE_LOOP('',(#4787,#4788,#4798,#4804));
#4806=FACE_BOUND('',#4805,.T.);
#4807=ADVANCED_FACE('',(#4806),#4786,.T.);
#4808=CARTESIAN_POINT('',(1.,25.979552815,35.192797973));
#4809=DIRECTION('',(0.,0.,1.));
#4810=DIRECTION('',(1.,0.,0.));
#4811=AXIS2_PLACEMENT_3D('',#4808,#4809,#4810);
#4812=PLANE('',#4811);
#4813=ORIENTED_EDGE('',*,*,#638,.F.);
#4814=ORIENTED_EDGE('',*,*,#4803,.F.);
#4815=CARTESIAN_POINT('',(1.,26.299934547,35.192797973));
#4816=VERTEX_POINT('',#4815);
#4817=CARTESIAN_POINT('',(1.,25.659171084,35.192797973));
#4818=DIRECTION('',(0.,1.,0.));
#4819=VECTOR('',#4818,0.640763463);
#4820=LINE('',#4817,#4819);
#4821=EDGE_CURVE('',#4790,#4816,#4820,.T.);
#4822=ORIENTED_EDGE('',*,*,#4821,.T.);
#4823=CARTESIAN_POINT('',(1.,26.299934547,35.192797973));
#4824=DIRECTION('',(-1.,0.,0.));
#4825=VECTOR('',#4824,1.);
#4826=LINE('',#4823,#4825);
#4827=EDGE_CURVE('',#4816,#633,#4826,.T.);
#4828=ORIENTED_EDGE('',*,*,#4827,.T.);
#4829=EDGE_LOOP('',(#4813,#4814,#4822,#4828));
#4830=FACE_BOUND('',#4829,.T.);
#4831=ADVANCED_FACE('',(#4830),#4812,.T.);
#4832=CARTESIAN_POINT('',(1.,26.299934547,35.192797973));
#4833=CARTESIAN_POINT('',(0.,26.299934547,35.192797973));
#4834=CARTESIAN_POINT('',(1.,26.395367403,35.383663685));
#4835=CARTESIAN_POINT('',(0.,26.395367403,35.383663685));
#4836=CARTESIAN_POINT('',(1.,26.422633933,35.639287407));
#4837=CARTESIAN_POINT('',(0.,26.422633933,35.639287407));
#4838=B_SPLINE_SURFACE_WITH_KNOTS('',2,1,((#4832,#4833),(#4834,#4835),(#4836,#4837)),.UNSPECIFIED.,.F.,.F.,.U.,(3,3),(2,2),(0.,0.015207642),(0.,1.),.UNSPECIFIED.);
#4839=ORIENTED_EDGE('',*,*,#646,.F.);
#4840=ORIENTED_EDGE('',*,*,#4827,.F.);
#4841=CARTESIAN_POINT('',(1.,26.422633933,35.639287407));
#4842=VERTEX_POINT('',#4841);
#4843=CARTESIAN_POINT('',(1.,26.299934547,35.192797973));
#4844=CARTESIAN_POINT('',(1.,26.395367403,35.383663685));
#4845=CARTESIAN_POINT('',(1.,26.422633933,35.639287407));
#4846=B_SPLINE_CURVE_WITH_KNOTS('',2,(#4843,#4844,#4845),.UNSPECIFIED.,.F.,.F.,(3,3),(0.,0.015207642),.UNSPECIFIED.);
#4847=EDGE_CURVE('',#4816,#4842,#4846,.T.);
#4848=ORIENTED_EDGE('',*,*,#4847,.T.);
#4849=CARTESIAN_POINT('',(1.,26.422633933,35.639287407));
#4850=DIRECTION('',(-1.,0.,0.));
#4851=VECTOR('',#4850,1.);
#4852=LINE('',#4849,#4851);
#4853=EDGE_CURVE('',#4842,#641,#4852,.T.);
#4854=ORIENTED_EDGE('',*,*,#4853,.T.);
#4855=EDGE_LOOP('',(#4839,#4840,#4848,#4854));
#4856=FACE_BOUND('',#4855,.T.);
#4857=ADVANCED_FACE('',(#4856),#4838,.T.);
#4858=CARTESIAN_POINT('',(1.,26.422633933,35.639287407));
#4859=CARTESIAN_POINT('',(0.,26.422633933,35.639287407));
#4860=CARTESIAN_POINT('',(1.,26.763465563,35.349580522));
#4861=CARTESIAN_POINT('',(0.,26.763465563,35.349580522));
#4862=CARTESIAN_POINT('',(1.,27.07873482,35.230289452));
#4863=CARTESIAN_POINT('',(0.,27.07873482,35.230289452));
#4864=CARTESIAN_POINT('',(1.,27.394004077,35.110998382));
#4865=CARTESIAN_POINT('',(0.,27.394004077,35.110998382));
#4866=CARTESIAN_POINT('',(1.,27.755285603,35.110998382));
#4867=CARTESIAN_POINT('',(0.,27.755285603,35.110998382));
#4868=CARTESIAN_POINT('',(1.,28.351740955,35.110998382));
#4869=CARTESIAN_POINT('',(0.,28.351740955,35.110998382));
#4870=CARTESIAN_POINT('',(1.,28.672122686,35.402409425));
#4871=CARTESIAN_POINT('',(0.,28.672122686,35.402409425));
#4872=CARTESIAN_POINT('',(1.,28.992504417,35.693820468));
#4873=CARTESIAN_POINT('',(0.,28.992504417,35.693820468));
#4874=CARTESIAN_POINT('',(1.,28.992504417,36.147126534));
#4875=CARTESIAN_POINT('',(0.,28.992504417,36.147126534));
#4876=CARTESIAN_POINT('',(1.,28.992504417,36.412975205));
#4877=CARTESIAN_POINT('',(0.,28.992504417,36.412975205));
#4878=CARTESIAN_POINT('',(1.,28.871509189,36.632811606));
#4879=CARTESIAN_POINT('',(0.,28.871509189,36.632811606));
#4880=CARTESIAN_POINT('',(1.,28.750513961,36.852648007));
#4881=CARTESIAN_POINT('',(0.,28.750513961,36.852648007));
#4882=CARTESIAN_POINT('',(1.,28.554535774,36.985572342));
#4883=CARTESIAN_POINT('',(0.,28.554535774,36.985572342));
#4884=CARTESIAN_POINT('',(1.,28.358557587,37.118496678));
#4885=CARTESIAN_POINT('',(0.,28.358557587,37.118496678));
#4886=CARTESIAN_POINT('',(1.,28.113158814,37.186663003));
#4887=CARTESIAN_POINT('',(0.,28.113158814,37.186663003));
#4888=B_SPLINE_SURFACE_WITH_KNOTS('',2,1,((#4858,#4859),(#4860,#4861),(#4862,#4863),(#4864,#4865),(#4866,#4867),(#4868,#4869),(#4870,#4871),(#4872,#4873),(#4874,#4875),(#4876,#4877),(#4878,#4879),(#4880,#4881),(#4882,#4883),(#4884,#4885),(#4886,#4887)),.UNSPECIFIED.,.F.,.F.,.U.,(3,2,2,2,2,2,2,3),(2,2),(0.015207642,0.041669694,0.068131747,0.111819098,0.155506448,0.181127602,0.206748755,0.232369908),(0.,1.),.UNSPECIFIED.);
#4889=ORIENTED_EDGE('',*,*,#666,.F.);
#4890=ORIENTED_EDGE('',*,*,#4853,.F.);
#4891=CARTESIAN_POINT('',(1.,28.113158814,37.186663003));
#4892=VERTEX_POINT('',#4891);
#4893=CARTESIAN_POINT('',(1.,26.422633933,35.639287407));
#4894=CARTESIAN_POINT('',(1.,26.763465563,35.349580522));
#4895=CARTESIAN_POINT('',(1.,27.07873482,35.230289452));
#4896=CARTESIAN_POINT('',(1.,27.394004077,35.110998382));
#4897=CARTESIAN_POINT('',(1.,27.755285603,35.110998382));
#4898=CARTESIAN_POINT('',(1.,28.351740955,35.110998382));
#4899=CARTESIAN_POINT('',(1.,28.672122686,35.402409425));
#4900=CARTESIAN_POINT('',(1.,28.992504417,35.693820468));
#4901=CARTESIAN_POINT('',(1.,28.992504417,36.147126534));
#4902=CARTESIAN_POINT('',(1.,28.992504417,36.412975205));
#4903=CARTESIAN_POINT('',(1.,28.871509189,36.632811606));
#4904=CARTESIAN_POINT('',(1.,28.750513961,36.852648007));
#4905=CARTESIAN_POINT('',(1.,28.554535774,36.985572342));
#4906=CARTESIAN_POINT('',(1.,28.358557587,37.118496678));
#4907=CARTESIAN_POINT('',(1.,28.113158814,37.186663003));
#4908=B_SPLINE_CURVE_WITH_KNOTS('',2,(#4893,#4894,#4895,#4896,#4897,#4898,#4899,#4900,#4901,#4902,#4903,#4904,#4905,#4906,#4907),.UNSPECIFIED.,.F.,.F.,(3,2,2,2,2,2,2,3),(0.015207642,0.041669694,0.068131747,0.111819098,0.155506448,0.181127602,0.206748755,0.232369908),.UNSPECIFIED.);
#4909=EDGE_CURVE('',#4842,#4892,#4908,.T.);
#4910=ORIENTED_EDGE('',*,*,#4909,.T.);
#4911=CARTESIAN_POINT('',(1.,28.113158814,37.186663003));
#4912=DIRECTION('',(-1.,0.,0.));
#4913=VECTOR('',#4912,1.);
#4914=LINE('',#4911,#4913);
#4915=EDGE_CURVE('',#4892,#649,#4914,.T.);
#4916=ORIENTED_EDGE('',*,*,#4915,.T.);
#4917=EDGE_LOOP('',(#4889,#4890,#4910,#4916));
#4918=FACE_BOUND('',#4917,.T.);
#4919=ADVANCED_FACE('',(#4918),#4888,.T.);
#4920=CARTESIAN_POINT('',(1.,28.113158814,37.186663003));
#4921=CARTESIAN_POINT('',(0.,28.113158814,37.186663003));
#4922=CARTESIAN_POINT('',(1.,27.932518051,37.234379431));
#4923=CARTESIAN_POINT('',(0.,27.932518051,37.234379431));
#4924=CARTESIAN_POINT('',(1.,27.567828207,37.278687543));
#4925=CARTESIAN_POINT('',(0.,27.567828207,37.278687543));
#4926=B_SPLINE_SURFACE_WITH_KNOTS('',2,1,((#4920,#4921),(#4922,#4923),(#4924,#4925)),.UNSPECIFIED.,.F.,.F.,.U.,(3,3),(2,2),(0.232369908,0.251165162),(0.,1.),.UNSPECIFIED.);
#4927=ORIENTED_EDGE('',*,*,#674,.F.);
#4928=ORIENTED_EDGE('',*,*,#4915,.F.);
#4929=CARTESIAN_POINT('',(1.,27.567828207,37.278687543));
#4930=VERTEX_POINT('',#4929);
#4931=CARTESIAN_POINT('',(1.,28.113158814,37.186663003));
#4932=CARTESIAN_POINT('',(1.,27.932518051,37.234379431));
#4933=CARTESIAN_POINT('',(1.,27.567828207,37.278687543));
#4934=B_SPLINE_CURVE_WITH_KNOTS('',2,(#4931,#4932,#4933),.UNSPECIFIED.,.F.,.F.,(3,3),(0.232369908,0.251165162),.UNSPECIFIED.);
#4935=EDGE_CURVE('',#4892,#4930,#4934,.T.);
#4936=ORIENTED_EDGE('',*,*,#4935,.T.);
#4937=CARTESIAN_POINT('',(1.,27.567828207,37.278687543));
#4938=DIRECTION('',(-1.,0.,0.));
#4939=VECTOR('',#4938,1.);
#4940=LINE('',#4937,#4939);
#4941=EDGE_CURVE('',#4930,#669,#4940,.T.);
#4942=ORIENTED_EDGE('',*,*,#4941,.T.);
#4943=EDGE_LOOP('',(#4927,#4928,#4936,#4942));
#4944=FACE_BOUND('',#4943,.T.);
#4945=ADVANCED_FACE('',(#4944),#4926,.T.);
#4946=CARTESIAN_POINT('',(1.,27.567828207,37.278687543));
#4947=CARTESIAN_POINT('',(0.,27.567828207,37.278687543));
#4948=CARTESIAN_POINT('',(1.,26.824815256,37.367303767));
#4949=CARTESIAN_POINT('',(0.,26.824815256,37.367303767));
#4950=CARTESIAN_POINT('',(1.,26.473758678,37.490003153));
#4951=CARTESIAN_POINT('',(0.,26.473758678,37.490003153));
#4952=B_SPLINE_SURFACE_WITH_KNOTS('',2,1,((#4946,#4947),(#4948,#4949),(#4950,#4951)),.UNSPECIFIED.,.F.,.F.,.U.,(3,3),(2,2),(0.251165162,0.289448169),(0.,1.),.UNSPECIFIED.);
#4953=ORIENTED_EDGE('',*,*,#682,.F.);
#4954=ORIENTED_EDGE('',*,*,#4941,.F.);
#4955=CARTESIAN_POINT('',(1.,26.473758678,37.490003153));
#4956=VERTEX_POINT('',#4955);
#4957=CARTESIAN_POINT('',(1.,27.567828207,37.278687543));
#4958=CARTESIAN_POINT('',(1.,26.824815256,37.367303767));
#4959=CARTESIAN_POINT('',(1.,26.473758678,37.490003153));
#4960=B_SPLINE_CURVE_WITH_KNOTS('',2,(#4957,#4958,#4959),.UNSPECIFIED.,.F.,.F.,(3,3),(0.251165162,0.289448169),.UNSPECIFIED.);
#4961=EDGE_CURVE('',#4930,#4956,#4960,.T.);
#4962=ORIENTED_EDGE('',*,*,#4961,.T.);
#4963=CARTESIAN_POINT('',(1.,26.473758678,37.490003153));
#4964=DIRECTION('',(-1.,0.,0.));
#4965=VECTOR('',#4964,1.);
#4966=LINE('',#4963,#4965);
#4967=EDGE_CURVE('',#4956,#677,#4966,.T.);
#4968=ORIENTED_EDGE('',*,*,#4967,.T.);
#4969=EDGE_LOOP('',(#4953,#4954,#4962,#4968));
#4970=FACE_BOUND('',#4969,.T.);
#4971=ADVANCED_FACE('',(#4970),#4952,.T.);
#4972=CARTESIAN_POINT('',(1.,26.473758678,37.490003153));
#4973=CARTESIAN_POINT('',(0.,26.473758678,37.490003153));
#4974=CARTESIAN_POINT('',(1.,26.470350361,37.616110856));
#4975=CARTESIAN_POINT('',(0.,26.470350361,37.616110856));
#4976=CARTESIAN_POINT('',(1.,26.470350361,37.650194019));
#4977=CARTESIAN_POINT('',(0.,26.470350361,37.650194019));
#4978=CARTESIAN_POINT('',(1.,26.470350361,38.025108811));
#4979=CARTESIAN_POINT('',(0.,26.470350361,38.025108811));
#4980=CARTESIAN_POINT('',(1.,26.644174492,38.178483044));
#4981=CARTESIAN_POINT('',(0.,26.644174492,38.178483044));
#4982=B_SPLINE_SURFACE_WITH_KNOTS('',2,1,((#4972,#4973),(#4974,#4975),(#4976,#4977),(#4978,#4979),(#4980,#4981)),.UNSPECIFIED.,.F.,.F.,.U.,(3,2,3),(2,2),(0.289448169,0.302434953,0.445289578),(0.,1.),.UNSPECIFIED.);
#4983=ORIENTED_EDGE('',*,*,#692,.F.);
#4984=ORIENTED_EDGE('',*,*,#4967,.F.);
#4985=CARTESIAN_POINT('',(1.,26.644174492,38.178483044));
#4986=VERTEX_POINT('',#4985);
#4987=CARTESIAN_POINT('',(1.,26.473758678,37.490003153));
#4988=CARTESIAN_POINT('',(1.,26.470350361,37.616110856));
#4989=CARTESIAN_POINT('',(1.,26.470350361,37.650194019));
#4990=CARTESIAN_POINT('',(1.,26.470350361,38.025108811));
#4991=CARTESIAN_POINT('',(1.,26.644174492,38.178483044));
#4992=B_SPLINE_CURVE_WITH_KNOTS('',2,(#4987,#4988,#4989,#4990,#4991),.UNSPECIFIED.,.F.,.F.,(3,2,3),(0.289448169,0.302434953,0.445289578),.UNSPECIFIED.);
#4993=EDGE_CURVE('',#4956,#4986,#4992,.T.);
#4994=ORIENTED_EDGE('',*,*,#4993,.T.);
#4995=CARTESIAN_POINT('',(1.,26.644174492,38.178483044));
#4996=DIRECTION('',(-1.,0.,0.));
#4997=VECTOR('',#4996,1.);
#4998=LINE('',#4995,#4997);
#4999=EDGE_CURVE('',#4986,#685,#4998,.T.);
#5000=ORIENTED_EDGE('',*,*,#4999,.T.);
#5001=EDGE_LOOP('',(#4983,#4984,#4994,#5000));
#5002=FACE_BOUND('',#5001,.T.);
#5003=ADVANCED_FACE('',(#5002),#4982,.T.);
#5004=CARTESIAN_POINT('',(1.,26.644174492,38.178483044));
#5005=CARTESIAN_POINT('',(0.,26.644174492,38.178483044));
#5006=CARTESIAN_POINT('',(1.,26.879348316,38.386390338));
#5007=CARTESIAN_POINT('',(0.,26.879348316,38.386390338));
#5008=CARTESIAN_POINT('',(1.,27.342879332,38.386390338));
#5009=CARTESIAN_POINT('',(0.,27.342879332,38.386390338));
#5010=CARTESIAN_POINT('',(1.,27.775735501,38.386390338));
#5011=CARTESIAN_POINT('',(0.,27.775735501,38.386390338));
#5012=CARTESIAN_POINT('',(1.,27.981938637,38.234720263));
#5013=CARTESIAN_POINT('',(0.,27.981938637,38.234720263));
#5014=CARTESIAN_POINT('',(1.,28.188141773,38.083050188));
#5015=CARTESIAN_POINT('',(0.,28.188141773,38.083050188));
#5016=CARTESIAN_POINT('',(1.,28.286982945,37.697910447));
#5017=CARTESIAN_POINT('',(0.,28.286982945,37.697910447));
#5018=B_SPLINE_SURFACE_WITH_KNOTS('',2,1,((#5004,#5005),(#5006,#5007),(#5008,#5009),(#5010,#5011),(#5012,#5013),(#5014,#5015),(#5016,#5017)),.UNSPECIFIED.,.F.,.F.,.U.,(3,2,2,3),(2,2),(0.445289578,0.638727059,0.819363529,1.),(0.,1.),.UNSPECIFIED.);
#5019=ORIENTED_EDGE('',*,*,#704,.F.);
#5020=ORIENTED_EDGE('',*,*,#4999,.F.);
#5021=CARTESIAN_POINT('',(1.,28.286982945,37.697910447));
#5022=VERTEX_POINT('',#5021);
#5023=CARTESIAN_POINT('',(1.,26.644174492,38.178483044));
#5024=CARTESIAN_POINT('',(1.,26.879348316,38.386390338));
#5025=CARTESIAN_POINT('',(1.,27.342879332,38.386390338));
#5026=CARTESIAN_POINT('',(1.,27.775735501,38.386390338));
#5027=CARTESIAN_POINT('',(1.,27.981938637,38.234720263));
#5028=CARTESIAN_POINT('',(1.,28.188141773,38.083050188));
#5029=CARTESIAN_POINT('',(1.,28.286982945,37.697910447));
#5030=B_SPLINE_CURVE_WITH_KNOTS('',2,(#5023,#5024,#5025,#5026,#5027,#5028,#5029),.UNSPECIFIED.,.F.,.F.,(3,2,2,3),(0.445289578,0.638727059,0.819363529,1.),.UNSPECIFIED.);
#5031=EDGE_CURVE('',#4986,#5022,#5030,.T.);
#5032=ORIENTED_EDGE('',*,*,#5031,.T.);
#5033=CARTESIAN_POINT('',(1.,28.286982945,37.697910447));
#5034=DIRECTION('',(-1.,0.,0.));
#5035=VECTOR('',#5034,1.);
#5036=LINE('',#5033,#5035);
#5037=EDGE_CURVE('',#5022,#695,#5036,.T.);
#5038=ORIENTED_EDGE('',*,*,#5037,.T.);
#5039=EDGE_LOOP('',(#5019,#5020,#5032,#5038));
#5040=FACE_BOUND('',#5039,.T.);
#5041=ADVANCED_FACE('',(#5040),#5018,.T.);
#5042=CARTESIAN_POINT('',(1.,28.586914779,37.738810243));
#5043=DIRECTION('',(0.,-0.135113205,0.990830168));
#5044=DIRECTION('',(0.,-0.990830168,-0.135113205));
#5045=AXIS2_PLACEMENT_3D('',#5042,#5043,#5044);
#5046=PLANE('',#5045);
#5047=ORIENTED_EDGE('',*,*,#712,.F.);
#5048=ORIENTED_EDGE('',*,*,#5037,.F.);
#5049=CARTESIAN_POINT('',(1.,28.886846612,37.779710038));
#5050=VERTEX_POINT('',#5049);
#5051=CARTESIAN_POINT('',(1.,28.286982945,37.697910447));
#5052=DIRECTION('',(0.,0.990830168,0.135113205));
#5053=VECTOR('',#5052,0.605415223);
#5054=LINE('',#5051,#5053);
#5055=EDGE_CURVE('',#5022,#5050,#5054,.T.);
#5056=ORIENTED_EDGE('',*,*,#5055,.T.);
#5057=CARTESIAN_POINT('',(1.,28.886846612,37.779710038));
#5058=DIRECTION('',(-1.,0.,0.));
#5059=VECTOR('',#5058,1.);
#5060=LINE('',#5057,#5059);
#5061=EDGE_CURVE('',#5050,#707,#5060,.T.);
#5062=ORIENTED_EDGE('',*,*,#5061,.T.);
#5063=EDGE_LOOP('',(#5047,#5048,#5056,#5062));
#5064=FACE_BOUND('',#5063,.T.);
#5065=ADVANCED_FACE('',(#5064),#5046,.T.);
#5066=CARTESIAN_POINT('',(1.,28.886846612,37.779710038));
#5067=CARTESIAN_POINT('',(0.,28.886846612,37.779710038));
#5068=CARTESIAN_POINT('',(1.,28.805047021,38.164849779));
#5069=CARTESIAN_POINT('',(0.,28.805047021,38.164849779));
#5070=CARTESIAN_POINT('',(1.,28.617589625,38.401727761));
#5071=CARTESIAN_POINT('',(0.,28.617589625,38.401727761));
#5072=CARTESIAN_POINT('',(1.,28.430132229,38.638605744));
#5073=CARTESIAN_POINT('',(0.,28.430132229,38.638605744));
#5074=CARTESIAN_POINT('',(1.,28.075667335,38.766417605));
#5075=CARTESIAN_POINT('',(0.,28.075667335,38.766417605));
#5076=CARTESIAN_POINT('',(1.,27.721202441,38.894229466));
#5077=CARTESIAN_POINT('',(0.,27.721202441,38.894229466));
#5078=CARTESIAN_POINT('',(1.,27.254263109,38.894229466));
#5079=CARTESIAN_POINT('',(0.,27.254263109,38.894229466));
#5080=CARTESIAN_POINT('',(1.,26.790732093,38.894229466));
#5081=CARTESIAN_POINT('',(0.,26.790732093,38.894229466));
#5082=CARTESIAN_POINT('',(1.,26.501025208,38.785163344));
#5083=CARTESIAN_POINT('',(0.,26.501025208,38.785163344));
#5084=CARTESIAN_POINT('',(1.,26.211318323,38.676097223));
#5085=CARTESIAN_POINT('',(0.,26.211318323,38.676097223));
#5086=CARTESIAN_POINT('',(1.,26.074985672,38.510793883));
#5087=CARTESIAN_POINT('',(0.,26.074985672,38.510793883));
#5088=CARTESIAN_POINT('',(1.,25.93865302,38.345490543));
#5089=CARTESIAN_POINT('',(0.,25.93865302,38.345490543));
#5090=CARTESIAN_POINT('',(1.,25.884119959,38.093275137));
#5091=CARTESIAN_POINT('',(0.,25.884119959,38.093275137));
#5092=B_SPLINE_SURFACE_WITH_KNOTS('',2,1,((#5066,#5067),(#5068,#5069),(#5070,#5071),(#5072,#5073),(#5074,#5075),(#5076,#5077),(#5078,#5079),(#5080,#5081),(#5082,#5083),(#5084,#5085),(#5086,#5087),(#5088,#5089),(#5090,#5091)),.UNSPECIFIED.,.F.,.F.,.U.,(3,2,2,2,2,2,3),(2,2),(0.,0.151683271,0.303366543,0.455049814,0.605625908,0.756202003,0.906778097),(0.,1.),.UNSPECIFIED.);
#5093=ORIENTED_EDGE('',*,*,#730,.F.);
#5094=ORIENTED_EDGE('',*,*,#5061,.F.);
#5095=CARTESIAN_POINT('',(1.,25.884119959,38.093275137));
#5096=VERTEX_POINT('',#5095);
#5097=CARTESIAN_POINT('',(1.,28.886846612,37.779710038));
#5098=CARTESIAN_POINT('',(1.,28.805047021,38.164849779));
#5099=CARTESIAN_POINT('',(1.,28.617589625,38.401727761));
#5100=CARTESIAN_POINT('',(1.,28.430132229,38.638605744));
#5101=CARTESIAN_POINT('',(1.,28.075667335,38.766417605));
#5102=CARTESIAN_POINT('',(1.,27.721202441,38.894229466));
#5103=CARTESIAN_POINT('',(1.,27.254263109,38.894229466));
#5104=CARTESIAN_POINT('',(1.,26.790732093,38.894229466));
#5105=CARTESIAN_POINT('',(1.,26.501025208,38.785163344));
#5106=CARTESIAN_POINT('',(1.,26.211318323,38.676097223));
#5107=CARTESIAN_POINT('',(1.,26.074985672,38.510793883));
#5108=CARTESIAN_POINT('',(1.,25.93865302,38.345490543));
#5109=CARTESIAN_POINT('',(1.,25.884119959,38.093275137));
#5110=B_SPLINE_CURVE_WITH_KNOTS('',2,(#5097,#5098,#5099,#5100,#5101,#5102,#5103,#5104,#5105,#5106,#5107,#5108,#5109),.UNSPECIFIED.,.F.,.F.,(3,2,2,2,2,2,3),(0.,0.151683271,0.303366543,0.455049814,0.605625908,0.756202003,0.906778097),.UNSPECIFIED.);
#5111=EDGE_CURVE('',#5050,#5096,#5110,.T.);
#5112=ORIENTED_EDGE('',*,*,#5111,.T.);
#5113=CARTESIAN_POINT('',(1.,25.884119959,38.093275137));
#5114=DIRECTION('',(-1.,0.,0.));
#5115=VECTOR('',#5114,1.);
#5116=LINE('',#5113,#5115);
#5117=EDGE_CURVE('',#5096,#715,#5116,.T.);
#5118=ORIENTED_EDGE('',*,*,#5117,.T.);
#5119=EDGE_LOOP('',(#5093,#5094,#5112,#5118));
#5120=FACE_BOUND('',#5119,.T.);
#5121=ADVANCED_FACE('',(#5120),#5092,.T.);
#5122=CARTESIAN_POINT('',(1.,27.475803668,36.777665048));
#5123=CARTESIAN_POINT('',(0.,27.475803668,36.777665048));
#5124=CARTESIAN_POINT('',(1.,27.854126776,36.723131988));
#5125=CARTESIAN_POINT('',(0.,27.854126776,36.723131988));
#5126=CARTESIAN_POINT('',(1.,28.010909325,36.654965662));
#5127=CARTESIAN_POINT('',(0.,28.010909325,36.654965662));
#5128=CARTESIAN_POINT('',(1.,28.167691875,36.586799336));
#5129=CARTESIAN_POINT('',(0.,28.167691875,36.586799336));
#5130=CARTESIAN_POINT('',(1.,28.252899782,36.455579159));
#5131=CARTESIAN_POINT('',(0.,28.252899782,36.455579159));
#5132=CARTESIAN_POINT('',(1.,28.338107689,36.324358982));
#5133=CARTESIAN_POINT('',(0.,28.338107689,36.324358982));
#5134=CARTESIAN_POINT('',(1.,28.338107689,36.164168116));
#5135=CARTESIAN_POINT('',(0.,28.338107689,36.164168116));
#5136=CARTESIAN_POINT('',(1.,28.338107689,35.918769343));
#5137=CARTESIAN_POINT('',(0.,28.338107689,35.918769343));
#5138=CARTESIAN_POINT('',(1.,28.152354451,35.755170161));
#5139=CARTESIAN_POINT('',(0.,28.152354451,35.755170161));
#5140=CARTESIAN_POINT('',(1.,27.966601214,35.591570979));
#5141=CARTESIAN_POINT('',(0.,27.966601214,35.591570979));
#5142=CARTESIAN_POINT('',(1.,27.608728003,35.591570979));
#5143=CARTESIAN_POINT('',(0.,27.608728003,35.591570979));
#5144=CARTESIAN_POINT('',(1.,27.254263109,35.591570979));
#5145=CARTESIAN_POINT('',(0.,27.254263109,35.591570979));
#5146=CARTESIAN_POINT('',(1.,26.978189489,35.74664937));
#5147=CARTESIAN_POINT('',(0.,26.978189489,35.74664937));
#5148=CARTESIAN_POINT('',(1.,26.702115869,35.901727761));
#5149=CARTESIAN_POINT('',(0.,26.702115869,35.901727761));
#5150=CARTESIAN_POINT('',(1.,26.57259985,36.170984748));
#5151=CARTESIAN_POINT('',(0.,26.57259985,36.170984748));
#5152=B_SPLINE_SURFACE_WITH_KNOTS('',2,1,((#5122,#5123),(#5124,#5125),(#5126,#5127),(#5128,#5129),(#5130,#5131),(#5132,#5133),(#5134,#5135),(#5136,#5137),(#5138,#5139),(#5140,#5141),(#5142,#5143),(#5144,#5145),(#5146,#5147),(#5148,#5149),(#5150,#5151)),.UNSPECIFIED.,.F.,.F.,.U.,(3,2,2,2,2,2,2,3),(2,2),(0.,0.097394372,0.194788744,0.292183116,0.441383005,0.590582894,0.738361832,0.886140769),(0.,1.),.UNSPECIFIED.);
#5153=CARTESIAN_POINT('',(0.,27.475803668,36.777665048));
#5154=VERTEX_POINT('',#5153);
#5155=CARTESIAN_POINT('',(0.,26.57259985,36.170984748));
#5156=VERTEX_POINT('',#5155);
#5157=CARTESIAN_POINT('',(0.,27.475803668,36.777665048));
#5158=CARTESIAN_POINT('',(0.,27.854126776,36.723131988));
#5159=CARTESIAN_POINT('',(0.,28.010909325,36.654965662));
#5160=CARTESIAN_POINT('',(0.,28.167691875,36.586799336));
#5161=CARTESIAN_POINT('',(0.,28.252899782,36.455579159));
#5162=CARTESIAN_POINT('',(0.,28.338107689,36.324358982));
#5163=CARTESIAN_POINT('',(0.,28.338107689,36.164168116));
#5164=CARTESIAN_POINT('',(0.,28.338107689,35.918769343));
#5165=CARTESIAN_POINT('',(0.,28.152354451,35.755170161));
#5166=CARTESIAN_POINT('',(0.,27.966601214,35.591570979));
#5167=CARTESIAN_POINT('',(0.,27.608728003,35.591570979));
#5168=CARTESIAN_POINT('',(0.,27.254263109,35.591570979));
#5169=CARTESIAN_POINT('',(0.,26.978189489,35.74664937));
#5170=CARTESIAN_POINT('',(0.,26.702115869,35.901727761));
#5171=CARTESIAN_POINT('',(0.,26.57259985,36.170984748));
#5172=B_SPLINE_CURVE_WITH_KNOTS('',2,(#5157,#5158,#5159,#5160,#5161,#5162,#5163,#5164,#5165,#5166,#5167,#5168,#5169,#5170,#5171),.UNSPECIFIED.,.F.,.F.,(3,2,2,2,2,2,2,3),(0.,0.097394372,0.194788744,0.292183116,0.441383005,0.590582894,0.738361832,0.886140769),.UNSPECIFIED.);
#5173=EDGE_CURVE('',#5154,#5156,#5172,.T.);
#5174=ORIENTED_EDGE('',*,*,#5173,.F.);
#5175=CARTESIAN_POINT('',(1.,27.475803668,36.777665048));
#5176=VERTEX_POINT('',#5175);
#5177=CARTESIAN_POINT('',(1.,27.475803668,36.777665048));
#5178=DIRECTION('',(-1.,0.,0.));
#5179=VECTOR('',#5178,1.);
#5180=LINE('',#5177,#5179);
#5181=EDGE_CURVE('',#5176,#5154,#5180,.T.);
#5182=ORIENTED_EDGE('',*,*,#5181,.F.);
#5183=CARTESIAN_POINT('',(1.,26.57259985,36.170984748));
#5184=VERTEX_POINT('',#5183);
#5185=CARTESIAN_POINT('',(1.,27.475803668,36.777665048));
#5186=CARTESIAN_POINT('',(1.,27.854126776,36.723131988));
#5187=CARTESIAN_POINT('',(1.,28.010909325,36.654965662));
#5188=CARTESIAN_POINT('',(1.,28.167691875,36.586799336));
#5189=CARTESIAN_POINT('',(1.,28.252899782,36.455579159));
#5190=CARTESIAN_POINT('',(1.,28.338107689,36.324358982));
#5191=CARTESIAN_POINT('',(1.,28.338107689,36.164168116));
#5192=CARTESIAN_POINT('',(1.,28.338107689,35.918769343));
#5193=CARTESIAN_POINT('',(1.,28.152354451,35.755170161));
#5194=CARTESIAN_POINT('',(1.,27.966601214,35.591570979));
#5195=CARTESIAN_POINT('',(1.,27.608728003,35.591570979));
#5196=CARTESIAN_POINT('',(1.,27.254263109,35.591570979));
#5197=CARTESIAN_POINT('',(1.,26.978189489,35.74664937));
#5198=CARTESIAN_POINT('',(1.,26.702115869,35.901727761));
#5199=CARTESIAN_POINT('',(1.,26.57259985,36.170984748));
#5200=B_SPLINE_CURVE_WITH_KNOTS('',2,(#5185,#5186,#5187,#5188,#5189,#5190,#5191,#5192,#5193,#5194,#5195,#5196,#5197,#5198,#5199),.UNSPECIFIED.,.F.,.F.,(3,2,2,2,2,2,2,3),(0.,0.097394372,0.194788744,0.292183116,0.441383005,0.590582894,0.738361832,0.886140769),.UNSPECIFIED.);
#5201=EDGE_CURVE('',#5176,#5184,#5200,.T.);
#5202=ORIENTED_EDGE('',*,*,#5201,.T.);
#5203=CARTESIAN_POINT('',(1.,26.57259985,36.170984748));
#5204=DIRECTION('',(-1.,0.,0.));
#5205=VECTOR('',#5204,1.);
#5206=LINE('',#5203,#5205);
#5207=EDGE_CURVE('',#5184,#5156,#5206,.T.);
#5208=ORIENTED_EDGE('',*,*,#5207,.T.);
#5209=EDGE_LOOP('',(#5174,#5182,#5202,#5208));
#5210=FACE_BOUND('',#5209,.T.);
#5211=ADVANCED_FACE('',(#5210),#5152,.T.);
#5212=CARTESIAN_POINT('',(1.,26.57259985,36.170984748));
#5213=CARTESIAN_POINT('',(0.,26.57259985,36.170984748));
#5214=CARTESIAN_POINT('',(1.,26.473758678,36.378892042));
#5215=CARTESIAN_POINT('',(0.,26.473758678,36.378892042));
#5216=CARTESIAN_POINT('',(1.,26.473758678,36.784481681));
#5217=CARTESIAN_POINT('',(0.,26.473758678,36.784481681));
#5218=B_SPLINE_SURFACE_WITH_KNOTS('',2,1,((#5212,#5213),(#5214,#5215),(#5216,#5217)),.UNSPECIFIED.,.F.,.F.,.U.,(3,3),(2,2),(0.886140769,1.),(0.,1.),.UNSPECIFIED.);
#5219=CARTESIAN_POINT('',(0.,26.473758678,36.784481681));
#5220=VERTEX_POINT('',#5219);
#5221=CARTESIAN_POINT('',(0.,26.57259985,36.170984748));
#5222=CARTESIAN_POINT('',(0.,26.473758678,36.378892042));
#5223=CARTESIAN_POINT('',(0.,26.473758678,36.784481681));
#5224=B_SPLINE_CURVE_WITH_KNOTS('',2,(#5221,#5222,#5223),.UNSPECIFIED.,.F.,.F.,(3,3),(0.886140769,1.),.UNSPECIFIED.);
#5225=EDGE_CURVE('',#5156,#5220,#5224,.T.);
#5226=ORIENTED_EDGE('',*,*,#5225,.F.);
#5227=ORIENTED_EDGE('',*,*,#5207,.F.);
#5228=CARTESIAN_POINT('',(1.,26.473758678,36.784481681));
#5229=VERTEX_POINT('',#5228);
#5230=CARTESIAN_POINT('',(1.,26.57259985,36.170984748));
#5231=CARTESIAN_POINT('',(1.,26.473758678,36.378892042));
#5232=CARTESIAN_POINT('',(1.,26.473758678,36.784481681));
#5233=B_SPLINE_CURVE_WITH_KNOTS('',2,(#5230,#5231,#5232),.UNSPECIFIED.,.F.,.F.,(3,3),(0.886140769,1.),.UNSPECIFIED.);
#5234=EDGE_CURVE('',#5184,#5229,#5233,.T.);
#5235=ORIENTED_EDGE('',*,*,#5234,.T.);
#5236=CARTESIAN_POINT('',(1.,26.473758678,36.784481681));
#5237=DIRECTION('',(-1.,0.,0.));
#5238=VECTOR('',#5237,1.);
#5239=LINE('',#5236,#5238);
#5240=EDGE_CURVE('',#5229,#5220,#5239,.T.);
#5241=ORIENTED_EDGE('',*,*,#5240,.T.);
#5242=EDGE_LOOP('',(#5226,#5227,#5235,#5241));
#5243=FACE_BOUND('',#5242,.T.);
#5244=ADVANCED_FACE('',(#5243),#5218,.T.);
#5245=CARTESIAN_POINT('',(1.,26.473758678,36.896956119));
#5246=DIRECTION('',(0.,-1.,0.));
#5247=DIRECTION('',(0.,0.,-1.));
#5248=AXIS2_PLACEMENT_3D('',#5245,#5246,#5247);
#5249=PLANE('',#5248);
#5250=CARTESIAN_POINT('',(0.,26.473758678,37.009430556));
#5251=VERTEX_POINT('',#5250);
#5252=CARTESIAN_POINT('',(0.,26.473758678,36.784481681));
#5253=DIRECTION('',(0.,0.,1.));
#5254=VECTOR('',#5253,0.224948875);
#5255=LINE('',#5252,#5254);
#5256=EDGE_CURVE('',#5220,#5251,#5255,.T.);
#5257=ORIENTED_EDGE('',*,*,#5256,.F.);
#5258=ORIENTED_EDGE('',*,*,#5240,.F.);
#5259=CARTESIAN_POINT('',(1.,26.473758678,37.009430556));
#5260=VERTEX_POINT('',#5259);
#5261=CARTESIAN_POINT('',(1.,26.473758678,36.784481681));
#5262=DIRECTION('',(0.,0.,1.));
#5263=VECTOR('',#5262,0.224948875);
#5264=LINE('',#5261,#5263);
#5265=EDGE_CURVE('',#5229,#5260,#5264,.T.);
#5266=ORIENTED_EDGE('',*,*,#5265,.T.);
#5267=CARTESIAN_POINT('',(1.,26.473758678,37.009430556));
#5268=DIRECTION('',(-1.,0.,0.));
#5269=VECTOR('',#5268,1.);
#5270=LINE('',#5267,#5269);
#5271=EDGE_CURVE('',#5260,#5251,#5270,.T.);
#5272=ORIENTED_EDGE('',*,*,#5271,.T.);
#5273=EDGE_LOOP('',(#5257,#5258,#5266,#5272));
#5274=FACE_BOUND('',#5273,.T.);
#5275=ADVANCED_FACE('',(#5274),#5249,.T.);
#5276=CARTESIAN_POINT('',(1.,26.473758678,37.009430556));
#5277=CARTESIAN_POINT('',(0.,26.473758678,37.009430556));
#5278=CARTESIAN_POINT('',(1.,26.807773674,36.873097905));
#5279=CARTESIAN_POINT('',(0.,26.807773674,36.873097905));
#5280=CARTESIAN_POINT('',(1.,27.475803668,36.777665048));
#5281=CARTESIAN_POINT('',(0.,27.475803668,36.777665048));
#5282=B_SPLINE_SURFACE_WITH_KNOTS('',2,1,((#5276,#5277),(#5278,#5279),(#5280,#5281)),.UNSPECIFIED.,.F.,.F.,.U.,(3,3),(2,2),(0.,1.),(0.,1.),.UNSPECIFIED.);
#5283=CARTESIAN_POINT('',(0.,26.473758678,37.009430556));
#5284=CARTESIAN_POINT('',(0.,26.807773674,36.873097905));
#5285=CARTESIAN_POINT('',(0.,27.475803668,36.777665048));
#5286=B_SPLINE_CURVE_WITH_KNOTS('',2,(#5283,#5284,#5285),.UNSPECIFIED.,.F.,.F.,(3,3),(0.,1.),.UNSPECIFIED.);
#5287=EDGE_CURVE('',#5251,#5154,#5286,.T.);
#5288=ORIENTED_EDGE('',*,*,#5287,.F.);
#5289=ORIENTED_EDGE('',*,*,#5271,.F.);
#5290=CARTESIAN_POINT('',(1.,26.473758678,37.009430556));
#5291=CARTESIAN_POINT('',(1.,26.807773674,36.873097905));
#5292=CARTESIAN_POINT('',(1.,27.475803668,36.777665048));
#5293=B_SPLINE_CURVE_WITH_KNOTS('',2,(#5290,#5291,#5292),.UNSPECIFIED.,.F.,.F.,(3,3),(0.,1.),.UNSPECIFIED.);
#5294=EDGE_CURVE('',#5260,#5176,#5293,.T.);
#5295=ORIENTED_EDGE('',*,*,#5294,.T.);
#5296=ORIENTED_EDGE('',*,*,#5181,.T.);
#5297=EDGE_LOOP('',(#5288,#5289,#5295,#5296));
#5298=FACE_BOUND('',#5297,.T.);
#5299=ADVANCED_FACE('',(#5298),#5282,.T.);
#5300=CARTESIAN_POINT('',(1.,25.884119959,38.093275137));
#5301=CARTESIAN_POINT('',(0.,25.884119959,38.093275137));
#5302=CARTESIAN_POINT('',(1.,25.853445113,37.936492588));
#5303=CARTESIAN_POINT('',(0.,25.853445113,37.936492588));
#5304=CARTESIAN_POINT('',(1.,25.853445113,37.527494633));
#5305=CARTESIAN_POINT('',(0.,25.853445113,37.527494633));
#5306=B_SPLINE_SURFACE_WITH_KNOTS('',2,1,((#5300,#5301),(#5302,#5303),(#5304,#5305)),.UNSPECIFIED.,.F.,.F.,.U.,(3,3),(2,2),(0.906778097,1.),(0.,1.),.UNSPECIFIED.);
#5307=ORIENTED_EDGE('',*,*,#736,.F.);
#5308=ORIENTED_EDGE('',*,*,#5117,.F.);
#5309=CARTESIAN_POINT('',(1.,25.884119959,38.093275137));
#5310=CARTESIAN_POINT('',(1.,25.853445113,37.936492588));
#5311=CARTESIAN_POINT('',(1.,25.853445113,37.527494633));
#5312=B_SPLINE_CURVE_WITH_KNOTS('',2,(#5309,#5310,#5311),.UNSPECIFIED.,.F.,.F.,(3,3),(0.906778097,1.),.UNSPECIFIED.);
#5313=EDGE_CURVE('',#5096,#4752,#5312,.T.);
#5314=ORIENTED_EDGE('',*,*,#5313,.T.);
#5315=ORIENTED_EDGE('',*,*,#4757,.T.);
#5316=EDGE_LOOP('',(#5307,#5308,#5314,#5315));
#5317=FACE_BOUND('',#5316,.T.);
#5318=ADVANCED_FACE('',(#5317),#5306,.T.);
#5319=CARTESIAN_POINT('',(1.,0.,0.));
#5320=DIRECTION('',(1.,0.,0.));
#5321=DIRECTION('',(0.,1.,0.));
#5322=AXIS2_PLACEMENT_3D('',#5319,#5320,#5321);
#5323=PLANE('',#5322);
#5324=ORIENTED_EDGE('',*,*,#5201,.F.);
#5325=ORIENTED_EDGE('',*,*,#5294,.F.);
#5326=ORIENTED_EDGE('',*,*,#5265,.F.);
#5327=ORIENTED_EDGE('',*,*,#5234,.F.);
#5328=EDGE_LOOP('',(#5324,#5325,#5326,#5327));
#5329=FACE_BOUND('',#5328,.T.);
#5330=ORIENTED_EDGE('',*,*,#4765,.F.);
#5331=ORIENTED_EDGE('',*,*,#5313,.F.);
#5332=ORIENTED_EDGE('',*,*,#5111,.F.);
#5333=ORIENTED_EDGE('',*,*,#5055,.F.);
#5334=ORIENTED_EDGE('',*,*,#5031,.F.);
#5335=ORIENTED_EDGE('',*,*,#4993,.F.);
#5336=ORIENTED_EDGE('',*,*,#4961,.F.);
#5337=ORIENTED_EDGE('',*,*,#4935,.F.);
#5338=ORIENTED_EDGE('',*,*,#4909,.F.);
#5339=ORIENTED_EDGE('',*,*,#4847,.F.);
#5340=ORIENTED_EDGE('',*,*,#4821,.F.);
#5341=ORIENTED_EDGE('',*,*,#4797,.F.);
#5342=EDGE_LOOP('',(#5330,#5331,#5332,#5333,#5334,#5335,#5336,#5337,#5338,#5339,#5340,#5341));
#5343=FACE_BOUND('',#5342,.T.);
#5344=ADVANCED_FACE('',(#5329,#5343),#5323,.F.);
#5345=CARTESIAN_POINT('',(0.,69.5,0.5));
#5346=DIRECTION('',(1.,0.,0.));
#5347=DIRECTION('',(0.,0.,1.));
#5348=AXIS2_PLACEMENT_3D('',#5345,#5346,#5347);
#5349=PLANE('',#5348);
#5350=ORIENTED_EDGE('',*,*,#5173,.T.);
#5351=ORIENTED_EDGE('',*,*,#5225,.T.);
#5352=ORIENTED_EDGE('',*,*,#5256,.T.);
#5353=ORIENTED_EDGE('',*,*,#5287,.T.);
#5354=EDGE_LOOP('',(#5350,#5351,#5352,#5353));
#5355=FACE_BOUND('',#5354,.T.);
#5356=ADVANCED_FACE('',(#5355),#5349,.F.);
#5357=CARTESIAN_POINT('',(1.,24.292436251,38.406840236));
#5358=CARTESIAN_POINT('',(0.,24.292436251,38.406840236));
#5359=CARTESIAN_POINT('',(1.,23.903888194,38.894229466));
#5360=CARTESIAN_POINT('',(0.,23.903888194,38.894229466));
#5361=CARTESIAN_POINT('',(1.,23.30061621,38.894229466));
#5362=CARTESIAN_POINT('',(0.,23.30061621,38.894229466));
#5363=CARTESIAN_POINT('',(1.,22.966601214,38.894229466));
#5364=CARTESIAN_POINT('',(0.,22.966601214,38.894229466));
#5365=CARTESIAN_POINT('',(1.,22.668373538,38.759600972));
#5366=CARTESIAN_POINT('',(0.,22.668373538,38.759600972));
#5367=CARTESIAN_POINT('',(1.,22.370145862,38.624972479));
#5368=CARTESIAN_POINT('',(0.,22.370145862,38.624972479));
#5369=CARTESIAN_POINT('',(1.,22.177575992,38.381277864));
#5370=CARTESIAN_POINT('',(0.,22.177575992,38.381277864));
#5371=CARTESIAN_POINT('',(1.,21.985006122,38.137583249));
#5372=CARTESIAN_POINT('',(0.,21.985006122,38.137583249));
#5373=CARTESIAN_POINT('',(1.,21.87594,37.793343303));
#5374=CARTESIAN_POINT('',(0.,21.87594,37.793343303));
#5375=CARTESIAN_POINT('',(1.,21.766873879,37.449103358));
#5376=CARTESIAN_POINT('',(0.,21.766873879,37.449103358));
#5377=CARTESIAN_POINT('',(1.,21.766873879,37.057146984));
#5378=CARTESIAN_POINT('',(0.,21.766873879,37.057146984));
#5379=CARTESIAN_POINT('',(1.,21.766873879,36.126676637));
#5380=CARTESIAN_POINT('',(0.,21.766873879,36.126676637));
#5381=CARTESIAN_POINT('',(1.,22.226996578,35.618837509));
#5382=CARTESIAN_POINT('',(0.,22.226996578,35.618837509));
#5383=CARTESIAN_POINT('',(1.,22.687119278,35.110998382));
#5384=CARTESIAN_POINT('',(0.,22.687119278,35.110998382));
#5385=CARTESIAN_POINT('',(1.,23.331291057,35.110998382));
#5386=CARTESIAN_POINT('',(0.,23.331291057,35.110998382));
#5387=CARTESIAN_POINT('',(1.,23.97205452,35.110998382));
#5388=CARTESIAN_POINT('',(0.,23.97205452,35.110998382));
#5389=CARTESIAN_POINT('',(1.,24.336744363,35.64610404));
#5390=CARTESIAN_POINT('',(0.,24.336744363,35.64610404));
#5391=B_SPLINE_SURFACE_WITH_KNOTS('',2,1,((#5357,#5358),(#5359,#5360),(#5361,#5362),(#5363,#5364),(#5365,#5366),(#5367,#5368),(#5369,#5370),(#5371,#5372),(#5373,#5374),(#5375,#5376),(#5377,#5378),(#5379,#5380),(#5381,#5382),(#5383,#5384),(#5385,#5386),(#5387,#5388),(#5389,#5390)),.UNSPECIFIED.,.F.,.F.,.U.,(3,2,2,2,2,2,2,2,3),(2,2),(0.,0.139843618,0.217271158,0.294698698,0.372126238,0.449553778,0.633360025,0.817166273,1.),(0.,1.),.UNSPECIFIED.);
#5392=ORIENTED_EDGE('',*,*,#940,.F.);
#5393=CARTESIAN_POINT('',(1.,24.292436251,38.406840236));
#5394=VERTEX_POINT('',#5393);
#5395=CARTESIAN_POINT('',(1.,24.292436251,38.406840236));
#5396=DIRECTION('',(-1.,0.,0.));
#5397=VECTOR('',#5396,1.);
#5398=LINE('',#5395,#5397);
#5399=EDGE_CURVE('',#5394,#919,#5398,.T.);
#5400=ORIENTED_EDGE('',*,*,#5399,.F.);
#5401=CARTESIAN_POINT('',(1.,24.336744363,35.64610404));
#5402=VERTEX_POINT('',#5401);
#5403=CARTESIAN_POINT('',(1.,24.292436251,38.406840236));
#5404=CARTESIAN_POINT('',(1.,23.903888194,38.894229466));
#5405=CARTESIAN_POINT('',(1.,23.30061621,38.894229466));
#5406=CARTESIAN_POINT('',(1.,22.966601214,38.894229466));
#5407=CARTESIAN_POINT('',(1.,22.668373538,38.759600972));
#5408=CARTESIAN_POINT('',(1.,22.370145862,38.624972479));
#5409=CARTESIAN_POINT('',(1.,22.177575992,38.381277864));
#5410=CARTESIAN_POINT('',(1.,21.985006122,38.137583249));
#5411=CARTESIAN_POINT('',(1.,21.87594,37.793343303));
#5412=CARTESIAN_POINT('',(1.,21.766873879,37.449103358));
#5413=CARTESIAN_POINT('',(1.,21.766873879,37.057146984));
#5414=CARTESIAN_POINT('',(1.,21.766873879,36.126676637));
#5415=CARTESIAN_POINT('',(1.,22.226996578,35.618837509));
#5416=CARTESIAN_POINT('',(1.,22.687119278,35.110998382));
#5417=CARTESIAN_POINT('',(1.,23.331291057,35.110998382));
#5418=CARTESIAN_POINT('',(1.,23.97205452,35.110998382));
#5419=CARTESIAN_POINT('',(1.,24.336744363,35.64610404));
#5420=B_SPLINE_CURVE_WITH_KNOTS('',2,(#5403,#5404,#5405,#5406,#5407,#5408,#5409,#5410,#5411,#5412,#5413,#5414,#5415,#5416,#5417,#5418,#5419),.UNSPECIFIED.,.F.,.F.,(3,2,2,2,2,2,2,2,3),(0.,0.139843618,0.217271158,0.294698698,0.372126238,0.449553778,0.633360025,0.817166273,1.),.UNSPECIFIED.);
#5421=EDGE_CURVE('',#5394,#5402,#5420,.T.);
#5422=ORIENTED_EDGE('',*,*,#5421,.T.);
#5423=CARTESIAN_POINT('',(1.,24.336744363,35.64610404));
#5424=DIRECTION('',(-1.,0.,0.));
#5425=VECTOR('',#5424,1.);
#5426=LINE('',#5423,#5425);
#5427=EDGE_CURVE('',#5402,#921,#5426,.T.);
#5428=ORIENTED_EDGE('',*,*,#5427,.T.);
#5429=EDGE_LOOP('',(#5392,#5400,#5422,#5428));
#5430=FACE_BOUND('',#5429,.T.);
#5431=ADVANCED_FACE('',(#5430),#5391,.T.);
#5432=CARTESIAN_POINT('',(1.,24.336744363,35.419451006));
#5433=DIRECTION('',(0.,1.,0.));
#5434=DIRECTION('',(0.,0.,1.));
#5435=AXIS2_PLACEMENT_3D('',#5432,#5433,#5434);
#5436=PLANE('',#5435);
#5437=ORIENTED_EDGE('',*,*,#948,.F.);
#5438=ORIENTED_EDGE('',*,*,#5427,.F.);
#5439=CARTESIAN_POINT('',(1.,24.336744363,35.192797973));
#5440=VERTEX_POINT('',#5439);
#5441=CARTESIAN_POINT('',(1.,24.336744363,35.64610404));
#5442=DIRECTION('',(0.,0.,-1.));
#5443=VECTOR('',#5442,0.453306067);
#5444=LINE('',#5441,#5443);
#5445=EDGE_CURVE('',#5402,#5440,#5444,.T.);
#5446=ORIENTED_EDGE('',*,*,#5445,.T.);
#5447=CARTESIAN_POINT('',(1.,24.336744363,35.192797973));
#5448=DIRECTION('',(-1.,0.,0.));
#5449=VECTOR('',#5448,1.);
#5450=LINE('',#5447,#5449);
#5451=EDGE_CURVE('',#5440,#943,#5450,.T.);
#5452=ORIENTED_EDGE('',*,*,#5451,.T.);
#5453=EDGE_LOOP('',(#5437,#5438,#5446,#5452));
#5454=FACE_BOUND('',#5453,.T.);
#5455=ADVANCED_FACE('',(#5454),#5436,.T.);
#5456=CARTESIAN_POINT('',(1.,24.621338773,35.192797973));
#5457=DIRECTION('',(0.,0.,1.));
#5458=DIRECTION('',(1.,0.,0.));
#5459=AXIS2_PLACEMENT_3D('',#5456,#5457,#5458);
#5460=PLANE('',#5459);
#5461=ORIENTED_EDGE('',*,*,#956,.F.);
#5462=ORIENTED_EDGE('',*,*,#5451,.F.);
#5463=CARTESIAN_POINT('',(1.,24.905933184,35.192797973));
#5464=VERTEX_POINT('',#5463);
#5465=CARTESIAN_POINT('',(1.,24.336744363,35.192797973));
#5466=DIRECTION('',(0.,1.,0.));
#5467=VECTOR('',#5466,0.569188821);
#5468=LINE('',#5465,#5467);
#5469=EDGE_CURVE('',#5440,#5464,#5468,.T.);
#5470=ORIENTED_EDGE('',*,*,#5469,.T.);
#5471=CARTESIAN_POINT('',(1.,24.905933184,35.192797973));
#5472=DIRECTION('',(-1.,0.,0.));
#5473=VECTOR('',#5472,1.);
#5474=LINE('',#5471,#5473);
#5475=EDGE_CURVE('',#5464,#951,#5474,.T.);
#5476=ORIENTED_EDGE('',*,*,#5475,.T.);
#5477=EDGE_LOOP('',(#5461,#5462,#5470,#5476));
#5478=FACE_BOUND('',#5477,.T.);
#5479=ADVANCED_FACE('',(#5478),#5460,.T.);
#5480=CARTESIAN_POINT('',(1.,24.905933184,37.691093815));
#5481=DIRECTION('',(0.,-1.,0.));
#5482=DIRECTION('',(0.,0.,-1.));
#5483=AXIS2_PLACEMENT_3D('',#5480,#5481,#5482);
#5484=PLANE('',#5483);
#5485=ORIENTED_EDGE('',*,*,#964,.F.);
#5486=ORIENTED_EDGE('',*,*,#5475,.F.);
#5487=CARTESIAN_POINT('',(1.,24.905933184,40.189389656));
#5488=VERTEX_POINT('',#5487);
#5489=CARTESIAN_POINT('',(1.,24.905933184,35.192797973));
#5490=DIRECTION('',(0.,0.,1.));
#5491=VECTOR('',#5490,4.996591684);
#5492=LINE('',#5489,#5491);
#5493=EDGE_CURVE('',#5464,#5488,#5492,.T.);
#5494=ORIENTED_EDGE('',*,*,#5493,.T.);
#5495=CARTESIAN_POINT('',(1.,24.905933184,40.189389656));
#5496=DIRECTION('',(-1.,0.,0.));
#5497=VECTOR('',#5496,1.);
#5498=LINE('',#5495,#5497);
#5499=EDGE_CURVE('',#5488,#959,#5498,.T.);
#5500=ORIENTED_EDGE('',*,*,#5499,.T.);
#5501=EDGE_LOOP('',(#5485,#5486,#5494,#5500));
#5502=FACE_BOUND('',#5501,.T.);
#5503=ADVANCED_FACE('',(#5502),#5484,.T.);
#5504=CARTESIAN_POINT('',(1.,24.599184717,40.189389656));
#5505=DIRECTION('',(0.,0.,-1.));
#5506=DIRECTION('',(-1.,0.,0.));
#5507=AXIS2_PLACEMENT_3D('',#5504,#5505,#5506);
#5508=PLANE('',#5507);
#5509=ORIENTED_EDGE('',*,*,#972,.F.);
#5510=ORIENTED_EDGE('',*,*,#5499,.F.);
#5511=CARTESIAN_POINT('',(1.,24.292436251,40.189389656));
#5512=VERTEX_POINT('',#5511);
#5513=CARTESIAN_POINT('',(1.,24.905933184,40.189389656));
#5514=DIRECTION('',(0.,-1.,0.));
#5515=VECTOR('',#5514,0.613496933);
#5516=LINE('',#5513,#5515);
#5517=EDGE_CURVE('',#5488,#5512,#5516,.T.);
#5518=ORIENTED_EDGE('',*,*,#5517,.T.);
#5519=CARTESIAN_POINT('',(1.,24.292436251,40.189389656));
#5520=DIRECTION('',(-1.,0.,0.));
#5521=VECTOR('',#5520,1.);
#5522=LINE('',#5519,#5521);
#5523=EDGE_CURVE('',#5512,#967,#5522,.T.);
#5524=ORIENTED_EDGE('',*,*,#5523,.T.);
#5525=EDGE_LOOP('',(#5509,#5510,#5518,#5524));
#5526=FACE_BOUND('',#5525,.T.);
#5527=ADVANCED_FACE('',(#5526),#5508,.T.);
#5528=CARTESIAN_POINT('',(1.,24.166328548,36.089185157));
#5529=CARTESIAN_POINT('',(0.,24.166328548,36.089185157));
#5530=CARTESIAN_POINT('',(1.,23.876621663,35.615429193));
#5531=CARTESIAN_POINT('',(0.,23.876621663,35.615429193));
#5532=CARTESIAN_POINT('',(1.,23.382415801,35.615429193));
#5533=CARTESIAN_POINT('',(0.,23.382415801,35.615429193));
#5534=B_SPLINE_SURFACE_WITH_KNOTS('',2,1,((#5528,#5529),(#5530,#5531),(#5532,#5533)),.UNSPECIFIED.,.F.,.F.,.U.,(3,3),(2,2),(0.810893531,1.),(0.,1.),.UNSPECIFIED.);
#5535=CARTESIAN_POINT('',(0.,24.166328548,36.089185157));
#5536=VERTEX_POINT('',#5535);
#5537=CARTESIAN_POINT('',(0.,23.382415801,35.615429193));
#5538=VERTEX_POINT('',#5537);
#5539=CARTESIAN_POINT('',(0.,24.166328548,36.089185157));
#5540=CARTESIAN_POINT('',(0.,23.876621663,35.615429193));
#5541=CARTESIAN_POINT('',(0.,23.382415801,35.615429193));
#5542=B_SPLINE_CURVE_WITH_KNOTS('',2,(#5539,#5540,#5541),.UNSPECIFIED.,.F.,.F.,(3,3),(0.810893531,1.),.UNSPECIFIED.);
#5543=EDGE_CURVE('',#5536,#5538,#5542,.T.);
#5544=ORIENTED_EDGE('',*,*,#5543,.F.);
#5545=CARTESIAN_POINT('',(1.,24.166328548,36.089185157));
#5546=VERTEX_POINT('',#5545);
#5547=CARTESIAN_POINT('',(1.,24.166328548,36.089185157));
#5548=DIRECTION('',(-1.,0.,0.));
#5549=VECTOR('',#5548,1.);
#5550=LINE('',#5547,#5549);
#5551=EDGE_CURVE('',#5546,#5536,#5550,.T.);
#5552=ORIENTED_EDGE('',*,*,#5551,.F.);
#5553=CARTESIAN_POINT('',(1.,23.382415801,35.615429193));
#5554=VERTEX_POINT('',#5553);
#5555=CARTESIAN_POINT('',(1.,24.166328548,36.089185157));
#5556=CARTESIAN_POINT('',(1.,23.876621663,35.615429193));
#5557=CARTESIAN_POINT('',(1.,23.382415801,35.615429193));
#5558=B_SPLINE_CURVE_WITH_KNOTS('',2,(#5555,#5556,#5557),.UNSPECIFIED.,.F.,.F.,(3,3),(0.810893531,1.),.UNSPECIFIED.);
#5559=EDGE_CURVE('',#5546,#5554,#5558,.T.);
#5560=ORIENTED_EDGE('',*,*,#5559,.T.);
#5561=CARTESIAN_POINT('',(1.,23.382415801,35.615429193));
#5562=DIRECTION('',(-1.,0.,0.));
#5563=VECTOR('',#5562,1.);
#5564=LINE('',#5561,#5563);
#5565=EDGE_CURVE('',#5554,#5538,#5564,.T.);
#5566=ORIENTED_EDGE('',*,*,#5565,.T.);
#5567=EDGE_LOOP('',(#5544,#5552,#5560,#5566));
#5568=FACE_BOUND('',#5567,.T.);
#5569=ADVANCED_FACE('',(#5568),#5534,.T.);
#5570=CARTESIAN_POINT('',(1.,23.382415801,35.615429193));
#5571=CARTESIAN_POINT('',(0.,23.382415801,35.615429193));
#5572=CARTESIAN_POINT('',(1.,22.980234479,35.615429193));
#5573=CARTESIAN_POINT('',(0.,22.980234479,35.615429193));
#5574=CARTESIAN_POINT('',(1.,22.687119278,35.964781613));
#5575=CARTESIAN_POINT('',(0.,22.687119278,35.964781613));
#5576=CARTESIAN_POINT('',(1.,22.394004077,36.314134033));
#5577=CARTESIAN_POINT('',(0.,22.394004077,36.314134033));
#5578=CARTESIAN_POINT('',(1.,22.394004077,37.00602224));
#5579=CARTESIAN_POINT('',(0.,22.394004077,37.00602224));
#5580=CARTESIAN_POINT('',(1.,22.394004077,37.714952029));
#5581=CARTESIAN_POINT('',(0.,22.394004077,37.714952029));
#5582=CARTESIAN_POINT('',(1.,22.675190171,38.052375342));
#5583=CARTESIAN_POINT('',(0.,22.675190171,38.052375342));
#5584=CARTESIAN_POINT('',(1.,22.956376265,38.389798654));
#5585=CARTESIAN_POINT('',(0.,22.956376265,38.389798654));
#5586=CARTESIAN_POINT('',(1.,23.355149271,38.389798654));
#5587=CARTESIAN_POINT('',(0.,23.355149271,38.389798654));
#5588=CARTESIAN_POINT('',(1.,23.757330593,38.389798654));
#5589=CARTESIAN_POINT('',(0.,23.757330593,38.389798654));
#5590=CARTESIAN_POINT('',(1.,24.050445794,38.040446234));
#5591=CARTESIAN_POINT('',(0.,24.050445794,38.040446234));
#5592=CARTESIAN_POINT('',(1.,24.343560995,37.691093815));
#5593=CARTESIAN_POINT('',(0.,24.343560995,37.691093815));
#5594=CARTESIAN_POINT('',(1.,24.343560995,37.029880454));
#5595=CARTESIAN_POINT('',(0.,24.343560995,37.029880454));
#5596=CARTESIAN_POINT('',(1.,24.343560995,36.378892042));
#5597=CARTESIAN_POINT('',(0.,24.343560995,36.378892042));
#5598=CARTESIAN_POINT('',(1.,24.166328548,36.089185157));
#5599=CARTESIAN_POINT('',(0.,24.166328548,36.089185157));
#5600=B_SPLINE_SURFACE_WITH_KNOTS('',2,1,((#5570,#5571),(#5572,#5573),(#5574,#5575),(#5576,#5577),(#5578,#5579),(#5580,#5581),(#5582,#5583),(#5584,#5585),(#5586,#5587),(#5588,#5589),(#5590,#5591),(#5592,#5593),(#5594,#5595),(#5596,#5597),(#5598,#5599)),.UNSPECIFIED.,.F.,.F.,.U.,(3,2,2,2,2,2,2,3),(2,2),(0.,0.113674883,0.227349766,0.343824522,0.460299279,0.577769547,0.695239814,0.810893531),(0.,1.),.UNSPECIFIED.);
#5601=CARTESIAN_POINT('',(0.,23.382415801,35.615429193));
#5602=CARTESIAN_POINT('',(0.,22.980234479,35.615429193));
#5603=CARTESIAN_POINT('',(0.,22.687119278,35.964781613));
#5604=CARTESIAN_POINT('',(0.,22.394004077,36.314134033));
#5605=CARTESIAN_POINT('',(0.,22.394004077,37.00602224));
#5606=CARTESIAN_POINT('',(0.,22.394004077,37.714952029));
#5607=CARTESIAN_POINT('',(0.,22.675190171,38.052375342));
#5608=CARTESIAN_POINT('',(0.,22.956376265,38.389798654));
#5609=CARTESIAN_POINT('',(0.,23.355149271,38.389798654));
#5610=CARTESIAN_POINT('',(0.,23.757330593,38.389798654));
#5611=CARTESIAN_POINT('',(0.,24.050445794,38.040446234));
#5612=CARTESIAN_POINT('',(0.,24.343560995,37.691093815));
#5613=CARTESIAN_POINT('',(0.,24.343560995,37.029880454));
#5614=CARTESIAN_POINT('',(0.,24.343560995,36.378892042));
#5615=CARTESIAN_POINT('',(0.,24.166328548,36.089185157));
#5616=B_SPLINE_CURVE_WITH_KNOTS('',2,(#5601,#5602,#5603,#5604,#5605,#5606,#5607,#5608,#5609,#5610,#5611,#5612,#5613,#5614,#5615),.UNSPECIFIED.,.F.,.F.,(3,2,2,2,2,2,2,3),(0.,0.113674883,0.227349766,0.343824522,0.460299279,0.577769547,0.695239814,0.810893531),.UNSPECIFIED.);
#5617=EDGE_CURVE('',#5538,#5536,#5616,.T.);
#5618=ORIENTED_EDGE('',*,*,#5617,.F.);
#5619=ORIENTED_EDGE('',*,*,#5565,.F.);
#5620=CARTESIAN_POINT('',(1.,23.382415801,35.615429193));
#5621=CARTESIAN_POINT('',(1.,22.980234479,35.615429193));
#5622=CARTESIAN_POINT('',(1.,22.687119278,35.964781613));
#5623=CARTESIAN_POINT('',(1.,22.394004077,36.314134033));
#5624=CARTESIAN_POINT('',(1.,22.394004077,37.00602224));
#5625=CARTESIAN_POINT('',(1.,22.394004077,37.714952029));
#5626=CARTESIAN_POINT('',(1.,22.675190171,38.052375342));
#5627=CARTESIAN_POINT('',(1.,22.956376265,38.389798654));
#5628=CARTESIAN_POINT('',(1.,23.355149271,38.389798654));
#5629=CARTESIAN_POINT('',(1.,23.757330593,38.389798654));
#5630=CARTESIAN_POINT('',(1.,24.050445794,38.040446234));
#5631=CARTESIAN_POINT('',(1.,24.343560995,37.691093815));
#5632=CARTESIAN_POINT('',(1.,24.343560995,37.029880454));
#5633=CARTESIAN_POINT('',(1.,24.343560995,36.378892042));
#5634=CARTESIAN_POINT('',(1.,24.166328548,36.089185157));
#5635=B_SPLINE_CURVE_WITH_KNOTS('',2,(#5620,#5621,#5622,#5623,#5624,#5625,#5626,#5627,#5628,#5629,#5630,#5631,#5632,#5633,#5634),.UNSPECIFIED.,.F.,.F.,(3,2,2,2,2,2,2,3),(0.,0.113674883,0.227349766,0.343824522,0.460299279,0.577769547,0.695239814,0.810893531),.UNSPECIFIED.);
#5636=EDGE_CURVE('',#5554,#5546,#5635,.T.);
#5637=ORIENTED_EDGE('',*,*,#5636,.T.);
#5638=ORIENTED_EDGE('',*,*,#5551,.T.);
#5639=EDGE_LOOP('',(#5618,#5619,#5637,#5638));
#5640=FACE_BOUND('',#5639,.T.);
#5641=ADVANCED_FACE('',(#5640),#5600,.T.);
#5642=CARTESIAN_POINT('',(1.,24.292436251,39.298114946));
#5643=DIRECTION('',(0.,1.,0.));
#5644=DIRECTION('',(0.,0.,1.));
#5645=AXIS2_PLACEMENT_3D('',#5642,#5643,#5644);
#5646=PLANE('',#5645);
#5647=ORIENTED_EDGE('',*,*,#978,.F.);
#5648=ORIENTED_EDGE('',*,*,#5523,.F.);
#5649=CARTESIAN_POINT('',(1.,24.292436251,40.189389656));
#5650=DIRECTION('',(0.,0.,-1.));
#5651=VECTOR('',#5650,1.782549421);
#5652=LINE('',#5649,#5651);
#5653=EDGE_CURVE('',#5512,#5394,#5652,.T.);
#5654=ORIENTED_EDGE('',*,*,#5653,.T.);
#5655=ORIENTED_EDGE('',*,*,#5399,.T.);
#5656=EDGE_LOOP('',(#5647,#5648,#5654,#5655));
#5657=FACE_BOUND('',#5656,.T.);
#5658=ADVANCED_FACE('',(#5657),#5646,.T.);
#5659=CARTESIAN_POINT('',(1.,0.,0.));
#5660=DIRECTION('',(1.,0.,0.));
#5661=DIRECTION('',(0.,1.,0.));
#5662=AXIS2_PLACEMENT_3D('',#5659,#5660,#5661);
#5663=PLANE('',#5662);
#5664=ORIENTED_EDGE('',*,*,#5559,.F.);
#5665=ORIENTED_EDGE('',*,*,#5636,.F.);
#5666=EDGE_LOOP('',(#5664,#5665));
#5667=FACE_BOUND('',#5666,.T.);
#5668=ORIENTED_EDGE('',*,*,#5421,.F.);
#5669=ORIENTED_EDGE('',*,*,#5653,.F.);
#5670=ORIENTED_EDGE('',*,*,#5517,.F.);
#5671=ORIENTED_EDGE('',*,*,#5493,.F.);
#5672=ORIENTED_EDGE('',*,*,#5469,.F.);
#5673=ORIENTED_EDGE('',*,*,#5445,.F.);
#5674=EDGE_LOOP('',(#5668,#5669,#5670,#5671,#5672,#5673));
#5675=FACE_BOUND('',#5674,.T.);
#5676=ADVANCED_FACE('',(#5667,#5675),#5663,.F.);
#5677=CARTESIAN_POINT('',(0.,69.5,0.5));
#5678=DIRECTION('',(1.,0.,0.));
#5679=DIRECTION('',(0.,0.,1.));
#5680=AXIS2_PLACEMENT_3D('',#5677,#5678,#5679);
#5681=PLANE('',#5680);
#5682=ORIENTED_EDGE('',*,*,#5543,.T.);
#5683=ORIENTED_EDGE('',*,*,#5617,.T.);
#5684=EDGE_LOOP('',(#5682,#5683));
#5685=FACE_BOUND('',#5684,.T.);
#5686=ADVANCED_FACE('',(#5685),#5681,.F.);
#5687=CARTESIAN_POINT('',(1.,33.540997087,53.235723429));
#5688=DIRECTION('',(0.,-0.939623961,-0.342208726));
#5689=DIRECTION('',(0.,0.342208726,-0.939623961));
#5690=AXIS2_PLACEMENT_3D('',#5687,#5688,#5689);
#5691=PLANE('',#5690);
#5692=ORIENTED_EDGE('',*,*,#546,.F.);
#5693=CARTESIAN_POINT('',(1.,33.943178409,52.13142895));
#5694=VERTEX_POINT('',#5693);
#5695=CARTESIAN_POINT('',(1.,33.943178409,52.13142895));
#5696=DIRECTION('',(-1.,0.,0.));
#5697=VECTOR('',#5696,1.);
#5698=LINE('',#5695,#5697);
#5699=EDGE_CURVE('',#5694,#539,#5698,.T.);
#5700=ORIENTED_EDGE('',*,*,#5699,.F.);
#5701=CARTESIAN_POINT('',(1.,33.138815764,54.340017907));
#5702=VERTEX_POINT('',#5701);
#5703=CARTESIAN_POINT('',(1.,33.943178409,52.13142895));
#5704=DIRECTION('',(0.,-0.342208726,0.939623961));
#5705=VECTOR('',#5704,2.35050302);
#5706=LINE('',#5703,#5705);
#5707=EDGE_CURVE('',#5694,#5702,#5706,.T.);
#5708=ORIENTED_EDGE('',*,*,#5707,.T.);
#5709=CARTESIAN_POINT('',(1.,33.138815764,54.340017907));
#5710=DIRECTION('',(-1.,0.,0.));
#5711=VECTOR('',#5710,1.);
#5712=LINE('',#5709,#5711);
#5713=EDGE_CURVE('',#5702,#541,#5712,.T.);
#5714=ORIENTED_EDGE('',*,*,#5713,.T.);
#5715=EDGE_LOOP('',(#5692,#5700,#5708,#5714));
#5716=FACE_BOUND('',#5715,.T.);
#5717=ADVANCED_FACE('',(#5716),#5691,.T.);
#5718=CARTESIAN_POINT('',(1.,32.823546507,54.340017907));
#5719=DIRECTION('',(0.,0.,-1.));
#5720=DIRECTION('',(-1.,0.,0.));
#5721=AXIS2_PLACEMENT_3D('',#5718,#5719,#5720);
#5722=PLANE('',#5721);
#5723=ORIENTED_EDGE('',*,*,#554,.F.);
#5724=ORIENTED_EDGE('',*,*,#5713,.F.);
#5725=CARTESIAN_POINT('',(1.,32.50827725,54.340017907));
#5726=VERTEX_POINT('',#5725);
#5727=CARTESIAN_POINT('',(1.,33.138815764,54.340017907));
#5728=DIRECTION('',(0.,-1.,0.));
#5729=VECTOR('',#5728,0.630538514);
#5730=LINE('',#5727,#5729);
#5731=EDGE_CURVE('',#5702,#5726,#5730,.T.);
#5732=ORIENTED_EDGE('',*,*,#5731,.T.);
#5733=CARTESIAN_POINT('',(1.,32.50827725,54.340017907));
#5734=DIRECTION('',(-1.,0.,0.));
#5735=VECTOR('',#5734,1.);
#5736=LINE('',#5733,#5735);
#5737=EDGE_CURVE('',#5726,#549,#5736,.T.);
#5738=ORIENTED_EDGE('',*,*,#5737,.T.);
#5739=EDGE_LOOP('',(#5723,#5724,#5732,#5738));
#5740=FACE_BOUND('',#5739,.T.);
#5741=ADVANCED_FACE('',(#5740),#5722,.T.);
#5742=CARTESIAN_POINT('',(1.,33.193348825,52.530201956));
#5743=DIRECTION('',(0.,0.935238982,0.354017016));
#5744=DIRECTION('',(0.,-0.354017016,0.935238982));
#5745=AXIS2_PLACEMENT_3D('',#5742,#5743,#5744);
#5746=PLANE('',#5745);
#5747=ORIENTED_EDGE('',*,*,#562,.F.);
#5748=ORIENTED_EDGE('',*,*,#5737,.F.);
#5749=CARTESIAN_POINT('',(1.,33.8784204,50.720386005));
#5750=VERTEX_POINT('',#5749);
#5751=CARTESIAN_POINT('',(1.,32.50827725,54.340017907));
#5752=DIRECTION('',(0.,0.354017016,-0.935238982));
#5753=VECTOR('',#5752,3.870274842);
#5754=LINE('',#5751,#5753);
#5755=EDGE_CURVE('',#5726,#5750,#5754,.T.);
#5756=ORIENTED_EDGE('',*,*,#5755,.T.);
#5757=CARTESIAN_POINT('',(1.,33.8784204,50.720386005));
#5758=DIRECTION('',(-1.,0.,0.));
#5759=VECTOR('',#5758,1.);
#5760=LINE('',#5757,#5759);
#5761=EDGE_CURVE('',#5750,#557,#5760,.T.);
#5762=ORIENTED_EDGE('',*,*,#5761,.T.);
#5763=EDGE_LOOP('',(#5747,#5748,#5756,#5762));
#5764=FACE_BOUND('',#5763,.T.);
#5765=ADVANCED_FACE('',(#5764),#5746,.T.);
#5766=CARTESIAN_POINT('',(1.,34.164718968,50.720386005));
#5767=DIRECTION('',(0.,0.,1.));
#5768=DIRECTION('',(1.,0.,0.));
#5769=AXIS2_PLACEMENT_3D('',#5766,#5767,#5768);
#5770=PLANE('',#5769);
#5771=ORIENTED_EDGE('',*,*,#570,.F.);
#5772=ORIENTED_EDGE('',*,*,#5761,.F.);
#5773=CARTESIAN_POINT('',(1.,34.451017537,50.720386005));
#5774=VERTEX_POINT('',#5773);
#5775=CARTESIAN_POINT('',(1.,33.8784204,50.720386005));
#5776=DIRECTION('',(0.,1.,0.));
#5777=VECTOR('',#5776,0.572597137);
#5778=LINE('',#5775,#5777);
#5779=EDGE_CURVE('',#5750,#5774,#5778,.T.);
#5780=ORIENTED_EDGE('',*,*,#5779,.T.);
#5781=CARTESIAN_POINT('',(1.,34.451017537,50.720386005));
#5782=DIRECTION('',(-1.,0.,0.));
#5783=VECTOR('',#5782,1.);
#5784=LINE('',#5781,#5783);
#5785=EDGE_CURVE('',#5774,#565,#5784,.T.);
#5786=ORIENTED_EDGE('',*,*,#5785,.T.);
#5787=EDGE_LOOP('',(#5771,#5772,#5780,#5786));
#5788=FACE_BOUND('',#5787,.T.);
#5789=ADVANCED_FACE('',(#5788),#5770,.T.);
#5790=CARTESIAN_POINT('',(1.,35.139497428,52.530201956));
#5791=DIRECTION('',(0.,-0.934654936,0.355556115));
#5792=DIRECTION('',(0.,-0.355556115,-0.934654936));
#5793=AXIS2_PLACEMENT_3D('',#5790,#5791,#5792);
#5794=PLANE('',#5793);
#5795=ORIENTED_EDGE('',*,*,#578,.F.);
#5796=ORIENTED_EDGE('',*,*,#5785,.F.);
#5797=CARTESIAN_POINT('',(1.,35.827977319,54.340017907));
#5798=VERTEX_POINT('',#5797);
#5799=CARTESIAN_POINT('',(1.,34.451017537,50.720386005));
#5800=DIRECTION('',(0.,0.355556115,0.934654936));
#5801=VECTOR('',#5800,3.872693294);
#5802=LINE('',#5799,#5801);
#5803=EDGE_CURVE('',#5774,#5798,#5802,.T.);
#5804=ORIENTED_EDGE('',*,*,#5803,.T.);
#5805=CARTESIAN_POINT('',(1.,35.827977319,54.340017907));
#5806=DIRECTION('',(-1.,0.,0.));
#5807=VECTOR('',#5806,1.);
#5808=LINE('',#5805,#5807);
#5809=EDGE_CURVE('',#5798,#573,#5808,.T.);
#5810=ORIENTED_EDGE('',*,*,#5809,.T.);
#5811=EDGE_LOOP('',(#5795,#5796,#5804,#5810));
#5812=FACE_BOUND('',#5811,.T.);
#5813=ADVANCED_FACE('',(#5812),#5794,.T.);
#5814=CARTESIAN_POINT('',(1.,35.504187271,54.340017907));
#5815=DIRECTION('',(0.,0.,-1.));
#5816=DIRECTION('',(-1.,0.,0.));
#5817=AXIS2_PLACEMENT_3D('',#5814,#5815,#5816);
#5818=PLANE('',#5817);
#5819=ORIENTED_EDGE('',*,*,#586,.F.);
#5820=ORIENTED_EDGE('',*,*,#5809,.F.);
#5821=CARTESIAN_POINT('',(1.,35.180397223,54.340017907));
#5822=VERTEX_POINT('',#5821);
#5823=CARTESIAN_POINT('',(1.,35.827977319,54.340017907));
#5824=DIRECTION('',(0.,-1.,0.));
#5825=VECTOR('',#5824,0.647580095);
#5826=LINE('',#5823,#5825);
#5827=EDGE_CURVE('',#5798,#5822,#5826,.T.);
#5828=ORIENTED_EDGE('',*,*,#5827,.T.);
#5829=CARTESIAN_POINT('',(1.,35.180397223,54.340017907));
#5830=DIRECTION('',(-1.,0.,0.));
#5831=VECTOR('',#5830,1.);
#5832=LINE('',#5829,#5831);
#5833=EDGE_CURVE('',#5822,#581,#5832,.T.);
#5834=ORIENTED_EDGE('',*,*,#5833,.T.);
#5835=EDGE_LOOP('',(#5819,#5820,#5828,#5834));
#5836=FACE_BOUND('',#5835,.T.);
#5837=ADVANCED_FACE('',(#5836),#5818,.T.);
#5838=CARTESIAN_POINT('',(1.,34.791849166,53.256173326));
#5839=DIRECTION('',(0.,0.941339404,-0.337461296));
#5840=DIRECTION('',(0.,0.337461296,0.941339404));
#5841=AXIS2_PLACEMENT_3D('',#5838,#5839,#5840);
#5842=PLANE('',#5841);
#5843=ORIENTED_EDGE('',*,*,#594,.F.);
#5844=ORIENTED_EDGE('',*,*,#5833,.F.);
#5845=CARTESIAN_POINT('',(1.,34.403301109,52.172328746));
#5846=VERTEX_POINT('',#5845);
#5847=CARTESIAN_POINT('',(1.,35.180397223,54.340017907));
#5848=DIRECTION('',(0.,-0.337461296,-0.941339404));
#5849=VECTOR('',#5848,2.302771086);
#5850=LINE('',#5847,#5849);
#5851=EDGE_CURVE('',#5822,#5846,#5850,.T.);
#5852=ORIENTED_EDGE('',*,*,#5851,.T.);
#5853=CARTESIAN_POINT('',(1.,34.403301109,52.172328746));
#5854=DIRECTION('',(-1.,0.,0.));
#5855=VECTOR('',#5854,1.);
#5856=LINE('',#5853,#5855);
#5857=EDGE_CURVE('',#5846,#589,#5856,.T.);
#5858=ORIENTED_EDGE('',*,*,#5857,.T.);
#5859=EDGE_LOOP('',(#5843,#5844,#5852,#5858));
#5860=FACE_BOUND('',#5859,.T.);
#5861=ADVANCED_FACE('',(#5860),#5842,.T.);
#5862=CARTESIAN_POINT('',(1.,34.403301109,52.172328746));
#5863=CARTESIAN_POINT('',(0.,34.403301109,52.172328746));
#5864=CARTESIAN_POINT('',(1.,34.277193406,51.821272168));
#5865=CARTESIAN_POINT('',(0.,34.277193406,51.821272168));
#5866=CARTESIAN_POINT('',(1.,34.171535601,51.442949059));
#5867=CARTESIAN_POINT('',(0.,34.171535601,51.442949059));
#5868=B_SPLINE_SURFACE_WITH_KNOTS('',2,1,((#5862,#5863),(#5864,#5865),(#5866,#5867)),.UNSPECIFIED.,.F.,.F.,.U.,(3,3),(2,2),(0.,0.568817915),(0.,1.),.UNSPECIFIED.);
#5869=ORIENTED_EDGE('',*,*,#602,.F.);
#5870=ORIENTED_EDGE('',*,*,#5857,.F.);
#5871=CARTESIAN_POINT('',(1.,34.171535601,51.442949059));
#5872=VERTEX_POINT('',#5871);
#5873=CARTESIAN_POINT('',(1.,34.403301109,52.172328746));
#5874=CARTESIAN_POINT('',(1.,34.277193406,51.821272168));
#5875=CARTESIAN_POINT('',(1.,34.171535601,51.442949059));
#5876=B_SPLINE_CURVE_WITH_KNOTS('',2,(#5873,#5874,#5875),.UNSPECIFIED.,.F.,.F.,(3,3),(0.,0.568817915),.UNSPECIFIED.);
#5877=EDGE_CURVE('',#5846,#5872,#5876,.T.);
#5878=ORIENTED_EDGE('',*,*,#5877,.T.);
#5879=CARTESIAN_POINT('',(1.,34.171535601,51.442949059));
#5880=DIRECTION('',(-1.,0.,0.));
#5881=VECTOR('',#5880,1.);
#5882=LINE('',#5879,#5881);
#5883=EDGE_CURVE('',#5872,#597,#5882,.T.);
#5884=ORIENTED_EDGE('',*,*,#5883,.T.);
#5885=EDGE_LOOP('',(#5869,#5870,#5878,#5884));
#5886=FACE_BOUND('',#5885,.T.);
#5887=ADVANCED_FACE('',(#5886),#5868,.T.);
#5888=CARTESIAN_POINT('',(1.,34.171535601,51.442949059));
#5889=CARTESIAN_POINT('',(0.,34.171535601,51.442949059));
#5890=CARTESIAN_POINT('',(1.,34.08973601,51.729247628));
#5891=CARTESIAN_POINT('',(0.,34.08973601,51.729247628));
#5892=CARTESIAN_POINT('',(1.,33.943178409,52.13142895));
#5893=CARTESIAN_POINT('',(0.,33.943178409,52.13142895));
#5894=B_SPLINE_SURFACE_WITH_KNOTS('',2,1,((#5888,#5889),(#5890,#5891),(#5892,#5893)),.UNSPECIFIED.,.F.,.F.,.U.,(3,3),(2,2),(0.568817915,1.),(0.,1.),.UNSPECIFIED.);
#5895=ORIENTED_EDGE('',*,*,#608,.F.);
#5896=ORIENTED_EDGE('',*,*,#5883,.F.);
#5897=CARTESIAN_POINT('',(1.,34.171535601,51.442949059));
#5898=CARTESIAN_POINT('',(1.,34.08973601,51.729247628));
#5899=CARTESIAN_POINT('',(1.,33.943178409,52.13142895));
#5900=B_SPLINE_CURVE_WITH_KNOTS('',2,(#5897,#5898,#5899),.UNSPECIFIED.,.F.,.F.,(3,3),(0.568817915,1.),.UNSPECIFIED.);
#5901=EDGE_CURVE('',#5872,#5694,#5900,.T.);
#5902=ORIENTED_EDGE('',*,*,#5901,.T.);
#5903=ORIENTED_EDGE('',*,*,#5699,.T.);
#5904=EDGE_LOOP('',(#5895,#5896,#5902,#5903));
#5905=FACE_BOUND('',#5904,.T.);
#5906=ADVANCED_FACE('',(#5905),#5894,.T.);
#5907=CARTESIAN_POINT('',(1.,0.,0.));
#5908=DIRECTION('',(1.,0.,0.));
#5909=DIRECTION('',(0.,1.,0.));
#5910=AXIS2_PLACEMENT_3D('',#5907,#5908,#5909);
#5911=PLANE('',#5910);
#5912=ORIENTED_EDGE('',*,*,#5707,.F.);
#5913=ORIENTED_EDGE('',*,*,#5901,.F.);
#5914=ORIENTED_EDGE('',*,*,#5877,.F.);
#5915=ORIENTED_EDGE('',*,*,#5851,.F.);
#5916=ORIENTED_EDGE('',*,*,#5827,.F.);
#5917=ORIENTED_EDGE('',*,*,#5803,.F.);
#5918=ORIENTED_EDGE('',*,*,#5779,.F.);
#5919=ORIENTED_EDGE('',*,*,#5755,.F.);
#5920=ORIENTED_EDGE('',*,*,#5731,.F.);
#5921=EDGE_LOOP('',(#5912,#5913,#5914,#5915,#5916,#5917,#5918,#5919,#5920));
#5922=FACE_BOUND('',#5921,.T.);
#5923=ADVANCED_FACE('',(#5922),#5911,.F.);
#5924=CARTESIAN_POINT('',(1.,46.811181991,39.894570297));
#5925=DIRECTION('',(0.,1.,0.));
#5926=DIRECTION('',(0.,0.,1.));
#5927=AXIS2_PLACEMENT_3D('',#5924,#5925,#5926);
#5928=PLANE('',#5927);
#5929=ORIENTED_EDGE('',*,*,#990,.F.);
#5930=CARTESIAN_POINT('',(1.,46.811181991,40.189389656));
#5931=VERTEX_POINT('',#5930);
#5932=CARTESIAN_POINT('',(1.,46.811181991,40.189389656));
#5933=DIRECTION('',(-1.,0.,0.));
#5934=VECTOR('',#5933,1.);
#5935=LINE('',#5932,#5934);
#5936=EDGE_CURVE('',#5931,#983,#5935,.T.);
#5937=ORIENTED_EDGE('',*,*,#5936,.F.);
#5938=CARTESIAN_POINT('',(1.,46.811181991,39.599750938));
#5939=VERTEX_POINT('',#5938);
#5940=CARTESIAN_POINT('',(1.,46.811181991,40.189389656));
#5941=DIRECTION('',(0.,0.,-1.));
#5942=VECTOR('',#5941,0.589638718);
#5943=LINE('',#5940,#5942);
#5944=EDGE_CURVE('',#5931,#5939,#5943,.T.);
#5945=ORIENTED_EDGE('',*,*,#5944,.T.);
#5946=CARTESIAN_POINT('',(1.,46.811181991,39.599750938));
#5947=DIRECTION('',(-1.,0.,0.));
#5948=VECTOR('',#5947,1.);
#5949=LINE('',#5946,#5948);
#5950=EDGE_CURVE('',#5939,#985,#5949,.T.);
#5951=ORIENTED_EDGE('',*,*,#5950,.T.);
#5952=EDGE_LOOP('',(#5929,#5937,#5945,#5951));
#5953=FACE_BOUND('',#5952,.T.);
#5954=ADVANCED_FACE('',(#5953),#5928,.T.);
#5955=CARTESIAN_POINT('',(1.,48.286982945,39.599750938));
#5956=DIRECTION('',(0.,0.,1.));
#5957=DIRECTION('',(1.,0.,0.));
#5958=AXIS2_PLACEMENT_3D('',#5955,#5956,#5957);
#5959=PLANE('',#5958);
#5960=ORIENTED_EDGE('',*,*,#998,.F.);
#5961=ORIENTED_EDGE('',*,*,#5950,.F.);
#5962=CARTESIAN_POINT('',(1.,49.762783899,39.599750938));
#5963=VERTEX_POINT('',#5962);
#5964=CARTESIAN_POINT('',(1.,46.811181991,39.599750938));
#5965=DIRECTION('',(0.,1.,0.));
#5966=VECTOR('',#5965,2.951601909);
#5967=LINE('',#5964,#5966);
#5968=EDGE_CURVE('',#5939,#5963,#5967,.T.);
#5969=ORIENTED_EDGE('',*,*,#5968,.T.);
#5970=CARTESIAN_POINT('',(1.,49.762783899,39.599750938));
#5971=DIRECTION('',(-1.,0.,0.));
#5972=VECTOR('',#5971,1.);
#5973=LINE('',#5970,#5972);
#5974=EDGE_CURVE('',#5963,#993,#5973,.T.);
#5975=ORIENTED_EDGE('',*,*,#5974,.T.);
#5976=EDGE_LOOP('',(#5960,#5961,#5969,#5975));
#5977=FACE_BOUND('',#5976,.T.);
#5978=ADVANCED_FACE('',(#5977),#5959,.T.);
#5979=CARTESIAN_POINT('',(1.,49.762783899,38.83458393));
#5980=DIRECTION('',(0.,1.,0.));
#5981=DIRECTION('',(0.,0.,1.));
#5982=AXIS2_PLACEMENT_3D('',#5979,#5980,#5981);
#5983=PLANE('',#5982);
#5984=ORIENTED_EDGE('',*,*,#1006,.F.);
#5985=ORIENTED_EDGE('',*,*,#5974,.F.);
#5986=CARTESIAN_POINT('',(1.,49.762783899,38.069416923));
#5987=VERTEX_POINT('',#5986);
#5988=CARTESIAN_POINT('',(1.,49.762783899,39.599750938));
#5989=DIRECTION('',(0.,0.,-1.));
#5990=VECTOR('',#5989,1.530334015);
#5991=LINE('',#5988,#5990);
#5992=EDGE_CURVE('',#5963,#5987,#5991,.T.);
#5993=ORIENTED_EDGE('',*,*,#5992,.T.);
#5994=CARTESIAN_POINT('',(1.,49.762783899,38.069416923));
#5995=DIRECTION('',(-1.,0.,0.));
#5996=VECTOR('',#5995,1.);
#5997=LINE('',#5994,#5996);
#5998=EDGE_CURVE('',#5987,#1001,#5997,.T.);
#5999=ORIENTED_EDGE('',*,*,#5998,.T.);
#6000=EDGE_LOOP('',(#5984,#5985,#5993,#5999));
#6001=FACE_BOUND('',#6000,.T.);
#6002=ADVANCED_FACE('',(#6001),#5983,.T.);
#6003=CARTESIAN_POINT('',(1.,48.380711643,38.069416923));
#6004=DIRECTION('',(0.,0.,-1.));
#6005=DIRECTION('',(-1.,0.,0.));
#6006=AXIS2_PLACEMENT_3D('',#6003,#6004,#6005);
#6007=PLANE('',#6006);
#6008=ORIENTED_EDGE('',*,*,#1014,.F.);
#6009=ORIENTED_EDGE('',*,*,#5998,.F.);
#6010=CARTESIAN_POINT('',(1.,46.998639387,38.069416923));
#6011=VERTEX_POINT('',#6010);
#6012=CARTESIAN_POINT('',(1.,49.762783899,38.069416923));
#6013=DIRECTION('',(0.,-1.,0.));
#6014=VECTOR('',#6013,2.764144513);
#6015=LINE('',#6012,#6014);
#6016=EDGE_CURVE('',#5987,#6011,#6015,.T.);
#6017=ORIENTED_EDGE('',*,*,#6016,.T.);
#6018=CARTESIAN_POINT('',(1.,46.998639387,38.069416923));
#6019=DIRECTION('',(-1.,0.,0.));
#6020=VECTOR('',#6019,1.);
#6021=LINE('',#6018,#6020);
#6022=EDGE_CURVE('',#6011,#1009,#6021,.T.);
#6023=ORIENTED_EDGE('',*,*,#6022,.T.);
#6024=EDGE_LOOP('',(#6008,#6009,#6017,#6023));
#6025=FACE_BOUND('',#6024,.T.);
#6026=ADVANCED_FACE('',(#6025),#6007,.T.);
#6027=CARTESIAN_POINT('',(1.,46.998639387,37.776301722));
#6028=DIRECTION('',(0.,1.,0.));
#6029=DIRECTION('',(0.,0.,1.));
#6030=AXIS2_PLACEMENT_3D('',#6027,#6028,#6029);
#6031=PLANE('',#6030);
#6032=ORIENTED_EDGE('',*,*,#1022,.F.);
#6033=ORIENTED_EDGE('',*,*,#6022,.F.);
#6034=CARTESIAN_POINT('',(1.,46.998639387,37.483186521));
#6035=VERTEX_POINT('',#6034);
#6036=CARTESIAN_POINT('',(1.,46.998639387,38.069416923));
#6037=DIRECTION('',(0.,0.,-1.));
#6038=VECTOR('',#6037,0.586230402);
#6039=LINE('',#6036,#6038);
#6040=EDGE_CURVE('',#6011,#6035,#6039,.T.);
#6041=ORIENTED_EDGE('',*,*,#6040,.T.);
#6042=CARTESIAN_POINT('',(1.,46.998639387,37.483186521));
#6043=DIRECTION('',(-1.,0.,0.));
#6044=VECTOR('',#6043,1.);
#6045=LINE('',#6042,#6044);
#6046=EDGE_CURVE('',#6035,#1017,#6045,.T.);
#6047=ORIENTED_EDGE('',*,*,#6046,.T.);
#6048=EDGE_LOOP('',(#6032,#6033,#6041,#6047));
#6049=FACE_BOUND('',#6048,.T.);
#6050=ADVANCED_FACE('',(#6049),#6031,.T.);
#6051=CARTESIAN_POINT('',(1.,48.380711643,37.483186521));
#6052=DIRECTION('',(0.,0.,1.));
#6053=DIRECTION('',(1.,0.,0.));
#6054=AXIS2_PLACEMENT_3D('',#6051,#6052,#6053);
#6055=PLANE('',#6054);
#6056=ORIENTED_EDGE('',*,*,#1030,.F.);
#6057=ORIENTED_EDGE('',*,*,#6046,.F.);
#6058=CARTESIAN_POINT('',(1.,49.762783899,37.483186521));
#6059=VERTEX_POINT('',#6058);
#6060=CARTESIAN_POINT('',(1.,46.998639387,37.483186521));
#6061=DIRECTION('',(0.,1.,0.));
#6062=VECTOR('',#6061,2.764144513);
#6063=LINE('',#6060,#6062);
#6064=EDGE_CURVE('',#6035,#6059,#6063,.T.);
#6065=ORIENTED_EDGE('',*,*,#6064,.T.);
#6066=CARTESIAN_POINT('',(1.,49.762783899,37.483186521));
#6067=DIRECTION('',(-1.,0.,0.));
#6068=VECTOR('',#6067,1.);
#6069=LINE('',#6066,#6068);
#6070=EDGE_CURVE('',#6059,#1025,#6069,.T.);
#6071=ORIENTED_EDGE('',*,*,#6070,.T.);
#6072=EDGE_LOOP('',(#6056,#6057,#6065,#6071));
#6073=FACE_BOUND('',#6072,.T.);
#6074=ADVANCED_FACE('',(#6073),#6055,.T.);
#6075=CARTESIAN_POINT('',(1.,49.762783899,36.632811606));
#6076=DIRECTION('',(0.,1.,0.));
#6077=DIRECTION('',(0.,0.,1.));
#6078=AXIS2_PLACEMENT_3D('',#6075,#6076,#6077);
#6079=PLANE('',#6078);
#6080=ORIENTED_EDGE('',*,*,#1038,.F.);
#6081=ORIENTED_EDGE('',*,*,#6070,.F.);
#6082=CARTESIAN_POINT('',(1.,49.762783899,35.782436691));
#6083=VERTEX_POINT('',#6082);
#6084=CARTESIAN_POINT('',(1.,49.762783899,37.483186521));
#6085=DIRECTION('',(0.,0.,-1.));
#6086=VECTOR('',#6085,1.70074983);
#6087=LINE('',#6084,#6086);
#6088=EDGE_CURVE('',#6059,#6083,#6087,.T.);
#6089=ORIENTED_EDGE('',*,*,#6088,.T.);
#6090=CARTESIAN_POINT('',(1.,49.762783899,35.782436691));
#6091=DIRECTION('',(-1.,0.,0.));
#6092=VECTOR('',#6091,1.);
#6093=LINE('',#6090,#6092);
#6094=EDGE_CURVE('',#6083,#1033,#6093,.T.);
#6095=ORIENTED_EDGE('',*,*,#6094,.T.);
#6096=EDGE_LOOP('',(#6080,#6081,#6089,#6095));
#6097=FACE_BOUND('',#6096,.T.);
#6098=ADVANCED_FACE('',(#6097),#6079,.T.);
#6099=CARTESIAN_POINT('',(1.,48.229041568,35.782436691));
#6100=DIRECTION('',(0.,0.,-1.));
#6101=DIRECTION('',(-1.,0.,0.));
#6102=AXIS2_PLACEMENT_3D('',#6099,#6100,#6101);
#6103=PLANE('',#6102);
#6104=ORIENTED_EDGE('',*,*,#1046,.F.);
#6105=ORIENTED_EDGE('',*,*,#6094,.F.);
#6106=CARTESIAN_POINT('',(1.,46.695299237,35.782436691));
#6107=VERTEX_POINT('',#6106);
#6108=CARTESIAN_POINT('',(1.,49.762783899,35.782436691));
#6109=DIRECTION('',(0.,-1.,0.));
#6110=VECTOR('',#6109,3.067484663);
#6111=LINE('',#6108,#6110);
#6112=EDGE_CURVE('',#6083,#6107,#6111,.T.);
#6113=ORIENTED_EDGE('',*,*,#6112,.T.);
#6114=CARTESIAN_POINT('',(1.,46.695299237,35.782436691));
#6115=DIRECTION('',(-1.,0.,0.));
#6116=VECTOR('',#6115,1.);
#6117=LINE('',#6114,#6116);
#6118=EDGE_CURVE('',#6107,#1041,#6117,.T.);
#6119=ORIENTED_EDGE('',*,*,#6118,.T.);
#6120=EDGE_LOOP('',(#6104,#6105,#6113,#6119));
#6121=FACE_BOUND('',#6120,.T.);
#6122=ADVANCED_FACE('',(#6121),#6103,.T.);
#6123=CARTESIAN_POINT('',(1.,46.695299237,35.487617332));
#6124=DIRECTION('',(0.,1.,0.));
#6125=DIRECTION('',(0.,0.,1.));
#6126=AXIS2_PLACEMENT_3D('',#6123,#6124,#6125);
#6127=PLANE('',#6126);
#6128=ORIENTED_EDGE('',*,*,#1054,.F.);
#6129=ORIENTED_EDGE('',*,*,#6118,.F.);
#6130=CARTESIAN_POINT('',(1.,46.695299237,35.192797973));
#6131=VERTEX_POINT('',#6130);
#6132=CARTESIAN_POINT('',(1.,46.695299237,35.782436691));
#6133=DIRECTION('',(0.,0.,-1.));
#6134=VECTOR('',#6133,0.589638718);
#6135=LINE('',#6132,#6134);
#6136=EDGE_CURVE('',#6107,#6131,#6135,.T.);
#6137=ORIENTED_EDGE('',*,*,#6136,.T.);
#6138=CARTESIAN_POINT('',(1.,46.695299237,35.192797973));
#6139=DIRECTION('',(-1.,0.,0.));
#6140=VECTOR('',#6139,1.);
#6141=LINE('',#6138,#6140);
#6142=EDGE_CURVE('',#6131,#1049,#6141,.T.);
#6143=ORIENTED_EDGE('',*,*,#6142,.T.);
#6144=EDGE_LOOP('',(#6128,#6129,#6137,#6143));
#6145=FACE_BOUND('',#6144,.T.);
#6146=ADVANCED_FACE('',(#6145),#6127,.T.);
#6147=CARTESIAN_POINT('',(1.,48.559648248,35.192797973));
#6148=DIRECTION('',(0.,0.,1.));
#6149=DIRECTION('',(1.,0.,0.));
#6150=AXIS2_PLACEMENT_3D('',#6147,#6148,#6149);
#6151=PLANE('',#6150);
#6152=ORIENTED_EDGE('',*,*,#1062,.F.);
#6153=ORIENTED_EDGE('',*,*,#6142,.F.);
#6154=CARTESIAN_POINT('',(1.,50.42399726,35.192797973));
#6155=VERTEX_POINT('',#6154);
#6156=CARTESIAN_POINT('',(1.,46.695299237,35.192797973));
#6157=DIRECTION('',(0.,1.,0.));
#6158=VECTOR('',#6157,3.728698023);
#6159=LINE('',#6156,#6158);
#6160=EDGE_CURVE('',#6131,#6155,#6159,.T.);
#6161=ORIENTED_EDGE('',*,*,#6160,.T.);
#6162=CARTESIAN_POINT('',(1.,50.42399726,35.192797973));
#6163=DIRECTION('',(-1.,0.,0.));
#6164=VECTOR('',#6163,1.);
#6165=LINE('',#6162,#6164);
#6166=EDGE_CURVE('',#6155,#1057,#6165,.T.);
#6167=ORIENTED_EDGE('',*,*,#6166,.T.);
#6168=EDGE_LOOP('',(#6152,#6153,#6161,#6167));
#6169=FACE_BOUND('',#6168,.T.);
#6170=ADVANCED_FACE('',(#6169),#6151,.T.);
#6171=CARTESIAN_POINT('',(1.,50.42399726,37.691093815));
#6172=DIRECTION('',(0.,-1.,0.));
#6173=DIRECTION('',(0.,0.,-1.));
#6174=AXIS2_PLACEMENT_3D('',#6171,#6172,#6173);
#6175=PLANE('',#6174);
#6176=ORIENTED_EDGE('',*,*,#1070,.F.);
#6177=ORIENTED_EDGE('',*,*,#6166,.F.);
#6178=CARTESIAN_POINT('',(1.,50.42399726,40.189389656));
#6179=VERTEX_POINT('',#6178);
#6180=CARTESIAN_POINT('',(1.,50.42399726,35.192797973));
#6181=DIRECTION('',(0.,0.,1.));
#6182=VECTOR('',#6181,4.996591684);
#6183=LINE('',#6180,#6182);
#6184=EDGE_CURVE('',#6155,#6179,#6183,.T.);
#6185=ORIENTED_EDGE('',*,*,#6184,.T.);
#6186=CARTESIAN_POINT('',(1.,50.42399726,40.189389656));
#6187=DIRECTION('',(-1.,0.,0.));
#6188=VECTOR('',#6187,1.);
#6189=LINE('',#6186,#6188);
#6190=EDGE_CURVE('',#6179,#1065,#6189,.T.);
#6191=ORIENTED_EDGE('',*,*,#6190,.T.);
#6192=EDGE_LOOP('',(#6176,#6177,#6185,#6191));
#6193=FACE_BOUND('',#6192,.T.);
#6194=ADVANCED_FACE('',(#6193),#6175,.T.);
#6195=CARTESIAN_POINT('',(1.,48.617589625,40.189389656));
#6196=DIRECTION('',(0.,0.,-1.));
#6197=DIRECTION('',(-1.,0.,0.));
#6198=AXIS2_PLACEMENT_3D('',#6195,#6196,#6197);
#6199=PLANE('',#6198);
#6200=ORIENTED_EDGE('',*,*,#1076,.F.);
#6201=ORIENTED_EDGE('',*,*,#6190,.F.);
#6202=CARTESIAN_POINT('',(1.,50.42399726,40.189389656));
#6203=DIRECTION('',(0.,-1.,0.));
#6204=VECTOR('',#6203,3.612815269);
#6205=LINE('',#6202,#6204);
#6206=EDGE_CURVE('',#6179,#5931,#6205,.T.);
#6207=ORIENTED_EDGE('',*,*,#6206,.T.);
#6208=ORIENTED_EDGE('',*,*,#5936,.T.);
#6209=EDGE_LOOP('',(#6200,#6201,#6207,#6208));
#6210=FACE_BOUND('',#6209,.T.);
#6211=ADVANCED_FACE('',(#6210),#6199,.T.);
#6212=CARTESIAN_POINT('',(1.,0.,0.));
#6213=DIRECTION('',(1.,0.,0.));
#6214=DIRECTION('',(0.,1.,0.));
#6215=AXIS2_PLACEMENT_3D('',#6212,#6213,#6214);
#6216=PLANE('',#6215);
#6217=ORIENTED_EDGE('',*,*,#5944,.F.);
#6218=ORIENTED_EDGE('',*,*,#6206,.F.);
#6219=ORIENTED_EDGE('',*,*,#6184,.F.);
#6220=ORIENTED_EDGE('',*,*,#6160,.F.);
#6221=ORIENTED_EDGE('',*,*,#6136,.F.);
#6222=ORIENTED_EDGE('',*,*,#6112,.F.);
#6223=ORIENTED_EDGE('',*,*,#6088,.F.);
#6224=ORIENTED_EDGE('',*,*,#6064,.F.);
#6225=ORIENTED_EDGE('',*,*,#6040,.F.);
#6226=ORIENTED_EDGE('',*,*,#6016,.F.);
#6227=ORIENTED_EDGE('',*,*,#5992,.F.);
#6228=ORIENTED_EDGE('',*,*,#5968,.F.);
#6229=EDGE_LOOP('',(#6217,#6218,#6219,#6220,#6221,#6222,#6223,#6224,#6225,#6226,#6227,#6228));
#6230=FACE_BOUND('',#6229,.T.);
#6231=ADVANCED_FACE('',(#6230),#6216,.F.);
#6232=CARTESIAN_POINT('',(1.,45.498980218,36.368667093));
#6233=CARTESIAN_POINT('',(0.,45.498980218,36.368667093));
#6234=CARTESIAN_POINT('',(1.,45.447855474,36.00397725));
#6235=CARTESIAN_POINT('',(0.,45.447855474,36.00397725));
#6236=CARTESIAN_POINT('',(1.,45.214385808,35.809703222));
#6237=CARTESIAN_POINT('',(0.,45.214385808,35.809703222));
#6238=CARTESIAN_POINT('',(1.,44.980916142,35.615429193));
#6239=CARTESIAN_POINT('',(0.,44.980916142,35.615429193));
#6240=CARTESIAN_POINT('',(1.,44.561693238,35.615429193));
#6241=CARTESIAN_POINT('',(0.,44.561693238,35.615429193));
#6242=CARTESIAN_POINT('',(1.,44.139062018,35.615429193));
#6243=CARTESIAN_POINT('',(0.,44.139062018,35.615429193));
#6244=CARTESIAN_POINT('',(1.,43.93456304,35.787549166));
#6245=CARTESIAN_POINT('',(0.,43.93456304,35.787549166));
#6246=CARTESIAN_POINT('',(1.,43.730064063,35.959669138));
#6247=CARTESIAN_POINT('',(0.,43.730064063,35.959669138));
#6248=CARTESIAN_POINT('',(1.,43.730064063,36.191434646));
#6249=CARTESIAN_POINT('',(0.,43.730064063,36.191434646));
#6250=CARTESIAN_POINT('',(1.,43.730064063,36.39934194));
#6251=CARTESIAN_POINT('',(0.,43.730064063,36.39934194));
#6252=CARTESIAN_POINT('',(1.,43.910704826,36.51863301));
#6253=CARTESIAN_POINT('',(0.,43.910704826,36.51863301));
#6254=B_SPLINE_SURFACE_WITH_KNOTS('',2,1,((#6232,#6233),(#6234,#6235),(#6236,#6237),(#6238,#6239),(#6240,#6241),(#6242,#6243),(#6244,#6245),(#6246,#6247),(#6248,#6249),(#6250,#6251),(#6252,#6253)),.UNSPECIFIED.,.F.,.F.,.U.,(3,2,2,2,2,3),(2,2),(0.,0.074438042,0.148876084,0.223919313,0.298962542,0.366280733),(0.,1.),.UNSPECIFIED.);
#6255=ORIENTED_EDGE('',*,*,#426,.F.);
#6256=CARTESIAN_POINT('',(1.,45.498980218,36.368667093));
#6257=VERTEX_POINT('',#6256);
#6258=CARTESIAN_POINT('',(1.,45.498980218,36.368667093));
#6259=DIRECTION('',(-1.,0.,0.));
#6260=VECTOR('',#6259,1.);
#6261=LINE('',#6258,#6260);
#6262=EDGE_CURVE('',#6257,#411,#6261,.T.);
#6263=ORIENTED_EDGE('',*,*,#6262,.F.);
#6264=CARTESIAN_POINT('',(1.,43.910704826,36.51863301));
#6265=VERTEX_POINT('',#6264);
#6266=CARTESIAN_POINT('',(1.,45.498980218,36.368667093));
#6267=CARTESIAN_POINT('',(1.,45.447855474,36.00397725));
#6268=CARTESIAN_POINT('',(1.,45.214385808,35.809703222));
#6269=CARTESIAN_POINT('',(1.,44.980916142,35.615429193));
#6270=CARTESIAN_POINT('',(1.,44.561693238,35.615429193));
#6271=CARTESIAN_POINT('',(1.,44.139062018,35.615429193));
#6272=CARTESIAN_POINT('',(1.,43.93456304,35.787549166));
#6273=CARTESIAN_POINT('',(1.,43.730064063,35.959669138));
#6274=CARTESIAN_POINT('',(1.,43.730064063,36.191434646));
#6275=CARTESIAN_POINT('',(1.,43.730064063,36.39934194));
#6276=CARTESIAN_POINT('',(1.,43.910704826,36.51863301));
#6277=B_SPLINE_CURVE_WITH_KNOTS('',2,(#6266,#6267,#6268,#6269,#6270,#6271,#6272,#6273,#6274,#6275,#6276),.UNSPECIFIED.,.F.,.F.,(3,2,2,2,2,3),(0.,0.074438042,0.148876084,0.223919313,0.298962542,0.366280733),.UNSPECIFIED.);
#6278=EDGE_CURVE('',#6257,#6265,#6277,.T.);
#6279=ORIENTED_EDGE('',*,*,#6278,.T.);
#6280=CARTESIAN_POINT('',(1.,43.910704826,36.51863301));
#6281=DIRECTION('',(-1.,0.,0.));
#6282=VECTOR('',#6281,1.);
#6283=LINE('',#6280,#6282);
#6284=EDGE_CURVE('',#6265,#413,#6283,.T.);
#6285=ORIENTED_EDGE('',*,*,#6284,.T.);
#6286=EDGE_LOOP('',(#6255,#6263,#6279,#6285));
#6287=FACE_BOUND('',#6286,.T.);
#6288=ADVANCED_FACE('',(#6287),#6254,.T.);
#6289=CARTESIAN_POINT('',(1.,43.910704826,36.51863301));
#6290=CARTESIAN_POINT('',(0.,43.910704826,36.51863301));
#6291=CARTESIAN_POINT('',(1.,44.036812529,36.600432601));
#6292=CARTESIAN_POINT('',(0.,44.036812529,36.600432601));
#6293=CARTESIAN_POINT('',(1.,44.537835024,36.726540304));
#6294=CARTESIAN_POINT('',(0.,44.537835024,36.726540304));
#6295=B_SPLINE_SURFACE_WITH_KNOTS('',2,1,((#6289,#6290),(#6291,#6292),(#6293,#6294)),.UNSPECIFIED.,.F.,.F.,.U.,(3,3),(2,2),(0.366280733,0.413024563),(0.,1.),.UNSPECIFIED.);
#6296=ORIENTED_EDGE('',*,*,#434,.F.);
#6297=ORIENTED_EDGE('',*,*,#6284,.F.);
#6298=CARTESIAN_POINT('',(1.,44.537835024,36.726540304));
#6299=VERTEX_POINT('',#6298);
#6300=CARTESIAN_POINT('',(1.,43.910704826,36.51863301));
#6301=CARTESIAN_POINT('',(1.,44.036812529,36.600432601));
#6302=CARTESIAN_POINT('',(1.,44.537835024,36.726540304));
#6303=B_SPLINE_CURVE_WITH_KNOTS('',2,(#6300,#6301,#6302),.UNSPECIFIED.,.F.,.F.,(3,3),(0.366280733,0.413024563),.UNSPECIFIED.);
#6304=EDGE_CURVE('',#6265,#6299,#6303,.T.);
#6305=ORIENTED_EDGE('',*,*,#6304,.T.);
#6306=CARTESIAN_POINT('',(1.,44.537835024,36.726540304));
#6307=DIRECTION('',(-1.,0.,0.));
#6308=VECTOR('',#6307,1.);
#6309=LINE('',#6306,#6308);
#6310=EDGE_CURVE('',#6299,#429,#6309,.T.);
#6311=ORIENTED_EDGE('',*,*,#6310,.T.);
#6312=EDGE_LOOP('',(#6296,#6297,#6305,#6311));
#6313=FACE_BOUND('',#6312,.T.);
#6314=ADVANCED_FACE('',(#6313),#6295,.T.);
#6315=CARTESIAN_POINT('',(1.,44.537835024,36.726540304));
#6316=CARTESIAN_POINT('',(0.,44.537835024,36.726540304));
#6317=CARTESIAN_POINT('',(1.,45.21268165,36.896956119));
#6318=CARTESIAN_POINT('',(0.,45.21268165,36.896956119));
#6319=CARTESIAN_POINT('',(1.,45.473417846,37.021359663));
#6320=CARTESIAN_POINT('',(0.,45.473417846,37.021359663));
#6321=CARTESIAN_POINT('',(1.,45.734154042,37.145763208));
#6322=CARTESIAN_POINT('',(0.,45.734154042,37.145763208));
#6323=CARTESIAN_POINT('',(1.,45.868782536,37.365599609));
#6324=CARTESIAN_POINT('',(0.,45.868782536,37.365599609));
#6325=CARTESIAN_POINT('',(1.,46.00341103,37.58543601));
#6326=CARTESIAN_POINT('',(0.,46.00341103,37.58543601));
#6327=CARTESIAN_POINT('',(1.,46.00341103,37.85128468));
#6328=CARTESIAN_POINT('',(0.,46.00341103,37.85128468));
#6329=CARTESIAN_POINT('',(1.,46.00341103,38.093275137));
#6330=CARTESIAN_POINT('',(0.,46.00341103,38.093275137));
#6331=CARTESIAN_POINT('',(1.,45.89264075,38.299478273));
#6332=CARTESIAN_POINT('',(0.,45.89264075,38.299478273));
#6333=CARTESIAN_POINT('',(1.,45.781870471,38.505681408));
#6334=CARTESIAN_POINT('',(0.,45.781870471,38.505681408));
#6335=CARTESIAN_POINT('',(1.,45.591004758,38.64201406));
#6336=CARTESIAN_POINT('',(0.,45.591004758,38.64201406));
#6337=B_SPLINE_SURFACE_WITH_KNOTS('',2,1,((#6315,#6316),(#6317,#6318),(#6319,#6320),(#6321,#6322),(#6323,#6324),(#6325,#6326),(#6327,#6328),(#6329,#6330),(#6331,#6332),(#6333,#6334),(#6335,#6336)),.UNSPECIFIED.,.F.,.F.,.U.,(3,2,2,2,2,3),(2,2),(0.413024563,0.475997947,0.538971332,0.601944716,0.659266643,0.71658857),(0.,1.),.UNSPECIFIED.);
#6338=ORIENTED_EDGE('',*,*,#450,.F.);
#6339=ORIENTED_EDGE('',*,*,#6310,.F.);
#6340=CARTESIAN_POINT('',(1.,45.591004758,38.64201406));
#6341=VERTEX_POINT('',#6340);
#6342=CARTESIAN_POINT('',(1.,44.537835024,36.726540304));
#6343=CARTESIAN_POINT('',(1.,45.21268165,36.896956119));
#6344=CARTESIAN_POINT('',(1.,45.473417846,37.021359663));
#6345=CARTESIAN_POINT('',(1.,45.734154042,37.145763208));
#6346=CARTESIAN_POINT('',(1.,45.868782536,37.365599609));
#6347=CARTESIAN_POINT('',(1.,46.00341103,37.58543601));
#6348=CARTESIAN_POINT('',(1.,46.00341103,37.85128468));
#6349=CARTESIAN_POINT('',(1.,46.00341103,38.093275137));
#6350=CARTESIAN_POINT('',(1.,45.89264075,38.299478273));
#6351=CARTESIAN_POINT('',(1.,45.781870471,38.505681408));
#6352=CARTESIAN_POINT('',(1.,45.591004758,38.64201406));
#6353=B_SPLINE_CURVE_WITH_KNOTS('',2,(#6342,#6343,#6344,#6345,#6346,#6347,#6348,#6349,#6350,#6351,#6352),.UNSPECIFIED.,.F.,.F.,(3,2,2,2,2,3),(0.413024563,0.475997947,0.538971332,0.601944716,0.659266643,0.71658857),.UNSPECIFIED.);
#6354=EDGE_CURVE('',#6299,#6341,#6353,.T.);
#6355=ORIENTED_EDGE('',*,*,#6354,.T.);
#6356=CARTESIAN_POINT('',(1.,45.591004758,38.64201406));
#6357=DIRECTION('',(-1.,0.,0.));
#6358=VECTOR('',#6357,1.);
#6359=LINE('',#6356,#6358);
#6360=EDGE_CURVE('',#6341,#437,#6359,.T.);
#6361=ORIENTED_EDGE('',*,*,#6360,.T.);
#6362=EDGE_LOOP('',(#6338,#6339,#6355,#6361));
#6363=FACE_BOUND('',#6362,.T.);
#6364=ADVANCED_FACE('',(#6363),#6337,.T.);
#6365=CARTESIAN_POINT('',(1.,45.591004758,38.64201406));
#6366=CARTESIAN_POINT('',(0.,45.591004758,38.64201406));
#6367=CARTESIAN_POINT('',(1.,45.447855474,38.747671865));
#6368=CARTESIAN_POINT('',(0.,45.447855474,38.747671865));
#6369=CARTESIAN_POINT('',(1.,45.200752543,38.820950665));
#6370=CARTESIAN_POINT('',(0.,45.200752543,38.820950665));
#6371=CARTESIAN_POINT('',(1.,44.953649612,38.894229466));
#6372=CARTESIAN_POINT('',(0.,44.953649612,38.894229466));
#6373=CARTESIAN_POINT('',(1.,44.670759359,38.894229466));
#6374=CARTESIAN_POINT('',(0.,44.670759359,38.894229466));
#6375=CARTESIAN_POINT('',(1.,44.244719823,38.894229466));
#6376=CARTESIAN_POINT('',(0.,44.244719823,38.894229466));
#6377=CARTESIAN_POINT('',(1.,43.922633933,38.771530079));
#6378=CARTESIAN_POINT('',(0.,43.922633933,38.771530079));
#6379=CARTESIAN_POINT('',(1.,43.600548044,38.648830693));
#6380=CARTESIAN_POINT('',(0.,43.600548044,38.648830693));
#6381=CARTESIAN_POINT('',(1.,43.447173811,38.439219241));
#6382=CARTESIAN_POINT('',(0.,43.447173811,38.439219241));
#6383=CARTESIAN_POINT('',(1.,43.293799578,38.229607789));
#6384=CARTESIAN_POINT('',(0.,43.293799578,38.229607789));
#6385=CARTESIAN_POINT('',(1.,43.235858201,37.878551211));
#6386=CARTESIAN_POINT('',(0.,43.235858201,37.878551211));
#6387=B_SPLINE_SURFACE_WITH_KNOTS('',2,1,((#6365,#6366),(#6367,#6368),(#6369,#6370),(#6371,#6372),(#6373,#6374),(#6375,#6376),(#6377,#6378),(#6379,#6380),(#6381,#6382),(#6383,#6384),(#6385,#6386)),.UNSPECIFIED.,.F.,.F.,.U.,(3,2,2,2,2,3),(2,2),(0.71658857,0.760069437,0.803550303,0.869033535,0.934516768,1.),(0.,1.),.UNSPECIFIED.);
#6388=ORIENTED_EDGE('',*,*,#466,.F.);
#6389=ORIENTED_EDGE('',*,*,#6360,.F.);
#6390=CARTESIAN_POINT('',(1.,43.235858201,37.878551211));
#6391=VERTEX_POINT('',#6390);
#6392=CARTESIAN_POINT('',(1.,45.591004758,38.64201406));
#6393=CARTESIAN_POINT('',(1.,45.447855474,38.747671865));
#6394=CARTESIAN_POINT('',(1.,45.200752543,38.820950665));
#6395=CARTESIAN_POINT('',(1.,44.953649612,38.894229466));
#6396=CARTESIAN_POINT('',(1.,44.670759359,38.894229466));
#6397=CARTESIAN_POINT('',(1.,44.244719823,38.894229466));
#6398=CARTESIAN_POINT('',(1.,43.922633933,38.771530079));
#6399=CARTESIAN_POINT('',(1.,43.600548044,38.648830693));
#6400=CARTESIAN_POINT('',(1.,43.447173811,38.439219241));
#6401=CARTESIAN_POINT('',(1.,43.293799578,38.229607789));
#6402=CARTESIAN_POINT('',(1.,43.235858201,37.878551211));
#6403=B_SPLINE_CURVE_WITH_KNOTS('',2,(#6392,#6393,#6394,#6395,#6396,#6397,#6398,#6399,#6400,#6401,#6402),.UNSPECIFIED.,.F.,.F.,(3,2,2,2,2,3),(0.71658857,0.760069437,0.803550303,0.869033535,0.934516768,1.),.UNSPECIFIED.);
#6404=EDGE_CURVE('',#6341,#6391,#6403,.T.);
#6405=ORIENTED_EDGE('',*,*,#6404,.T.);
#6406=CARTESIAN_POINT('',(1.,43.235858201,37.878551211));
#6407=DIRECTION('',(-1.,0.,0.));
#6408=VECTOR('',#6407,1.);
#6409=LINE('',#6406,#6408);
#6410=EDGE_CURVE('',#6391,#453,#6409,.T.);
#6411=ORIENTED_EDGE('',*,*,#6410,.T.);
#6412=EDGE_LOOP('',(#6388,#6389,#6405,#6411));
#6413=FACE_BOUND('',#6412,.T.);
#6414=ADVANCED_FACE('',(#6413),#6387,.T.);
#6415=CARTESIAN_POINT('',(1.,43.535790034,37.837651415));
#6416=DIRECTION('',(0.,0.135113205,0.990830168));
#6417=DIRECTION('',(0.,-0.990830168,0.135113205));
#6418=AXIS2_PLACEMENT_3D('',#6415,#6416,#6417);
#6419=PLANE('',#6418);
#6420=ORIENTED_EDGE('',*,*,#474,.F.);
#6421=ORIENTED_EDGE('',*,*,#6410,.F.);
#6422=CARTESIAN_POINT('',(1.,43.835721868,37.79675162));
#6423=VERTEX_POINT('',#6422);
#6424=CARTESIAN_POINT('',(1.,43.235858201,37.878551211));
#6425=DIRECTION('',(0.,0.990830168,-0.135113205));
#6426=VECTOR('',#6425,0.605415223);
#6427=LINE('',#6424,#6426);
#6428=EDGE_CURVE('',#6391,#6423,#6427,.T.);
#6429=ORIENTED_EDGE('',*,*,#6428,.T.);
#6430=CARTESIAN_POINT('',(1.,43.835721868,37.79675162));
#6431=DIRECTION('',(-1.,0.,0.));
#6432=VECTOR('',#6431,1.);
#6433=LINE('',#6430,#6432);
#6434=EDGE_CURVE('',#6423,#469,#6433,.T.);
#6435=ORIENTED_EDGE('',*,*,#6434,.T.);
#6436=EDGE_LOOP('',(#6420,#6421,#6429,#6435));
#6437=FACE_BOUND('',#6436,.T.);
#6438=ADVANCED_FACE('',(#6437),#6419,.T.);
#6439=CARTESIAN_POINT('',(1.,43.835721868,37.79675162));
#6440=CARTESIAN_POINT('',(0.,43.835721868,37.79675162));
#6441=CARTESIAN_POINT('',(1.,43.876621663,38.076233556));
#6442=CARTESIAN_POINT('',(0.,43.876621663,38.076233556));
#6443=CARTESIAN_POINT('',(1.,44.07259985,38.233016105));
#6444=CARTESIAN_POINT('',(0.,44.07259985,38.233016105));
#6445=CARTESIAN_POINT('',(1.,44.268578037,38.389798654));
#6446=CARTESIAN_POINT('',(0.,44.268578037,38.389798654));
#6447=CARTESIAN_POINT('',(1.,44.626451248,38.389798654));
#6448=CARTESIAN_POINT('',(0.,44.626451248,38.389798654));
#6449=CARTESIAN_POINT('',(1.,45.049082468,38.389798654));
#6450=CARTESIAN_POINT('',(0.,45.049082468,38.389798654));
#6451=CARTESIAN_POINT('',(1.,45.229723231,38.250057686));
#6452=CARTESIAN_POINT('',(0.,45.229723231,38.250057686));
#6453=CARTESIAN_POINT('',(1.,45.410363995,38.110316718));
#6454=CARTESIAN_POINT('',(0.,45.410363995,38.110316718));
#6455=CARTESIAN_POINT('',(1.,45.410363995,37.922859322));
#6456=CARTESIAN_POINT('',(0.,45.410363995,37.922859322));
#6457=CARTESIAN_POINT('',(1.,45.410363995,37.803568252));
#6458=CARTESIAN_POINT('',(0.,45.410363995,37.803568252));
#6459=CARTESIAN_POINT('',(1.,45.335381036,37.708135396));
#6460=CARTESIAN_POINT('',(0.,45.335381036,37.708135396));
#6461=B_SPLINE_SURFACE_WITH_KNOTS('',2,1,((#6439,#6440),(#6441,#6442),(#6443,#6444),(#6445,#6446),(#6447,#6448),(#6449,#6450),(#6451,#6452),(#6453,#6454),(#6455,#6456),(#6457,#6458),(#6459,#6460)),.UNSPECIFIED.,.F.,.F.,.U.,(3,2,2,2,2,3),(2,2),(0.,0.082631321,0.165262642,0.262846297,0.360429952,0.422528642),(0.,1.),.UNSPECIFIED.);
#6462=ORIENTED_EDGE('',*,*,#490,.F.);
#6463=ORIENTED_EDGE('',*,*,#6434,.F.);
#6464=CARTESIAN_POINT('',(1.,45.335381036,37.708135396));
#6465=VERTEX_POINT('',#6464);
#6466=CARTESIAN_POINT('',(1.,43.835721868,37.79675162));
#6467=CARTESIAN_POINT('',(1.,43.876621663,38.076233556));
#6468=CARTESIAN_POINT('',(1.,44.07259985,38.233016105));
#6469=CARTESIAN_POINT('',(1.,44.268578037,38.389798654));
#6470=CARTESIAN_POINT('',(1.,44.626451248,38.389798654));
#6471=CARTESIAN_POINT('',(1.,45.049082468,38.389798654));
#6472=CARTESIAN_POINT('',(1.,45.229723231,38.250057686));
#6473=CARTESIAN_POINT('',(1.,45.410363995,38.110316718));
#6474=CARTESIAN_POINT('',(1.,45.410363995,37.922859322));
#6475=CARTESIAN_POINT('',(1.,45.410363995,37.803568252));
#6476=CARTESIAN_POINT('',(1.,45.335381036,37.708135396));
#6477=B_SPLINE_CURVE_WITH_KNOTS('',2,(#6466,#6467,#6468,#6469,#6470,#6471,#6472,#6473,#6474,#6475,#6476),.UNSPECIFIED.,.F.,.F.,(3,2,2,2,2,3),(0.,0.082631321,0.165262642,0.262846297,0.360429952,0.422528642),.UNSPECIFIED.);
#6478=EDGE_CURVE('',#6423,#6465,#6477,.T.);
#6479=ORIENTED_EDGE('',*,*,#6478,.T.);
#6480=CARTESIAN_POINT('',(1.,45.335381036,37.708135396));
#6481=DIRECTION('',(-1.,0.,0.));
#6482=VECTOR('',#6481,1.);
#6483=LINE('',#6480,#6482);
#6484=EDGE_CURVE('',#6465,#477,#6483,.T.);
#6485=ORIENTED_EDGE('',*,*,#6484,.T.);
#6486=EDGE_LOOP('',(#6462,#6463,#6479,#6485));
#6487=FACE_BOUND('',#6486,.T.);
#6488=ADVANCED_FACE('',(#6487),#6461,.T.);
#6489=CARTESIAN_POINT('',(1.,45.335381036,37.708135396));
#6490=CARTESIAN_POINT('',(0.,45.335381036,37.708135396));
#6491=CARTESIAN_POINT('',(1.,45.260398078,37.609294224));
#6492=CARTESIAN_POINT('',(0.,45.260398078,37.609294224));
#6493=CARTESIAN_POINT('',(1.,45.100207212,37.544536214));
#6494=CARTESIAN_POINT('',(0.,45.100207212,37.544536214));
#6495=B_SPLINE_SURFACE_WITH_KNOTS('',2,1,((#6489,#6490),(#6491,#6492),(#6493,#6494)),.UNSPECIFIED.,.F.,.F.,.U.,(3,3),(2,2),(0.422528642,0.48600774),(0.,1.),.UNSPECIFIED.);
#6496=ORIENTED_EDGE('',*,*,#498,.F.);
#6497=ORIENTED_EDGE('',*,*,#6484,.F.);
#6498=CARTESIAN_POINT('',(1.,45.100207212,37.544536214));
#6499=VERTEX_POINT('',#6498);
#6500=CARTESIAN_POINT('',(1.,45.335381036,37.708135396));
#6501=CARTESIAN_POINT('',(1.,45.260398078,37.609294224));
#6502=CARTESIAN_POINT('',(1.,45.100207212,37.544536214));
#6503=B_SPLINE_CURVE_WITH_KNOTS('',2,(#6500,#6501,#6502),.UNSPECIFIED.,.F.,.F.,(3,3),(0.422528642,0.48600774),.UNSPECIFIED.);
#6504=EDGE_CURVE('',#6465,#6499,#6503,.T.);
#6505=ORIENTED_EDGE('',*,*,#6504,.T.);
#6506=CARTESIAN_POINT('',(1.,45.100207212,37.544536214));
#6507=DIRECTION('',(-1.,0.,0.));
#6508=VECTOR('',#6507,1.);
#6509=LINE('',#6506,#6508);
#6510=EDGE_CURVE('',#6499,#493,#6509,.T.);
#6511=ORIENTED_EDGE('',*,*,#6510,.T.);
#6512=EDGE_LOOP('',(#6496,#6497,#6505,#6511));
#6513=FACE_BOUND('',#6512,.T.);
#6514=ADVANCED_FACE('',(#6513),#6495,.T.);
#6515=CARTESIAN_POINT('',(1.,45.100207212,37.544536214));
#6516=CARTESIAN_POINT('',(0.,45.100207212,37.544536214));
#6517=CARTESIAN_POINT('',(1.,45.008182672,37.510453051));
#6518=CARTESIAN_POINT('',(0.,45.008182672,37.510453051));
#6519=CARTESIAN_POINT('',(1.,44.558284922,37.387753665));
#6520=CARTESIAN_POINT('',(0.,44.558284922,37.387753665));
#6521=B_SPLINE_SURFACE_WITH_KNOTS('',2,1,((#6515,#6516),(#6517,#6518),(#6519,#6520)),.UNSPECIFIED.,.F.,.F.,.U.,(3,3),(2,2),(0.48600774,0.522060744),(0.,1.),.UNSPECIFIED.);
#6522=ORIENTED_EDGE('',*,*,#506,.F.);
#6523=ORIENTED_EDGE('',*,*,#6510,.F.);
#6524=CARTESIAN_POINT('',(1.,44.558284922,37.387753665));
#6525=VERTEX_POINT('',#6524);
#6526=CARTESIAN_POINT('',(1.,45.100207212,37.544536214));
#6527=CARTESIAN_POINT('',(1.,45.008182672,37.510453051));
#6528=CARTESIAN_POINT('',(1.,44.558284922,37.387753665));
#6529=B_SPLINE_CURVE_WITH_KNOTS('',2,(#6526,#6527,#6528),.UNSPECIFIED.,.F.,.F.,(3,3),(0.48600774,0.522060744),.UNSPECIFIED.);
#6530=EDGE_CURVE('',#6499,#6525,#6529,.T.);
#6531=ORIENTED_EDGE('',*,*,#6530,.T.);
#6532=CARTESIAN_POINT('',(1.,44.558284922,37.387753665));
#6533=DIRECTION('',(-1.,0.,0.));
#6534=VECTOR('',#6533,1.);
#6535=LINE('',#6532,#6534);
#6536=EDGE_CURVE('',#6525,#501,#6535,.T.);
#6537=ORIENTED_EDGE('',*,*,#6536,.T.);
#6538=EDGE_LOOP('',(#6522,#6523,#6531,#6537));
#6539=FACE_BOUND('',#6538,.T.);
#6540=ADVANCED_FACE('',(#6539),#6521,.T.);
#6541=CARTESIAN_POINT('',(1.,44.558284922,37.387753665));
#6542=CARTESIAN_POINT('',(0.,44.558284922,37.387753665));
#6543=CARTESIAN_POINT('',(1.,43.90729651,37.213929534));
#6544=CARTESIAN_POINT('',(0.,43.90729651,37.213929534));
#6545=CARTESIAN_POINT('',(1.,43.64996863,37.103159254));
#6546=CARTESIAN_POINT('',(0.,43.64996863,37.103159254));
#6547=CARTESIAN_POINT('',(1.,43.39264075,36.992388975));
#6548=CARTESIAN_POINT('',(0.,43.39264075,36.992388975));
#6549=CARTESIAN_POINT('',(1.,43.246083149,36.781073365));
#6550=CARTESIAN_POINT('',(0.,43.246083149,36.781073365));
#6551=CARTESIAN_POINT('',(1.,43.099525549,36.569757755));
#6552=CARTESIAN_POINT('',(0.,43.099525549,36.569757755));
#6553=CARTESIAN_POINT('',(1.,43.099525549,36.256192656));
#6554=CARTESIAN_POINT('',(0.,43.099525549,36.256192656));
#6555=CARTESIAN_POINT('',(1.,43.099525549,35.949444189));
#6556=CARTESIAN_POINT('',(0.,43.099525549,35.949444189));
#6557=CARTESIAN_POINT('',(1.,43.278462154,35.678483044));
#6558=CARTESIAN_POINT('',(0.,43.278462154,35.678483044));
#6559=CARTESIAN_POINT('',(1.,43.45739876,35.407521899));
#6560=CARTESIAN_POINT('',(0.,43.45739876,35.407521899));
#6561=CARTESIAN_POINT('',(1.,43.794822072,35.25926014));
#6562=CARTESIAN_POINT('',(0.,43.794822072,35.25926014));
#6563=CARTESIAN_POINT('',(1.,44.132245385,35.110998382));
#6564=CARTESIAN_POINT('',(0.,44.132245385,35.110998382));
#6565=CARTESIAN_POINT('',(1.,44.558284922,35.110998382));
#6566=CARTESIAN_POINT('',(0.,44.558284922,35.110998382));
#6567=CARTESIAN_POINT('',(1.,45.263806394,35.110998382));
#6568=CARTESIAN_POINT('',(0.,45.263806394,35.110998382));
#6569=CARTESIAN_POINT('',(1.,45.633608712,35.404113583));
#6570=CARTESIAN_POINT('',(0.,45.633608712,35.404113583));
#6571=CARTESIAN_POINT('',(1.,46.00341103,35.697228784));
#6572=CARTESIAN_POINT('',(0.,46.00341103,35.697228784));
#6573=CARTESIAN_POINT('',(1.,46.105660518,36.273234237));
#6574=CARTESIAN_POINT('',(0.,46.105660518,36.273234237));
#6575=B_SPLINE_SURFACE_WITH_KNOTS('',2,1,((#6541,#6542),(#6543,#6544),(#6545,#6546),(#6547,#6548),(#6549,#6550),(#6551,#6552),(#6553,#6554),(#6555,#6556),(#6557,#6558),(#6559,#6560),(#6561,#6562),(#6563,#6564),(#6565,#6566),(#6567,#6568),(#6569,#6570),(#6571,#6572),(#6573,#6574)),.UNSPECIFIED.,.F.,.F.,.U.,(3,2,2,2,2,2,2,2,3),(2,2),(0.522060744,0.57415345,0.626246157,0.678338863,0.729299119,0.780259375,0.831219632,0.915609816,1.),(0.,1.),.UNSPECIFIED.);
#6576=ORIENTED_EDGE('',*,*,#528,.F.);
#6577=ORIENTED_EDGE('',*,*,#6536,.F.);
#6578=CARTESIAN_POINT('',(1.,46.105660518,36.273234237));
#6579=VERTEX_POINT('',#6578);
#6580=CARTESIAN_POINT('',(1.,44.558284922,37.387753665));
#6581=CARTESIAN_POINT('',(1.,43.90729651,37.213929534));
#6582=CARTESIAN_POINT('',(1.,43.64996863,37.103159254));
#6583=CARTESIAN_POINT('',(1.,43.39264075,36.992388975));
#6584=CARTESIAN_POINT('',(1.,43.246083149,36.781073365));
#6585=CARTESIAN_POINT('',(1.,43.099525549,36.569757755));
#6586=CARTESIAN_POINT('',(1.,43.099525549,36.256192656));
#6587=CARTESIAN_POINT('',(1.,43.099525549,35.949444189));
#6588=CARTESIAN_POINT('',(1.,43.278462154,35.678483044));
#6589=CARTESIAN_POINT('',(1.,43.45739876,35.407521899));
#6590=CARTESIAN_POINT('',(1.,43.794822072,35.25926014));
#6591=CARTESIAN_POINT('',(1.,44.132245385,35.110998382));
#6592=CARTESIAN_POINT('',(1.,44.558284922,35.110998382));
#6593=CARTESIAN_POINT('',(1.,45.263806394,35.110998382));
#6594=CARTESIAN_POINT('',(1.,45.633608712,35.404113583));
#6595=CARTESIAN_POINT('',(1.,46.00341103,35.697228784));
#6596=CARTESIAN_POINT('',(1.,46.105660518,36.273234237));
#6597=B_SPLINE_CURVE_WITH_KNOTS('',2,(#6580,#6581,#6582,#6583,#6584,#6585,#6586,#6587,#6588,#6589,#6590,#6591,#6592,#6593,#6594,#6595,#6596),.UNSPECIFIED.,.F.,.F.,(3,2,2,2,2,2,2,2,3),(0.522060744,0.57415345,0.626246157,0.678338863,0.729299119,0.780259375,0.831219632,0.915609816,1.),.UNSPECIFIED.);
#6598=EDGE_CURVE('',#6525,#6579,#6597,.T.);
#6599=ORIENTED_EDGE('',*,*,#6598,.T.);
#6600=CARTESIAN_POINT('',(1.,46.105660518,36.273234237));
#6601=DIRECTION('',(-1.,0.,0.));
#6602=VECTOR('',#6601,1.);
#6603=LINE('',#6600,#6602);
#6604=EDGE_CURVE('',#6579,#509,#6603,.T.);
#6605=ORIENTED_EDGE('',*,*,#6604,.T.);
#6606=EDGE_LOOP('',(#6576,#6577,#6599,#6605));
#6607=FACE_BOUND('',#6606,.T.);
#6608=ADVANCED_FACE('',(#6607),#6575,.T.);
#6609=CARTESIAN_POINT('',(1.,45.802320368,36.320950665));
#6610=DIRECTION('',(0.,-0.155392575,-0.987852797));
#6611=DIRECTION('',(0.,0.987852797,-0.155392575));
#6612=AXIS2_PLACEMENT_3D('',#6609,#6610,#6611);
#6613=PLANE('',#6612);
#6614=ORIENTED_EDGE('',*,*,#534,.F.);
#6615=ORIENTED_EDGE('',*,*,#6604,.F.);
#6616=CARTESIAN_POINT('',(1.,46.105660518,36.273234237));
#6617=DIRECTION('',(0.,-0.987852797,0.155392575));
#6618=VECTOR('',#6617,0.614140388);
#6619=LINE('',#6616,#6618);
#6620=EDGE_CURVE('',#6579,#6257,#6619,.T.);
#6621=ORIENTED_EDGE('',*,*,#6620,.T.);
#6622=ORIENTED_EDGE('',*,*,#6262,.T.);
#6623=EDGE_LOOP('',(#6614,#6615,#6621,#6622));
#6624=FACE_BOUND('',#6623,.T.);
#6625=ADVANCED_FACE('',(#6624),#6613,.T.);
#6626=CARTESIAN_POINT('',(1.,0.,0.));
#6627=DIRECTION('',(1.,0.,0.));
#6628=DIRECTION('',(0.,1.,0.));
#6629=AXIS2_PLACEMENT_3D('',#6626,#6627,#6628);
#6630=PLANE('',#6629);
#6631=ORIENTED_EDGE('',*,*,#6278,.F.);
#6632=ORIENTED_EDGE('',*,*,#6620,.F.);
#6633=ORIENTED_EDGE('',*,*,#6598,.F.);
#6634=ORIENTED_EDGE('',*,*,#6530,.F.);
#6635=ORIENTED_EDGE('',*,*,#6504,.F.);
#6636=ORIENTED_EDGE('',*,*,#6478,.F.);
#6637=ORIENTED_EDGE('',*,*,#6428,.F.);
#6638=ORIENTED_EDGE('',*,*,#6404,.F.);
#6639=ORIENTED_EDGE('',*,*,#6354,.F.);
#6640=ORIENTED_EDGE('',*,*,#6304,.F.);
#6641=EDGE_LOOP('',(#6631,#6632,#6633,#6634,#6635,#6636,#6637,#6638,#6639,#6640));
#6642=FACE_BOUND('',#6641,.T.);
#6643=ADVANCED_FACE('',(#6642),#6630,.F.);
#6644=CARTESIAN_POINT('',(1.,31.666423126,54.483167191));
#6645=CARTESIAN_POINT('',(0.,31.666423126,54.483167191));
#6646=CARTESIAN_POINT('',(1.,31.151767366,54.725157648));
#6647=CARTESIAN_POINT('',(0.,31.151767366,54.725157648));
#6648=CARTESIAN_POINT('',(1.,30.766627625,55.069397594));
#6649=CARTESIAN_POINT('',(0.,30.766627625,55.069397594));
#6650=CARTESIAN_POINT('',(1.,30.381487884,55.413637539));
#6651=CARTESIAN_POINT('',(0.,30.381487884,55.413637539));
#6652=CARTESIAN_POINT('',(1.,30.221297019,55.737427587));
#6653=CARTESIAN_POINT('',(0.,30.221297019,55.737427587));
#6654=B_SPLINE_SURFACE_WITH_KNOTS('',2,1,((#6644,#6645),(#6646,#6647),(#6648,#6649),(#6650,#6651),(#6652,#6653)),.UNSPECIFIED.,.F.,.F.,.U.,(3,2,3),(2,2),(0.,0.5,1.),(0.,1.),.UNSPECIFIED.);
#6655=ORIENTED_EDGE('',*,*,#1090,.F.);
#6656=CARTESIAN_POINT('',(1.,31.666423126,54.483167191));
#6657=VERTEX_POINT('',#6656);
#6658=CARTESIAN_POINT('',(1.,31.666423126,54.483167191));
#6659=DIRECTION('',(-1.,0.,0.));
#6660=VECTOR('',#6659,1.);
#6661=LINE('',#6658,#6660);
#6662=EDGE_CURVE('',#6657,#1081,#6661,.T.);
#6663=ORIENTED_EDGE('',*,*,#6662,.F.);
#6664=CARTESIAN_POINT('',(1.,30.221297019,55.737427587));
#6665=VERTEX_POINT('',#6664);
#6666=CARTESIAN_POINT('',(1.,31.666423126,54.483167191));
#6667=CARTESIAN_POINT('',(1.,31.151767366,54.725157648));
#6668=CARTESIAN_POINT('',(1.,30.766627625,55.069397594));
#6669=CARTESIAN_POINT('',(1.,30.381487884,55.413637539));
#6670=CARTESIAN_POINT('',(1.,30.221297019,55.737427587));
#6671=B_SPLINE_CURVE_WITH_KNOTS('',2,(#6666,#6667,#6668,#6669,#6670),.UNSPECIFIED.,.F.,.F.,(3,2,3),(0.,0.5,1.),.UNSPECIFIED.);
#6672=EDGE_CURVE('',#6657,#6665,#6671,.T.);
#6673=ORIENTED_EDGE('',*,*,#6672,.T.);
#6674=CARTESIAN_POINT('',(1.,30.221297019,55.737427587));
#6675=DIRECTION('',(-1.,0.,0.));
#6676=VECTOR('',#6675,1.);
#6677=LINE('',#6674,#6676);
#6678=EDGE_CURVE('',#6665,#1083,#6677,.T.);
#6679=ORIENTED_EDGE('',*,*,#6678,.T.);
#6680=EDGE_LOOP('',(#6655,#6663,#6673,#6679));
#6681=FACE_BOUND('',#6680,.T.);
#6682=ADVANCED_FACE('',(#6681),#6654,.T.);
#6683=CARTESIAN_POINT('',(1.,30.023614674,55.737427587));
#6684=DIRECTION('',(0.,0.,-1.));
#6685=DIRECTION('',(-1.,0.,0.));
#6686=AXIS2_PLACEMENT_3D('',#6683,#6684,#6685);
#6687=PLANE('',#6686);
#6688=ORIENTED_EDGE('',*,*,#1098,.F.);
#6689=ORIENTED_EDGE('',*,*,#6678,.F.);
#6690=CARTESIAN_POINT('',(1.,29.825932329,55.737427587));
#6691=VERTEX_POINT('',#6690);
#6692=CARTESIAN_POINT('',(1.,30.221297019,55.737427587));
#6693=DIRECTION('',(0.,-1.,0.));
#6694=VECTOR('',#6693,0.39536469);
#6695=LINE('',#6692,#6694);
#6696=EDGE_CURVE('',#6665,#6691,#6695,.T.);
#6697=ORIENTED_EDGE('',*,*,#6696,.T.);
#6698=CARTESIAN_POINT('',(1.,29.825932329,55.737427587));
#6699=DIRECTION('',(-1.,0.,0.));
#6700=VECTOR('',#6699,1.);
#6701=LINE('',#6698,#6700);
#6702=EDGE_CURVE('',#6691,#1093,#6701,.T.);
#6703=ORIENTED_EDGE('',*,*,#6702,.T.);
#6704=EDGE_LOOP('',(#6688,#6689,#6697,#6703));
#6705=FACE_BOUND('',#6704,.T.);
#6706=ADVANCED_FACE('',(#6705),#6687,.T.);
#6707=CARTESIAN_POINT('',(1.,29.825932329,53.228906796));
#6708=DIRECTION('',(0.,1.,0.));
#6709=DIRECTION('',(0.,0.,1.));
#6710=AXIS2_PLACEMENT_3D('',#6707,#6708,#6709);
#6711=PLANE('',#6710);
#6712=ORIENTED_EDGE('',*,*,#1106,.F.);
#6713=ORIENTED_EDGE('',*,*,#6702,.F.);
#6714=CARTESIAN_POINT('',(1.,29.825932329,50.720386005));
#6715=VERTEX_POINT('',#6714);
#6716=CARTESIAN_POINT('',(1.,29.825932329,55.737427587));
#6717=DIRECTION('',(0.,0.,-1.));
#6718=VECTOR('',#6717,5.017041581);
#6719=LINE('',#6716,#6718);
#6720=EDGE_CURVE('',#6691,#6715,#6719,.T.);
#6721=ORIENTED_EDGE('',*,*,#6720,.T.);
#6722=CARTESIAN_POINT('',(1.,29.825932329,50.720386005));
#6723=DIRECTION('',(-1.,0.,0.));
#6724=VECTOR('',#6723,1.);
#6725=LINE('',#6722,#6724);
#6726=EDGE_CURVE('',#6715,#1101,#6725,.T.);
#6727=ORIENTED_EDGE('',*,*,#6726,.T.);
#6728=EDGE_LOOP('',(#6712,#6713,#6721,#6727));
#6729=FACE_BOUND('',#6728,.T.);
#6730=ADVANCED_FACE('',(#6729),#6711,.T.);
#6731=CARTESIAN_POINT('',(1.,30.132680795,50.720386005));
#6732=DIRECTION('',(0.,0.,1.));
#6733=DIRECTION('',(1.,0.,0.));
#6734=AXIS2_PLACEMENT_3D('',#6731,#6732,#6733);
#6735=PLANE('',#6734);
#6736=ORIENTED_EDGE('',*,*,#1114,.F.);
#6737=ORIENTED_EDGE('',*,*,#6726,.F.);
#6738=CARTESIAN_POINT('',(1.,30.439429261,50.720386005));
#6739=VERTEX_POINT('',#6738);
#6740=CARTESIAN_POINT('',(1.,29.825932329,50.720386005));
#6741=DIRECTION('',(0.,1.,0.));
#6742=VECTOR('',#6741,0.613496933);
#6743=LINE('',#6740,#6742);
#6744=EDGE_CURVE('',#6715,#6739,#6743,.T.);
#6745=ORIENTED_EDGE('',*,*,#6744,.T.);
#6746=CARTESIAN_POINT('',(1.,30.439429261,50.720386005));
#6747=DIRECTION('',(-1.,0.,0.));
#6748=VECTOR('',#6747,1.);
#6749=LINE('',#6746,#6748);
#6750=EDGE_CURVE('',#6739,#1109,#6749,.T.);
#6751=ORIENTED_EDGE('',*,*,#6750,.T.);
#6752=EDGE_LOOP('',(#6736,#6737,#6745,#6751));
#6753=FACE_BOUND('',#6752,.T.);
#6754=ADVANCED_FACE('',(#6753),#6735,.T.);
#6755=CARTESIAN_POINT('',(1.,30.439429261,52.675055399));
#6756=DIRECTION('',(0.,-1.,0.));
#6757=DIRECTION('',(0.,0.,-1.));
#6758=AXIS2_PLACEMENT_3D('',#6755,#6756,#6757);
#6759=PLANE('',#6758);
#6760=ORIENTED_EDGE('',*,*,#1122,.F.);
#6761=ORIENTED_EDGE('',*,*,#6750,.F.);
#6762=CARTESIAN_POINT('',(1.,30.439429261,54.629724792));
#6763=VERTEX_POINT('',#6762);
#6764=CARTESIAN_POINT('',(1.,30.439429261,50.720386005));
#6765=DIRECTION('',(0.,0.,1.));
#6766=VECTOR('',#6765,3.909338787);
#6767=LINE('',#6764,#6766);
#6768=EDGE_CURVE('',#6739,#6763,#6767,.T.);
#6769=ORIENTED_EDGE('',*,*,#6768,.T.);
#6770=CARTESIAN_POINT('',(1.,30.439429261,54.629724792));
#6771=DIRECTION('',(-1.,0.,0.));
#6772=VECTOR('',#6771,1.);
#6773=LINE('',#6770,#6772);
#6774=EDGE_CURVE('',#6763,#1117,#6773,.T.);
#6775=ORIENTED_EDGE('',*,*,#6774,.T.);
#6776=EDGE_LOOP('',(#6760,#6761,#6769,#6775));
#6777=FACE_BOUND('',#6776,.T.);
#6778=ADVANCED_FACE('',(#6777),#6759,.T.);
#6779=CARTESIAN_POINT('',(1.,30.439429261,54.629724792));
#6780=CARTESIAN_POINT('',(0.,30.439429261,54.629724792));
#6781=CARTESIAN_POINT('',(1.,30.66096982,54.418409182));
#6782=CARTESIAN_POINT('',(0.,30.66096982,54.418409182));
#6783=CARTESIAN_POINT('',(1.,31.020547189,54.207093572));
#6784=CARTESIAN_POINT('',(0.,31.020547189,54.207093572));
#6785=CARTESIAN_POINT('',(1.,31.380124558,53.995777962));
#6786=CARTESIAN_POINT('',(0.,31.380124558,53.995777962));
#6787=CARTESIAN_POINT('',(1.,31.666423126,53.890120157));
#6788=CARTESIAN_POINT('',(0.,31.666423126,53.890120157));
#6789=B_SPLINE_SURFACE_WITH_KNOTS('',2,1,((#6779,#6780),(#6781,#6782),(#6783,#6784),(#6785,#6786),(#6787,#6788)),.UNSPECIFIED.,.F.,.F.,.U.,(3,2,3),(2,2),(0.,0.5,1.),(0.,1.),.UNSPECIFIED.);
#6790=ORIENTED_EDGE('',*,*,#1132,.F.);
#6791=ORIENTED_EDGE('',*,*,#6774,.F.);
#6792=CARTESIAN_POINT('',(1.,31.666423126,53.890120157));
#6793=VERTEX_POINT('',#6792);
#6794=CARTESIAN_POINT('',(1.,30.439429261,54.629724792));
#6795=CARTESIAN_POINT('',(1.,30.66096982,54.418409182));
#6796=CARTESIAN_POINT('',(1.,31.020547189,54.207093572));
#6797=CARTESIAN_POINT('',(1.,31.380124558,53.995777962));
#6798=CARTESIAN_POINT('',(1.,31.666423126,53.890120157));
#6799=B_SPLINE_CURVE_WITH_KNOTS('',2,(#6794,#6795,#6796,#6797,#6798),.UNSPECIFIED.,.F.,.F.,(3,2,3),(0.,0.5,1.),.UNSPECIFIED.);
#6800=EDGE_CURVE('',#6763,#6793,#6799,.T.);
#6801=ORIENTED_EDGE('',*,*,#6800,.T.);
#6802=CARTESIAN_POINT('',(1.,31.666423126,53.890120157));
#6803=DIRECTION('',(-1.,0.,0.));
#6804=VECTOR('',#6803,1.);
#6805=LINE('',#6802,#6804);
#6806=EDGE_CURVE('',#6793,#1125,#6805,.T.);
#6807=ORIENTED_EDGE('',*,*,#6806,.T.);
#6808=EDGE_LOOP('',(#6790,#6791,#6801,#6807));
#6809=FACE_BOUND('',#6808,.T.);
#6810=ADVANCED_FACE('',(#6809),#6789,.T.);
#6811=CARTESIAN_POINT('',(1.,31.666423126,54.186643674));
#6812=DIRECTION('',(0.,-1.,0.));
#6813=DIRECTION('',(0.,0.,-1.));
#6814=AXIS2_PLACEMENT_3D('',#6811,#6812,#6813);
#6815=PLANE('',#6814);
#6816=ORIENTED_EDGE('',*,*,#1138,.F.);
#6817=ORIENTED_EDGE('',*,*,#6806,.F.);
#6818=CARTESIAN_POINT('',(1.,31.666423126,53.890120157));
#6819=DIRECTION('',(0.,0.,1.));
#6820=VECTOR('',#6819,0.593047035);
#6821=LINE('',#6818,#6820);
#6822=EDGE_CURVE('',#6793,#6657,#6821,.T.);
#6823=ORIENTED_EDGE('',*,*,#6822,.T.);
#6824=ORIENTED_EDGE('',*,*,#6662,.T.);
#6825=EDGE_LOOP('',(#6816,#6817,#6823,#6824));
#6826=FACE_BOUND('',#6825,.T.);
#6827=ADVANCED_FACE('',(#6826),#6815,.T.);
#6828=CARTESIAN_POINT('',(1.,0.,0.));
#6829=DIRECTION('',(1.,0.,0.));
#6830=DIRECTION('',(0.,1.,0.));
#6831=AXIS2_PLACEMENT_3D('',#6828,#6829,#6830);
#6832=PLANE('',#6831);
#6833=ORIENTED_EDGE('',*,*,#6672,.F.);
#6834=ORIENTED_EDGE('',*,*,#6822,.F.);
#6835=ORIENTED_EDGE('',*,*,#6800,.F.);
#6836=ORIENTED_EDGE('',*,*,#6768,.F.);
#6837=ORIENTED_EDGE('',*,*,#6744,.F.);
#6838=ORIENTED_EDGE('',*,*,#6720,.F.);
#6839=ORIENTED_EDGE('',*,*,#6696,.F.);
#6840=EDGE_LOOP('',(#6833,#6834,#6835,#6836,#6837,#6838,#6839));
#6841=FACE_BOUND('',#6840,.T.);
#6842=ADVANCED_FACE('',(#6841),#6832,.F.);
#6843=CARTESIAN_POINT('',(1.,37.85071846,36.157351483));
#6844=CARTESIAN_POINT('',(0.,37.85071846,36.157351483));
#6845=CARTESIAN_POINT('',(1.,37.792777083,35.915361027));
#6846=CARTESIAN_POINT('',(0.,37.792777083,35.915361027));
#6847=CARTESIAN_POINT('',(1.,37.605319687,35.777324217));
#6848=CARTESIAN_POINT('',(0.,37.605319687,35.777324217));
#6849=CARTESIAN_POINT('',(1.,37.417862291,35.639287407));
#6850=CARTESIAN_POINT('',(0.,37.417862291,35.639287407));
#6851=CARTESIAN_POINT('',(1.,37.141788671,35.639287407));
#6852=CARTESIAN_POINT('',(0.,37.141788671,35.639287407));
#6853=CARTESIAN_POINT('',(1.,36.865715051,35.639287407));
#6854=CARTESIAN_POINT('',(0.,36.865715051,35.639287407));
#6855=CARTESIAN_POINT('',(1.,36.623724595,35.780732533));
#6856=CARTESIAN_POINT('',(0.,36.623724595,35.780732533));
#6857=CARTESIAN_POINT('',(1.,36.381734138,35.922177659));
#6858=CARTESIAN_POINT('',(0.,36.381734138,35.922177659));
#6859=CARTESIAN_POINT('',(1.,36.281188807,36.165872274));
#6860=CARTESIAN_POINT('',(0.,36.281188807,36.165872274));
#6861=CARTESIAN_POINT('',(1.,36.180643477,36.409566889));
#6862=CARTESIAN_POINT('',(0.,36.180643477,36.409566889));
#6863=CARTESIAN_POINT('',(1.,36.180643477,36.873097905));
#6864=CARTESIAN_POINT('',(0.,36.180643477,36.873097905));
#6865=B_SPLINE_SURFACE_WITH_KNOTS('',2,1,((#6843,#6844),(#6845,#6846),(#6847,#6848),(#6849,#6850),(#6851,#6852),(#6853,#6854),(#6855,#6856),(#6857,#6858),(#6859,#6860),(#6861,#6862),(#6863,#6864)),.UNSPECIFIED.,.F.,.F.,.U.,(3,2,2,2,2,3),(2,2),(0.120936937,0.296749549,0.472562162,0.648374775,0.824187387,1.),(0.,1.),.UNSPECIFIED.);
#6866=ORIENTED_EDGE('',*,*,#314,.F.);
#6867=CARTESIAN_POINT('',(1.,37.85071846,36.157351483));
#6868=VERTEX_POINT('',#6867);
#6869=CARTESIAN_POINT('',(1.,37.85071846,36.157351483));
#6870=DIRECTION('',(-1.,0.,0.));
#6871=VECTOR('',#6870,1.);
#6872=LINE('',#6869,#6871);
#6873=EDGE_CURVE('',#6868,#299,#6872,.T.);
#6874=ORIENTED_EDGE('',*,*,#6873,.F.);
#6875=CARTESIAN_POINT('',(1.,36.180643477,36.873097905));
#6876=VERTEX_POINT('',#6875);
#6877=CARTESIAN_POINT('',(1.,37.85071846,36.157351483));
#6878=CARTESIAN_POINT('',(1.,37.792777083,35.915361027));
#6879=CARTESIAN_POINT('',(1.,37.605319687,35.777324217));
#6880=CARTESIAN_POINT('',(1.,37.417862291,35.639287407));
#6881=CARTESIAN_POINT('',(1.,37.141788671,35.639287407));
#6882=CARTESIAN_POINT('',(1.,36.865715051,35.639287407));
#6883=CARTESIAN_POINT('',(1.,36.623724595,35.780732533));
#6884=CARTESIAN_POINT('',(1.,36.381734138,35.922177659));
#6885=CARTESIAN_POINT('',(1.,36.281188807,36.165872274));
#6886=CARTESIAN_POINT('',(1.,36.180643477,36.409566889));
#6887=CARTESIAN_POINT('',(1.,36.180643477,36.873097905));
#6888=B_SPLINE_CURVE_WITH_KNOTS('',2,(#6877,#6878,#6879,#6880,#6881,#6882,#6883,#6884,#6885,#6886,#6887),.UNSPECIFIED.,.F.,.F.,(3,2,2,2,2,3),(0.120936937,0.296749549,0.472562162,0.648374775,0.824187387,1.),.UNSPECIFIED.);
#6889=EDGE_CURVE('',#6868,#6876,#6888,.T.);
#6890=ORIENTED_EDGE('',*,*,#6889,.T.);
#6891=CARTESIAN_POINT('',(1.,36.180643477,36.873097905));
#6892=DIRECTION('',(-1.,0.,0.));
#6893=VECTOR('',#6892,1.);
#6894=LINE('',#6891,#6893);
#6895=EDGE_CURVE('',#6876,#301,#6894,.T.);
#6896=ORIENTED_EDGE('',*,*,#6895,.T.);
#6897=EDGE_LOOP('',(#6866,#6874,#6890,#6896));
#6898=FACE_BOUND('',#6897,.T.);
#6899=ADVANCED_FACE('',(#6898),#6865,.T.);
#6900=CARTESIAN_POINT('',(1.,36.180643477,37.84276389));
#6901=DIRECTION('',(0.,-1.,0.));
#6902=DIRECTION('',(0.,0.,-1.));
#6903=AXIS2_PLACEMENT_3D('',#6900,#6901,#6902);
#6904=PLANE('',#6903);
#6905=ORIENTED_EDGE('',*,*,#322,.F.);
#6906=ORIENTED_EDGE('',*,*,#6895,.F.);
#6907=CARTESIAN_POINT('',(1.,36.180643477,38.812429875));
#6908=VERTEX_POINT('',#6907);
#6909=CARTESIAN_POINT('',(1.,36.180643477,36.873097905));
#6910=DIRECTION('',(0.,0.,1.));
#6911=VECTOR('',#6910,1.93933197);
#6912=LINE('',#6909,#6911);
#6913=EDGE_CURVE('',#6876,#6908,#6912,.T.);
#6914=ORIENTED_EDGE('',*,*,#6913,.T.);
#6915=CARTESIAN_POINT('',(1.,36.180643477,38.812429875));
#6916=DIRECTION('',(-1.,0.,0.));
#6917=VECTOR('',#6916,1.);
#6918=LINE('',#6915,#6917);
#6919=EDGE_CURVE('',#6908,#317,#6918,.T.);
#6920=ORIENTED_EDGE('',*,*,#6919,.T.);
#6921=EDGE_LOOP('',(#6905,#6906,#6914,#6920));
#6922=FACE_BOUND('',#6921,.T.);
#6923=ADVANCED_FACE('',(#6922),#6904,.T.);
#6924=CARTESIAN_POINT('',(1.,35.87389501,38.812429875));
#6925=DIRECTION('',(0.,0.,-1.));
#6926=DIRECTION('',(-1.,0.,0.));
#6927=AXIS2_PLACEMENT_3D('',#6924,#6925,#6926);
#6928=PLANE('',#6927);
#6929=ORIENTED_EDGE('',*,*,#330,.F.);
#6930=ORIENTED_EDGE('',*,*,#6919,.F.);
#6931=CARTESIAN_POINT('',(1.,35.567146544,38.812429875));
#6932=VERTEX_POINT('',#6931);
#6933=CARTESIAN_POINT('',(1.,36.180643477,38.812429875));
#6934=DIRECTION('',(0.,-1.,0.));
#6935=VECTOR('',#6934,0.613496933);
#6936=LINE('',#6933,#6935);
#6937=EDGE_CURVE('',#6908,#6932,#6936,.T.);
#6938=ORIENTED_EDGE('',*,*,#6937,.T.);
#6939=CARTESIAN_POINT('',(1.,35.567146544,38.812429875));
#6940=DIRECTION('',(-1.,0.,0.));
#6941=VECTOR('',#6940,1.);
#6942=LINE('',#6939,#6941);
#6943=EDGE_CURVE('',#6932,#325,#6942,.T.);
#6944=ORIENTED_EDGE('',*,*,#6943,.T.);
#6945=EDGE_LOOP('',(#6929,#6930,#6938,#6944));
#6946=FACE_BOUND('',#6945,.T.);
#6947=ADVANCED_FACE('',(#6946),#6928,.T.);
#6948=CARTESIAN_POINT('',(1.,35.567146544,37.002613924));
#6949=DIRECTION('',(0.,1.,0.));
#6950=DIRECTION('',(0.,0.,1.));
#6951=AXIS2_PLACEMENT_3D('',#6948,#6949,#6950);
#6952=PLANE('',#6951);
#6953=ORIENTED_EDGE('',*,*,#338,.F.);
#6954=ORIENTED_EDGE('',*,*,#6943,.F.);
#6955=CARTESIAN_POINT('',(1.,35.567146544,35.192797973));
#6956=VERTEX_POINT('',#6955);
#6957=CARTESIAN_POINT('',(1.,35.567146544,38.812429875));
#6958=DIRECTION('',(0.,0.,-1.));
#6959=VECTOR('',#6958,3.619631902);
#6960=LINE('',#6957,#6959);
#6961=EDGE_CURVE('',#6932,#6956,#6960,.T.);
#6962=ORIENTED_EDGE('',*,*,#6961,.T.);
#6963=CARTESIAN_POINT('',(1.,35.567146544,35.192797973));
#6964=DIRECTION('',(-1.,0.,0.));
#6965=VECTOR('',#6964,1.);
#6966=LINE('',#6963,#6965);
#6967=EDGE_CURVE('',#6956,#333,#6966,.T.);
#6968=ORIENTED_EDGE('',*,*,#6967,.T.);
#6969=EDGE_LOOP('',(#6953,#6954,#6962,#6968));
#6970=FACE_BOUND('',#6969,.T.);
#6971=ADVANCED_FACE('',(#6970),#6952,.T.);
#6972=CARTESIAN_POINT('',(1.,35.841516006,35.192797973));
#6973=DIRECTION('',(0.,0.,1.));
#6974=DIRECTION('',(1.,0.,0.));
#6975=AXIS2_PLACEMENT_3D('',#6972,#6973,#6974);
#6976=PLANE('',#6975);
#6977=ORIENTED_EDGE('',*,*,#346,.F.);
#6978=ORIENTED_EDGE('',*,*,#6967,.F.);
#6979=CARTESIAN_POINT('',(1.,36.115885467,35.192797973));
#6980=VERTEX_POINT('',#6979);
#6981=CARTESIAN_POINT('',(1.,35.567146544,35.192797973));
#6982=DIRECTION('',(0.,1.,0.));
#6983=VECTOR('',#6982,0.548738923);
#6984=LINE('',#6981,#6983);
#6985=EDGE_CURVE('',#6956,#6980,#6984,.T.);
#6986=ORIENTED_EDGE('',*,*,#6985,.T.);
#6987=CARTESIAN_POINT('',(1.,36.115885467,35.192797973));
#6988=DIRECTION('',(-1.,0.,0.));
#6989=VECTOR('',#6988,1.);
#6990=LINE('',#6987,#6989);
#6991=EDGE_CURVE('',#6980,#341,#6990,.T.);
#6992=ORIENTED_EDGE('',*,*,#6991,.T.);
#6993=EDGE_LOOP('',(#6977,#6978,#6986,#6992));
#6994=FACE_BOUND('',#6993,.T.);
#6995=ADVANCED_FACE('',(#6994),#6976,.T.);
#6996=CARTESIAN_POINT('',(1.,36.115885467,35.458646643));
#6997=DIRECTION('',(0.,-1.,0.));
#6998=DIRECTION('',(0.,0.,-1.));
#6999=AXIS2_PLACEMENT_3D('',#6996,#6997,#6998);
#7000=PLANE('',#6999);
#7001=ORIENTED_EDGE('',*,*,#354,.F.);
#7002=ORIENTED_EDGE('',*,*,#6991,.F.);
#7003=CARTESIAN_POINT('',(1.,36.115885467,35.724495314));
#7004=VERTEX_POINT('',#7003);
#7005=CARTESIAN_POINT('',(1.,36.115885467,35.192797973));
#7006=DIRECTION('',(0.,0.,1.));
#7007=VECTOR('',#7006,0.531697342);
#7008=LINE('',#7005,#7007);
#7009=EDGE_CURVE('',#6980,#7004,#7008,.T.);
#7010=ORIENTED_EDGE('',*,*,#7009,.T.);
#7011=CARTESIAN_POINT('',(1.,36.115885467,35.724495314));
#7012=DIRECTION('',(-1.,0.,0.));
#7013=VECTOR('',#7012,1.);
#7014=LINE('',#7011,#7013);
#7015=EDGE_CURVE('',#7004,#349,#7014,.T.);
#7016=ORIENTED_EDGE('',*,*,#7015,.T.);
#7017=EDGE_LOOP('',(#7001,#7002,#7010,#7016));
#7018=FACE_BOUND('',#7017,.T.);
#7019=ADVANCED_FACE('',(#7018),#7000,.T.);
#7020=CARTESIAN_POINT('',(1.,36.115885467,35.724495314));
#7021=CARTESIAN_POINT('',(0.,36.115885467,35.724495314));
#7022=CARTESIAN_POINT('',(1.,36.538516687,35.110998382));
#7023=CARTESIAN_POINT('',(0.,36.538516687,35.110998382));
#7024=CARTESIAN_POINT('',(1.,37.264488057,35.110998382));
#7025=CARTESIAN_POINT('',(0.,37.264488057,35.110998382));
#7026=CARTESIAN_POINT('',(1.,37.584869789,35.110998382));
#7027=CARTESIAN_POINT('',(0.,37.584869789,35.110998382));
#7028=CARTESIAN_POINT('',(1.,37.862647567,35.233697768));
#7029=CARTESIAN_POINT('',(0.,37.862647567,35.233697768));
#7030=CARTESIAN_POINT('',(1.,38.140425344,35.356397155));
#7031=CARTESIAN_POINT('',(0.,38.140425344,35.356397155));
#7032=CARTESIAN_POINT('',(1.,38.275053838,35.542150393));
#7033=CARTESIAN_POINT('',(0.,38.275053838,35.542150393));
#7034=CARTESIAN_POINT('',(1.,38.409682331,35.727903631));
#7035=CARTESIAN_POINT('',(0.,38.409682331,35.727903631));
#7036=CARTESIAN_POINT('',(1.,38.464215392,35.997160618));
#7037=CARTESIAN_POINT('',(0.,38.464215392,35.997160618));
#7038=B_SPLINE_SURFACE_WITH_KNOTS('',2,1,((#7020,#7021),(#7022,#7023),(#7024,#7025),(#7026,#7027),(#7028,#7029),(#7030,#7031),(#7032,#7033),(#7034,#7035),(#7036,#7037)),.UNSPECIFIED.,.F.,.F.,.U.,(3,2,2,2,3),(2,2),(0.,0.381634557,0.550055441,0.718476325,0.88689721),(0.,1.),.UNSPECIFIED.);
#7039=ORIENTED_EDGE('',*,*,#368,.F.);
#7040=ORIENTED_EDGE('',*,*,#7015,.F.);
#7041=CARTESIAN_POINT('',(1.,38.464215392,35.997160618));
#7042=VERTEX_POINT('',#7041);
#7043=CARTESIAN_POINT('',(1.,36.115885467,35.724495314));
#7044=CARTESIAN_POINT('',(1.,36.538516687,35.110998382));
#7045=CARTESIAN_POINT('',(1.,37.264488057,35.110998382));
#7046=CARTESIAN_POINT('',(1.,37.584869789,35.110998382));
#7047=CARTESIAN_POINT('',(1.,37.862647567,35.233697768));
#7048=CARTESIAN_POINT('',(1.,38.140425344,35.356397155));
#7049=CARTESIAN_POINT('',(1.,38.275053838,35.542150393));
#7050=CARTESIAN_POINT('',(1.,38.409682331,35.727903631));
#7051=CARTESIAN_POINT('',(1.,38.464215392,35.997160618));
#7052=B_SPLINE_CURVE_WITH_KNOTS('',2,(#7043,#7044,#7045,#7046,#7047,#7048,#7049,#7050,#7051),.UNSPECIFIED.,.F.,.F.,(3,2,2,2,3),(0.,0.381634557,0.550055441,0.718476325,0.88689721),.UNSPECIFIED.);
#7053=EDGE_CURVE('',#7004,#7042,#7052,.T.);
#7054=ORIENTED_EDGE('',*,*,#7053,.T.);
#7055=CARTESIAN_POINT('',(1.,38.464215392,35.997160618));
#7056=DIRECTION('',(-1.,0.,0.));
#7057=VECTOR('',#7056,1.);
#7058=LINE('',#7055,#7057);
#7059=EDGE_CURVE('',#7042,#357,#7058,.T.);
#7060=ORIENTED_EDGE('',*,*,#7059,.T.);
#7061=EDGE_LOOP('',(#7039,#7040,#7054,#7060));
#7062=FACE_BOUND('',#7061,.T.);
#7063=ADVANCED_FACE('',(#7062),#7038,.T.);
#7064=CARTESIAN_POINT('',(1.,38.464215392,35.997160618));
#7065=CARTESIAN_POINT('',(0.,38.464215392,35.997160618));
#7066=CARTESIAN_POINT('',(1.,38.501706871,36.177801381));
#7067=CARTESIAN_POINT('',(0.,38.501706871,36.177801381));
#7068=CARTESIAN_POINT('',(1.,38.501706871,36.569757755));
#7069=CARTESIAN_POINT('',(0.,38.501706871,36.569757755));
#7070=B_SPLINE_SURFACE_WITH_KNOTS('',2,1,((#7064,#7065),(#7066,#7067),(#7068,#7069)),.UNSPECIFIED.,.F.,.F.,.U.,(3,3),(2,2),(0.88689721,1.),(0.,1.),.UNSPECIFIED.);
#7071=ORIENTED_EDGE('',*,*,#376,.F.);
#7072=ORIENTED_EDGE('',*,*,#7059,.F.);
#7073=CARTESIAN_POINT('',(1.,38.501706871,36.569757755));
#7074=VERTEX_POINT('',#7073);
#7075=CARTESIAN_POINT('',(1.,38.464215392,35.997160618));
#7076=CARTESIAN_POINT('',(1.,38.501706871,36.177801381));
#7077=CARTESIAN_POINT('',(1.,38.501706871,36.569757755));
#7078=B_SPLINE_CURVE_WITH_KNOTS('',2,(#7075,#7076,#7077),.UNSPECIFIED.,.F.,.F.,(3,3),(0.88689721,1.),.UNSPECIFIED.);
#7079=EDGE_CURVE('',#7042,#7074,#7078,.T.);
#7080=ORIENTED_EDGE('',*,*,#7079,.T.);
#7081=CARTESIAN_POINT('',(1.,38.501706871,36.569757755));
#7082=DIRECTION('',(-1.,0.,0.));
#7083=VECTOR('',#7082,1.);
#7084=LINE('',#7081,#7083);
#7085=EDGE_CURVE('',#7074,#371,#7084,.T.);
#7086=ORIENTED_EDGE('',*,*,#7085,.T.);
#7087=EDGE_LOOP('',(#7071,#7072,#7080,#7086));
#7088=FACE_BOUND('',#7087,.T.);
#7089=ADVANCED_FACE('',(#7088),#7070,.T.);
#7090=CARTESIAN_POINT('',(1.,38.501706871,37.691093815));
#7091=DIRECTION('',(0.,-1.,0.));
#7092=DIRECTION('',(0.,0.,-1.));
#7093=AXIS2_PLACEMENT_3D('',#7090,#7091,#7092);
#7094=PLANE('',#7093);
#7095=ORIENTED_EDGE('',*,*,#384,.F.);
#7096=ORIENTED_EDGE('',*,*,#7085,.F.);
#7097=CARTESIAN_POINT('',(1.,38.501706871,38.812429875));
#7098=VERTEX_POINT('',#7097);
#7099=CARTESIAN_POINT('',(1.,38.501706871,36.569757755));
#7100=DIRECTION('',(0.,0.,1.));
#7101=VECTOR('',#7100,2.24267212);
#7102=LINE('',#7099,#7101);
#7103=EDGE_CURVE('',#7074,#7098,#7102,.T.);
#7104=ORIENTED_EDGE('',*,*,#7103,.T.);
#7105=CARTESIAN_POINT('',(1.,38.501706871,38.812429875));
#7106=DIRECTION('',(-1.,0.,0.));
#7107=VECTOR('',#7106,1.);
#7108=LINE('',#7105,#7107);
#7109=EDGE_CURVE('',#7098,#379,#7108,.T.);
#7110=ORIENTED_EDGE('',*,*,#7109,.T.);
#7111=EDGE_LOOP('',(#7095,#7096,#7104,#7110));
#7112=FACE_BOUND('',#7111,.T.);
#7113=ADVANCED_FACE('',(#7112),#7094,.T.);
#7114=CARTESIAN_POINT('',(1.,38.194958405,38.812429875));
#7115=DIRECTION('',(0.,0.,-1.));
#7116=DIRECTION('',(-1.,0.,0.));
#7117=AXIS2_PLACEMENT_3D('',#7114,#7115,#7116);
#7118=PLANE('',#7117);
#7119=ORIENTED_EDGE('',*,*,#392,.F.);
#7120=ORIENTED_EDGE('',*,*,#7109,.F.);
#7121=CARTESIAN_POINT('',(1.,37.888209939,38.812429875));
#7122=VERTEX_POINT('',#7121);
#7123=CARTESIAN_POINT('',(1.,38.501706871,38.812429875));
#7124=DIRECTION('',(0.,-1.,0.));
#7125=VECTOR('',#7124,0.613496933);
#7126=LINE('',#7123,#7125);
#7127=EDGE_CURVE('',#7098,#7122,#7126,.T.);
#7128=ORIENTED_EDGE('',*,*,#7127,.T.);
#7129=CARTESIAN_POINT('',(1.,37.888209939,38.812429875));
#7130=DIRECTION('',(-1.,0.,0.));
#7131=VECTOR('',#7130,1.);
#7132=LINE('',#7129,#7131);
#7133=EDGE_CURVE('',#7122,#387,#7132,.T.);
#7134=ORIENTED_EDGE('',*,*,#7133,.T.);
#7135=EDGE_LOOP('',(#7119,#7120,#7128,#7134));
#7136=FACE_BOUND('',#7135,.T.);
#7137=ADVANCED_FACE('',(#7136),#7118,.T.);
#7138=CARTESIAN_POINT('',(1.,37.888209939,37.808680727));
#7139=DIRECTION('',(0.,1.,0.));
#7140=DIRECTION('',(0.,0.,1.));
#7141=AXIS2_PLACEMENT_3D('',#7138,#7139,#7140);
#7142=PLANE('',#7141);
#7143=ORIENTED_EDGE('',*,*,#400,.F.);
#7144=ORIENTED_EDGE('',*,*,#7133,.F.);
#7145=CARTESIAN_POINT('',(1.,37.888209939,36.804931579));
#7146=VERTEX_POINT('',#7145);
#7147=CARTESIAN_POINT('',(1.,37.888209939,38.812429875));
#7148=DIRECTION('',(0.,0.,-1.));
#7149=VECTOR('',#7148,2.007498296);
#7150=LINE('',#7147,#7149);
#7151=EDGE_CURVE('',#7122,#7146,#7150,.T.);
#7152=ORIENTED_EDGE('',*,*,#7151,.T.);
#7153=CARTESIAN_POINT('',(1.,37.888209939,36.804931579));
#7154=DIRECTION('',(-1.,0.,0.));
#7155=VECTOR('',#7154,1.);
#7156=LINE('',#7153,#7155);
#7157=EDGE_CURVE('',#7146,#395,#7156,.T.);
#7158=ORIENTED_EDGE('',*,*,#7157,.T.);
#7159=EDGE_LOOP('',(#7143,#7144,#7152,#7158));
#7160=FACE_BOUND('',#7159,.T.);
#7161=ADVANCED_FACE('',(#7160),#7142,.T.);
#7162=CARTESIAN_POINT('',(1.,37.888209939,36.804931579));
#7163=CARTESIAN_POINT('',(0.,37.888209939,36.804931579));
#7164=CARTESIAN_POINT('',(1.,37.888209939,36.324358982));
#7165=CARTESIAN_POINT('',(0.,37.888209939,36.324358982));
#7166=CARTESIAN_POINT('',(1.,37.85071846,36.157351484));
#7167=CARTESIAN_POINT('',(0.,37.85071846,36.157351484));
#7168=B_SPLINE_SURFACE_WITH_KNOTS('',2,1,((#7162,#7163),(#7164,#7165),(#7166,#7167)),.UNSPECIFIED.,.F.,.F.,.U.,(3,3),(2,2),(0.,0.120936937),(0.,1.),.UNSPECIFIED.);
#7169=ORIENTED_EDGE('',*,*,#406,.F.);
#7170=ORIENTED_EDGE('',*,*,#7157,.F.);
#7171=CARTESIAN_POINT('',(1.,37.888209939,36.804931579));
#7172=CARTESIAN_POINT('',(1.,37.888209939,36.324358982));
#7173=CARTESIAN_POINT('',(1.,37.85071846,36.157351483));
#7174=B_SPLINE_CURVE_WITH_KNOTS('',2,(#7171,#7172,#7173),.UNSPECIFIED.,.F.,.F.,(3,3),(0.,0.120936937),.UNSPECIFIED.);
#7175=EDGE_CURVE('',#7146,#6868,#7174,.T.);
#7176=ORIENTED_EDGE('',*,*,#7175,.T.);
#7177=ORIENTED_EDGE('',*,*,#6873,.T.);
#7178=EDGE_LOOP('',(#7169,#7170,#7176,#7177));
#7179=FACE_BOUND('',#7178,.T.);
#7180=ADVANCED_FACE('',(#7179),#7168,.T.);
#7181=CARTESIAN_POINT('',(1.,0.,0.));
#7182=DIRECTION('',(1.,0.,0.));
#7183=DIRECTION('',(0.,1.,0.));
#7184=AXIS2_PLACEMENT_3D('',#7181,#7182,#7183);
#7185=PLANE('',#7184);
#7186=ORIENTED_EDGE('',*,*,#6889,.F.);
#7187=ORIENTED_EDGE('',*,*,#7175,.F.);
#7188=ORIENTED_EDGE('',*,*,#7151,.F.);
#7189=ORIENTED_EDGE('',*,*,#7127,.F.);
#7190=ORIENTED_EDGE('',*,*,#7103,.F.);
#7191=ORIENTED_EDGE('',*,*,#7079,.F.);
#7192=ORIENTED_EDGE('',*,*,#7053,.F.);
#7193=ORIENTED_EDGE('',*,*,#7009,.F.);
#7194=ORIENTED_EDGE('',*,*,#6985,.F.);
#7195=ORIENTED_EDGE('',*,*,#6961,.F.);
#7196=ORIENTED_EDGE('',*,*,#6937,.F.);
#7197=ORIENTED_EDGE('',*,*,#6913,.F.);
#7198=EDGE_LOOP('',(#7186,#7187,#7188,#7189,#7190,#7191,#7192,#7193,#7194,#7195,#7196,#7197));
#7199=FACE_BOUND('',#7198,.T.);
#7200=ADVANCED_FACE('',(#7199),#7185,.F.);
#7201=CARTESIAN_POINT('',(1.,31.954331275,37.985913174));
#7202=DIRECTION('',(0.,1.,0.));
#7203=DIRECTION('',(0.,0.,1.));
#7204=AXIS2_PLACEMENT_3D('',#7201,#7202,#7203);
#7205=PLANE('',#7204);
#7206=ORIENTED_EDGE('',*,*,#1150,.F.);
#7207=CARTESIAN_POINT('',(1.,31.954331275,40.189389656));
#7208=VERTEX_POINT('',#7207);
#7209=CARTESIAN_POINT('',(1.,31.954331275,40.189389656));
#7210=DIRECTION('',(-1.,0.,0.));
#7211=VECTOR('',#7210,1.);
#7212=LINE('',#7209,#7211);
#7213=EDGE_CURVE('',#7208,#1143,#7212,.T.);
#7214=ORIENTED_EDGE('',*,*,#7213,.F.);
#7215=CARTESIAN_POINT('',(1.,31.954331275,35.782436691));
#7216=VERTEX_POINT('',#7215);
#7217=CARTESIAN_POINT('',(1.,31.954331275,40.189389656));
#7218=DIRECTION('',(0.,0.,-1.));
#7219=VECTOR('',#7218,4.406952965);
#7220=LINE('',#7217,#7219);
#7221=EDGE_CURVE('',#7208,#7216,#7220,.T.);
#7222=ORIENTED_EDGE('',*,*,#7221,.T.);
#7223=CARTESIAN_POINT('',(1.,31.954331275,35.782436691));
#7224=DIRECTION('',(-1.,0.,0.));
#7225=VECTOR('',#7224,1.);
#7226=LINE('',#7223,#7225);
#7227=EDGE_CURVE('',#7216,#1145,#7226,.T.);
#7228=ORIENTED_EDGE('',*,*,#7227,.T.);
#7229=EDGE_LOOP('',(#7206,#7214,#7222,#7228));
#7230=FACE_BOUND('',#7229,.T.);
#7231=ADVANCED_FACE('',(#7230),#7205,.T.);
#7232=CARTESIAN_POINT('',(1.,30.723929094,35.782436691));
#7233=DIRECTION('',(0.,0.,-1.));
#7234=DIRECTION('',(-1.,0.,0.));
#7235=AXIS2_PLACEMENT_3D('',#7232,#7233,#7234);
#7236=PLANE('',#7235);
#7237=ORIENTED_EDGE('',*,*,#1158,.F.);
#7238=ORIENTED_EDGE('',*,*,#7227,.F.);
#7239=CARTESIAN_POINT('',(1.,29.493526912,35.782436691));
#7240=VERTEX_POINT('',#7239);
#7241=CARTESIAN_POINT('',(1.,31.954331275,35.782436691));
#7242=DIRECTION('',(0.,-1.,0.));
#7243=VECTOR('',#7242,2.460804363);
#7244=LINE('',#7241,#7243);
#7245=EDGE_CURVE('',#7216,#7240,#7244,.T.);
#7246=ORIENTED_EDGE('',*,*,#7245,.T.);
#7247=CARTESIAN_POINT('',(1.,29.493526912,35.782436691));
#7248=DIRECTION('',(-1.,0.,0.));
#7249=VECTOR('',#7248,1.);
#7250=LINE('',#7247,#7249);
#7251=EDGE_CURVE('',#7240,#1153,#7250,.T.);
#7252=ORIENTED_EDGE('',*,*,#7251,.T.);
#7253=EDGE_LOOP('',(#7237,#7238,#7246,#7252));
#7254=FACE_BOUND('',#7253,.T.);
#7255=ADVANCED_FACE('',(#7254),#7236,.T.);
#7256=CARTESIAN_POINT('',(1.,29.493526912,35.487617332));
#7257=DIRECTION('',(0.,1.,0.));
#7258=DIRECTION('',(0.,0.,1.));
#7259=AXIS2_PLACEMENT_3D('',#7256,#7257,#7258);
#7260=PLANE('',#7259);
#7261=ORIENTED_EDGE('',*,*,#1166,.F.);
#7262=ORIENTED_EDGE('',*,*,#7251,.F.);
#7263=CARTESIAN_POINT('',(1.,29.493526912,35.192797973));
#7264=VERTEX_POINT('',#7263);
#7265=CARTESIAN_POINT('',(1.,29.493526912,35.782436691));
#7266=DIRECTION('',(0.,0.,-1.));
#7267=VECTOR('',#7266,0.589638718);
#7268=LINE('',#7265,#7267);
#7269=EDGE_CURVE('',#7240,#7264,#7268,.T.);
#7270=ORIENTED_EDGE('',*,*,#7269,.T.);
#7271=CARTESIAN_POINT('',(1.,29.493526912,35.192797973));
#7272=DIRECTION('',(-1.,0.,0.));
#7273=VECTOR('',#7272,1.);
#7274=LINE('',#7271,#7273);
#7275=EDGE_CURVE('',#7264,#1161,#7274,.T.);
#7276=ORIENTED_EDGE('',*,*,#7275,.T.);
#7277=EDGE_LOOP('',(#7261,#7262,#7270,#7276));
#7278=FACE_BOUND('',#7277,.T.);
#7279=ADVANCED_FACE('',(#7278),#7260,.T.);
#7280=CARTESIAN_POINT('',(1.,31.054535774,35.192797973));
#7281=DIRECTION('',(0.,0.,1.));
#7282=DIRECTION('',(1.,0.,0.));
#7283=AXIS2_PLACEMENT_3D('',#7280,#7281,#7282);
#7284=PLANE('',#7283);
#7285=ORIENTED_EDGE('',*,*,#1174,.F.);
#7286=ORIENTED_EDGE('',*,*,#7275,.F.);
#7287=CARTESIAN_POINT('',(1.,32.615544636,35.192797973));
#7288=VERTEX_POINT('',#7287);
#7289=CARTESIAN_POINT('',(1.,29.493526912,35.192797973));
#7290=DIRECTION('',(0.,1.,0.));
#7291=VECTOR('',#7290,3.122017723);
#7292=LINE('',#7289,#7291);
#7293=EDGE_CURVE('',#7264,#7288,#7292,.T.);
#7294=ORIENTED_EDGE('',*,*,#7293,.T.);
#7295=CARTESIAN_POINT('',(1.,32.615544636,35.192797973));
#7296=DIRECTION('',(-1.,0.,0.));
#7297=VECTOR('',#7296,1.);
#7298=LINE('',#7295,#7297);
#7299=EDGE_CURVE('',#7288,#1169,#7298,.T.);
#7300=ORIENTED_EDGE('',*,*,#7299,.T.);
#7301=EDGE_LOOP('',(#7285,#7286,#7294,#7300));
#7302=FACE_BOUND('',#7301,.T.);
#7303=ADVANCED_FACE('',(#7302),#7284,.T.);
#7304=CARTESIAN_POINT('',(1.,32.615544636,37.691093815));
#7305=DIRECTION('',(0.,-1.,0.));
#7306=DIRECTION('',(0.,0.,-1.));
#7307=AXIS2_PLACEMENT_3D('',#7304,#7305,#7306);
#7308=PLANE('',#7307);
#7309=ORIENTED_EDGE('',*,*,#1182,.F.);
#7310=ORIENTED_EDGE('',*,*,#7299,.F.);
#7311=CARTESIAN_POINT('',(1.,32.615544636,40.189389656));
#7312=VERTEX_POINT('',#7311);
#7313=CARTESIAN_POINT('',(1.,32.615544636,35.192797973));
#7314=DIRECTION('',(0.,0.,1.));
#7315=VECTOR('',#7314,4.996591684);
#7316=LINE('',#7313,#7315);
#7317=EDGE_CURVE('',#7288,#7312,#7316,.T.);
#7318=ORIENTED_EDGE('',*,*,#7317,.T.);
#7319=CARTESIAN_POINT('',(1.,32.615544636,40.189389656));
#7320=DIRECTION('',(-1.,0.,0.));
#7321=VECTOR('',#7320,1.);
#7322=LINE('',#7319,#7321);
#7323=EDGE_CURVE('',#7312,#1177,#7322,.T.);
#7324=ORIENTED_EDGE('',*,*,#7323,.T.);
#7325=EDGE_LOOP('',(#7309,#7310,#7318,#7324));
#7326=FACE_BOUND('',#7325,.T.);
#7327=ADVANCED_FACE('',(#7326),#7308,.T.);
#7328=CARTESIAN_POINT('',(1.,32.284937955,40.189389656));
#7329=DIRECTION('',(0.,0.,-1.));
#7330=DIRECTION('',(-1.,0.,0.));
#7331=AXIS2_PLACEMENT_3D('',#7328,#7329,#7330);
#7332=PLANE('',#7331);
#7333=ORIENTED_EDGE('',*,*,#1188,.F.);
#7334=ORIENTED_EDGE('',*,*,#7323,.F.);
#7335=CARTESIAN_POINT('',(1.,32.615544636,40.189389656));
#7336=DIRECTION('',(0.,-1.,0.));
#7337=VECTOR('',#7336,0.661213361);
#7338=LINE('',#7335,#7337);
#7339=EDGE_CURVE('',#7312,#7208,#7338,.T.);
#7340=ORIENTED_EDGE('',*,*,#7339,.T.);
#7341=ORIENTED_EDGE('',*,*,#7213,.T.);
#7342=EDGE_LOOP('',(#7333,#7334,#7340,#7341));
#7343=FACE_BOUND('',#7342,.T.);
#7344=ADVANCED_FACE('',(#7343),#7332,.T.);
#7345=CARTESIAN_POINT('',(1.,0.,0.));
#7346=DIRECTION('',(1.,0.,0.));
#7347=DIRECTION('',(0.,1.,0.));
#7348=AXIS2_PLACEMENT_3D('',#7345,#7346,#7347);
#7349=PLANE('',#7348);
#7350=ORIENTED_EDGE('',*,*,#7221,.F.);
#7351=ORIENTED_EDGE('',*,*,#7339,.F.);
#7352=ORIENTED_EDGE('',*,*,#7317,.F.);
#7353=ORIENTED_EDGE('',*,*,#7293,.F.);
#7354=ORIENTED_EDGE('',*,*,#7269,.F.);
#7355=ORIENTED_EDGE('',*,*,#7245,.F.);
#7356=EDGE_LOOP('',(#7350,#7351,#7352,#7353,#7354,#7355));
#7357=FACE_BOUND('',#7356,.T.);
#7358=ADVANCED_FACE('',(#7357),#7349,.F.);
#7359=CARTESIAN_POINT('',(1.,25.033839623,53.624271486));
#7360=CARTESIAN_POINT('',(0.,25.033839623,53.624271486));
#7361=CARTESIAN_POINT('',(1.,24.972489929,53.617454853));
#7362=CARTESIAN_POINT('',(0.,24.972489929,53.617454853));
#7363=CARTESIAN_POINT('',(1.,24.93499845,53.617454853));
#7364=CARTESIAN_POINT('',(0.,24.93499845,53.617454853));
#7365=CARTESIAN_POINT('',(1.,24.543042077,53.617454853));
#7366=CARTESIAN_POINT('',(0.,24.543042077,53.617454853));
#7367=CARTESIAN_POINT('',(1.,24.229476978,53.821953831));
#7368=CARTESIAN_POINT('',(0.,24.229476978,53.821953831));
#7369=CARTESIAN_POINT('',(1.,23.915911879,54.026452808));
#7370=CARTESIAN_POINT('',(0.,23.915911879,54.026452808));
#7371=CARTESIAN_POINT('',(1.,23.915911879,54.452492345));
#7372=CARTESIAN_POINT('',(0.,23.915911879,54.452492345));
#7373=CARTESIAN_POINT('',(1.,23.915911879,54.789915658));
#7374=CARTESIAN_POINT('',(0.,23.915911879,54.789915658));
#7375=CARTESIAN_POINT('',(1.,24.144269071,55.011456217));
#7376=CARTESIAN_POINT('',(0.,24.144269071,55.011456217));
#7377=CARTESIAN_POINT('',(1.,24.372626262,55.232996776));
#7378=CARTESIAN_POINT('',(0.,24.372626262,55.232996776));
#7379=CARTESIAN_POINT('',(1.,24.733907789,55.232996776));
#7380=CARTESIAN_POINT('',(0.,24.733907789,55.232996776));
#7381=CARTESIAN_POINT('',(1.,25.091781,55.232996776));
#7382=CARTESIAN_POINT('',(0.,25.091781,55.232996776));
#7383=CARTESIAN_POINT('',(1.,25.33036314,55.0080479));
#7384=CARTESIAN_POINT('',(0.,25.33036314,55.0080479));
#7385=CARTESIAN_POINT('',(1.,25.56894528,54.783099025));
#7386=CARTESIAN_POINT('',(0.,25.56894528,54.783099025));
#7387=CARTESIAN_POINT('',(1.,25.637111606,54.333201275));
#7388=CARTESIAN_POINT('',(0.,25.637111606,54.333201275));
#7389=B_SPLINE_SURFACE_WITH_KNOTS('',2,1,((#7359,#7360),(#7361,#7362),(#7363,#7364),(#7365,#7366),(#7367,#7368),(#7369,#7370),(#7371,#7372),(#7373,#7374),(#7375,#7376),(#7377,#7378),(#7379,#7380),(#7381,#7382),(#7383,#7384),(#7385,#7386),(#7387,#7388)),.UNSPECIFIED.,.F.,.F.,.U.,(3,2,2,2,2,2,2,3),(2,2),(0.,0.018223944,0.208746993,0.399270042,0.550164297,0.701058552,0.850529276,1.),(0.,1.),.UNSPECIFIED.);
#7390=ORIENTED_EDGE('',*,*,#214,.F.);
#7391=CARTESIAN_POINT('',(1.,25.033839623,53.624271486));
#7392=VERTEX_POINT('',#7391);
#7393=CARTESIAN_POINT('',(1.,25.033839623,53.624271486));
#7394=DIRECTION('',(-1.,0.,0.));
#7395=VECTOR('',#7394,1.);
#7396=LINE('',#7393,#7395);
#7397=EDGE_CURVE('',#7392,#195,#7396,.T.);
#7398=ORIENTED_EDGE('',*,*,#7397,.F.);
#7399=CARTESIAN_POINT('',(1.,25.637111606,54.333201275));
#7400=VERTEX_POINT('',#7399);
#7401=CARTESIAN_POINT('',(1.,25.033839623,53.624271486));
#7402=CARTESIAN_POINT('',(1.,24.972489929,53.617454853));
#7403=CARTESIAN_POINT('',(1.,24.93499845,53.617454853));
#7404=CARTESIAN_POINT('',(1.,24.543042077,53.617454853));
#7405=CARTESIAN_POINT('',(1.,24.229476978,53.821953831));
#7406=CARTESIAN_POINT('',(1.,23.915911879,54.026452808));
#7407=CARTESIAN_POINT('',(1.,23.915911879,54.452492345));
#7408=CARTESIAN_POINT('',(1.,23.915911879,54.789915658));
#7409=CARTESIAN_POINT('',(1.,24.144269071,55.011456217));
#7410=CARTESIAN_POINT('',(1.,24.372626262,55.232996776));
#7411=CARTESIAN_POINT('',(1.,24.733907789,55.232996776));
#7412=CARTESIAN_POINT('',(1.,25.091781,55.232996776));
#7413=CARTESIAN_POINT('',(1.,25.33036314,55.0080479));
#7414=CARTESIAN_POINT('',(1.,25.56894528,54.783099025));
#7415=CARTESIAN_POINT('',(1.,25.637111606,54.333201275));
#7416=B_SPLINE_CURVE_WITH_KNOTS('',2,(#7401,#7402,#7403,#7404,#7405,#7406,#7407,#7408,#7409,#7410,#7411,#7412,#7413,#7414,#7415),.UNSPECIFIED.,.F.,.F.,(3,2,2,2,2,2,2,3),(0.,0.018223944,0.208746993,0.399270042,0.550164297,0.701058552,0.850529276,1.),.UNSPECIFIED.);
#7417=EDGE_CURVE('',#7392,#7400,#7416,.T.);
#7418=ORIENTED_EDGE('',*,*,#7417,.T.);
#7419=CARTESIAN_POINT('',(1.,25.637111606,54.333201275));
#7420=DIRECTION('',(-1.,0.,0.));
#7421=VECTOR('',#7420,1.);
#7422=LINE('',#7419,#7421);
#7423=EDGE_CURVE('',#7400,#197,#7422,.T.);
#7424=ORIENTED_EDGE('',*,*,#7423,.T.);
#7425=EDGE_LOOP('',(#7390,#7398,#7418,#7424));
#7426=FACE_BOUND('',#7425,.T.);
#7427=ADVANCED_FACE('',(#7426),#7389,.T.);
#7428=CARTESIAN_POINT('',(1.,25.943860073,54.387734335));
#7429=DIRECTION('',(0.,-0.175033335,0.984562508));
#7430=DIRECTION('',(0.,-0.984562508,-0.175033335));
#7431=AXIS2_PLACEMENT_3D('',#7428,#7429,#7430);
#7432=PLANE('',#7431);
#7433=ORIENTED_EDGE('',*,*,#222,.F.);
#7434=ORIENTED_EDGE('',*,*,#7423,.F.);
#7435=CARTESIAN_POINT('',(1.,26.250608539,54.442267396));
#7436=VERTEX_POINT('',#7435);
#7437=CARTESIAN_POINT('',(1.,25.637111606,54.333201275));
#7438=DIRECTION('',(0.,0.984562508,0.175033335));
#7439=VECTOR('',#7438,0.623116285);
#7440=LINE('',#7437,#7439);
#7441=EDGE_CURVE('',#7400,#7436,#7440,.T.);
#7442=ORIENTED_EDGE('',*,*,#7441,.T.);
#7443=CARTESIAN_POINT('',(1.,26.250608539,54.442267396));
#7444=DIRECTION('',(-1.,0.,0.));
#7445=VECTOR('',#7444,1.);
#7446=LINE('',#7443,#7445);
#7447=EDGE_CURVE('',#7436,#217,#7446,.T.);
#7448=ORIENTED_EDGE('',*,*,#7447,.T.);
#7449=EDGE_LOOP('',(#7433,#7434,#7442,#7448));
#7450=FACE_BOUND('',#7449,.T.);
#7451=ADVANCED_FACE('',(#7450),#7432,.T.);
#7452=CARTESIAN_POINT('',(1.,26.250608539,54.442267396));
#7453=CARTESIAN_POINT('',(0.,26.250608539,54.442267396));
#7454=CARTESIAN_POINT('',(1.,26.138134101,55.059172645));
#7455=CARTESIAN_POINT('',(0.,26.138134101,55.059172645));
#7456=CARTESIAN_POINT('',(1.,25.739361095,55.398300116));
#7457=CARTESIAN_POINT('',(0.,25.739361095,55.398300116));
#7458=CARTESIAN_POINT('',(1.,25.340588089,55.737427587));
#7459=CARTESIAN_POINT('',(0.,25.340588089,55.737427587));
#7460=CARTESIAN_POINT('',(1.,24.747541054,55.737427587));
#7461=CARTESIAN_POINT('',(0.,24.747541054,55.737427587));
#7462=CARTESIAN_POINT('',(1.,24.338543099,55.737427587));
#7463=CARTESIAN_POINT('',(0.,24.338543099,55.737427587));
#7464=CARTESIAN_POINT('',(1.,23.994303154,55.561899298));
#7465=CARTESIAN_POINT('',(0.,23.994303154,55.561899298));
#7466=CARTESIAN_POINT('',(1.,23.650063208,55.386371009));
#7467=CARTESIAN_POINT('',(0.,23.650063208,55.386371009));
#7468=CARTESIAN_POINT('',(1.,23.467718287,55.083030859));
#7469=CARTESIAN_POINT('',(0.,23.467718287,55.083030859));
#7470=CARTESIAN_POINT('',(1.,23.285373365,54.779690709));
#7471=CARTESIAN_POINT('',(0.,23.285373365,54.779690709));
#7472=CARTESIAN_POINT('',(1.,23.285373365,54.43885908));
#7473=CARTESIAN_POINT('',(0.,23.285373365,54.43885908));
#7474=CARTESIAN_POINT('',(1.,23.285373365,54.115069032));
#7475=CARTESIAN_POINT('',(0.,23.285373365,54.115069032));
#7476=CARTESIAN_POINT('',(1.,23.459197496,53.849220361));
#7477=CARTESIAN_POINT('',(0.,23.459197496,53.849220361));
#7478=CARTESIAN_POINT('',(1.,23.633021627,53.58337169));
#7479=CARTESIAN_POINT('',(0.,23.633021627,53.58337169));
#7480=CARTESIAN_POINT('',(1.,23.973853256,53.426589141));
#7481=CARTESIAN_POINT('',(0.,23.973853256,53.426589141));
#7482=B_SPLINE_SURFACE_WITH_KNOTS('',2,1,((#7452,#7453),(#7454,#7455),(#7456,#7457),(#7458,#7459),(#7460,#7461),(#7462,#7463),(#7464,#7465),(#7466,#7467),(#7468,#7469),(#7470,#7471),(#7472,#7473),(#7474,#7475),(#7476,#7477),(#7478,#7479),(#7480,#7481)),.UNSPECIFIED.,.F.,.F.,.U.,(3,2,2,2,2,2,2,3),(2,2),(0.,0.090483218,0.180966436,0.243368656,0.305770875,0.368173095,0.427455203,0.486737312),(0.,1.),.UNSPECIFIED.);
#7483=ORIENTED_EDGE('',*,*,#242,.F.);
#7484=ORIENTED_EDGE('',*,*,#7447,.F.);
#7485=CARTESIAN_POINT('',(1.,23.973853256,53.426589141));
#7486=VERTEX_POINT('',#7485);
#7487=CARTESIAN_POINT('',(1.,26.250608539,54.442267396));
#7488=CARTESIAN_POINT('',(1.,26.138134101,55.059172645));
#7489=CARTESIAN_POINT('',(1.,25.739361095,55.398300116));
#7490=CARTESIAN_POINT('',(1.,25.340588089,55.737427587));
#7491=CARTESIAN_POINT('',(1.,24.747541054,55.737427587));
#7492=CARTESIAN_POINT('',(1.,24.338543099,55.737427587));
#7493=CARTESIAN_POINT('',(1.,23.994303154,55.561899298));
#7494=CARTESIAN_POINT('',(1.,23.650063208,55.386371009));
#7495=CARTESIAN_POINT('',(1.,23.467718287,55.083030859));
#7496=CARTESIAN_POINT('',(1.,23.285373365,54.779690709));
#7497=CARTESIAN_POINT('',(1.,23.285373365,54.43885908));
#7498=CARTESIAN_POINT('',(1.,23.285373365,54.115069032));
#7499=CARTESIAN_POINT('',(1.,23.459197496,53.849220361));
#7500=CARTESIAN_POINT('',(1.,23.633021627,53.58337169));
#7501=CARTESIAN_POINT('',(1.,23.973853256,53.426589141));
#7502=B_SPLINE_CURVE_WITH_KNOTS('',2,(#7487,#7488,#7489,#7490,#7491,#7492,#7493,#7494,#7495,#7496,#7497,#7498,#7499,#7500,#7501),.UNSPECIFIED.,.F.,.F.,(3,2,2,2,2,2,2,3),(0.,0.090483218,0.180966436,0.243368656,0.305770875,0.368173095,0.427455203,0.486737312),.UNSPECIFIED.);
#7503=EDGE_CURVE('',#7436,#7486,#7502,.T.);
#7504=ORIENTED_EDGE('',*,*,#7503,.T.);
#7505=CARTESIAN_POINT('',(1.,23.973853256,53.426589141));
#7506=DIRECTION('',(-1.,0.,0.));
#7507=VECTOR('',#7506,1.);
#7508=LINE('',#7505,#7507);
#7509=EDGE_CURVE('',#7486,#225,#7508,.T.);
#7510=ORIENTED_EDGE('',*,*,#7509,.T.);
#7511=EDGE_LOOP('',(#7483,#7484,#7504,#7510));
#7512=FACE_BOUND('',#7511,.T.);
#7513=ADVANCED_FACE('',(#7512),#7482,.T.);
#7514=CARTESIAN_POINT('',(1.,23.973853256,53.426589141));
#7515=CARTESIAN_POINT('',(0.,23.973853256,53.426589141));
#7516=CARTESIAN_POINT('',(1.,23.530772138,53.324339652));
#7517=CARTESIAN_POINT('',(0.,23.530772138,53.324339652));
#7518=CARTESIAN_POINT('',(1.,23.285373365,53.002253763));
#7519=CARTESIAN_POINT('',(0.,23.285373365,53.002253763));
#7520=CARTESIAN_POINT('',(1.,23.039974592,52.680167873));
#7521=CARTESIAN_POINT('',(0.,23.039974592,52.680167873));
#7522=CARTESIAN_POINT('',(1.,23.039974592,52.19618696));
#7523=CARTESIAN_POINT('',(0.,23.039974592,52.19618696));
#7524=CARTESIAN_POINT('',(1.,23.039974592,51.541790232));
#7525=CARTESIAN_POINT('',(0.,23.039974592,51.541790232));
#7526=CARTESIAN_POINT('',(1.,23.517138873,51.086780007));
#7527=CARTESIAN_POINT('',(0.,23.517138873,51.086780007));
#7528=CARTESIAN_POINT('',(1.,23.994303154,50.631769782));
#7529=CARTESIAN_POINT('',(0.,23.994303154,50.631769782));
#7530=CARTESIAN_POINT('',(1.,24.72368284,50.631769782));
#7531=CARTESIAN_POINT('',(0.,24.72368284,50.631769782));
#7532=CARTESIAN_POINT('',(1.,25.381487884,50.631769782));
#7533=CARTESIAN_POINT('',(0.,25.381487884,50.631769782));
#7534=CARTESIAN_POINT('',(1.,25.816048212,51.023726155));
#7535=CARTESIAN_POINT('',(0.,25.816048212,51.023726155));
#7536=CARTESIAN_POINT('',(1.,26.250608539,51.415682529));
#7537=CARTESIAN_POINT('',(0.,26.250608539,51.415682529));
#7538=CARTESIAN_POINT('',(1.,26.311958232,52.03940441));
#7539=CARTESIAN_POINT('',(0.,26.311958232,52.03940441));
#7540=B_SPLINE_SURFACE_WITH_KNOTS('',2,1,((#7514,#7515),(#7516,#7517),(#7518,#7519),(#7520,#7521),(#7522,#7523),(#7524,#7525),(#7526,#7527),(#7528,#7529),(#7530,#7531),(#7532,#7533),(#7534,#7535),(#7536,#7537),(#7538,#7539)),.UNSPECIFIED.,.F.,.F.,.U.,(3,2,2,2,2,2,3),(2,2),(0.486737312,0.558591818,0.630446324,0.727601713,0.824757102,0.912378551,1.),(0.,1.),.UNSPECIFIED.);
#7541=ORIENTED_EDGE('',*,*,#260,.F.);
#7542=ORIENTED_EDGE('',*,*,#7509,.F.);
#7543=CARTESIAN_POINT('',(1.,26.311958232,52.03940441));
#7544=VERTEX_POINT('',#7543);
#7545=CARTESIAN_POINT('',(1.,23.973853256,53.426589141));
#7546=CARTESIAN_POINT('',(1.,23.530772138,53.324339652));
#7547=CARTESIAN_POINT('',(1.,23.285373365,53.002253763));
#7548=CARTESIAN_POINT('',(1.,23.039974592,52.680167873));
#7549=CARTESIAN_POINT('',(1.,23.039974592,52.19618696));
#7550=CARTESIAN_POINT('',(1.,23.039974592,51.541790232));
#7551=CARTESIAN_POINT('',(1.,23.517138873,51.086780007));
#7552=CARTESIAN_POINT('',(1.,23.994303154,50.631769782));
#7553=CARTESIAN_POINT('',(1.,24.72368284,50.631769782));
#7554=CARTESIAN_POINT('',(1.,25.381487884,50.631769782));
#7555=CARTESIAN_POINT('',(1.,25.816048212,51.023726155));
#7556=CARTESIAN_POINT('',(1.,26.250608539,51.415682529));
#7557=CARTESIAN_POINT('',(1.,26.311958232,52.03940441));
#7558=B_SPLINE_CURVE_WITH_KNOTS('',2,(#7545,#7546,#7547,#7548,#7549,#7550,#7551,#7552,#7553,#7554,#7555,#7556,#7557),.UNSPECIFIED.,.F.,.F.,(3,2,2,2,2,2,3),(0.486737312,0.558591818,0.630446324,0.727601713,0.824757102,0.912378551,1.),.UNSPECIFIED.);
#7559=EDGE_CURVE('',#7486,#7544,#7558,.T.);
#7560=ORIENTED_EDGE('',*,*,#7559,.T.);
#7561=CARTESIAN_POINT('',(1.,26.311958232,52.03940441));
#7562=DIRECTION('',(-1.,0.,0.));
#7563=VECTOR('',#7562,1.);
#7564=LINE('',#7561,#7563);
#7565=EDGE_CURVE('',#7544,#245,#7564,.T.);
#7566=ORIENTED_EDGE('',*,*,#7565,.T.);
#7567=EDGE_LOOP('',(#7541,#7542,#7560,#7566));
#7568=FACE_BOUND('',#7567,.T.);
#7569=ADVANCED_FACE('',(#7568),#7540,.T.);
#7570=CARTESIAN_POINT('',(1.,26.005209766,52.080304206));
#7571=DIRECTION('',(0.,-0.13216372,-0.991227901));
#7572=DIRECTION('',(0.,0.991227901,-0.13216372));
#7573=AXIS2_PLACEMENT_3D('',#7570,#7571,#7572);
#7574=PLANE('',#7573);
#7575=ORIENTED_EDGE('',*,*,#268,.F.);
#7576=ORIENTED_EDGE('',*,*,#7565,.F.);
#7577=CARTESIAN_POINT('',(1.,25.6984613,52.121204001));
#7578=VERTEX_POINT('',#7577);
#7579=CARTESIAN_POINT('',(1.,26.311958232,52.03940441));
#7580=DIRECTION('',(0.,-0.991227901,0.13216372));
#7581=VECTOR('',#7580,0.618926215);
#7582=LINE('',#7579,#7581);
#7583=EDGE_CURVE('',#7544,#7578,#7582,.T.);
#7584=ORIENTED_EDGE('',*,*,#7583,.T.);
#7585=CARTESIAN_POINT('',(1.,25.6984613,52.121204001));
#7586=DIRECTION('',(-1.,0.,0.));
#7587=VECTOR('',#7586,1.);
#7588=LINE('',#7585,#7587);
#7589=EDGE_CURVE('',#7578,#263,#7588,.T.);
#7590=ORIENTED_EDGE('',*,*,#7589,.T.);
#7591=EDGE_LOOP('',(#7575,#7576,#7584,#7590));
#7592=FACE_BOUND('',#7591,.T.);
#7593=ADVANCED_FACE('',(#7592),#7574,.T.);
#7594=CARTESIAN_POINT('',(1.,25.6984613,52.121204001));
#7595=CARTESIAN_POINT('',(0.,25.6984613,52.121204001));
#7596=CARTESIAN_POINT('',(1.,25.592803495,51.599731609));
#7597=CARTESIAN_POINT('',(0.,25.592803495,51.599731609));
#7598=CARTESIAN_POINT('',(1.,25.338883931,51.369670259));
#7599=CARTESIAN_POINT('',(0.,25.338883931,51.369670259));
#7600=CARTESIAN_POINT('',(1.,25.084964367,51.139608909));
#7601=CARTESIAN_POINT('',(0.,25.084964367,51.139608909));
#7602=CARTESIAN_POINT('',(1.,24.720274524,51.139608909));
#7603=CARTESIAN_POINT('',(0.,24.720274524,51.139608909));
#7604=CARTESIAN_POINT('',(1.,24.287418355,51.139608909));
#7605=CARTESIAN_POINT('',(0.,24.287418355,51.139608909));
#7606=CARTESIAN_POINT('',(1.,23.989190679,51.439540743));
#7607=CARTESIAN_POINT('',(0.,23.989190679,51.439540743));
#7608=CARTESIAN_POINT('',(1.,23.690963004,51.739472577));
#7609=CARTESIAN_POINT('',(0.,23.690963004,51.739472577));
#7610=CARTESIAN_POINT('',(1.,23.690963004,52.182553695));
#7611=CARTESIAN_POINT('',(0.,23.690963004,52.182553695));
#7612=CARTESIAN_POINT('',(1.,23.690963004,52.605184915));
#7613=CARTESIAN_POINT('',(0.,23.690963004,52.605184915));
#7614=CARTESIAN_POINT('',(1.,23.967036623,52.879554376));
#7615=CARTESIAN_POINT('',(0.,23.967036623,52.879554376));
#7616=CARTESIAN_POINT('',(1.,24.243110243,53.153923838));
#7617=CARTESIAN_POINT('',(0.,24.243110243,53.153923838));
#7618=CARTESIAN_POINT('',(1.,24.669149779,53.153923838));
#7619=CARTESIAN_POINT('',(0.,24.669149779,53.153923838));
#7620=CARTESIAN_POINT('',(1.,24.84297391,53.153923838));
#7621=CARTESIAN_POINT('',(0.,24.84297391,53.153923838));
#7622=CARTESIAN_POINT('',(1.,25.102005949,53.085757512));
#7623=CARTESIAN_POINT('',(0.,25.102005949,53.085757512));
#7624=B_SPLINE_SURFACE_WITH_KNOTS('',2,1,((#7594,#7595),(#7596,#7597),(#7598,#7599),(#7600,#7601),(#7602,#7603),(#7604,#7605),(#7606,#7607),(#7608,#7609),(#7610,#7611),(#7612,#7613),(#7614,#7615),(#7616,#7617),(#7618,#7619),(#7620,#7621),(#7622,#7623)),.UNSPECIFIED.,.F.,.F.,.U.,(3,2,2,2,2,2,2,3),(2,2),(0.,0.140844808,0.281689616,0.448860556,0.616031497,0.775486855,0.934942214,1.),(0.,1.),.UNSPECIFIED.);
#7625=ORIENTED_EDGE('',*,*,#288,.F.);
#7626=ORIENTED_EDGE('',*,*,#7589,.F.);
#7627=CARTESIAN_POINT('',(1.,25.102005949,53.085757512));
#7628=VERTEX_POINT('',#7627);
#7629=CARTESIAN_POINT('',(1.,25.6984613,52.121204001));
#7630=CARTESIAN_POINT('',(1.,25.592803495,51.599731609));
#7631=CARTESIAN_POINT('',(1.,25.338883931,51.369670259));
#7632=CARTESIAN_POINT('',(1.,25.084964367,51.139608909));
#7633=CARTESIAN_POINT('',(1.,24.720274524,51.139608909));
#7634=CARTESIAN_POINT('',(1.,24.287418355,51.139608909));
#7635=CARTESIAN_POINT('',(1.,23.989190679,51.439540743));
#7636=CARTESIAN_POINT('',(1.,23.690963004,51.739472577));
#7637=CARTESIAN_POINT('',(1.,23.690963004,52.182553695));
#7638=CARTESIAN_POINT('',(1.,23.690963004,52.605184915));
#7639=CARTESIAN_POINT('',(1.,23.967036623,52.879554376));
#7640=CARTESIAN_POINT('',(1.,24.243110243,53.153923838));
#7641=CARTESIAN_POINT('',(1.,24.669149779,53.153923838));
#7642=CARTESIAN_POINT('',(1.,24.84297391,53.153923838));
#7643=CARTESIAN_POINT('',(1.,25.102005949,53.085757512));
#7644=B_SPLINE_CURVE_WITH_KNOTS('',2,(#7629,#7630,#7631,#7632,#7633,#7634,#7635,#7636,#7637,#7638,#7639,#7640,#7641,#7642,#7643),.UNSPECIFIED.,.F.,.F.,(3,2,2,2,2,2,2,3),(0.,0.140844808,0.281689616,0.448860556,0.616031497,0.775486855,0.934942214,1.),.UNSPECIFIED.);
#7645=EDGE_CURVE('',#7578,#7628,#7644,.T.);
#7646=ORIENTED_EDGE('',*,*,#7645,.T.);
#7647=CARTESIAN_POINT('',(1.,25.102005949,53.085757512));
#7648=DIRECTION('',(-1.,0.,0.));
#7649=VECTOR('',#7648,1.);
#7650=LINE('',#7647,#7649);
#7651=EDGE_CURVE('',#7628,#271,#7650,.T.);
#7652=ORIENTED_EDGE('',*,*,#7651,.T.);
#7653=EDGE_LOOP('',(#7625,#7626,#7646,#7652));
#7654=FACE_BOUND('',#7653,.T.);
#7655=ADVANCED_FACE('',(#7654),#7624,.T.);
#7656=CARTESIAN_POINT('',(1.,25.067922786,53.355014499));
#7657=DIRECTION('',(0.,-0.992083473,-0.125580186));
#7658=DIRECTION('',(0.,0.125580186,-0.992083473));
#7659=AXIS2_PLACEMENT_3D('',#7656,#7657,#7658);
#7660=PLANE('',#7659);
#7661=ORIENTED_EDGE('',*,*,#294,.F.);
#7662=ORIENTED_EDGE('',*,*,#7651,.F.);
#7663=CARTESIAN_POINT('',(1.,25.102005949,53.085757512));
#7664=DIRECTION('',(0.,-0.125580186,0.992083473));
#7665=VECTOR('',#7664,0.542811153);
#7666=LINE('',#7663,#7665);
#7667=EDGE_CURVE('',#7628,#7392,#7666,.T.);
#7668=ORIENTED_EDGE('',*,*,#7667,.T.);
#7669=ORIENTED_EDGE('',*,*,#7397,.T.);
#7670=EDGE_LOOP('',(#7661,#7662,#7668,#7669));
#7671=FACE_BOUND('',#7670,.T.);
#7672=ADVANCED_FACE('',(#7671),#7660,.T.);
#7673=CARTESIAN_POINT('',(1.,0.,0.));
#7674=DIRECTION('',(1.,0.,0.));
#7675=DIRECTION('',(0.,1.,0.));
#7676=AXIS2_PLACEMENT_3D('',#7673,#7674,#7675);
#7677=PLANE('',#7676);
#7678=ORIENTED_EDGE('',*,*,#7417,.F.);
#7679=ORIENTED_EDGE('',*,*,#7667,.F.);
#7680=ORIENTED_EDGE('',*,*,#7645,.F.);
#7681=ORIENTED_EDGE('',*,*,#7583,.F.);
#7682=ORIENTED_EDGE('',*,*,#7559,.F.);
#7683=ORIENTED_EDGE('',*,*,#7503,.F.);
#7684=ORIENTED_EDGE('',*,*,#7441,.F.);
#7685=EDGE_LOOP('',(#7678,#7679,#7680,#7681,#7682,#7683,#7684));
#7686=FACE_BOUND('',#7685,.T.);
#7687=ADVANCED_FACE('',(#7686),#7677,.F.);
#7688=CARTESIAN_POINT('',(1.,38.438747598,53.075532563));
#7689=DIRECTION('',(0.,0.,1.));
#7690=DIRECTION('',(1.,0.,0.));
#7691=AXIS2_PLACEMENT_3D('',#7688,#7689,#7690);
#7692=PLANE('',#7691);
#7693=ORIENTED_EDGE('',*,*,#1200,.F.);
#7694=CARTESIAN_POINT('',(1.,37.140179091,53.075532563));
#7695=VERTEX_POINT('',#7694);
#7696=CARTESIAN_POINT('',(1.,37.140179091,53.075532563));
#7697=DIRECTION('',(-1.,0.,0.));
#7698=VECTOR('',#7697,1.);
#7699=LINE('',#7696,#7698);
#7700=EDGE_CURVE('',#7695,#1193,#7699,.T.);
#7701=ORIENTED_EDGE('',*,*,#7700,.F.);
#7702=CARTESIAN_POINT('',(1.,39.737316105,53.075532563));
#7703=VERTEX_POINT('',#7702);
#7704=CARTESIAN_POINT('',(1.,37.140179091,53.075532563));
#7705=DIRECTION('',(0.,1.,0.));
#7706=VECTOR('',#7705,2.597137014);
#7707=LINE('',#7704,#7706);
#7708=EDGE_CURVE('',#7695,#7703,#7707,.T.);
#7709=ORIENTED_EDGE('',*,*,#7708,.T.);
#7710=CARTESIAN_POINT('',(1.,39.737316105,53.075532563));
#7711=DIRECTION('',(-1.,0.,0.));
#7712=VECTOR('',#7711,1.);
#7713=LINE('',#7710,#7712);
#7714=EDGE_CURVE('',#7703,#1195,#7713,.T.);
#7715=ORIENTED_EDGE('',*,*,#7714,.T.);
#7716=EDGE_LOOP('',(#7693,#7701,#7709,#7715));
#7717=FACE_BOUND('',#7716,.T.);
#7718=ADVANCED_FACE('',(#7717),#7692,.T.);
#7719=CARTESIAN_POINT('',(1.,39.737316105,51.897959284));
#7720=DIRECTION('',(0.,1.,0.));
#7721=DIRECTION('',(0.,0.,1.));
#7722=AXIS2_PLACEMENT_3D('',#7719,#7720,#7721);
#7723=PLANE('',#7722);
#7724=ORIENTED_EDGE('',*,*,#1208,.F.);
#7725=ORIENTED_EDGE('',*,*,#7714,.F.);
#7726=CARTESIAN_POINT('',(1.,39.737316105,50.720386005));
#7727=VERTEX_POINT('',#7726);
#7728=CARTESIAN_POINT('',(1.,39.737316105,53.075532563));
#7729=DIRECTION('',(0.,0.,-1.));
#7730=VECTOR('',#7729,2.355146558);
#7731=LINE('',#7728,#7730);
#7732=EDGE_CURVE('',#7703,#7727,#7731,.T.);
#7733=ORIENTED_EDGE('',*,*,#7732,.T.);
#7734=CARTESIAN_POINT('',(1.,39.737316105,50.720386005));
#7735=DIRECTION('',(-1.,0.,0.));
#7736=VECTOR('',#7735,1.);
#7737=LINE('',#7734,#7736);
#7738=EDGE_CURVE('',#7727,#1203,#7737,.T.);
#7739=ORIENTED_EDGE('',*,*,#7738,.T.);
#7740=EDGE_LOOP('',(#7724,#7725,#7733,#7739));
#7741=FACE_BOUND('',#7740,.T.);
#7742=ADVANCED_FACE('',(#7741),#7723,.T.);
#7743=CARTESIAN_POINT('',(1.,40.067922786,50.720386005));
#7744=DIRECTION('',(0.,0.,1.));
#7745=DIRECTION('',(1.,0.,0.));
#7746=AXIS2_PLACEMENT_3D('',#7743,#7744,#7745);
#7747=PLANE('',#7746);
#7748=ORIENTED_EDGE('',*,*,#1216,.F.);
#7749=ORIENTED_EDGE('',*,*,#7738,.F.);
#7750=CARTESIAN_POINT('',(1.,40.398529466,50.720386005));
#7751=VERTEX_POINT('',#7750);
#7752=CARTESIAN_POINT('',(1.,39.737316105,50.720386005));
#7753=DIRECTION('',(0.,1.,0.));
#7754=VECTOR('',#7753,0.661213361);
#7755=LINE('',#7752,#7754);
#7756=EDGE_CURVE('',#7727,#7751,#7755,.T.);
#7757=ORIENTED_EDGE('',*,*,#7756,.T.);
#7758=CARTESIAN_POINT('',(1.,40.398529466,50.720386005));
#7759=DIRECTION('',(-1.,0.,0.));
#7760=VECTOR('',#7759,1.);
#7761=LINE('',#7758,#7760);
#7762=EDGE_CURVE('',#7751,#1211,#7761,.T.);
#7763=ORIENTED_EDGE('',*,*,#7762,.T.);
#7764=EDGE_LOOP('',(#7748,#7749,#7757,#7763));
#7765=FACE_BOUND('',#7764,.T.);
#7766=ADVANCED_FACE('',(#7765),#7747,.T.);
#7767=CARTESIAN_POINT('',(1.,40.398529466,53.218681847));
#7768=DIRECTION('',(0.,-1.,0.));
#7769=DIRECTION('',(0.,0.,-1.));
#7770=AXIS2_PLACEMENT_3D('',#7767,#7768,#7769);
#7771=PLANE('',#7770);
#7772=ORIENTED_EDGE('',*,*,#1224,.F.);
#7773=ORIENTED_EDGE('',*,*,#7762,.F.);
#7774=CARTESIAN_POINT('',(1.,40.398529466,55.716977689));
#7775=VERTEX_POINT('',#7774);
#7776=CARTESIAN_POINT('',(1.,40.398529466,50.720386005));
#7777=DIRECTION('',(0.,0.,1.));
#7778=VECTOR('',#7777,4.996591684);
#7779=LINE('',#7776,#7778);
#7780=EDGE_CURVE('',#7751,#7775,#7779,.T.);
#7781=ORIENTED_EDGE('',*,*,#7780,.T.);
#7782=CARTESIAN_POINT('',(1.,40.398529466,55.716977689));
#7783=DIRECTION('',(-1.,0.,0.));
#7784=VECTOR('',#7783,1.);
#7785=LINE('',#7782,#7784);
#7786=EDGE_CURVE('',#7775,#1219,#7785,.T.);
#7787=ORIENTED_EDGE('',*,*,#7786,.T.);
#7788=EDGE_LOOP('',(#7772,#7773,#7781,#7787));
#7789=FACE_BOUND('',#7788,.T.);
#7790=ADVANCED_FACE('',(#7789),#7771,.T.);
#7791=CARTESIAN_POINT('',(1.,40.067922786,55.716977689));
#7792=DIRECTION('',(0.,0.,-1.));
#7793=DIRECTION('',(-1.,0.,0.));
#7794=AXIS2_PLACEMENT_3D('',#7791,#7792,#7793);
#7795=PLANE('',#7794);
#7796=ORIENTED_EDGE('',*,*,#1232,.F.);
#7797=ORIENTED_EDGE('',*,*,#7786,.F.);
#7798=CARTESIAN_POINT('',(1.,39.737316105,55.716977689));
#7799=VERTEX_POINT('',#7798);
#7800=CARTESIAN_POINT('',(1.,40.398529466,55.716977689));
#7801=DIRECTION('',(0.,-1.,0.));
#7802=VECTOR('',#7801,0.661213361);
#7803=LINE('',#7800,#7802);
#7804=EDGE_CURVE('',#7775,#7799,#7803,.T.);
#7805=ORIENTED_EDGE('',*,*,#7804,.T.);
#7806=CARTESIAN_POINT('',(1.,39.737316105,55.716977689));
#7807=DIRECTION('',(-1.,0.,0.));
#7808=VECTOR('',#7807,1.);
#7809=LINE('',#7806,#7808);
#7810=EDGE_CURVE('',#7799,#1227,#7809,.T.);
#7811=ORIENTED_EDGE('',*,*,#7810,.T.);
#7812=EDGE_LOOP('',(#7796,#7797,#7805,#7811));
#7813=FACE_BOUND('',#7812,.T.);
#7814=ADVANCED_FACE('',(#7813),#7795,.T.);
#7815=CARTESIAN_POINT('',(1.,39.737316105,54.691074485));
#7816=DIRECTION('',(0.,1.,0.));
#7817=DIRECTION('',(0.,0.,1.));
#7818=AXIS2_PLACEMENT_3D('',#7815,#7816,#7817);
#7819=PLANE('',#7818);
#7820=ORIENTED_EDGE('',*,*,#1240,.F.);
#7821=ORIENTED_EDGE('',*,*,#7810,.F.);
#7822=CARTESIAN_POINT('',(1.,39.737316105,53.665171281));
#7823=VERTEX_POINT('',#7822);
#7824=CARTESIAN_POINT('',(1.,39.737316105,55.716977689));
#7825=DIRECTION('',(0.,0.,-1.));
#7826=VECTOR('',#7825,2.051806408);
#7827=LINE('',#7824,#7826);
#7828=EDGE_CURVE('',#7799,#7823,#7827,.T.);
#7829=ORIENTED_EDGE('',*,*,#7828,.T.);
#7830=CARTESIAN_POINT('',(1.,39.737316105,53.665171281));
#7831=DIRECTION('',(-1.,0.,0.));
#7832=VECTOR('',#7831,1.);
#7833=LINE('',#7830,#7832);
#7834=EDGE_CURVE('',#7823,#1235,#7833,.T.);
#7835=ORIENTED_EDGE('',*,*,#7834,.T.);
#7836=EDGE_LOOP('',(#7820,#7821,#7829,#7835));
#7837=FACE_BOUND('',#7836,.T.);
#7838=ADVANCED_FACE('',(#7837),#7819,.T.);
#7839=CARTESIAN_POINT('',(1.,38.438747598,53.665171281));
#7840=DIRECTION('',(0.,0.,-1.));
#7841=DIRECTION('',(-1.,0.,0.));
#7842=AXIS2_PLACEMENT_3D('',#7839,#7840,#7841);
#7843=PLANE('',#7842);
#7844=ORIENTED_EDGE('',*,*,#1248,.F.);
#7845=ORIENTED_EDGE('',*,*,#7834,.F.);
#7846=CARTESIAN_POINT('',(1.,37.140179091,53.665171281));
#7847=VERTEX_POINT('',#7846);
#7848=CARTESIAN_POINT('',(1.,39.737316105,53.665171281));
#7849=DIRECTION('',(0.,-1.,0.));
#7850=VECTOR('',#7849,2.597137014);
#7851=LINE('',#7848,#7850);
#7852=EDGE_CURVE('',#7823,#7847,#7851,.T.);
#7853=ORIENTED_EDGE('',*,*,#7852,.T.);
#7854=CARTESIAN_POINT('',(1.,37.140179091,53.665171281));
#7855=DIRECTION('',(-1.,0.,0.));
#7856=VECTOR('',#7855,1.);
#7857=LINE('',#7854,#7856);
#7858=EDGE_CURVE('',#7847,#1243,#7857,.T.);
#7859=ORIENTED_EDGE('',*,*,#7858,.T.);
#7860=EDGE_LOOP('',(#7844,#7845,#7853,#7859));
#7861=FACE_BOUND('',#7860,.T.);
#7862=ADVANCED_FACE('',(#7861),#7843,.T.);
#7863=CARTESIAN_POINT('',(1.,37.140179091,54.691074485));
#7864=DIRECTION('',(0.,-1.,0.));
#7865=DIRECTION('',(0.,0.,-1.));
#7866=AXIS2_PLACEMENT_3D('',#7863,#7864,#7865);
#7867=PLANE('',#7866);
#7868=ORIENTED_EDGE('',*,*,#1256,.F.);
#7869=ORIENTED_EDGE('',*,*,#7858,.F.);
#7870=CARTESIAN_POINT('',(1.,37.140179091,55.716977689));
#7871=VERTEX_POINT('',#7870);
#7872=CARTESIAN_POINT('',(1.,37.140179091,53.665171281));
#7873=DIRECTION('',(0.,0.,1.));
#7874=VECTOR('',#7873,2.051806408);
#7875=LINE('',#7872,#7874);
#7876=EDGE_CURVE('',#7847,#7871,#7875,.T.);
#7877=ORIENTED_EDGE('',*,*,#7876,.T.);
#7878=CARTESIAN_POINT('',(1.,37.140179091,55.716977689));
#7879=DIRECTION('',(-1.,0.,0.));
#7880=VECTOR('',#7879,1.);
#7881=LINE('',#7878,#7880);
#7882=EDGE_CURVE('',#7871,#1251,#7881,.T.);
#7883=ORIENTED_EDGE('',*,*,#7882,.T.);
#7884=EDGE_LOOP('',(#7868,#7869,#7877,#7883));
#7885=FACE_BOUND('',#7884,.T.);
#7886=ADVANCED_FACE('',(#7885),#7867,.T.);
#7887=CARTESIAN_POINT('',(1.,36.809572411,55.716977689));
#7888=DIRECTION('',(0.,0.,-1.));
#7889=DIRECTION('',(-1.,0.,0.));
#7890=AXIS2_PLACEMENT_3D('',#7887,#7888,#7889);
#7891=PLANE('',#7890);
#7892=ORIENTED_EDGE('',*,*,#1264,.F.);
#7893=ORIENTED_EDGE('',*,*,#7882,.F.);
#7894=CARTESIAN_POINT('',(1.,36.47896573,55.716977689));
#7895=VERTEX_POINT('',#7894);
#7896=CARTESIAN_POINT('',(1.,37.140179091,55.716977689));
#7897=DIRECTION('',(0.,-1.,0.));
#7898=VECTOR('',#7897,0.661213361);
#7899=LINE('',#7896,#7898);
#7900=EDGE_CURVE('',#7871,#7895,#7899,.T.);
#7901=ORIENTED_EDGE('',*,*,#7900,.T.);
#7902=CARTESIAN_POINT('',(1.,36.47896573,55.716977689));
#7903=DIRECTION('',(-1.,0.,0.));
#7904=VECTOR('',#7903,1.);
#7905=LINE('',#7902,#7904);
#7906=EDGE_CURVE('',#7895,#1259,#7905,.T.);
#7907=ORIENTED_EDGE('',*,*,#7906,.T.);
#7908=EDGE_LOOP('',(#7892,#7893,#7901,#7907));
#7909=FACE_BOUND('',#7908,.T.);
#7910=ADVANCED_FACE('',(#7909),#7891,.T.);
#7911=CARTESIAN_POINT('',(1.,36.47896573,53.218681847));
#7912=DIRECTION('',(0.,1.,0.));
#7913=DIRECTION('',(0.,0.,1.));
#7914=AXIS2_PLACEMENT_3D('',#7911,#7912,#7913);
#7915=PLANE('',#7914);
#7916=ORIENTED_EDGE('',*,*,#1272,.F.);
#7917=ORIENTED_EDGE('',*,*,#7906,.F.);
#7918=CARTESIAN_POINT('',(1.,36.47896573,50.720386005));
#7919=VERTEX_POINT('',#7918);
#7920=CARTESIAN_POINT('',(1.,36.47896573,55.716977689));
#7921=DIRECTION('',(0.,0.,-1.));
#7922=VECTOR('',#7921,4.996591684);
#7923=LINE('',#7920,#7922);
#7924=EDGE_CURVE('',#7895,#7919,#7923,.T.);
#7925=ORIENTED_EDGE('',*,*,#7924,.T.);
#7926=CARTESIAN_POINT('',(1.,36.47896573,50.720386005));
#7927=DIRECTION('',(-1.,0.,0.));
#7928=VECTOR('',#7927,1.);
#7929=LINE('',#7926,#7928);
#7930=EDGE_CURVE('',#7919,#1267,#7929,.T.);
#7931=ORIENTED_EDGE('',*,*,#7930,.T.);
#7932=EDGE_LOOP('',(#7916,#7917,#7925,#7931));
#7933=FACE_BOUND('',#7932,.T.);
#7934=ADVANCED_FACE('',(#7933),#7915,.T.);
#7935=CARTESIAN_POINT('',(1.,36.809572411,50.720386005));
#7936=DIRECTION('',(0.,0.,1.));
#7937=DIRECTION('',(1.,0.,0.));
#7938=AXIS2_PLACEMENT_3D('',#7935,#7936,#7937);
#7939=PLANE('',#7938);
#7940=ORIENTED_EDGE('',*,*,#1280,.F.);
#7941=ORIENTED_EDGE('',*,*,#7930,.F.);
#7942=CARTESIAN_POINT('',(1.,37.140179091,50.720386005));
#7943=VERTEX_POINT('',#7942);
#7944=CARTESIAN_POINT('',(1.,36.47896573,50.720386005));
#7945=DIRECTION('',(0.,1.,0.));
#7946=VECTOR('',#7945,0.661213361);
#7947=LINE('',#7944,#7946);
#7948=EDGE_CURVE('',#7919,#7943,#7947,.T.);
#7949=ORIENTED_EDGE('',*,*,#7948,.T.);
#7950=CARTESIAN_POINT('',(1.,37.140179091,50.720386005));
#7951=DIRECTION('',(-1.,0.,0.));
#7952=VECTOR('',#7951,1.);
#7953=LINE('',#7950,#7952);
#7954=EDGE_CURVE('',#7943,#1275,#7953,.T.);
#7955=ORIENTED_EDGE('',*,*,#7954,.T.);
#7956=EDGE_LOOP('',(#7940,#7941,#7949,#7955));
#7957=FACE_BOUND('',#7956,.T.);
#7958=ADVANCED_FACE('',(#7957),#7939,.T.);
#7959=CARTESIAN_POINT('',(1.,37.140179091,51.897959284));
#7960=DIRECTION('',(0.,-1.,0.));
#7961=DIRECTION('',(0.,0.,-1.));
#7962=AXIS2_PLACEMENT_3D('',#7959,#7960,#7961);
#7963=PLANE('',#7962);
#7964=ORIENTED_EDGE('',*,*,#1286,.F.);
#7965=ORIENTED_EDGE('',*,*,#7954,.F.);
#7966=CARTESIAN_POINT('',(1.,37.140179091,50.720386005));
#7967=DIRECTION('',(0.,0.,1.));
#7968=VECTOR('',#7967,2.355146558);
#7969=LINE('',#7966,#7968);
#7970=EDGE_CURVE('',#7943,#7695,#7969,.T.);
#7971=ORIENTED_EDGE('',*,*,#7970,.T.);
#7972=ORIENTED_EDGE('',*,*,#7700,.T.);
#7973=EDGE_LOOP('',(#7964,#7965,#7971,#7972));
#7974=FACE_BOUND('',#7973,.T.);
#7975=ADVANCED_FACE('',(#7974),#7963,.T.);
#7976=CARTESIAN_POINT('',(1.,0.,0.));
#7977=DIRECTION('',(1.,0.,0.));
#7978=DIRECTION('',(0.,1.,0.));
#7979=AXIS2_PLACEMENT_3D('',#7976,#7977,#7978);
#7980=PLANE('',#7979);
#7981=ORIENTED_EDGE('',*,*,#7708,.F.);
#7982=ORIENTED_EDGE('',*,*,#7970,.F.);
#7983=ORIENTED_EDGE('',*,*,#7948,.F.);
#7984=ORIENTED_EDGE('',*,*,#7924,.F.);
#7985=ORIENTED_EDGE('',*,*,#7900,.F.);
#7986=ORIENTED_EDGE('',*,*,#7876,.F.);
#7987=ORIENTED_EDGE('',*,*,#7852,.F.);
#7988=ORIENTED_EDGE('',*,*,#7828,.F.);
#7989=ORIENTED_EDGE('',*,*,#7804,.F.);
#7990=ORIENTED_EDGE('',*,*,#7780,.F.);
#7991=ORIENTED_EDGE('',*,*,#7756,.F.);
#7992=ORIENTED_EDGE('',*,*,#7732,.F.);
#7993=EDGE_LOOP('',(#7981,#7982,#7983,#7984,#7985,#7986,#7987,#7988,#7989,#7990,#7991,#7992));
#7994=FACE_BOUND('',#7993,.T.);
#7995=ADVANCED_FACE('',(#7994),#7980,.F.);
#7996=CARTESIAN_POINT('',(1.,27.211753733,51.069738425));
#7997=DIRECTION('',(0.,1.,0.));
#7998=DIRECTION('',(0.,0.,1.));
#7999=AXIS2_PLACEMENT_3D('',#7996,#7997,#7998);
#8000=PLANE('',#7999);
#8001=ORIENTED_EDGE('',*,*,#168,.F.);
#8002=CARTESIAN_POINT('',(1.,27.211753733,51.419090845));
#8003=VERTEX_POINT('',#8002);
#8004=CARTESIAN_POINT('',(1.,27.211753733,51.419090845));
#8005=DIRECTION('',(-1.,0.,0.));
#8006=VECTOR('',#8005,1.);
#8007=LINE('',#8004,#8006);
#8008=EDGE_CURVE('',#8003,#161,#8007,.T.);
#8009=ORIENTED_EDGE('',*,*,#8008,.F.);
#8010=CARTESIAN_POINT('',(1.,27.211753733,50.720386005));
#8011=VERTEX_POINT('',#8010);
#8012=CARTESIAN_POINT('',(1.,27.211753733,51.419090845));
#8013=DIRECTION('',(0.,0.,-1.));
#8014=VECTOR('',#8013,0.69870484);
#8015=LINE('',#8012,#8014);
#8016=EDGE_CURVE('',#8003,#8011,#8015,.T.);
#8017=ORIENTED_EDGE('',*,*,#8016,.T.);
#8018=CARTESIAN_POINT('',(1.,27.211753733,50.720386005));
#8019=DIRECTION('',(-1.,0.,0.));
#8020=VECTOR('',#8019,1.);
#8021=LINE('',#8018,#8020);
#8022=EDGE_CURVE('',#8011,#163,#8021,.T.);
#8023=ORIENTED_EDGE('',*,*,#8022,.T.);
#8024=EDGE_LOOP('',(#8001,#8009,#8017,#8023));
#8025=FACE_BOUND('',#8024,.T.);
#8026=ADVANCED_FACE('',(#8025),#8000,.T.);
#8027=CARTESIAN_POINT('',(1.,27.561106153,50.720386005));
#8028=DIRECTION('',(0.,0.,1.));
#8029=DIRECTION('',(1.,0.,0.));
#8030=AXIS2_PLACEMENT_3D('',#8027,#8028,#8029);
#8031=PLANE('',#8030);
#8032=ORIENTED_EDGE('',*,*,#176,.F.);
#8033=ORIENTED_EDGE('',*,*,#8022,.F.);
#8034=CARTESIAN_POINT('',(1.,27.910458573,50.720386005));
#8035=VERTEX_POINT('',#8034);
#8036=CARTESIAN_POINT('',(1.,27.211753733,50.720386005));
#8037=DIRECTION('',(0.,1.,0.));
#8038=VECTOR('',#8037,0.69870484);
#8039=LINE('',#8036,#8038);
#8040=EDGE_CURVE('',#8011,#8035,#8039,.T.);
#8041=ORIENTED_EDGE('',*,*,#8040,.T.);
#8042=CARTESIAN_POINT('',(1.,27.910458573,50.720386005));
#8043=DIRECTION('',(-1.,0.,0.));
#8044=VECTOR('',#8043,1.);
#8045=LINE('',#8042,#8044);
#8046=EDGE_CURVE('',#8035,#171,#8045,.T.);
#8047=ORIENTED_EDGE('',*,*,#8046,.T.);
#8048=EDGE_LOOP('',(#8032,#8033,#8041,#8047));
#8049=FACE_BOUND('',#8048,.T.);
#8050=ADVANCED_FACE('',(#8049),#8031,.T.);
#8051=CARTESIAN_POINT('',(1.,27.910458573,51.069738425));
#8052=DIRECTION('',(0.,-1.,0.));
#8053=DIRECTION('',(0.,0.,-1.));
#8054=AXIS2_PLACEMENT_3D('',#8051,#8052,#8053);
#8055=PLANE('',#8054);
#8056=ORIENTED_EDGE('',*,*,#184,.F.);
#8057=ORIENTED_EDGE('',*,*,#8046,.F.);
#8058=CARTESIAN_POINT('',(1.,27.910458573,51.419090845));
#8059=VERTEX_POINT('',#8058);
#8060=CARTESIAN_POINT('',(1.,27.910458573,50.720386005));
#8061=DIRECTION('',(0.,0.,1.));
#8062=VECTOR('',#8061,0.69870484);
#8063=LINE('',#8060,#8062);
#8064=EDGE_CURVE('',#8035,#8059,#8063,.T.);
#8065=ORIENTED_EDGE('',*,*,#8064,.T.);
#8066=CARTESIAN_POINT('',(1.,27.910458573,51.419090845));
#8067=DIRECTION('',(-1.,0.,0.));
#8068=VECTOR('',#8067,1.);
#8069=LINE('',#8066,#8068);
#8070=EDGE_CURVE('',#8059,#179,#8069,.T.);
#8071=ORIENTED_EDGE('',*,*,#8070,.T.);
#8072=EDGE_LOOP('',(#8056,#8057,#8065,#8071));
#8073=FACE_BOUND('',#8072,.T.);
#8074=ADVANCED_FACE('',(#8073),#8055,.T.);
#8075=CARTESIAN_POINT('',(1.,27.561106153,51.419090845));
#8076=DIRECTION('',(0.,0.,-1.));
#8077=DIRECTION('',(-1.,0.,0.));
#8078=AXIS2_PLACEMENT_3D('',#8075,#8076,#8077);
#8079=PLANE('',#8078);
#8080=ORIENTED_EDGE('',*,*,#190,.F.);
#8081=ORIENTED_EDGE('',*,*,#8070,.F.);
#8082=CARTESIAN_POINT('',(1.,27.910458573,51.419090845));
#8083=DIRECTION('',(0.,-1.,0.));
#8084=VECTOR('',#8083,0.69870484);
#8085=LINE('',#8082,#8084);
#8086=EDGE_CURVE('',#8059,#8003,#8085,.T.);
#8087=ORIENTED_EDGE('',*,*,#8086,.T.);
#8088=ORIENTED_EDGE('',*,*,#8008,.T.);
#8089=EDGE_LOOP('',(#8080,#8081,#8087,#8088));
#8090=FACE_BOUND('',#8089,.T.);
#8091=ADVANCED_FACE('',(#8090),#8079,.T.);
#8092=CARTESIAN_POINT('',(1.,0.,0.));
#8093=DIRECTION('',(1.,0.,0.));
#8094=DIRECTION('',(0.,1.,0.));
#8095=AXIS2_PLACEMENT_3D('',#8092,#8093,#8094);
#8096=PLANE('',#8095);
#8097=ORIENTED_EDGE('',*,*,#8016,.F.);
#8098=ORIENTED_EDGE('',*,*,#8086,.F.);
#8099=ORIENTED_EDGE('',*,*,#8064,.F.);
#8100=ORIENTED_EDGE('',*,*,#8040,.F.);
#8101=EDGE_LOOP('',(#8097,#8098,#8099,#8100));
#8102=FACE_BOUND('',#8101,.T.);
#8103=ADVANCED_FACE('',(#8102),#8096,.F.);
#8104=CARTESIAN_POINT('',(1.,39.438993852,37.118496678));
#8105=DIRECTION('',(0.,1.,0.));
#8106=DIRECTION('',(0.,0.,1.));
#8107=AXIS2_PLACEMENT_3D('',#8104,#8105,#8106);
#8108=PLANE('',#8107);
#8109=ORIENTED_EDGE('',*,*,#1298,.F.);
#8110=CARTESIAN_POINT('',(1.,39.438993852,37.527494633));
#8111=VERTEX_POINT('',#8110);
#8112=CARTESIAN_POINT('',(1.,39.438993852,37.527494633));
#8113=DIRECTION('',(-1.,0.,0.));
#8114=VECTOR('',#8113,1.);
#8115=LINE('',#8112,#8114);
#8116=EDGE_CURVE('',#8111,#1291,#8115,.T.);
#8117=ORIENTED_EDGE('',*,*,#8116,.F.);
#8118=CARTESIAN_POINT('',(1.,39.438993852,36.709498723));
#8119=VERTEX_POINT('',#8118);
#8120=CARTESIAN_POINT('',(1.,39.438993852,37.527494633));
#8121=DIRECTION('',(0.,0.,-1.));
#8122=VECTOR('',#8121,0.81799591);
#8123=LINE('',#8120,#8122);
#8124=EDGE_CURVE('',#8111,#8119,#8123,.T.);
#8125=ORIENTED_EDGE('',*,*,#8124,.T.);
#8126=CARTESIAN_POINT('',(1.,39.438993852,36.709498723));
#8127=DIRECTION('',(-1.,0.,0.));
#8128=VECTOR('',#8127,1.);
#8129=LINE('',#8126,#8128);
#8130=EDGE_CURVE('',#8119,#1293,#8129,.T.);
#8131=ORIENTED_EDGE('',*,*,#8130,.T.);
#8132=EDGE_LOOP('',(#8109,#8117,#8125,#8131));
#8133=FACE_BOUND('',#8132,.T.);
#8134=ADVANCED_FACE('',(#8133),#8108,.T.);
#8135=CARTESIAN_POINT('',(1.,39.438993852,36.709498723));
#8136=CARTESIAN_POINT('',(0.,39.438993852,36.709498723));
#8137=CARTESIAN_POINT('',(1.,39.438993852,35.854011333));
#8138=CARTESIAN_POINT('',(0.,39.438993852,35.854011333));
#8139=CARTESIAN_POINT('',(1.,39.399798214,35.6273583));
#8140=CARTESIAN_POINT('',(0.,39.399798214,35.6273583));
#8141=CARTESIAN_POINT('',(1.,39.360602577,35.400705267));
#8142=CARTESIAN_POINT('',(0.,39.360602577,35.400705267));
#8143=CARTESIAN_POINT('',(1.,39.244719823,35.192797973));
#8144=CARTESIAN_POINT('',(0.,39.244719823,35.192797973));
#8145=B_SPLINE_SURFACE_WITH_KNOTS('',2,1,((#8135,#8136),(#8137,#8138),(#8139,#8140),(#8141,#8142),(#8143,#8144)),.UNSPECIFIED.,.F.,.F.,.U.,(3,2,3),(2,2),(0.,0.5,1.),(0.,1.),.UNSPECIFIED.);
#8146=ORIENTED_EDGE('',*,*,#1308,.F.);
#8147=ORIENTED_EDGE('',*,*,#8130,.F.);
#8148=CARTESIAN_POINT('',(1.,39.244719823,35.192797973));
#8149=VERTEX_POINT('',#8148);
#8150=CARTESIAN_POINT('',(1.,39.438993852,36.709498723));
#8151=CARTESIAN_POINT('',(1.,39.438993852,35.854011333));
#8152=CARTESIAN_POINT('',(1.,39.399798214,35.6273583));
#8153=CARTESIAN_POINT('',(1.,39.360602577,35.400705267));
#8154=CARTESIAN_POINT('',(1.,39.244719823,35.192797973));
#8155=B_SPLINE_CURVE_WITH_KNOTS('',2,(#8150,#8151,#8152,#8153,#8154),.UNSPECIFIED.,.F.,.F.,(3,2,3),(0.,0.5,1.),.UNSPECIFIED.);
#8156=EDGE_CURVE('',#8119,#8149,#8155,.T.);
#8157=ORIENTED_EDGE('',*,*,#8156,.T.);
#8158=CARTESIAN_POINT('',(1.,39.244719823,35.192797973));
#8159=DIRECTION('',(-1.,0.,0.));
#8160=VECTOR('',#8159,1.);
#8161=LINE('',#8158,#8160);
#8162=EDGE_CURVE('',#8149,#1301,#8161,.T.);
#8163=ORIENTED_EDGE('',*,*,#8162,.T.);
#8164=EDGE_LOOP('',(#8146,#8147,#8157,#8163));
#8165=FACE_BOUND('',#8164,.T.);
#8166=ADVANCED_FACE('',(#8165),#8145,.T.);
#8167=CARTESIAN_POINT('',(1.,39.565101554,35.192797973));
#8168=DIRECTION('',(0.,0.,1.));
#8169=DIRECTION('',(1.,0.,0.));
#8170=AXIS2_PLACEMENT_3D('',#8167,#8168,#8169);
#8171=PLANE('',#8170);
#8172=ORIENTED_EDGE('',*,*,#1316,.F.);
#8173=ORIENTED_EDGE('',*,*,#8162,.F.);
#8174=CARTESIAN_POINT('',(1.,39.885483286,35.192797973));
#8175=VERTEX_POINT('',#8174);
#8176=CARTESIAN_POINT('',(1.,39.244719823,35.192797973));
#8177=DIRECTION('',(0.,1.,0.));
#8178=VECTOR('',#8177,0.640763463);
#8179=LINE('',#8176,#8178);
#8180=EDGE_CURVE('',#8149,#8175,#8179,.T.);
#8181=ORIENTED_EDGE('',*,*,#8180,.T.);
#8182=CARTESIAN_POINT('',(1.,39.885483286,35.192797973));
#8183=DIRECTION('',(-1.,0.,0.));
#8184=VECTOR('',#8183,1.);
#8185=LINE('',#8182,#8184);
#8186=EDGE_CURVE('',#8175,#1311,#8185,.T.);
#8187=ORIENTED_EDGE('',*,*,#8186,.T.);
#8188=EDGE_LOOP('',(#8172,#8173,#8181,#8187));
#8189=FACE_BOUND('',#8188,.T.);
#8190=ADVANCED_FACE('',(#8189),#8171,.T.);
#8191=CARTESIAN_POINT('',(1.,39.885483286,35.192797973));
#8192=CARTESIAN_POINT('',(0.,39.885483286,35.192797973));
#8193=CARTESIAN_POINT('',(1.,39.980916142,35.383663685));
#8194=CARTESIAN_POINT('',(0.,39.980916142,35.383663685));
#8195=CARTESIAN_POINT('',(1.,40.008182672,35.639287407));
#8196=CARTESIAN_POINT('',(0.,40.008182672,35.639287407));
#8197=B_SPLINE_SURFACE_WITH_KNOTS('',2,1,((#8191,#8192),(#8193,#8194),(#8195,#8196)),.UNSPECIFIED.,.F.,.F.,.U.,(3,3),(2,2),(0.,0.015207642),(0.,1.),.UNSPECIFIED.);
#8198=ORIENTED_EDGE('',*,*,#1324,.F.);
#8199=ORIENTED_EDGE('',*,*,#8186,.F.);
#8200=CARTESIAN_POINT('',(1.,40.008182672,35.639287407));
#8201=VERTEX_POINT('',#8200);
#8202=CARTESIAN_POINT('',(1.,39.885483286,35.192797973));
#8203=CARTESIAN_POINT('',(1.,39.980916142,35.383663685));
#8204=CARTESIAN_POINT('',(1.,40.008182672,35.639287407));
#8205=B_SPLINE_CURVE_WITH_KNOTS('',2,(#8202,#8203,#8204),.UNSPECIFIED.,.F.,.F.,(3,3),(0.,0.015207642),.UNSPECIFIED.);
#8206=EDGE_CURVE('',#8175,#8201,#8205,.T.);
#8207=ORIENTED_EDGE('',*,*,#8206,.T.);
#8208=CARTESIAN_POINT('',(1.,40.008182672,35.639287407));
#8209=DIRECTION('',(-1.,0.,0.));
#8210=VECTOR('',#8209,1.);
#8211=LINE('',#8208,#8210);
#8212=EDGE_CURVE('',#8201,#1319,#8211,.T.);
#8213=ORIENTED_EDGE('',*,*,#8212,.T.);
#8214=EDGE_LOOP('',(#8198,#8199,#8207,#8213));
#8215=FACE_BOUND('',#8214,.T.);
#8216=ADVANCED_FACE('',(#8215),#8197,.T.);
#8217=CARTESIAN_POINT('',(1.,40.008182672,35.639287407));
#8218=CARTESIAN_POINT('',(0.,40.008182672,35.639287407));
#8219=CARTESIAN_POINT('',(1.,40.349014301,35.349580522));
#8220=CARTESIAN_POINT('',(0.,40.349014301,35.349580522));
#8221=CARTESIAN_POINT('',(1.,40.664283558,35.230289452));
#8222=CARTESIAN_POINT('',(0.,40.664283558,35.230289452));
#8223=CARTESIAN_POINT('',(1.,40.979552815,35.110998382));
#8224=CARTESIAN_POINT('',(0.,40.979552815,35.110998382));
#8225=CARTESIAN_POINT('',(1.,41.340834342,35.110998382));
#8226=CARTESIAN_POINT('',(0.,41.340834342,35.110998382));
#8227=CARTESIAN_POINT('',(1.,41.937289693,35.110998382));
#8228=CARTESIAN_POINT('',(0.,41.937289693,35.110998382));
#8229=CARTESIAN_POINT('',(1.,42.257671425,35.402409425));
#8230=CARTESIAN_POINT('',(0.,42.257671425,35.402409425));
#8231=CARTESIAN_POINT('',(1.,42.578053156,35.693820468));
#8232=CARTESIAN_POINT('',(0.,42.578053156,35.693820468));
#8233=CARTESIAN_POINT('',(1.,42.578053156,36.147126534));
#8234=CARTESIAN_POINT('',(0.,42.578053156,36.147126534));
#8235=CARTESIAN_POINT('',(1.,42.578053156,36.412975205));
#8236=CARTESIAN_POINT('',(0.,42.578053156,36.412975205));
#8237=CARTESIAN_POINT('',(1.,42.457057928,36.632811606));
#8238=CARTESIAN_POINT('',(0.,42.457057928,36.632811606));
#8239=CARTESIAN_POINT('',(1.,42.3360627,36.852648007));
#8240=CARTESIAN_POINT('',(0.,42.3360627,36.852648007));
#8241=CARTESIAN_POINT('',(1.,42.140084513,36.985572342));
#8242=CARTESIAN_POINT('',(0.,42.140084513,36.985572342));
#8243=CARTESIAN_POINT('',(1.,41.944106326,37.118496678));
#8244=CARTESIAN_POINT('',(0.,41.944106326,37.118496678));
#8245=CARTESIAN_POINT('',(1.,41.698707553,37.186663003));
#8246=CARTESIAN_POINT('',(0.,41.698707553,37.186663003));
#8247=B_SPLINE_SURFACE_WITH_KNOTS('',2,1,((#8217,#8218),(#8219,#8220),(#8221,#8222),(#8223,#8224),(#8225,#8226),(#8227,#8228),(#8229,#8230),(#8231,#8232),(#8233,#8234),(#8235,#8236),(#8237,#8238),(#8239,#8240),(#8241,#8242),(#8243,#8244),(#8245,#8246)),.UNSPECIFIED.,.F.,.F.,.U.,(3,2,2,2,2,2,2,3),(2,2),(0.015207642,0.041669694,0.068131747,0.111819098,0.155506448,0.181127602,0.206748755,0.232369908),(0.,1.),.UNSPECIFIED.);
#8248=ORIENTED_EDGE('',*,*,#1344,.F.);
#8249=ORIENTED_EDGE('',*,*,#8212,.F.);
#8250=CARTESIAN_POINT('',(1.,41.698707553,37.186663003));
#8251=VERTEX_POINT('',#8250);
#8252=CARTESIAN_POINT('',(1.,40.008182672,35.639287407));
#8253=CARTESIAN_POINT('',(1.,40.349014301,35.349580522));
#8254=CARTESIAN_POINT('',(1.,40.664283558,35.230289452));
#8255=CARTESIAN_POINT('',(1.,40.979552815,35.110998382));
#8256=CARTESIAN_POINT('',(1.,41.340834342,35.110998382));
#8257=CARTESIAN_POINT('',(1.,41.937289693,35.110998382));
#8258=CARTESIAN_POINT('',(1.,42.257671425,35.402409425));
#8259=CARTESIAN_POINT('',(1.,42.578053156,35.693820468));
#8260=CARTESIAN_POINT('',(1.,42.578053156,36.147126534));
#8261=CARTESIAN_POINT('',(1.,42.578053156,36.412975205));
#8262=CARTESIAN_POINT('',(1.,42.457057928,36.632811606));
#8263=CARTESIAN_POINT('',(1.,42.3360627,36.852648007));
#8264=CARTESIAN_POINT('',(1.,42.140084513,36.985572342));
#8265=CARTESIAN_POINT('',(1.,41.944106326,37.118496678));
#8266=CARTESIAN_POINT('',(1.,41.698707553,37.186663003));
#8267=B_SPLINE_CURVE_WITH_KNOTS('',2,(#8252,#8253,#8254,#8255,#8256,#8257,#8258,#8259,#8260,#8261,#8262,#8263,#8264,#8265,#8266),.UNSPECIFIED.,.F.,.F.,(3,2,2,2,2,2,2,3),(0.015207642,0.041669694,0.068131747,0.111819098,0.155506448,0.181127602,0.206748755,0.232369908),.UNSPECIFIED.);
#8268=EDGE_CURVE('',#8201,#8251,#8267,.T.);
#8269=ORIENTED_EDGE('',*,*,#8268,.T.);
#8270=CARTESIAN_POINT('',(1.,41.698707553,37.186663003));
#8271=DIRECTION('',(-1.,0.,0.));
#8272=VECTOR('',#8271,1.);
#8273=LINE('',#8270,#8272);
#8274=EDGE_CURVE('',#8251,#1327,#8273,.T.);
#8275=ORIENTED_EDGE('',*,*,#8274,.T.);
#8276=EDGE_LOOP('',(#8248,#8249,#8269,#8275));
#8277=FACE_BOUND('',#8276,.T.);
#8278=ADVANCED_FACE('',(#8277),#8247,.T.);
#8279=CARTESIAN_POINT('',(1.,41.698707553,37.186663003));
#8280=CARTESIAN_POINT('',(0.,41.698707553,37.186663003));
#8281=CARTESIAN_POINT('',(1.,41.51806679,37.234379431));
#8282=CARTESIAN_POINT('',(0.,41.51806679,37.234379431));
#8283=CARTESIAN_POINT('',(1.,41.153376946,37.278687543));
#8284=CARTESIAN_POINT('',(0.,41.153376946,37.278687543));
#8285=B_SPLINE_SURFACE_WITH_KNOTS('',2,1,((#8279,#8280),(#8281,#8282),(#8283,#8284)),.UNSPECIFIED.,.F.,.F.,.U.,(3,3),(2,2),(0.232369908,0.251165162),(0.,1.),.UNSPECIFIED.);
#8286=ORIENTED_EDGE('',*,*,#1352,.F.);
#8287=ORIENTED_EDGE('',*,*,#8274,.F.);
#8288=CARTESIAN_POINT('',(1.,41.153376946,37.278687543));
#8289=VERTEX_POINT('',#8288);
#8290=CARTESIAN_POINT('',(1.,41.698707553,37.186663003));
#8291=CARTESIAN_POINT('',(1.,41.51806679,37.234379431));
#8292=CARTESIAN_POINT('',(1.,41.153376946,37.278687543));
#8293=B_SPLINE_CURVE_WITH_KNOTS('',2,(#8290,#8291,#8292),.UNSPECIFIED.,.F.,.F.,(3,3),(0.232369908,0.251165162),.UNSPECIFIED.);
#8294=EDGE_CURVE('',#8251,#8289,#8293,.T.);
#8295=ORIENTED_EDGE('',*,*,#8294,.T.);
#8296=CARTESIAN_POINT('',(1.,41.153376946,37.278687543));
#8297=DIRECTION('',(-1.,0.,0.));
#8298=VECTOR('',#8297,1.);
#8299=LINE('',#8296,#8298);
#8300=EDGE_CURVE('',#8289,#1347,#8299,.T.);
#8301=ORIENTED_EDGE('',*,*,#8300,.T.);
#8302=EDGE_LOOP('',(#8286,#8287,#8295,#8301));
#8303=FACE_BOUND('',#8302,.T.);
#8304=ADVANCED_FACE('',(#8303),#8285,.T.);
#8305=CARTESIAN_POINT('',(1.,41.153376946,37.278687543));
#8306=CARTESIAN_POINT('',(0.,41.153376946,37.278687543));
#8307=CARTESIAN_POINT('',(1.,40.410363995,37.367303767));
#8308=CARTESIAN_POINT('',(0.,40.410363995,37.367303767));
#8309=CARTESIAN_POINT('',(1.,40.059307417,37.490003153));
#8310=CARTESIAN_POINT('',(0.,40.059307417,37.490003153));
#8311=B_SPLINE_SURFACE_WITH_KNOTS('',2,1,((#8305,#8306),(#8307,#8308),(#8309,#8310)),.UNSPECIFIED.,.F.,.F.,.U.,(3,3),(2,2),(0.251165162,0.289448169),(0.,1.),.UNSPECIFIED.);
#8312=ORIENTED_EDGE('',*,*,#1360,.F.);
#8313=ORIENTED_EDGE('',*,*,#8300,.F.);
#8314=CARTESIAN_POINT('',(1.,40.059307417,37.490003153));
#8315=VERTEX_POINT('',#8314);
#8316=CARTESIAN_POINT('',(1.,41.153376946,37.278687543));
#8317=CARTESIAN_POINT('',(1.,40.410363995,37.367303767));
#8318=CARTESIAN_POINT('',(1.,40.059307417,37.490003153));
#8319=B_SPLINE_CURVE_WITH_KNOTS('',2,(#8316,#8317,#8318),.UNSPECIFIED.,.F.,.F.,(3,3),(0.251165162,0.289448169),.UNSPECIFIED.);
#8320=EDGE_CURVE('',#8289,#8315,#8319,.T.);
#8321=ORIENTED_EDGE('',*,*,#8320,.T.);
#8322=CARTESIAN_POINT('',(1.,40.059307417,37.490003153));
#8323=DIRECTION('',(-1.,0.,0.));
#8324=VECTOR('',#8323,1.);
#8325=LINE('',#8322,#8324);
#8326=EDGE_CURVE('',#8315,#1355,#8325,.T.);
#8327=ORIENTED_EDGE('',*,*,#8326,.T.);
#8328=EDGE_LOOP('',(#8312,#8313,#8321,#8327));
#8329=FACE_BOUND('',#8328,.T.);
#8330=ADVANCED_FACE('',(#8329),#8311,.T.);
#8331=CARTESIAN_POINT('',(1.,40.059307417,37.490003153));
#8332=CARTESIAN_POINT('',(0.,40.059307417,37.490003153));
#8333=CARTESIAN_POINT('',(1.,40.0558991,37.616110856));
#8334=CARTESIAN_POINT('',(0.,40.0558991,37.616110856));
#8335=CARTESIAN_POINT('',(1.,40.0558991,37.650194019));
#8336=CARTESIAN_POINT('',(0.,40.0558991,37.650194019));
#8337=CARTESIAN_POINT('',(1.,40.0558991,38.025108811));
#8338=CARTESIAN_POINT('',(0.,40.0558991,38.025108811));
#8339=CARTESIAN_POINT('',(1.,40.229723231,38.178483044));
#8340=CARTESIAN_POINT('',(0.,40.229723231,38.178483044));
#8341=B_SPLINE_SURFACE_WITH_KNOTS('',2,1,((#8331,#8332),(#8333,#8334),(#8335,#8336),(#8337,#8338),(#8339,#8340)),.UNSPECIFIED.,.F.,.F.,.U.,(3,2,3),(2,2),(0.289448169,0.302434953,0.445289578),(0.,1.),.UNSPECIFIED.);
#8342=ORIENTED_EDGE('',*,*,#1370,.F.);
#8343=ORIENTED_EDGE('',*,*,#8326,.F.);
#8344=CARTESIAN_POINT('',(1.,40.229723231,38.178483044));
#8345=VERTEX_POINT('',#8344);
#8346=CARTESIAN_POINT('',(1.,40.059307417,37.490003153));
#8347=CARTESIAN_POINT('',(1.,40.0558991,37.616110856));
#8348=CARTESIAN_POINT('',(1.,40.0558991,37.650194019));
#8349=CARTESIAN_POINT('',(1.,40.0558991,38.025108811));
#8350=CARTESIAN_POINT('',(1.,40.229723231,38.178483044));
#8351=B_SPLINE_CURVE_WITH_KNOTS('',2,(#8346,#8347,#8348,#8349,#8350),.UNSPECIFIED.,.F.,.F.,(3,2,3),(0.289448169,0.302434953,0.445289578),.UNSPECIFIED.);
#8352=EDGE_CURVE('',#8315,#8345,#8351,.T.);
#8353=ORIENTED_EDGE('',*,*,#8352,.T.);
#8354=CARTESIAN_POINT('',(1.,40.229723231,38.178483044));
#8355=DIRECTION('',(-1.,0.,0.));
#8356=VECTOR('',#8355,1.);
#8357=LINE('',#8354,#8356);
#8358=EDGE_CURVE('',#8345,#1363,#8357,.T.);
#8359=ORIENTED_EDGE('',*,*,#8358,.T.);
#8360=EDGE_LOOP('',(#8342,#8343,#8353,#8359));
#8361=FACE_BOUND('',#8360,.T.);
#8362=ADVANCED_FACE('',(#8361),#8341,.T.);
#8363=CARTESIAN_POINT('',(1.,40.229723231,38.178483044));
#8364=CARTESIAN_POINT('',(0.,40.229723231,38.178483044));
#8365=CARTESIAN_POINT('',(1.,40.464897055,38.386390338));
#8366=CARTESIAN_POINT('',(0.,40.464897055,38.386390338));
#8367=CARTESIAN_POINT('',(1.,40.928428071,38.386390338));
#8368=CARTESIAN_POINT('',(0.,40.928428071,38.386390338));
#8369=CARTESIAN_POINT('',(1.,41.36128424,38.386390338));
#8370=CARTESIAN_POINT('',(0.,41.36128424,38.386390338));
#8371=CARTESIAN_POINT('',(1.,41.567487376,38.234720263));
#8372=CARTESIAN_POINT('',(0.,41.567487376,38.234720263));
#8373=CARTESIAN_POINT('',(1.,41.773690511,38.083050188));
#8374=CARTESIAN_POINT('',(0.,41.773690511,38.083050188));
#8375=CARTESIAN_POINT('',(1.,41.872531684,37.697910447));
#8376=CARTESIAN_POINT('',(0.,41.872531684,37.697910447));
#8377=B_SPLINE_SURFACE_WITH_KNOTS('',2,1,((#8363,#8364),(#8365,#8366),(#8367,#8368),(#8369,#8370),(#8371,#8372),(#8373,#8374),(#8375,#8376)),.UNSPECIFIED.,.F.,.F.,.U.,(3,2,2,3),(2,2),(0.445289578,0.638727059,0.819363529,1.),(0.,1.),.UNSPECIFIED.);
#8378=ORIENTED_EDGE('',*,*,#1382,.F.);
#8379=ORIENTED_EDGE('',*,*,#8358,.F.);
#8380=CARTESIAN_POINT('',(1.,41.872531684,37.697910447));
#8381=VERTEX_POINT('',#8380);
#8382=CARTESIAN_POINT('',(1.,40.229723231,38.178483044));
#8383=CARTESIAN_POINT('',(1.,40.464897055,38.386390338));
#8384=CARTESIAN_POINT('',(1.,40.928428071,38.386390338));
#8385=CARTESIAN_POINT('',(1.,41.36128424,38.386390338));
#8386=CARTESIAN_POINT('',(1.,41.567487376,38.234720263));
#8387=CARTESIAN_POINT('',(1.,41.773690511,38.083050188));
#8388=CARTESIAN_POINT('',(1.,41.872531684,37.697910447));
#8389=B_SPLINE_CURVE_WITH_KNOTS('',2,(#8382,#8383,#8384,#8385,#8386,#8387,#8388),.UNSPECIFIED.,.F.,.F.,(3,2,2,3),(0.445289578,0.638727059,0.819363529,1.),.UNSPECIFIED.);
#8390=EDGE_CURVE('',#8345,#8381,#8389,.T.);
#8391=ORIENTED_EDGE('',*,*,#8390,.T.);
#8392=CARTESIAN_POINT('',(1.,41.872531684,37.697910447));
#8393=DIRECTION('',(-1.,0.,0.));
#8394=VECTOR('',#8393,1.);
#8395=LINE('',#8392,#8394);
#8396=EDGE_CURVE('',#8381,#1373,#8395,.T.);
#8397=ORIENTED_EDGE('',*,*,#8396,.T.);
#8398=EDGE_LOOP('',(#8378,#8379,#8391,#8397));
#8399=FACE_BOUND('',#8398,.T.);
#8400=ADVANCED_FACE('',(#8399),#8377,.T.);
#8401=CARTESIAN_POINT('',(1.,42.172463518,37.738810243));
#8402=DIRECTION('',(0.,-0.135113205,0.990830168));
#8403=DIRECTION('',(0.,-0.990830168,-0.135113205));
#8404=AXIS2_PLACEMENT_3D('',#8401,#8402,#8403);
#8405=PLANE('',#8404);
#8406=ORIENTED_EDGE('',*,*,#1390,.F.);
#8407=ORIENTED_EDGE('',*,*,#8396,.F.);
#8408=CARTESIAN_POINT('',(1.,42.472395351,37.779710038));
#8409=VERTEX_POINT('',#8408);
#8410=CARTESIAN_POINT('',(1.,41.872531684,37.697910447));
#8411=DIRECTION('',(0.,0.990830168,0.135113205));
#8412=VECTOR('',#8411,0.605415223);
#8413=LINE('',#8410,#8412);
#8414=EDGE_CURVE('',#8381,#8409,#8413,.T.);
#8415=ORIENTED_EDGE('',*,*,#8414,.T.);
#8416=CARTESIAN_POINT('',(1.,42.472395351,37.779710038));
#8417=DIRECTION('',(-1.,0.,0.));
#8418=VECTOR('',#8417,1.);
#8419=LINE('',#8416,#8418);
#8420=EDGE_CURVE('',#8409,#1385,#8419,.T.);
#8421=ORIENTED_EDGE('',*,*,#8420,.T.);
#8422=EDGE_LOOP('',(#8406,#8407,#8415,#8421));
#8423=FACE_BOUND('',#8422,.T.);
#8424=ADVANCED_FACE('',(#8423),#8405,.T.);
#8425=CARTESIAN_POINT('',(1.,42.472395351,37.779710038));
#8426=CARTESIAN_POINT('',(0.,42.472395351,37.779710038));
#8427=CARTESIAN_POINT('',(1.,42.39059576,38.164849779));
#8428=CARTESIAN_POINT('',(0.,42.39059576,38.164849779));
#8429=CARTESIAN_POINT('',(1.,42.203138364,38.401727761));
#8430=CARTESIAN_POINT('',(0.,42.203138364,38.401727761));
#8431=CARTESIAN_POINT('',(1.,42.015680968,38.638605744));
#8432=CARTESIAN_POINT('',(0.,42.015680968,38.638605744));
#8433=CARTESIAN_POINT('',(1.,41.661216074,38.766417605));
#8434=CARTESIAN_POINT('',(0.,41.661216074,38.766417605));
#8435=CARTESIAN_POINT('',(1.,41.306751179,38.894229466));
#8436=CARTESIAN_POINT('',(0.,41.306751179,38.894229466));
#8437=CARTESIAN_POINT('',(1.,40.839811847,38.894229466));
#8438=CARTESIAN_POINT('',(0.,40.839811847,38.894229466));
#8439=CARTESIAN_POINT('',(1.,40.376280832,38.894229466));
#8440=CARTESIAN_POINT('',(0.,40.376280832,38.894229466));
#8441=CARTESIAN_POINT('',(1.,40.086573947,38.785163344));
#8442=CARTESIAN_POINT('',(0.,40.086573947,38.785163344));
#8443=CARTESIAN_POINT('',(1.,39.796867062,38.676097223));
#8444=CARTESIAN_POINT('',(0.,39.796867062,38.676097223));
#8445=CARTESIAN_POINT('',(1.,39.660534411,38.510793883));
#8446=CARTESIAN_POINT('',(0.,39.660534411,38.510793883));
#8447=CARTESIAN_POINT('',(1.,39.524201759,38.345490543));
#8448=CARTESIAN_POINT('',(0.,39.524201759,38.345490543));
#8449=CARTESIAN_POINT('',(1.,39.469668698,38.093275137));
#8450=CARTESIAN_POINT('',(0.,39.469668698,38.093275137));
#8451=B_SPLINE_SURFACE_WITH_KNOTS('',2,1,((#8425,#8426),(#8427,#8428),(#8429,#8430),(#8431,#8432),(#8433,#8434),(#8435,#8436),(#8437,#8438),(#8439,#8440),(#8441,#8442),(#8443,#8444),(#8445,#8446),(#8447,#8448),(#8449,#8450)),.UNSPECIFIED.,.F.,.F.,.U.,(3,2,2,2,2,2,3),(2,2),(0.,0.151683271,0.303366543,0.455049814,0.605625908,0.756202003,0.906778097),(0.,1.),.UNSPECIFIED.);
#8452=ORIENTED_EDGE('',*,*,#1408,.F.);
#8453=ORIENTED_EDGE('',*,*,#8420,.F.);
#8454=CARTESIAN_POINT('',(1.,39.469668698,38.093275137));
#8455=VERTEX_POINT('',#8454);
#8456=CARTESIAN_POINT('',(1.,42.472395351,37.779710038));
#8457=CARTESIAN_POINT('',(1.,42.39059576,38.164849779));
#8458=CARTESIAN_POINT('',(1.,42.203138364,38.401727761));
#8459=CARTESIAN_POINT('',(1.,42.015680968,38.638605744));
#8460=CARTESIAN_POINT('',(1.,41.661216074,38.766417605));
#8461=CARTESIAN_POINT('',(1.,41.306751179,38.894229466));
#8462=CARTESIAN_POINT('',(1.,40.839811847,38.894229466));
#8463=CARTESIAN_POINT('',(1.,40.376280832,38.894229466));
#8464=CARTESIAN_POINT('',(1.,40.086573947,38.785163344));
#8465=CARTESIAN_POINT('',(1.,39.796867062,38.676097223));
#8466=CARTESIAN_POINT('',(1.,39.660534411,38.510793883));
#8467=CARTESIAN_POINT('',(1.,39.524201759,38.345490543));
#8468=CARTESIAN_POINT('',(1.,39.469668698,38.093275137));
#8469=B_SPLINE_CURVE_WITH_KNOTS('',2,(#8456,#8457,#8458,#8459,#8460,#8461,#8462,#8463,#8464,#8465,#8466,#8467,#8468),.UNSPECIFIED.,.F.,.F.,(3,2,2,2,2,2,3),(0.,0.151683271,0.303366543,0.455049814,0.605625908,0.756202003,0.906778097),.UNSPECIFIED.);
#8470=EDGE_CURVE('',#8409,#8455,#8469,.T.);
#8471=ORIENTED_EDGE('',*,*,#8470,.T.);
#8472=CARTESIAN_POINT('',(1.,39.469668698,38.093275137));
#8473=DIRECTION('',(-1.,0.,0.));
#8474=VECTOR('',#8473,1.);
#8475=LINE('',#8472,#8474);
#8476=EDGE_CURVE('',#8455,#1393,#8475,.T.);
#8477=ORIENTED_EDGE('',*,*,#8476,.T.);
#8478=EDGE_LOOP('',(#8452,#8453,#8471,#8477));
#8479=FACE_BOUND('',#8478,.T.);
#8480=ADVANCED_FACE('',(#8479),#8451,.T.);
#8481=CARTESIAN_POINT('',(1.,41.061352406,36.777665048));
#8482=CARTESIAN_POINT('',(0.,41.061352406,36.777665048));
#8483=CARTESIAN_POINT('',(1.,41.439675515,36.723131988));
#8484=CARTESIAN_POINT('',(0.,41.439675515,36.723131988));
#8485=CARTESIAN_POINT('',(1.,41.596458064,36.654965662));
#8486=CARTESIAN_POINT('',(0.,41.596458064,36.654965662));
#8487=CARTESIAN_POINT('',(1.,41.753240614,36.586799336));
#8488=CARTESIAN_POINT('',(0.,41.753240614,36.586799336));
#8489=CARTESIAN_POINT('',(1.,41.838448521,36.455579159));
#8490=CARTESIAN_POINT('',(0.,41.838448521,36.455579159));
#8491=CARTESIAN_POINT('',(1.,41.923656428,36.324358982));
#8492=CARTESIAN_POINT('',(0.,41.923656428,36.324358982));
#8493=CARTESIAN_POINT('',(1.,41.923656428,36.164168116));
#8494=CARTESIAN_POINT('',(0.,41.923656428,36.164168116));
#8495=CARTESIAN_POINT('',(1.,41.923656428,35.918769343));
#8496=CARTESIAN_POINT('',(0.,41.923656428,35.918769343));
#8497=CARTESIAN_POINT('',(1.,41.73790319,35.755170161));
#8498=CARTESIAN_POINT('',(0.,41.73790319,35.755170161));
#8499=CARTESIAN_POINT('',(1.,41.552149952,35.591570979));
#8500=CARTESIAN_POINT('',(0.,41.552149952,35.591570979));
#8501=CARTESIAN_POINT('',(1.,41.194276742,35.591570979));
#8502=CARTESIAN_POINT('',(0.,41.194276742,35.591570979));
#8503=CARTESIAN_POINT('',(1.,40.839811847,35.591570979));
#8504=CARTESIAN_POINT('',(0.,40.839811847,35.591570979));
#8505=CARTESIAN_POINT('',(1.,40.563738228,35.74664937));
#8506=CARTESIAN_POINT('',(0.,40.563738228,35.74664937));
#8507=CARTESIAN_POINT('',(1.,40.287664608,35.901727761));
#8508=CARTESIAN_POINT('',(0.,40.287664608,35.901727761));
#8509=CARTESIAN_POINT('',(1.,40.158148589,36.170984748));
#8510=CARTESIAN_POINT('',(0.,40.158148589,36.170984748));
#8511=B_SPLINE_SURFACE_WITH_KNOTS('',2,1,((#8481,#8482),(#8483,#8484),(#8485,#8486),(#8487,#8488),(#8489,#8490),(#8491,#8492),(#8493,#8494),(#8495,#8496),(#8497,#8498),(#8499,#8500),(#8501,#8502),(#8503,#8504),(#8505,#8506),(#8507,#8508),(#8509,#8510)),.UNSPECIFIED.,.F.,.F.,.U.,(3,2,2,2,2,2,2,3),(2,2),(0.,0.097394372,0.194788744,0.292183116,0.441383005,0.590582894,0.738361832,0.886140769),(0.,1.),.UNSPECIFIED.);
#8512=CARTESIAN_POINT('',(0.,41.061352406,36.777665048));
#8513=VERTEX_POINT('',#8512);
#8514=CARTESIAN_POINT('',(0.,40.158148589,36.170984748));
#8515=VERTEX_POINT('',#8514);
#8516=CARTESIAN_POINT('',(0.,41.061352406,36.777665048));
#8517=CARTESIAN_POINT('',(0.,41.439675515,36.723131988));
#8518=CARTESIAN_POINT('',(0.,41.596458064,36.654965662));
#8519=CARTESIAN_POINT('',(0.,41.753240614,36.586799336));
#8520=CARTESIAN_POINT('',(0.,41.838448521,36.455579159));
#8521=CARTESIAN_POINT('',(0.,41.923656428,36.324358982));
#8522=CARTESIAN_POINT('',(0.,41.923656428,36.164168116));
#8523=CARTESIAN_POINT('',(0.,41.923656428,35.918769343));
#8524=CARTESIAN_POINT('',(0.,41.73790319,35.755170161));
#8525=CARTESIAN_POINT('',(0.,41.552149952,35.591570979));
#8526=CARTESIAN_POINT('',(0.,41.194276742,35.591570979));
#8527=CARTESIAN_POINT('',(0.,40.839811847,35.591570979));
#8528=CARTESIAN_POINT('',(0.,40.563738228,35.74664937));
#8529=CARTESIAN_POINT('',(0.,40.287664608,35.901727761));
#8530=CARTESIAN_POINT('',(0.,40.158148589,36.170984748));
#8531=B_SPLINE_CURVE_WITH_KNOTS('',2,(#8516,#8517,#8518,#8519,#8520,#8521,#8522,#8523,#8524,#8525,#8526,#8527,#8528,#8529,#8530),.UNSPECIFIED.,.F.,.F.,(3,2,2,2,2,2,2,3),(0.,0.097394372,0.194788744,0.292183116,0.441383005,0.590582894,0.738361832,0.886140769),.UNSPECIFIED.);
#8532=EDGE_CURVE('',#8513,#8515,#8531,.T.);
#8533=ORIENTED_EDGE('',*,*,#8532,.F.);
#8534=CARTESIAN_POINT('',(1.,41.061352406,36.777665048));
#8535=VERTEX_POINT('',#8534);
#8536=CARTESIAN_POINT('',(1.,41.061352406,36.777665048));
#8537=DIRECTION('',(-1.,0.,0.));
#8538=VECTOR('',#8537,1.);
#8539=LINE('',#8536,#8538);
#8540=EDGE_CURVE('',#8535,#8513,#8539,.T.);
#8541=ORIENTED_EDGE('',*,*,#8540,.F.);
#8542=CARTESIAN_POINT('',(1.,40.158148589,36.170984748));
#8543=VERTEX_POINT('',#8542);
#8544=CARTESIAN_POINT('',(1.,41.061352406,36.777665048));
#8545=CARTESIAN_POINT('',(1.,41.439675515,36.723131988));
#8546=CARTESIAN_POINT('',(1.,41.596458064,36.654965662));
#8547=CARTESIAN_POINT('',(1.,41.753240614,36.586799336));
#8548=CARTESIAN_POINT('',(1.,41.838448521,36.455579159));
#8549=CARTESIAN_POINT('',(1.,41.923656428,36.324358982));
#8550=CARTESIAN_POINT('',(1.,41.923656428,36.164168116));
#8551=CARTESIAN_POINT('',(1.,41.923656428,35.918769343));
#8552=CARTESIAN_POINT('',(1.,41.73790319,35.755170161));
#8553=CARTESIAN_POINT('',(1.,41.552149952,35.591570979));
#8554=CARTESIAN_POINT('',(1.,41.194276742,35.591570979));
#8555=CARTESIAN_POINT('',(1.,40.839811847,35.591570979));
#8556=CARTESIAN_POINT('',(1.,40.563738228,35.74664937));
#8557=CARTESIAN_POINT('',(1.,40.287664608,35.901727761));
#8558=CARTESIAN_POINT('',(1.,40.158148589,36.170984748));
#8559=B_SPLINE_CURVE_WITH_KNOTS('',2,(#8544,#8545,#8546,#8547,#8548,#8549,#8550,#8551,#8552,#8553,#8554,#8555,#8556,#8557,#8558),.UNSPECIFIED.,.F.,.F.,(3,2,2,2,2,2,2,3),(0.,0.097394372,0.194788744,0.292183116,0.441383005,0.590582894,0.738361832,0.886140769),.UNSPECIFIED.);
#8560=EDGE_CURVE('',#8535,#8543,#8559,.T.);
#8561=ORIENTED_EDGE('',*,*,#8560,.T.);
#8562=CARTESIAN_POINT('',(1.,40.158148589,36.170984748));
#8563=DIRECTION('',(-1.,0.,0.));
#8564=VECTOR('',#8563,1.);
#8565=LINE('',#8562,#8564);
#8566=EDGE_CURVE('',#8543,#8515,#8565,.T.);
#8567=ORIENTED_EDGE('',*,*,#8566,.T.);
#8568=EDGE_LOOP('',(#8533,#8541,#8561,#8567));
#8569=FACE_BOUND('',#8568,.T.);
#8570=ADVANCED_FACE('',(#8569),#8511,.T.);
#8571=CARTESIAN_POINT('',(1.,40.158148589,36.170984748));
#8572=CARTESIAN_POINT('',(0.,40.158148589,36.170984748));
#8573=CARTESIAN_POINT('',(1.,40.059307417,36.378892042));
#8574=CARTESIAN_POINT('',(0.,40.059307417,36.378892042));
#8575=CARTESIAN_POINT('',(1.,40.059307417,36.784481681));
#8576=CARTESIAN_POINT('',(0.,40.059307417,36.784481681));
#8577=B_SPLINE_SURFACE_WITH_KNOTS('',2,1,((#8571,#8572),(#8573,#8574),(#8575,#8576)),.UNSPECIFIED.,.F.,.F.,.U.,(3,3),(2,2),(0.886140769,1.),(0.,1.),.UNSPECIFIED.);
#8578=CARTESIAN_POINT('',(0.,40.059307417,36.784481681));
#8579=VERTEX_POINT('',#8578);
#8580=CARTESIAN_POINT('',(0.,40.158148589,36.170984748));
#8581=CARTESIAN_POINT('',(0.,40.059307417,36.378892042));
#8582=CARTESIAN_POINT('',(0.,40.059307417,36.784481681));
#8583=B_SPLINE_CURVE_WITH_KNOTS('',2,(#8580,#8581,#8582),.UNSPECIFIED.,.F.,.F.,(3,3),(0.886140769,1.),.UNSPECIFIED.);
#8584=EDGE_CURVE('',#8515,#8579,#8583,.T.);
#8585=ORIENTED_EDGE('',*,*,#8584,.F.);
#8586=ORIENTED_EDGE('',*,*,#8566,.F.);
#8587=CARTESIAN_POINT('',(1.,40.059307417,36.784481681));
#8588=VERTEX_POINT('',#8587);
#8589=CARTESIAN_POINT('',(1.,40.158148589,36.170984748));
#8590=CARTESIAN_POINT('',(1.,40.059307417,36.378892042));
#8591=CARTESIAN_POINT('',(1.,40.059307417,36.784481681));
#8592=B_SPLINE_CURVE_WITH_KNOTS('',2,(#8589,#8590,#8591),.UNSPECIFIED.,.F.,.F.,(3,3),(0.886140769,1.),.UNSPECIFIED.);
#8593=EDGE_CURVE('',#8543,#8588,#8592,.T.);
#8594=ORIENTED_EDGE('',*,*,#8593,.T.);
#8595=CARTESIAN_POINT('',(1.,40.059307417,36.784481681));
#8596=DIRECTION('',(-1.,0.,0.));
#8597=VECTOR('',#8596,1.);
#8598=LINE('',#8595,#8597);
#8599=EDGE_CURVE('',#8588,#8579,#8598,.T.);
#8600=ORIENTED_EDGE('',*,*,#8599,.T.);
#8601=EDGE_LOOP('',(#8585,#8586,#8594,#8600));
#8602=FACE_BOUND('',#8601,.T.);
#8603=ADVANCED_FACE('',(#8602),#8577,.T.);
#8604=CARTESIAN_POINT('',(1.,40.059307417,36.896956119));
#8605=DIRECTION('',(0.,-1.,0.));
#8606=DIRECTION('',(0.,0.,-1.));
#8607=AXIS2_PLACEMENT_3D('',#8604,#8605,#8606);
#8608=PLANE('',#8607);
#8609=CARTESIAN_POINT('',(0.,40.059307417,37.009430556));
#8610=VERTEX_POINT('',#8609);
#8611=CARTESIAN_POINT('',(0.,40.059307417,36.784481681));
#8612=DIRECTION('',(0.,0.,1.));
#8613=VECTOR('',#8612,0.224948875);
#8614=LINE('',#8611,#8613);
#8615=EDGE_CURVE('',#8579,#8610,#8614,.T.);
#8616=ORIENTED_EDGE('',*,*,#8615,.F.);
#8617=ORIENTED_EDGE('',*,*,#8599,.F.);
#8618=CARTESIAN_POINT('',(1.,40.059307417,37.009430556));
#8619=VERTEX_POINT('',#8618);
#8620=CARTESIAN_POINT('',(1.,40.059307417,36.784481681));
#8621=DIRECTION('',(0.,0.,1.));
#8622=VECTOR('',#8621,0.224948875);
#8623=LINE('',#8620,#8622);
#8624=EDGE_CURVE('',#8588,#8619,#8623,.T.);
#8625=ORIENTED_EDGE('',*,*,#8624,.T.);
#8626=CARTESIAN_POINT('',(1.,40.059307417,37.009430556));
#8627=DIRECTION('',(-1.,0.,0.));
#8628=VECTOR('',#8627,1.);
#8629=LINE('',#8626,#8628);
#8630=EDGE_CURVE('',#8619,#8610,#8629,.T.);
#8631=ORIENTED_EDGE('',*,*,#8630,.T.);
#8632=EDGE_LOOP('',(#8616,#8617,#8625,#8631));
#8633=FACE_BOUND('',#8632,.T.);
#8634=ADVANCED_FACE('',(#8633),#8608,.T.);
#8635=CARTESIAN_POINT('',(1.,40.059307417,37.009430556));
#8636=CARTESIAN_POINT('',(0.,40.059307417,37.009430556));
#8637=CARTESIAN_POINT('',(1.,40.393322413,36.873097905));
#8638=CARTESIAN_POINT('',(0.,40.393322413,36.873097905));
#8639=CARTESIAN_POINT('',(1.,41.061352406,36.777665048));
#8640=CARTESIAN_POINT('',(0.,41.061352406,36.777665048));
#8641=B_SPLINE_SURFACE_WITH_KNOTS('',2,1,((#8635,#8636),(#8637,#8638),(#8639,#8640)),.UNSPECIFIED.,.F.,.F.,.U.,(3,3),(2,2),(0.,1.),(0.,1.),.UNSPECIFIED.);
#8642=CARTESIAN_POINT('',(0.,40.059307417,37.009430556));
#8643=CARTESIAN_POINT('',(0.,40.393322413,36.873097905));
#8644=CARTESIAN_POINT('',(0.,41.061352406,36.777665048));
#8645=B_SPLINE_CURVE_WITH_KNOTS('',2,(#8642,#8643,#8644),.UNSPECIFIED.,.F.,.F.,(3,3),(0.,1.),.UNSPECIFIED.);
#8646=EDGE_CURVE('',#8610,#8513,#8645,.T.);
#8647=ORIENTED_EDGE('',*,*,#8646,.F.);
#8648=ORIENTED_EDGE('',*,*,#8630,.F.);
#8649=CARTESIAN_POINT('',(1.,40.059307417,37.009430556));
#8650=CARTESIAN_POINT('',(1.,40.393322413,36.873097905));
#8651=CARTESIAN_POINT('',(1.,41.061352406,36.777665048));
#8652=B_SPLINE_CURVE_WITH_KNOTS('',2,(#8649,#8650,#8651),.UNSPECIFIED.,.F.,.F.,(3,3),(0.,1.),.UNSPECIFIED.);
#8653=EDGE_CURVE('',#8619,#8535,#8652,.T.);
#8654=ORIENTED_EDGE('',*,*,#8653,.T.);
#8655=ORIENTED_EDGE('',*,*,#8540,.T.);
#8656=EDGE_LOOP('',(#8647,#8648,#8654,#8655));
#8657=FACE_BOUND('',#8656,.T.);
#8658=ADVANCED_FACE('',(#8657),#8641,.T.);
#8659=CARTESIAN_POINT('',(1.,39.469668698,38.093275137));
#8660=CARTESIAN_POINT('',(0.,39.469668698,38.093275137));
#8661=CARTESIAN_POINT('',(1.,39.438993852,37.936492588));
#8662=CARTESIAN_POINT('',(0.,39.438993852,37.936492588));
#8663=CARTESIAN_POINT('',(1.,39.438993852,37.527494633));
#8664=CARTESIAN_POINT('',(0.,39.438993852,37.527494633));
#8665=B_SPLINE_SURFACE_WITH_KNOTS('',2,1,((#8659,#8660),(#8661,#8662),(#8663,#8664)),.UNSPECIFIED.,.F.,.F.,.U.,(3,3),(2,2),(0.906778097,1.),(0.,1.),.UNSPECIFIED.);
#8666=ORIENTED_EDGE('',*,*,#1414,.F.);
#8667=ORIENTED_EDGE('',*,*,#8476,.F.);
#8668=CARTESIAN_POINT('',(1.,39.469668698,38.093275137));
#8669=CARTESIAN_POINT('',(1.,39.438993852,37.936492588));
#8670=CARTESIAN_POINT('',(1.,39.438993852,37.527494633));
#8671=B_SPLINE_CURVE_WITH_KNOTS('',2,(#8668,#8669,#8670),.UNSPECIFIED.,.F.,.F.,(3,3),(0.906778097,1.),.UNSPECIFIED.);
#8672=EDGE_CURVE('',#8455,#8111,#8671,.T.);
#8673=ORIENTED_EDGE('',*,*,#8672,.T.);
#8674=ORIENTED_EDGE('',*,*,#8116,.T.);
#8675=EDGE_LOOP('',(#8666,#8667,#8673,#8674));
#8676=FACE_BOUND('',#8675,.T.);
#8677=ADVANCED_FACE('',(#8676),#8665,.T.);
#8678=CARTESIAN_POINT('',(1.,0.,0.));
#8679=DIRECTION('',(1.,0.,0.));
#8680=DIRECTION('',(0.,1.,0.));
#8681=AXIS2_PLACEMENT_3D('',#8678,#8679,#8680);
#8682=PLANE('',#8681);
#8683=ORIENTED_EDGE('',*,*,#8560,.F.);
#8684=ORIENTED_EDGE('',*,*,#8653,.F.);
#8685=ORIENTED_EDGE('',*,*,#8624,.F.);
#8686=ORIENTED_EDGE('',*,*,#8593,.F.);
#8687=EDGE_LOOP('',(#8683,#8684,#8685,#8686));
#8688=FACE_BOUND('',#8687,.T.);
#8689=ORIENTED_EDGE('',*,*,#8124,.F.);
#8690=ORIENTED_EDGE('',*,*,#8672,.F.);
#8691=ORIENTED_EDGE('',*,*,#8470,.F.);
#8692=ORIENTED_EDGE('',*,*,#8414,.F.);
#8693=ORIENTED_EDGE('',*,*,#8390,.F.);
#8694=ORIENTED_EDGE('',*,*,#8352,.F.);
#8695=ORIENTED_EDGE('',*,*,#8320,.F.);
#8696=ORIENTED_EDGE('',*,*,#8294,.F.);
#8697=ORIENTED_EDGE('',*,*,#8268,.F.);
#8698=ORIENTED_EDGE('',*,*,#8206,.F.);
#8699=ORIENTED_EDGE('',*,*,#8180,.F.);
#8700=ORIENTED_EDGE('',*,*,#8156,.F.);
#8701=EDGE_LOOP('',(#8689,#8690,#8691,#8692,#8693,#8694,#8695,#8696,#8697,#8698,#8699,#8700));
#8702=FACE_BOUND('',#8701,.T.);
#8703=ADVANCED_FACE('',(#8688,#8702),#8682,.F.);
#8704=CARTESIAN_POINT('',(0.,69.5,0.5));
#8705=DIRECTION('',(1.,0.,0.));
#8706=DIRECTION('',(0.,0.,1.));
#8707=AXIS2_PLACEMENT_3D('',#8704,#8705,#8706);
#8708=PLANE('',#8707);
#8709=ORIENTED_EDGE('',*,*,#8532,.T.);
#8710=ORIENTED_EDGE('',*,*,#8584,.T.);
#8711=ORIENTED_EDGE('',*,*,#8615,.T.);
#8712=ORIENTED_EDGE('',*,*,#8646,.T.);
#8713=EDGE_LOOP('',(#8709,#8710,#8711,#8712));
#8714=FACE_BOUND('',#8713,.T.);
#8715=ADVANCED_FACE('',(#8714),#8708,.F.);
#8716=CARTESIAN_POINT('',(1.,19.070895692,36.51863301));
#8717=CARTESIAN_POINT('',(0.,19.070895692,36.51863301));
#8718=CARTESIAN_POINT('',(1.,19.197003395,36.600432601));
#8719=CARTESIAN_POINT('',(0.,19.197003395,36.600432601));
#8720=CARTESIAN_POINT('',(1.,19.69802589,36.726540304));
#8721=CARTESIAN_POINT('',(0.,19.69802589,36.726540304));
#8722=B_SPLINE_SURFACE_WITH_KNOTS('',2,1,((#8716,#8717),(#8718,#8719),(#8720,#8721)),.UNSPECIFIED.,.F.,.F.,.U.,(3,3),(2,2),(0.366280733,0.413024563),(0.,1.),.UNSPECIFIED.);
#8723=ORIENTED_EDGE('',*,*,#40,.F.);
#8724=CARTESIAN_POINT('',(1.,19.070895692,36.51863301));
#8725=VERTEX_POINT('',#8724);
#8726=CARTESIAN_POINT('',(1.,19.070895692,36.51863301));
#8727=DIRECTION('',(-1.,0.,0.));
#8728=VECTOR('',#8727,1.);
#8729=LINE('',#8726,#8728);
#8730=EDGE_CURVE('',#8725,#33,#8729,.T.);
#8731=ORIENTED_EDGE('',*,*,#8730,.F.);
#8732=CARTESIAN_POINT('',(1.,19.69802589,36.726540304));
#8733=VERTEX_POINT('',#8732);
#8734=CARTESIAN_POINT('',(1.,19.070895692,36.51863301));
#8735=CARTESIAN_POINT('',(1.,19.197003395,36.600432601));
#8736=CARTESIAN_POINT('',(1.,19.69802589,36.726540304));
#8737=B_SPLINE_CURVE_WITH_KNOTS('',2,(#8734,#8735,#8736),.UNSPECIFIED.,.F.,.F.,(3,3),(0.366280733,0.413024563),.UNSPECIFIED.);
#8738=EDGE_CURVE('',#8725,#8733,#8737,.T.);
#8739=ORIENTED_EDGE('',*,*,#8738,.T.);
#8740=CARTESIAN_POINT('',(1.,19.69802589,36.726540304));
#8741=DIRECTION('',(-1.,0.,0.));
#8742=VECTOR('',#8741,1.);
#8743=LINE('',#8740,#8742);
#8744=EDGE_CURVE('',#8733,#35,#8743,.T.);
#8745=ORIENTED_EDGE('',*,*,#8744,.T.);
#8746=EDGE_LOOP('',(#8723,#8731,#8739,#8745));
#8747=FACE_BOUND('',#8746,.T.);
#8748=ADVANCED_FACE('',(#8747),#8722,.T.);
#8749=CARTESIAN_POINT('',(1.,19.69802589,36.726540304));
#8750=CARTESIAN_POINT('',(0.,19.69802589,36.726540304));
#8751=CARTESIAN_POINT('',(1.,20.372872516,36.896956119));
#8752=CARTESIAN_POINT('',(0.,20.372872516,36.896956119));
#8753=CARTESIAN_POINT('',(1.,20.633608712,37.021359663));
#8754=CARTESIAN_POINT('',(0.,20.633608712,37.021359663));
#8755=CARTESIAN_POINT('',(1.,20.894344908,37.145763208));
#8756=CARTESIAN_POINT('',(0.,20.894344908,37.145763208));
#8757=CARTESIAN_POINT('',(1.,21.028973402,37.365599609));
#8758=CARTESIAN_POINT('',(0.,21.028973402,37.365599609));
#8759=CARTESIAN_POINT('',(1.,21.163601895,37.58543601));
#8760=CARTESIAN_POINT('',(0.,21.163601895,37.58543601));
#8761=CARTESIAN_POINT('',(1.,21.163601895,37.85128468));
#8762=CARTESIAN_POINT('',(0.,21.163601895,37.85128468));
#8763=CARTESIAN_POINT('',(1.,21.163601895,38.093275137));
#8764=CARTESIAN_POINT('',(0.,21.163601895,38.093275137));
#8765=CARTESIAN_POINT('',(1.,21.052831616,38.299478273));
#8766=CARTESIAN_POINT('',(0.,21.052831616,38.299478273));
#8767=CARTESIAN_POINT('',(1.,20.942061336,38.505681408));
#8768=CARTESIAN_POINT('',(0.,20.942061336,38.505681408));
#8769=CARTESIAN_POINT('',(1.,20.751195624,38.64201406));
#8770=CARTESIAN_POINT('',(0.,20.751195624,38.64201406));
#8771=B_SPLINE_SURFACE_WITH_KNOTS('',2,1,((#8749,#8750),(#8751,#8752),(#8753,#8754),(#8755,#8756),(#8757,#8758),(#8759,#8760),(#8761,#8762),(#8763,#8764),(#8765,#8766),(#8767,#8768),(#8769,#8770)),.UNSPECIFIED.,.F.,.F.,.U.,(3,2,2,2,2,3),(2,2),(0.413024563,0.475997947,0.538971332,0.601944716,0.659266643,0.71658857),(0.,1.),.UNSPECIFIED.);
#8772=ORIENTED_EDGE('',*,*,#56,.F.);
#8773=ORIENTED_EDGE('',*,*,#8744,.F.);
#8774=CARTESIAN_POINT('',(1.,20.751195624,38.64201406));
#8775=VERTEX_POINT('',#8774);
#8776=CARTESIAN_POINT('',(1.,19.69802589,36.726540304));
#8777=CARTESIAN_POINT('',(1.,20.372872516,36.896956119));
#8778=CARTESIAN_POINT('',(1.,20.633608712,37.021359663));
#8779=CARTESIAN_POINT('',(1.,20.894344908,37.145763208));
#8780=CARTESIAN_POINT('',(1.,21.028973402,37.365599609));
#8781=CARTESIAN_POINT('',(1.,21.163601895,37.58543601));
#8782=CARTESIAN_POINT('',(1.,21.163601895,37.85128468));
#8783=CARTESIAN_POINT('',(1.,21.163601895,38.093275137));
#8784=CARTESIAN_POINT('',(1.,21.052831616,38.299478273));
#8785=CARTESIAN_POINT('',(1.,20.942061336,38.505681408));
#8786=CARTESIAN_POINT('',(1.,20.751195624,38.64201406));
#8787=B_SPLINE_CURVE_WITH_KNOTS('',2,(#8776,#8777,#8778,#8779,#8780,#8781,#8782,#8783,#8784,#8785,#8786),.UNSPECIFIED.,.F.,.F.,(3,2,2,2,2,3),(0.413024563,0.475997947,0.538971332,0.601944716,0.659266643,0.71658857),.UNSPECIFIED.);
#8788=EDGE_CURVE('',#8733,#8775,#8787,.T.);
#8789=ORIENTED_EDGE('',*,*,#8788,.T.);
#8790=CARTESIAN_POINT('',(1.,20.751195624,38.64201406));
#8791=DIRECTION('',(-1.,0.,0.));
#8792=VECTOR('',#8791,1.);
#8793=LINE('',#8790,#8792);
#8794=EDGE_CURVE('',#8775,#43,#8793,.T.);
#8795=ORIENTED_EDGE('',*,*,#8794,.T.);
#8796=EDGE_LOOP('',(#8772,#8773,#8789,#8795));
#8797=FACE_BOUND('',#8796,.T.);
#8798=ADVANCED_FACE('',(#8797),#8771,.T.);
#8799=CARTESIAN_POINT('',(1.,20.751195624,38.64201406));
#8800=CARTESIAN_POINT('',(0.,20.751195624,38.64201406));
#8801=CARTESIAN_POINT('',(1.,20.60804634,38.747671865));
#8802=CARTESIAN_POINT('',(0.,20.60804634,38.747671865));
#8803=CARTESIAN_POINT('',(1.,20.360943409,38.820950665));
#8804=CARTESIAN_POINT('',(0.,20.360943409,38.820950665));
#8805=CARTESIAN_POINT('',(1.,20.113840477,38.894229466));
#8806=CARTESIAN_POINT('',(0.,20.113840477,38.894229466));
#8807=CARTESIAN_POINT('',(1.,19.830950225,38.894229466));
#8808=CARTESIAN_POINT('',(0.,19.830950225,38.894229466));
#8809=CARTESIAN_POINT('',(1.,19.404910689,38.894229466));
#8810=CARTESIAN_POINT('',(0.,19.404910689,38.894229466));
#8811=CARTESIAN_POINT('',(1.,19.082824799,38.771530079));
#8812=CARTESIAN_POINT('',(0.,19.082824799,38.771530079));
#8813=CARTESIAN_POINT('',(1.,18.76073891,38.648830693));
#8814=CARTESIAN_POINT('',(0.,18.76073891,38.648830693));
#8815=CARTESIAN_POINT('',(1.,18.607364676,38.439219241));
#8816=CARTESIAN_POINT('',(0.,18.607364676,38.439219241));
#8817=CARTESIAN_POINT('',(1.,18.453990443,38.229607789));
#8818=CARTESIAN_POINT('',(0.,18.453990443,38.229607789));
#8819=CARTESIAN_POINT('',(1.,18.396049066,37.878551211));
#8820=CARTESIAN_POINT('',(0.,18.396049066,37.878551211));
#8821=B_SPLINE_SURFACE_WITH_KNOTS('',2,1,((#8799,#8800),(#8801,#8802),(#8803,#8804),(#8805,#8806),(#8807,#8808),(#8809,#8810),(#8811,#8812),(#8813,#8814),(#8815,#8816),(#8817,#8818),(#8819,#8820)),.UNSPECIFIED.,.F.,.F.,.U.,(3,2,2,2,2,3),(2,2),(0.71658857,0.760069437,0.803550303,0.869033535,0.934516768,1.),(0.,1.),.UNSPECIFIED.);
#8822=ORIENTED_EDGE('',*,*,#72,.F.);
#8823=ORIENTED_EDGE('',*,*,#8794,.F.);
#8824=CARTESIAN_POINT('',(1.,18.396049066,37.878551211));
#8825=VERTEX_POINT('',#8824);
#8826=CARTESIAN_POINT('',(1.,20.751195624,38.64201406));
#8827=CARTESIAN_POINT('',(1.,20.60804634,38.747671865));
#8828=CARTESIAN_POINT('',(1.,20.360943409,38.820950665));
#8829=CARTESIAN_POINT('',(1.,20.113840477,38.894229466));
#8830=CARTESIAN_POINT('',(1.,19.830950225,38.894229466));
#8831=CARTESIAN_POINT('',(1.,19.404910689,38.894229466));
#8832=CARTESIAN_POINT('',(1.,19.082824799,38.771530079));
#8833=CARTESIAN_POINT('',(1.,18.76073891,38.648830693));
#8834=CARTESIAN_POINT('',(1.,18.607364676,38.439219241));
#8835=CARTESIAN_POINT('',(1.,18.453990443,38.229607789));
#8836=CARTESIAN_POINT('',(1.,18.396049066,37.878551211));
#8837=B_SPLINE_CURVE_WITH_KNOTS('',2,(#8826,#8827,#8828,#8829,#8830,#8831,#8832,#8833,#8834,#8835,#8836),.UNSPECIFIED.,.F.,.F.,(3,2,2,2,2,3),(0.71658857,0.760069437,0.803550303,0.869033535,0.934516768,1.),.UNSPECIFIED.);
#8838=EDGE_CURVE('',#8775,#8825,#8837,.T.);
#8839=ORIENTED_EDGE('',*,*,#8838,.T.);
#8840=CARTESIAN_POINT('',(1.,18.396049066,37.878551211));
#8841=DIRECTION('',(-1.,0.,0.));
#8842=VECTOR('',#8841,1.);
#8843=LINE('',#8840,#8842);
#8844=EDGE_CURVE('',#8825,#59,#8843,.T.);
#8845=ORIENTED_EDGE('',*,*,#8844,.T.);
#8846=EDGE_LOOP('',(#8822,#8823,#8839,#8845));
#8847=FACE_BOUND('',#8846,.T.);
#8848=ADVANCED_FACE('',(#8847),#8821,.T.);
#8849=CARTESIAN_POINT('',(1.,18.6959809,37.837651415));
#8850=DIRECTION('',(0.,0.135113205,0.990830168));
#8851=DIRECTION('',(0.,-0.990830168,0.135113205));
#8852=AXIS2_PLACEMENT_3D('',#8849,#8850,#8851);
#8853=PLANE('',#8852);
#8854=ORIENTED_EDGE('',*,*,#80,.F.);
#8855=ORIENTED_EDGE('',*,*,#8844,.F.);
#8856=CARTESIAN_POINT('',(1.,18.995912734,37.79675162));
#8857=VERTEX_POINT('',#8856);
#8858=CARTESIAN_POINT('',(1.,18.396049066,37.878551211));
#8859=DIRECTION('',(0.,0.990830168,-0.135113205));
#8860=VECTOR('',#8859,0.605415223);
#8861=LINE('',#8858,#8860);
#8862=EDGE_CURVE('',#8825,#8857,#8861,.T.);
#8863=ORIENTED_EDGE('',*,*,#8862,.T.);
#8864=CARTESIAN_POINT('',(1.,18.995912734,37.79675162));
#8865=DIRECTION('',(-1.,0.,0.));
#8866=VECTOR('',#8865,1.);
#8867=LINE('',#8864,#8866);
#8868=EDGE_CURVE('',#8857,#75,#8867,.T.);
#8869=ORIENTED_EDGE('',*,*,#8868,.T.);
#8870=EDGE_LOOP('',(#8854,#8855,#8863,#8869));
#8871=FACE_BOUND('',#8870,.T.);
#8872=ADVANCED_FACE('',(#8871),#8853,.T.);
#8873=CARTESIAN_POINT('',(1.,18.995912734,37.79675162));
#8874=CARTESIAN_POINT('',(0.,18.995912734,37.79675162));
#8875=CARTESIAN_POINT('',(1.,19.036812529,38.076233556));
#8876=CARTESIAN_POINT('',(0.,19.036812529,38.076233556));
#8877=CARTESIAN_POINT('',(1.,19.232790716,38.233016105));
#8878=CARTESIAN_POINT('',(0.,19.232790716,38.233016105));
#8879=CARTESIAN_POINT('',(1.,19.428768903,38.389798654));
#8880=CARTESIAN_POINT('',(0.,19.428768903,38.389798654));
#8881=CARTESIAN_POINT('',(1.,19.786642113,38.389798654));
#8882=CARTESIAN_POINT('',(0.,19.786642113,38.389798654));
#8883=CARTESIAN_POINT('',(1.,20.209273334,38.389798654));
#8884=CARTESIAN_POINT('',(0.,20.209273334,38.389798654));
#8885=CARTESIAN_POINT('',(1.,20.389914097,38.250057686));
#8886=CARTESIAN_POINT('',(0.,20.389914097,38.250057686));
#8887=CARTESIAN_POINT('',(1.,20.57055486,38.110316718));
#8888=CARTESIAN_POINT('',(0.,20.57055486,38.110316718));
#8889=CARTESIAN_POINT('',(1.,20.57055486,37.922859322));
#8890=CARTESIAN_POINT('',(0.,20.57055486,37.922859322));
#8891=CARTESIAN_POINT('',(1.,20.57055486,37.803568252));
#8892=CARTESIAN_POINT('',(0.,20.57055486,37.803568252));
#8893=CARTESIAN_POINT('',(1.,20.495571902,37.708135396));
#8894=CARTESIAN_POINT('',(0.,20.495571902,37.708135396));
#8895=B_SPLINE_SURFACE_WITH_KNOTS('',2,1,((#8873,#8874),(#8875,#8876),(#8877,#8878),(#8879,#8880),(#8881,#8882),(#8883,#8884),(#8885,#8886),(#8887,#8888),(#8889,#8890),(#8891,#8892),(#8893,#8894)),.UNSPECIFIED.,.F.,.F.,.U.,(3,2,2,2,2,3),(2,2),(0.,0.082631321,0.165262642,0.262846297,0.360429952,0.422528642),(0.,1.),.UNSPECIFIED.);
#8896=ORIENTED_EDGE('',*,*,#96,.F.);
#8897=ORIENTED_EDGE('',*,*,#8868,.F.);
#8898=CARTESIAN_POINT('',(1.,20.495571902,37.708135396));
#8899=VERTEX_POINT('',#8898);
#8900=CARTESIAN_POINT('',(1.,18.995912734,37.79675162));
#8901=CARTESIAN_POINT('',(1.,19.036812529,38.076233556));
#8902=CARTESIAN_POINT('',(1.,19.232790716,38.233016105));
#8903=CARTESIAN_POINT('',(1.,19.428768903,38.389798654));
#8904=CARTESIAN_POINT('',(1.,19.786642113,38.389798654));
#8905=CARTESIAN_POINT('',(1.,20.209273334,38.389798654));
#8906=CARTESIAN_POINT('',(1.,20.389914097,38.250057686));
#8907=CARTESIAN_POINT('',(1.,20.57055486,38.110316718));
#8908=CARTESIAN_POINT('',(1.,20.57055486,37.922859322));
#8909=CARTESIAN_POINT('',(1.,20.57055486,37.803568252));
#8910=CARTESIAN_POINT('',(1.,20.495571902,37.708135396));
#8911=B_SPLINE_CURVE_WITH_KNOTS('',2,(#8900,#8901,#8902,#8903,#8904,#8905,#8906,#8907,#8908,#8909,#8910),.UNSPECIFIED.,.F.,.F.,(3,2,2,2,2,3),(0.,0.082631321,0.165262642,0.262846297,0.360429952,0.422528642),.UNSPECIFIED.);
#8912=EDGE_CURVE('',#8857,#8899,#8911,.T.);
#8913=ORIENTED_EDGE('',*,*,#8912,.T.);
#8914=CARTESIAN_POINT('',(1.,20.495571902,37.708135396));
#8915=DIRECTION('',(-1.,0.,0.));
#8916=VECTOR('',#8915,1.);
#8917=LINE('',#8914,#8916);
#8918=EDGE_CURVE('',#8899,#83,#8917,.T.);
#8919=ORIENTED_EDGE('',*,*,#8918,.T.);
#8920=EDGE_LOOP('',(#8896,#8897,#8913,#8919));
#8921=FACE_BOUND('',#8920,.T.);
#8922=ADVANCED_FACE('',(#8921),#8895,.T.);
#8923=CARTESIAN_POINT('',(1.,20.495571902,37.708135396));
#8924=CARTESIAN_POINT('',(0.,20.495571902,37.708135396));
#8925=CARTESIAN_POINT('',(1.,20.420588944,37.609294224));
#8926=CARTESIAN_POINT('',(0.,20.420588944,37.609294224));
#8927=CARTESIAN_POINT('',(1.,20.260398078,37.544536214));
#8928=CARTESIAN_POINT('',(0.,20.260398078,37.544536214));
#8929=B_SPLINE_SURFACE_WITH_KNOTS('',2,1,((#8923,#8924),(#8925,#8926),(#8927,#8928)),.UNSPECIFIED.,.F.,.F.,.U.,(3,3),(2,2),(0.422528642,0.48600774),(0.,1.),.UNSPECIFIED.);
#8930=ORIENTED_EDGE('',*,*,#104,.F.);
#8931=ORIENTED_EDGE('',*,*,#8918,.F.);
#8932=CARTESIAN_POINT('',(1.,20.260398078,37.544536214));
#8933=VERTEX_POINT('',#8932);
#8934=CARTESIAN_POINT('',(1.,20.495571902,37.708135396));
#8935=CARTESIAN_POINT('',(1.,20.420588944,37.609294224));
#8936=CARTESIAN_POINT('',(1.,20.260398078,37.544536214));
#8937=B_SPLINE_CURVE_WITH_KNOTS('',2,(#8934,#8935,#8936),.UNSPECIFIED.,.F.,.F.,(3,3),(0.422528642,0.48600774),.UNSPECIFIED.);
#8938=EDGE_CURVE('',#8899,#8933,#8937,.T.);
#8939=ORIENTED_EDGE('',*,*,#8938,.T.);
#8940=CARTESIAN_POINT('',(1.,20.260398078,37.544536214));
#8941=DIRECTION('',(-1.,0.,0.));
#8942=VECTOR('',#8941,1.);
#8943=LINE('',#8940,#8942);
#8944=EDGE_CURVE('',#8933,#99,#8943,.T.);
#8945=ORIENTED_EDGE('',*,*,#8944,.T.);
#8946=EDGE_LOOP('',(#8930,#8931,#8939,#8945));
#8947=FACE_BOUND('',#8946,.T.);
#8948=ADVANCED_FACE('',(#8947),#8929,.T.);
#8949=CARTESIAN_POINT('',(1.,20.260398078,37.544536214));
#8950=CARTESIAN_POINT('',(0.,20.260398078,37.544536214));
#8951=CARTESIAN_POINT('',(1.,20.168373538,37.510453051));
#8952=CARTESIAN_POINT('',(0.,20.168373538,37.510453051));
#8953=CARTESIAN_POINT('',(1.,19.718475788,37.387753665));
#8954=CARTESIAN_POINT('',(0.,19.718475788,37.387753665));
#8955=B_SPLINE_SURFACE_WITH_KNOTS('',2,1,((#8949,#8950),(#8951,#8952),(#8953,#8954)),.UNSPECIFIED.,.F.,.F.,.U.,(3,3),(2,2),(0.48600774,0.522060744),(0.,1.),.UNSPECIFIED.);
#8956=ORIENTED_EDGE('',*,*,#112,.F.);
#8957=ORIENTED_EDGE('',*,*,#8944,.F.);
#8958=CARTESIAN_POINT('',(1.,19.718475788,37.387753665));
#8959=VERTEX_POINT('',#8958);
#8960=CARTESIAN_POINT('',(1.,20.260398078,37.544536214));
#8961=CARTESIAN_POINT('',(1.,20.168373538,37.510453051));
#8962=CARTESIAN_POINT('',(1.,19.718475788,37.387753665));
#8963=B_SPLINE_CURVE_WITH_KNOTS('',2,(#8960,#8961,#8962),.UNSPECIFIED.,.F.,.F.,(3,3),(0.48600774,0.522060744),.UNSPECIFIED.);
#8964=EDGE_CURVE('',#8933,#8959,#8963,.T.);
#8965=ORIENTED_EDGE('',*,*,#8964,.T.);
#8966=CARTESIAN_POINT('',(1.,19.718475788,37.387753665));
#8967=DIRECTION('',(-1.,0.,0.));
#8968=VECTOR('',#8967,1.);
#8969=LINE('',#8966,#8968);
#8970=EDGE_CURVE('',#8959,#107,#8969,.T.);
#8971=ORIENTED_EDGE('',*,*,#8970,.T.);
#8972=EDGE_LOOP('',(#8956,#8957,#8965,#8971));
#8973=FACE_BOUND('',#8972,.T.);
#8974=ADVANCED_FACE('',(#8973),#8955,.T.);
#8975=CARTESIAN_POINT('',(1.,19.718475788,37.387753665));
#8976=CARTESIAN_POINT('',(0.,19.718475788,37.387753665));
#8977=CARTESIAN_POINT('',(1.,19.067487376,37.213929534));
#8978=CARTESIAN_POINT('',(0.,19.067487376,37.213929534));
#8979=CARTESIAN_POINT('',(1.,18.810159496,37.103159254));
#8980=CARTESIAN_POINT('',(0.,18.810159496,37.103159254));
#8981=CARTESIAN_POINT('',(1.,18.552831616,36.992388975));
#8982=CARTESIAN_POINT('',(0.,18.552831616,36.992388975));
#8983=CARTESIAN_POINT('',(1.,18.406274015,36.781073365));
#8984=CARTESIAN_POINT('',(0.,18.406274015,36.781073365));
#8985=CARTESIAN_POINT('',(1.,18.259716415,36.569757755));
#8986=CARTESIAN_POINT('',(0.,18.259716415,36.569757755));
#8987=CARTESIAN_POINT('',(1.,18.259716415,36.256192656));
#8988=CARTESIAN_POINT('',(0.,18.259716415,36.256192656));
#8989=CARTESIAN_POINT('',(1.,18.259716415,35.949444189));
#8990=CARTESIAN_POINT('',(0.,18.259716415,35.949444189));
#8991=CARTESIAN_POINT('',(1.,18.43865302,35.678483044));
#8992=CARTESIAN_POINT('',(0.,18.43865302,35.678483044));
#8993=CARTESIAN_POINT('',(1.,18.617589625,35.407521899));
#8994=CARTESIAN_POINT('',(0.,18.617589625,35.407521899));
#8995=CARTESIAN_POINT('',(1.,18.955012938,35.25926014));
#8996=CARTESIAN_POINT('',(0.,18.955012938,35.25926014));
#8997=CARTESIAN_POINT('',(1.,19.292436251,35.110998382));
#8998=CARTESIAN_POINT('',(0.,19.292436251,35.110998382));
#8999=CARTESIAN_POINT('',(1.,19.718475788,35.110998382));
#9000=CARTESIAN_POINT('',(0.,19.718475788,35.110998382));
#9001=CARTESIAN_POINT('',(1.,20.42399726,35.110998382));
#9002=CARTESIAN_POINT('',(0.,20.42399726,35.110998382));
#9003=CARTESIAN_POINT('',(1.,20.793799578,35.404113583));
#9004=CARTESIAN_POINT('',(0.,20.793799578,35.404113583));
#9005=CARTESIAN_POINT('',(1.,21.163601895,35.697228784));
#9006=CARTESIAN_POINT('',(0.,21.163601895,35.697228784));
#9007=CARTESIAN_POINT('',(1.,21.265851384,36.273234237));
#9008=CARTESIAN_POINT('',(0.,21.265851384,36.273234237));
#9009=B_SPLINE_SURFACE_WITH_KNOTS('',2,1,((#8975,#8976),(#8977,#8978),(#8979,#8980),(#8981,#8982),(#8983,#8984),(#8985,#8986),(#8987,#8988),(#8989,#8990),(#8991,#8992),(#8993,#8994),(#8995,#8996),(#8997,#8998),(#8999,#9000),(#9001,#9002),(#9003,#9004),(#9005,#9006),(#9007,#9008)),.UNSPECIFIED.,.F.,.F.,.U.,(3,2,2,2,2,2,2,2,3),(2,2),(0.522060744,0.57415345,0.626246157,0.678338863,0.729299119,0.780259375,0.831219632,0.915609816,1.),(0.,1.),.UNSPECIFIED.);
#9010=ORIENTED_EDGE('',*,*,#134,.F.);
#9011=ORIENTED_EDGE('',*,*,#8970,.F.);
#9012=CARTESIAN_POINT('',(1.,21.265851384,36.273234237));
#9013=VERTEX_POINT('',#9012);
#9014=CARTESIAN_POINT('',(1.,19.718475788,37.387753665));
#9015=CARTESIAN_POINT('',(1.,19.067487376,37.213929534));
#9016=CARTESIAN_POINT('',(1.,18.810159496,37.103159254));
#9017=CARTESIAN_POINT('',(1.,18.552831616,36.992388975));
#9018=CARTESIAN_POINT('',(1.,18.406274015,36.781073365));
#9019=CARTESIAN_POINT('',(1.,18.259716415,36.569757755));
#9020=CARTESIAN_POINT('',(1.,18.259716415,36.256192656));
#9021=CARTESIAN_POINT('',(1.,18.259716415,35.949444189));
#9022=CARTESIAN_POINT('',(1.,18.43865302,35.678483044));
#9023=CARTESIAN_POINT('',(1.,18.617589625,35.407521899));
#9024=CARTESIAN_POINT('',(1.,18.955012938,35.25926014));
#9025=CARTESIAN_POINT('',(1.,19.292436251,35.110998382));
#9026=CARTESIAN_POINT('',(1.,19.718475788,35.110998382));
#9027=CARTESIAN_POINT('',(1.,20.42399726,35.110998382));
#9028=CARTESIAN_POINT('',(1.,20.793799578,35.404113583));
#9029=CARTESIAN_POINT('',(1.,21.163601895,35.697228784));
#9030=CARTESIAN_POINT('',(1.,21.265851384,36.273234237));
#9031=B_SPLINE_CURVE_WITH_KNOTS('',2,(#9014,#9015,#9016,#9017,#9018,#9019,#9020,#9021,#9022,#9023,#9024,#9025,#9026,#9027,#9028,#9029,#9030),.UNSPECIFIED.,.F.,.F.,(3,2,2,2,2,2,2,2,3),(0.522060744,0.57415345,0.626246157,0.678338863,0.729299119,0.780259375,0.831219632,0.915609816,1.),.UNSPECIFIED.);
#9032=EDGE_CURVE('',#8959,#9013,#9031,.T.);
#9033=ORIENTED_EDGE('',*,*,#9032,.T.);
#9034=CARTESIAN_POINT('',(1.,21.265851384,36.273234237));
#9035=DIRECTION('',(-1.,0.,0.));
#9036=VECTOR('',#9035,1.);
#9037=LINE('',#9034,#9036);
#9038=EDGE_CURVE('',#9013,#115,#9037,.T.);
#9039=ORIENTED_EDGE('',*,*,#9038,.T.);
#9040=EDGE_LOOP('',(#9010,#9011,#9033,#9039));
#9041=FACE_BOUND('',#9040,.T.);
#9042=ADVANCED_FACE('',(#9041),#9009,.T.);
#9043=CARTESIAN_POINT('',(1.,20.962511234,36.320950665));
#9044=DIRECTION('',(0.,-0.155392575,-0.987852797));
#9045=DIRECTION('',(0.,0.987852797,-0.155392575));
#9046=AXIS2_PLACEMENT_3D('',#9043,#9044,#9045);
#9047=PLANE('',#9046);
#9048=ORIENTED_EDGE('',*,*,#142,.F.);
#9049=ORIENTED_EDGE('',*,*,#9038,.F.);
#9050=CARTESIAN_POINT('',(1.,20.659171084,36.368667093));
#9051=VERTEX_POINT('',#9050);
#9052=CARTESIAN_POINT('',(1.,21.265851384,36.273234237));
#9053=DIRECTION('',(0.,-0.987852797,0.155392575));
#9054=VECTOR('',#9053,0.614140388);
#9055=LINE('',#9052,#9054);
#9056=EDGE_CURVE('',#9013,#9051,#9055,.T.);
#9057=ORIENTED_EDGE('',*,*,#9056,.T.);
#9058=CARTESIAN_POINT('',(1.,20.659171084,36.368667093));
#9059=DIRECTION('',(-1.,0.,0.));
#9060=VECTOR('',#9059,1.);
#9061=LINE('',#9058,#9060);
#9062=EDGE_CURVE('',#9051,#137,#9061,.T.);
#9063=ORIENTED_EDGE('',*,*,#9062,.T.);
#9064=EDGE_LOOP('',(#9048,#9049,#9057,#9063));
#9065=FACE_BOUND('',#9064,.T.);
#9066=ADVANCED_FACE('',(#9065),#9047,.T.);
#9067=CARTESIAN_POINT('',(1.,20.659171084,36.368667093));
#9068=CARTESIAN_POINT('',(0.,20.659171084,36.368667093));
#9069=CARTESIAN_POINT('',(1.,20.60804634,36.00397725));
#9070=CARTESIAN_POINT('',(0.,20.60804634,36.00397725));
#9071=CARTESIAN_POINT('',(1.,20.374576674,35.809703222));
#9072=CARTESIAN_POINT('',(0.,20.374576674,35.809703222));
#9073=CARTESIAN_POINT('',(1.,20.141107008,35.615429193));
#9074=CARTESIAN_POINT('',(0.,20.141107008,35.615429193));
#9075=CARTESIAN_POINT('',(1.,19.721884104,35.615429193));
#9076=CARTESIAN_POINT('',(0.,19.721884104,35.615429193));
#9077=CARTESIAN_POINT('',(1.,19.299252884,35.615429193));
#9078=CARTESIAN_POINT('',(0.,19.299252884,35.615429193));
#9079=CARTESIAN_POINT('',(1.,19.094753906,35.787549166));
#9080=CARTESIAN_POINT('',(0.,19.094753906,35.787549166));
#9081=CARTESIAN_POINT('',(1.,18.890254929,35.959669138));
#9082=CARTESIAN_POINT('',(0.,18.890254929,35.959669138));
#9083=CARTESIAN_POINT('',(1.,18.890254929,36.191434646));
#9084=CARTESIAN_POINT('',(0.,18.890254929,36.191434646));
#9085=CARTESIAN_POINT('',(1.,18.890254929,36.39934194));
#9086=CARTESIAN_POINT('',(0.,18.890254929,36.39934194));
#9087=CARTESIAN_POINT('',(1.,19.070895692,36.51863301));
#9088=CARTESIAN_POINT('',(0.,19.070895692,36.51863301));
#9089=B_SPLINE_SURFACE_WITH_KNOTS('',2,1,((#9067,#9068),(#9069,#9070),(#9071,#9072),(#9073,#9074),(#9075,#9076),(#9077,#9078),(#9079,#9080),(#9081,#9082),(#9083,#9084),(#9085,#9086),(#9087,#9088)),.UNSPECIFIED.,.F.,.F.,.U.,(3,2,2,2,2,3),(2,2),(0.,0.074438042,0.148876084,0.223919313,0.298962542,0.366280733),(0.,1.),.UNSPECIFIED.);
#9090=ORIENTED_EDGE('',*,*,#156,.F.);
#9091=ORIENTED_EDGE('',*,*,#9062,.F.);
#9092=CARTESIAN_POINT('',(1.,20.659171084,36.368667093));
#9093=CARTESIAN_POINT('',(1.,20.60804634,36.00397725));
#9094=CARTESIAN_POINT('',(1.,20.374576674,35.809703222));
#9095=CARTESIAN_POINT('',(1.,20.141107008,35.615429193));
#9096=CARTESIAN_POINT('',(1.,19.721884104,35.615429193));
#9097=CARTESIAN_POINT('',(1.,19.299252884,35.615429193));
#9098=CARTESIAN_POINT('',(1.,19.094753906,35.787549166));
#9099=CARTESIAN_POINT('',(1.,18.890254929,35.959669138));
#9100=CARTESIAN_POINT('',(1.,18.890254929,36.191434646));
#9101=CARTESIAN_POINT('',(1.,18.890254929,36.39934194));
#9102=CARTESIAN_POINT('',(1.,19.070895692,36.51863301));
#9103=B_SPLINE_CURVE_WITH_KNOTS('',2,(#9092,#9093,#9094,#9095,#9096,#9097,#9098,#9099,#9100,#9101,#9102),.UNSPECIFIED.,.F.,.F.,(3,2,2,2,2,3),(0.,0.074438042,0.148876084,0.223919313,0.298962542,0.366280733),.UNSPECIFIED.);
#9104=EDGE_CURVE('',#9051,#8725,#9103,.T.);
#9105=ORIENTED_EDGE('',*,*,#9104,.T.);
#9106=ORIENTED_EDGE('',*,*,#8730,.T.);
#9107=EDGE_LOOP('',(#9090,#9091,#9105,#9106));
#9108=FACE_BOUND('',#9107,.T.);
#9109=ADVANCED_FACE('',(#9108),#9089,.T.);
#9110=CARTESIAN_POINT('',(1.,0.,0.));
#9111=DIRECTION('',(1.,0.,0.));
#9112=DIRECTION('',(0.,1.,0.));
#9113=AXIS2_PLACEMENT_3D('',#9110,#9111,#9112);
#9114=PLANE('',#9113);
#9115=ORIENTED_EDGE('',*,*,#8738,.F.);
#9116=ORIENTED_EDGE('',*,*,#9104,.F.);
#9117=ORIENTED_EDGE('',*,*,#9056,.F.);
#9118=ORIENTED_EDGE('',*,*,#9032,.F.);
#9119=ORIENTED_EDGE('',*,*,#8964,.F.);
#9120=ORIENTED_EDGE('',*,*,#8938,.F.);
#9121=ORIENTED_EDGE('',*,*,#8912,.F.);
#9122=ORIENTED_EDGE('',*,*,#8862,.F.);
#9123=ORIENTED_EDGE('',*,*,#8838,.F.);
#9124=ORIENTED_EDGE('',*,*,#8788,.F.);
#9125=EDGE_LOOP('',(#9115,#9116,#9117,#9118,#9119,#9120,#9121,#9122,#9123,#9124));
#9126=FACE_BOUND('',#9125,.T.);
#9127=ADVANCED_FACE('',(#9126),#9114,.F.);
#9128=CARTESIAN_POINT('',(1.,45.439429261,53.218681847));
#9129=DIRECTION('',(0.,-1.,0.));
#9130=DIRECTION('',(0.,0.,-1.));
#9131=AXIS2_PLACEMENT_3D('',#9128,#9129,#9130);
#9132=PLANE('',#9131);
#9133=ORIENTED_EDGE('',*,*,#1426,.F.);
#9134=CARTESIAN_POINT('',(1.,45.439429261,50.720386005));
#9135=VERTEX_POINT('',#9134);
#9136=CARTESIAN_POINT('',(1.,45.439429261,50.720386005));
#9137=DIRECTION('',(-1.,0.,0.));
#9138=VECTOR('',#9137,1.);
#9139=LINE('',#9136,#9138);
#9140=EDGE_CURVE('',#9135,#1419,#9139,.T.);
#9141=ORIENTED_EDGE('',*,*,#9140,.F.);
#9142=CARTESIAN_POINT('',(1.,45.439429261,55.716977689));
#9143=VERTEX_POINT('',#9142);
#9144=CARTESIAN_POINT('',(1.,45.439429261,50.720386005));
#9145=DIRECTION('',(0.,0.,1.));
#9146=VECTOR('',#9145,4.996591684);
#9147=LINE('',#9144,#9146);
#9148=EDGE_CURVE('',#9135,#9143,#9147,.T.);
#9149=ORIENTED_EDGE('',*,*,#9148,.T.);
#9150=CARTESIAN_POINT('',(1.,45.439429261,55.716977689));
#9151=DIRECTION('',(-1.,0.,0.));
#9152=VECTOR('',#9151,1.);
#9153=LINE('',#9150,#9152);
#9154=EDGE_CURVE('',#9143,#1421,#9153,.T.);
#9155=ORIENTED_EDGE('',*,*,#9154,.T.);
#9156=EDGE_LOOP('',(#9133,#9141,#9149,#9155));
#9157=FACE_BOUND('',#9156,.T.);
#9158=ADVANCED_FACE('',(#9157),#9132,.T.);
#9159=CARTESIAN_POINT('',(1.,45.108822581,55.716977689));
#9160=DIRECTION('',(0.,0.,-1.));
#9161=DIRECTION('',(-1.,0.,0.));
#9162=AXIS2_PLACEMENT_3D('',#9159,#9160,#9161);
#9163=PLANE('',#9162);
#9164=ORIENTED_EDGE('',*,*,#1434,.F.);
#9165=ORIENTED_EDGE('',*,*,#9154,.F.);
#9166=CARTESIAN_POINT('',(1.,44.778215901,55.716977689));
#9167=VERTEX_POINT('',#9166);
#9168=CARTESIAN_POINT('',(1.,45.439429261,55.716977689));
#9169=DIRECTION('',(0.,-1.,0.));
#9170=VECTOR('',#9169,0.661213361);
#9171=LINE('',#9168,#9170);
#9172=EDGE_CURVE('',#9143,#9167,#9171,.T.);
#9173=ORIENTED_EDGE('',*,*,#9172,.T.);
#9174=CARTESIAN_POINT('',(1.,44.778215901,55.716977689));
#9175=DIRECTION('',(-1.,0.,0.));
#9176=VECTOR('',#9175,1.);
#9177=LINE('',#9174,#9176);
#9178=EDGE_CURVE('',#9167,#1429,#9177,.T.);
#9179=ORIENTED_EDGE('',*,*,#9178,.T.);
#9180=EDGE_LOOP('',(#9164,#9165,#9173,#9179));
#9181=FACE_BOUND('',#9180,.T.);
#9182=ADVANCED_FACE('',(#9181),#9163,.T.);
#9183=CARTESIAN_POINT('',(1.,44.778215901,54.691074485));
#9184=DIRECTION('',(0.,1.,0.));
#9185=DIRECTION('',(0.,0.,1.));
#9186=AXIS2_PLACEMENT_3D('',#9183,#9184,#9185);
#9187=PLANE('',#9186);
#9188=ORIENTED_EDGE('',*,*,#1442,.F.);
#9189=ORIENTED_EDGE('',*,*,#9178,.F.);
#9190=CARTESIAN_POINT('',(1.,44.778215901,53.665171281));
#9191=VERTEX_POINT('',#9190);
#9192=CARTESIAN_POINT('',(1.,44.778215901,55.716977689));
#9193=DIRECTION('',(0.,0.,-1.));
#9194=VECTOR('',#9193,2.051806408);
#9195=LINE('',#9192,#9194);
#9196=EDGE_CURVE('',#9167,#9191,#9195,.T.);
#9197=ORIENTED_EDGE('',*,*,#9196,.T.);
#9198=CARTESIAN_POINT('',(1.,44.778215901,53.665171281));
#9199=DIRECTION('',(-1.,0.,0.));
#9200=VECTOR('',#9199,1.);
#9201=LINE('',#9198,#9200);
#9202=EDGE_CURVE('',#9191,#1437,#9201,.T.);
#9203=ORIENTED_EDGE('',*,*,#9202,.T.);
#9204=EDGE_LOOP('',(#9188,#9189,#9197,#9203));
#9205=FACE_BOUND('',#9204,.T.);
#9206=ADVANCED_FACE('',(#9205),#9187,.T.);
#9207=CARTESIAN_POINT('',(1.,43.479647394,53.665171281));
#9208=DIRECTION('',(0.,0.,-1.));
#9209=DIRECTION('',(-1.,0.,0.));
#9210=AXIS2_PLACEMENT_3D('',#9207,#9208,#9209);
#9211=PLANE('',#9210);
#9212=ORIENTED_EDGE('',*,*,#1450,.F.);
#9213=ORIENTED_EDGE('',*,*,#9202,.F.);
#9214=CARTESIAN_POINT('',(1.,42.181078886,53.665171281));
#9215=VERTEX_POINT('',#9214);
#9216=CARTESIAN_POINT('',(1.,44.778215901,53.665171281));
#9217=DIRECTION('',(0.,-1.,0.));
#9218=VECTOR('',#9217,2.597137014);
#9219=LINE('',#9216,#9218);
#9220=EDGE_CURVE('',#9191,#9215,#9219,.T.);
#9221=ORIENTED_EDGE('',*,*,#9220,.T.);
#9222=CARTESIAN_POINT('',(1.,42.181078886,53.665171281));
#9223=DIRECTION('',(-1.,0.,0.));
#9224=VECTOR('',#9223,1.);
#9225=LINE('',#9222,#9224);
#9226=EDGE_CURVE('',#9215,#1445,#9225,.T.);
#9227=ORIENTED_EDGE('',*,*,#9226,.T.);
#9228=EDGE_LOOP('',(#9212,#9213,#9221,#9227));
#9229=FACE_BOUND('',#9228,.T.);
#9230=ADVANCED_FACE('',(#9229),#9211,.T.);
#9231=CARTESIAN_POINT('',(1.,42.181078886,54.691074485));
#9232=DIRECTION('',(0.,-1.,0.));
#9233=DIRECTION('',(0.,0.,-1.));
#9234=AXIS2_PLACEMENT_3D('',#9231,#9232,#9233);
#9235=PLANE('',#9234);
#9236=ORIENTED_EDGE('',*,*,#1458,.F.);
#9237=ORIENTED_EDGE('',*,*,#9226,.F.);
#9238=CARTESIAN_POINT('',(1.,42.181078886,55.716977689));
#9239=VERTEX_POINT('',#9238);
#9240=CARTESIAN_POINT('',(1.,42.181078886,53.665171281));
#9241=DIRECTION('',(0.,0.,1.));
#9242=VECTOR('',#9241,2.051806408);
#9243=LINE('',#9240,#9242);
#9244=EDGE_CURVE('',#9215,#9239,#9243,.T.);
#9245=ORIENTED_EDGE('',*,*,#9244,.T.);
#9246=CARTESIAN_POINT('',(1.,42.181078886,55.716977689));
#9247=DIRECTION('',(-1.,0.,0.));
#9248=VECTOR('',#9247,1.);
#9249=LINE('',#9246,#9248);
#9250=EDGE_CURVE('',#9239,#1453,#9249,.T.);
#9251=ORIENTED_EDGE('',*,*,#9250,.T.);
#9252=EDGE_LOOP('',(#9236,#9237,#9245,#9251));
#9253=FACE_BOUND('',#9252,.T.);
#9254=ADVANCED_FACE('',(#9253),#9235,.T.);
#9255=CARTESIAN_POINT('',(1.,41.850472206,55.716977689));
#9256=DIRECTION('',(0.,0.,-1.));
#9257=DIRECTION('',(-1.,0.,0.));
#9258=AXIS2_PLACEMENT_3D('',#9255,#9256,#9257);
#9259=PLANE('',#9258);
#9260=ORIENTED_EDGE('',*,*,#1466,.F.);
#9261=ORIENTED_EDGE('',*,*,#9250,.F.);
#9262=CARTESIAN_POINT('',(1.,41.519865526,55.716977689));
#9263=VERTEX_POINT('',#9262);
#9264=CARTESIAN_POINT('',(1.,42.181078886,55.716977689));
#9265=DIRECTION('',(0.,-1.,0.));
#9266=VECTOR('',#9265,0.661213361);
#9267=LINE('',#9264,#9266);
#9268=EDGE_CURVE('',#9239,#9263,#9267,.T.);
#9269=ORIENTED_EDGE('',*,*,#9268,.T.);
#9270=CARTESIAN_POINT('',(1.,41.519865526,55.716977689));
#9271=DIRECTION('',(-1.,0.,0.));
#9272=VECTOR('',#9271,1.);
#9273=LINE('',#9270,#9272);
#9274=EDGE_CURVE('',#9263,#1461,#9273,.T.);
#9275=ORIENTED_EDGE('',*,*,#9274,.T.);
#9276=EDGE_LOOP('',(#9260,#9261,#9269,#9275));
#9277=FACE_BOUND('',#9276,.T.);
#9278=ADVANCED_FACE('',(#9277),#9259,.T.);
#9279=CARTESIAN_POINT('',(1.,41.519865526,53.218681847));
#9280=DIRECTION('',(0.,1.,0.));
#9281=DIRECTION('',(0.,0.,1.));
#9282=AXIS2_PLACEMENT_3D('',#9279,#9280,#9281);
#9283=PLANE('',#9282);
#9284=ORIENTED_EDGE('',*,*,#1474,.F.);
#9285=ORIENTED_EDGE('',*,*,#9274,.F.);
#9286=CARTESIAN_POINT('',(1.,41.519865526,50.720386005));
#9287=VERTEX_POINT('',#9286);
#9288=CARTESIAN_POINT('',(1.,41.519865526,55.716977689));
#9289=DIRECTION('',(0.,0.,-1.));
#9290=VECTOR('',#9289,4.996591684);
#9291=LINE('',#9288,#9290);
#9292=EDGE_CURVE('',#9263,#9287,#9291,.T.);
#9293=ORIENTED_EDGE('',*,*,#9292,.T.);
#9294=CARTESIAN_POINT('',(1.,41.519865526,50.720386005));
#9295=DIRECTION('',(-1.,0.,0.));
#9296=VECTOR('',#9295,1.);
#9297=LINE('',#9294,#9296);
#9298=EDGE_CURVE('',#9287,#1469,#9297,.T.);
#9299=ORIENTED_EDGE('',*,*,#9298,.T.);
#9300=EDGE_LOOP('',(#9284,#9285,#9293,#9299));
#9301=FACE_BOUND('',#9300,.T.);
#9302=ADVANCED_FACE('',(#9301),#9283,.T.);
#9303=CARTESIAN_POINT('',(1.,41.850472206,50.720386005));
#9304=DIRECTION('',(0.,0.,1.));
#9305=DIRECTION('',(1.,0.,0.));
#9306=AXIS2_PLACEMENT_3D('',#9303,#9304,#9305);
#9307=PLANE('',#9306);
#9308=ORIENTED_EDGE('',*,*,#1482,.F.);
#9309=ORIENTED_EDGE('',*,*,#9298,.F.);
#9310=CARTESIAN_POINT('',(1.,42.181078886,50.720386005));
#9311=VERTEX_POINT('',#9310);
#9312=CARTESIAN_POINT('',(1.,41.519865526,50.720386005));
#9313=DIRECTION('',(0.,1.,0.));
#9314=VECTOR('',#9313,0.661213361);
#9315=LINE('',#9312,#9314);
#9316=EDGE_CURVE('',#9287,#9311,#9315,.T.);
#9317=ORIENTED_EDGE('',*,*,#9316,.T.);
#9318=CARTESIAN_POINT('',(1.,42.181078886,50.720386005));
#9319=DIRECTION('',(-1.,0.,0.));
#9320=VECTOR('',#9319,1.);
#9321=LINE('',#9318,#9320);
#9322=EDGE_CURVE('',#9311,#1477,#9321,.T.);
#9323=ORIENTED_EDGE('',*,*,#9322,.T.);
#9324=EDGE_LOOP('',(#9308,#9309,#9317,#9323));
#9325=FACE_BOUND('',#9324,.T.);
#9326=ADVANCED_FACE('',(#9325),#9307,.T.);
#9327=CARTESIAN_POINT('',(1.,42.181078886,51.897959284));
#9328=DIRECTION('',(0.,-1.,0.));
#9329=DIRECTION('',(0.,0.,-1.));
#9330=AXIS2_PLACEMENT_3D('',#9327,#9328,#9329);
#9331=PLANE('',#9330);
#9332=ORIENTED_EDGE('',*,*,#1490,.F.);
#9333=ORIENTED_EDGE('',*,*,#9322,.F.);
#9334=CARTESIAN_POINT('',(1.,42.181078886,53.075532563));
#9335=VERTEX_POINT('',#9334);
#9336=CARTESIAN_POINT('',(1.,42.181078886,50.720386005));
#9337=DIRECTION('',(0.,0.,1.));
#9338=VECTOR('',#9337,2.355146558);
#9339=LINE('',#9336,#9338);
#9340=EDGE_CURVE('',#9311,#9335,#9339,.T.);
#9341=ORIENTED_EDGE('',*,*,#9340,.T.);
#9342=CARTESIAN_POINT('',(1.,42.181078886,53.075532563));
#9343=DIRECTION('',(-1.,0.,0.));
#9344=VECTOR('',#9343,1.);
#9345=LINE('',#9342,#9344);
#9346=EDGE_CURVE('',#9335,#1485,#9345,.T.);
#9347=ORIENTED_EDGE('',*,*,#9346,.T.);
#9348=EDGE_LOOP('',(#9332,#9333,#9341,#9347));
#9349=FACE_BOUND('',#9348,.T.);
#9350=ADVANCED_FACE('',(#9349),#9331,.T.);
#9351=CARTESIAN_POINT('',(1.,43.479647394,53.075532563));
#9352=DIRECTION('',(0.,0.,1.));
#9353=DIRECTION('',(1.,0.,0.));
#9354=AXIS2_PLACEMENT_3D('',#9351,#9352,#9353);
#9355=PLANE('',#9354);
#9356=ORIENTED_EDGE('',*,*,#1498,.F.);
#9357=ORIENTED_EDGE('',*,*,#9346,.F.);
#9358=CARTESIAN_POINT('',(1.,44.778215901,53.075532563));
#9359=VERTEX_POINT('',#9358);
#9360=CARTESIAN_POINT('',(1.,42.181078886,53.075532563));
#9361=DIRECTION('',(0.,1.,0.));
#9362=VECTOR('',#9361,2.597137014);
#9363=LINE('',#9360,#9362);
#9364=EDGE_CURVE('',#9335,#9359,#9363,.T.);
#9365=ORIENTED_EDGE('',*,*,#9364,.T.);
#9366=CARTESIAN_POINT('',(1.,44.778215901,53.075532563));
#9367=DIRECTION('',(-1.,0.,0.));
#9368=VECTOR('',#9367,1.);
#9369=LINE('',#9366,#9368);
#9370=EDGE_CURVE('',#9359,#1493,#9369,.T.);
#9371=ORIENTED_EDGE('',*,*,#9370,.T.);
#9372=EDGE_LOOP('',(#9356,#9357,#9365,#9371));
#9373=FACE_BOUND('',#9372,.T.);
#9374=ADVANCED_FACE('',(#9373),#9355,.T.);
#9375=CARTESIAN_POINT('',(1.,44.778215901,51.897959284));
#9376=DIRECTION('',(0.,1.,0.));
#9377=DIRECTION('',(0.,0.,1.));
#9378=AXIS2_PLACEMENT_3D('',#9375,#9376,#9377);
#9379=PLANE('',#9378);
#9380=ORIENTED_EDGE('',*,*,#1506,.F.);
#9381=ORIENTED_EDGE('',*,*,#9370,.F.);
#9382=CARTESIAN_POINT('',(1.,44.778215901,50.720386005));
#9383=VERTEX_POINT('',#9382);
#9384=CARTESIAN_POINT('',(1.,44.778215901,53.075532563));
#9385=DIRECTION('',(0.,0.,-1.));
#9386=VECTOR('',#9385,2.355146558);
#9387=LINE('',#9384,#9386);
#9388=EDGE_CURVE('',#9359,#9383,#9387,.T.);
#9389=ORIENTED_EDGE('',*,*,#9388,.T.);
#9390=CARTESIAN_POINT('',(1.,44.778215901,50.720386005));
#9391=DIRECTION('',(-1.,0.,0.));
#9392=VECTOR('',#9391,1.);
#9393=LINE('',#9390,#9392);
#9394=EDGE_CURVE('',#9383,#1501,#9393,.T.);
#9395=ORIENTED_EDGE('',*,*,#9394,.T.);
#9396=EDGE_LOOP('',(#9380,#9381,#9389,#9395));
#9397=FACE_BOUND('',#9396,.T.);
#9398=ADVANCED_FACE('',(#9397),#9379,.T.);
#9399=CARTESIAN_POINT('',(1.,45.108822581,50.720386005));
#9400=DIRECTION('',(0.,0.,1.));
#9401=DIRECTION('',(1.,0.,0.));
#9402=AXIS2_PLACEMENT_3D('',#9399,#9400,#9401);
#9403=PLANE('',#9402);
#9404=ORIENTED_EDGE('',*,*,#1512,.F.);
#9405=ORIENTED_EDGE('',*,*,#9394,.F.);
#9406=CARTESIAN_POINT('',(1.,44.778215901,50.720386005));
#9407=DIRECTION('',(0.,1.,0.));
#9408=VECTOR('',#9407,0.661213361);
#9409=LINE('',#9406,#9408);
#9410=EDGE_CURVE('',#9383,#9135,#9409,.T.);
#9411=ORIENTED_EDGE('',*,*,#9410,.T.);
#9412=ORIENTED_EDGE('',*,*,#9140,.T.);
#9413=EDGE_LOOP('',(#9404,#9405,#9411,#9412));
#9414=FACE_BOUND('',#9413,.T.);
#9415=ADVANCED_FACE('',(#9414),#9403,.T.);
#9416=CARTESIAN_POINT('',(1.,0.,0.));
#9417=DIRECTION('',(1.,0.,0.));
#9418=DIRECTION('',(0.,1.,0.));
#9419=AXIS2_PLACEMENT_3D('',#9416,#9417,#9418);
#9420=PLANE('',#9419);
#9421=ORIENTED_EDGE('',*,*,#9148,.F.);
#9422=ORIENTED_EDGE('',*,*,#9410,.F.);
#9423=ORIENTED_EDGE('',*,*,#9388,.F.);
#9424=ORIENTED_EDGE('',*,*,#9364,.F.);
#9425=ORIENTED_EDGE('',*,*,#9340,.F.);
#9426=ORIENTED_EDGE('',*,*,#9316,.F.);
#9427=ORIENTED_EDGE('',*,*,#9292,.F.);
#9428=ORIENTED_EDGE('',*,*,#9268,.F.);
#9429=ORIENTED_EDGE('',*,*,#9244,.F.);
#9430=ORIENTED_EDGE('',*,*,#9220,.F.);
#9431=ORIENTED_EDGE('',*,*,#9196,.F.);
#9432=ORIENTED_EDGE('',*,*,#9172,.F.);
#9433=EDGE_LOOP('',(#9421,#9422,#9423,#9424,#9425,#9426,#9427,#9428,#9429,#9430,#9431,#9432));
#9434=FACE_BOUND('',#9433,.T.);
#9435=ADVANCED_FACE('',(#9434),#9420,.F.);
#9436=CLOSED_SHELL('',(#1516,#1547,#1578,#1710,#1791,#1822,#1857,#1938,#1973,#2013,#2094,#2134,#2215,#2233,#2251,#2269,#2287,#2327,#2367,#2407,#2447,#2471,#2495,#2535,#2575,#2599,
#2623,#2654,#2672,#2690,#2715,#2752,#2777,#2795,#2826,#2850,#2868,#2919,#2976,#2994,#3012,#3030,#3048,#3066,#3090,#3114,#3125,#3142,#3160,#3184,#3202,
#3220,#3238,#3256,#3273,#3291,#3309,#3320,#3344,#3362,#3386,#3404,#3416,#3440,#3458,#3476,#3500,#3517,#3541,#3559,#3583,#3594,#3612,#3630,#3648,#3659,
#3677,#3695,#3713,#3724,#3877,#4031,#4049,#4067,#4234,#4387,#4541,#4559,#4577,#4744,#4775,#4807,#4831,#4857,#4919,#4945,#4971,#5003,#5041,#5065,#5121,
#5211,#5244,#5275,#5299,#5318,#5344,#5356,#5431,#5455,#5479,#5503,#5527,#5569,#5641,#5658,#5676,#5686,#5717,#5741,#5765,#5789,#5813,#5837,#5861,#5887,
#5906,#5923,#5954,#5978,#6002,#6026,#6050,#6074,#6098,#6122,#6146,#6170,#6194,#6211,#6231,#6288,#6314,#6364,#6414,#6438,#6488,#6514,#6540,#6608,#6625,
#6643,#6682,#6706,#6730,#6754,#6778,#6810,#6827,#6842,#6899,#6923,#6947,#6971,#6995,#7019,#7063,#7089,#7113,#7137,#7161,#7180,#7200,#7231,#7255,#7279,
#7303,#7327,#7344,#7358,#7427,#7451,#7513,#7569,#7593,#7655,#7672,#7687,#7718,#7742,#7766,#7790,#7814,#7838,#7862,#7886,#7910,#7934,#7958,#7975,#7995,
#8026,#8050,#8074,#8091,#8103,#8134,#8166,#8190,#8216,#8278,#8304,#8330,#8362,#8400,#8424,#8480,#8570,#8603,#8634,#8658,#8677,#8703,#8715,#8748,#8798,
#8848,#8872,#8922,#8948,#8974,#9042,#9066,#9109,#9127,#9158,#9182,#9206,#9230,#9254,#9278,#9302,#9326,#9350,#9374,#9398,#9415,#9435));
#9437=MANIFOLD_SOLID_BREP('Hammer Wallmount',#9436);
#9438=COLOUR_RGB('',0.90196079,0.180392161,0.180392161);
#9439=FILL_AREA_STYLE_COLOUR('',#9438);
#9440=FILL_AREA_STYLE('',(#9439));
#9441=SURFACE_STYLE_FILL_AREA(#9440);
#9442=SURFACE_SIDE_STYLE('',(#9441));
#9443=SURFACE_STYLE_USAGE(.BOTH.,#9442);
#9444=PRESENTATION_STYLE_ASSIGNMENT((#9443));
#26=STYLED_ITEM('',(#9444),#9437);
#16=SHAPE_REPRESENTATION('root',(#15),#10);
#17=ADVANCED_BREP_SHAPE_REPRESENTATION('root',(#9437),#10);
#9452=SHAPE_REPRESENTATION_RELATIONSHIP('','',#16,#17);
#9453=APPLICATION_CONTEXT('data for automotive mechanical design processes');
#9454=APPLICATION_PROTOCOL_DEFINITION('international standard','automotive_design',1994,#9453);
#9455=PRODUCT_CONTEXT('',#9453,'mechanical');
#9456=PRODUCT_DEFINITION_CONTEXT('part definition',#9453,'design');
#24=PRODUCT('root','root','',(#9455));
#9457=PRODUCT_RELATED_PRODUCT_CATEGORY('part','',(#24));
#9458=PRODUCT_DEFINITION_FORMATION_WITH_SPECIFIED_SOURCE('','',#24,.NOT_KNOWN.);
#25=PRODUCT_DEFINITION('design','',#9458,#9456);
#23=PRODUCT_DEFINITION_SHAPE('','',#25);
#9459=SHAPE_DEFINITION_REPRESENTATION(#23,#16);
#11=DRAUGHTING_MODEL('',(),#10);
#1=MECHANICAL_DESIGN_GEOMETRIC_PRESENTATION_REPRESENTATION('',(#26),#10);
ENDSEC;
END-ISO-10303-21;
