ISO-10303-21;
HEADER;

/* File generated by Shapr3D Version 26.151.0.11589 */

FILE_DESCRIPTION(('HOOPS Exchange Step'),'2;1');

FILE_NAME('/Users/userzero/Library/Containers/com.shapr3d.shapr/Data/tmp/export/temp_export',
'1970-01-01T00:00:00',
('userzero'),
('Shapr3D Limited'),
'HOOPS Exchange 2026.3',
'Shapr3D',
'Authorized');

FILE_SCHEMA( ('AP242_MANAGED_MODEL_BASED_3D_ENGINEERING_MIM_LF {1 0 10303 442 1 1 4}') );

ENDSEC;

DATA;
#3=(NAMED_UNIT(*)PLANE_ANGLE_UNIT()SI_UNIT($,.RADIAN.));
#4=PLANE_ANGLE_MEASURE_WITH_UNIT(PLANE_ANGLE_MEASURE(0.0174532925),#3);
#5=(CONVERSION_BASED_UNIT('DEGREE',#4)NAMED_UNIT(#6)PLANE_ANGLE_UNIT());
#6=DIMENSIONAL_EXPONENTS(0.,0.,0.,0.,0.,0.,0.);
#7=(NAMED_UNIT(*)SI_UNIT($,.STERADIAN.)SOLID_ANGLE_UNIT());
#8=(LENGTH_UNIT()NAMED_UNIT(*)SI_UNIT(.MILLI.,.METRE.));
#9=UNCERTAINTY_MEASURE_WITH_UNIT(LENGTH_MEASURE(1.000000E-05),#8,'DISTANCE_ACCURACY_VALUE','Maximum Tolerance applied to model');
#10=(GEOMETRIC_REPRESENTATION_CONTEXT(3)GLOBAL_UNCERTAINTY_ASSIGNED_CONTEXT((#9))GLOBAL_UNIT_ASSIGNED_CONTEXT((#8,#5,#7))REPRESENTATION_CONTEXT('','root'));
#12=CARTESIAN_POINT('',(0.,0.,0.));
#13=DIRECTION('',(0.,0.,1.));
#14=DIRECTION('',(1.,0.,0.));
#15=AXIS2_PLACEMENT_3D('TS3D_PRODUCT_CSYS',#12,#13,#14);
#27=CARTESIAN_POINT('',(51.,34.5,57.742640687));
#28=DIRECTION('',(-1.,0.,0.));
#29=DIRECTION('',(0.,-0.,1.));
#30=AXIS2_PLACEMENT_3D('',#27,#28,#29);
#31=CYLINDRICAL_SURFACE('',#30,3.);
#32=CARTESIAN_POINT('',(45.,37.5,57.742640687));
#33=VERTEX_POINT('',#32);
#34=CARTESIAN_POINT('',(45.,36.621320344,55.621320344));
#35=VERTEX_POINT('',#34);
#36=CARTESIAN_POINT('',(45.,34.5,57.742640687));
#37=DIRECTION('',(-1.,0.,0.));
#38=DIRECTION('',(-0.,-1.,0.));
#39=AXIS2_PLACEMENT_3D('',#36,#37,#38);
#40=CIRCLE('',#39,3.);
#41=EDGE_CURVE('',#33,#35,#40,.T.);
#42=ORIENTED_EDGE('',*,*,#41,.T.);
#43=CARTESIAN_POINT('',(37.,36.621320344,55.621320344));
#44=VERTEX_POINT('',#43);
#45=CARTESIAN_POINT('',(37.,36.621320344,55.621320344));
#46=DIRECTION('',(1.,-0.,-0.));
#47=VECTOR('',#46,8.);
#48=LINE('',#45,#47);
#49=EDGE_CURVE('',#44,#35,#48,.T.);
#50=ORIENTED_EDGE('',*,*,#49,.F.);
#51=CARTESIAN_POINT('',(37.,37.5,57.742640687));
#52=VERTEX_POINT('',#51);
#53=CARTESIAN_POINT('',(37.,34.5,57.742640687));
#54=DIRECTION('',(-1.,0.,0.));
#55=DIRECTION('',(-0.,-1.,0.));
#56=AXIS2_PLACEMENT_3D('',#53,#54,#55);
#57=CIRCLE('',#56,3.);
#58=EDGE_CURVE('',#52,#44,#57,.T.);
#59=ORIENTED_EDGE('',*,*,#58,.F.);
#60=CARTESIAN_POINT('',(45.,37.5,57.742640687));
#61=DIRECTION('',(-1.,0.,0.));
#62=VECTOR('',#61,8.);
#63=LINE('',#60,#62);
#64=EDGE_CURVE('',#33,#52,#63,.T.);
#65=ORIENTED_EDGE('',*,*,#64,.F.);
#66=EDGE_LOOP('',(#42,#50,#59,#65));
#67=FACE_BOUND('',#66,.T.);
#68=ADVANCED_FACE('',(#67),#31,.T.);
#69=CARTESIAN_POINT('',(43.5,34.5,59.5));
#70=DIRECTION('',(-1.,0.,0.));
#71=DIRECTION('',(0.,-0.,1.));
#72=AXIS2_PLACEMENT_3D('',#69,#70,#71);
#73=CYLINDRICAL_SURFACE('',#72,3.);
#74=CARTESIAN_POINT('',(45.,34.5,62.5));
#75=VERTEX_POINT('',#74);
#76=CARTESIAN_POINT('',(37.,34.5,62.5));
#77=VERTEX_POINT('',#76);
#78=CARTESIAN_POINT('',(45.,34.5,62.5));
#79=DIRECTION('',(-1.,0.,0.));
#80=VECTOR('',#79,8.);
#81=LINE('',#78,#80);
#82=EDGE_CURVE('',#75,#77,#81,.T.);
#83=ORIENTED_EDGE('',*,*,#82,.F.);
#84=CARTESIAN_POINT('',(45.,37.5,59.5));
#85=VERTEX_POINT('',#84);
#86=CARTESIAN_POINT('',(45.,34.5,59.5));
#87=DIRECTION('',(-1.,0.,0.));
#88=DIRECTION('',(-0.,-1.,0.));
#89=AXIS2_PLACEMENT_3D('',#86,#87,#88);
#90=CIRCLE('',#89,3.);
#91=EDGE_CURVE('',#75,#85,#90,.T.);
#92=ORIENTED_EDGE('',*,*,#91,.T.);
#93=CARTESIAN_POINT('',(37.,37.5,59.5));
#94=VERTEX_POINT('',#93);
#95=CARTESIAN_POINT('',(37.,37.5,59.5));
#96=DIRECTION('',(1.,-0.,-0.));
#97=VECTOR('',#96,8.);
#98=LINE('',#95,#97);
#99=EDGE_CURVE('',#94,#85,#98,.T.);
#100=ORIENTED_EDGE('',*,*,#99,.F.);
#101=CARTESIAN_POINT('',(37.,34.5,59.5));
#102=DIRECTION('',(1.,-0.,-0.));
#103=DIRECTION('',(-0.,-1.,0.));
#104=AXIS2_PLACEMENT_3D('',#101,#102,#103);
#105=CIRCLE('',#104,3.);
#106=EDGE_CURVE('',#94,#77,#105,.T.);
#107=ORIENTED_EDGE('',*,*,#106,.T.);
#108=EDGE_LOOP('',(#83,#92,#100,#107));
#109=FACE_BOUND('',#108,.T.);
#110=ADVANCED_FACE('',(#109),#73,.T.);
#111=CARTESIAN_POINT('',(45.,34.5,59.5));
#112=DIRECTION('',(0.,0.,1.));
#113=DIRECTION('',(0.,-1.,-0.));
#114=AXIS2_PLACEMENT_3D('',#111,#112,#113);
#115=SPHERICAL_SURFACE('',#114,3.);
#116=CARTESIAN_POINT('',(48.,34.5,59.5));
#117=VERTEX_POINT('',#116);
#118=CARTESIAN_POINT('',(45.,34.5,59.5));
#119=DIRECTION('',(0.,1.,0.));
#120=DIRECTION('',(-0.,0.,-1.));
#121=AXIS2_PLACEMENT_3D('',#118,#119,#120);
#122=CIRCLE('',#121,3.);
#123=EDGE_CURVE('',#75,#117,#122,.T.);
#124=ORIENTED_EDGE('',*,*,#123,.T.);
#125=CARTESIAN_POINT('',(45.,34.5,59.5));
#126=DIRECTION('',(-0.,0.,-1.));
#127=DIRECTION('',(0.,1.,0.));
#128=AXIS2_PLACEMENT_3D('',#125,#126,#127);
#129=CIRCLE('',#128,3.);
#130=EDGE_CURVE('',#85,#117,#129,.T.);
#131=ORIENTED_EDGE('',*,*,#130,.F.);
#132=ORIENTED_EDGE('',*,*,#91,.F.);
#133=EDGE_LOOP('',(#124,#131,#132));
#134=FACE_BOUND('',#133,.T.);
#135=ADVANCED_FACE('',(#134),#115,.T.);
#136=CARTESIAN_POINT('',(45.,34.5,57.742640687));
#137=DIRECTION('',(0.,0.,1.));
#138=DIRECTION('',(0.,-1.,-0.));
#139=AXIS2_PLACEMENT_3D('',#136,#137,#138);
#140=SPHERICAL_SURFACE('',#139,3.);
#141=CARTESIAN_POINT('',(48.,34.5,57.742640687));
#142=VERTEX_POINT('',#141);
#143=CARTESIAN_POINT('',(45.,34.5,57.742640687));
#144=DIRECTION('',(-0.,0.,-1.));
#145=DIRECTION('',(0.,1.,0.));
#146=AXIS2_PLACEMENT_3D('',#143,#144,#145);
#147=CIRCLE('',#146,3.);
#148=EDGE_CURVE('',#33,#142,#147,.T.);
#149=ORIENTED_EDGE('',*,*,#148,.T.);
#150=CARTESIAN_POINT('',(45.,34.5,57.742640687));
#151=DIRECTION('',(0.,0.707106781,0.707106781));
#152=DIRECTION('',(-0.,0.707106781,-0.707106781));
#153=AXIS2_PLACEMENT_3D('',#150,#151,#152);
#154=CIRCLE('',#153,3.);
#155=EDGE_CURVE('',#142,#35,#154,.T.);
#156=ORIENTED_EDGE('',*,*,#155,.T.);
#157=ORIENTED_EDGE('',*,*,#41,.F.);
#158=EDGE_LOOP('',(#149,#156,#157));
#159=FACE_BOUND('',#158,.T.);
#160=ADVANCED_FACE('',(#159),#140,.T.);
#161=CARTESIAN_POINT('',(51.,38.5,57.5));
#162=DIRECTION('',(0.,0.707106781,-0.707106781));
#163=DIRECTION('',(1.,-0.,-0.));
#164=AXIS2_PLACEMENT_3D('',#161,#162,#163);
#165=PLANE('',#164);
#166=CARTESIAN_POINT('',(37.,30.378679656,49.378679656));
#167=VERTEX_POINT('',#166);
#168=CARTESIAN_POINT('',(37.,30.378679656,49.378679656));
#169=DIRECTION('',(0.,0.707106781,0.707106781));
#170=VECTOR('',#169,8.828427125);
#171=LINE('',#168,#170);
#172=EDGE_CURVE('',#167,#44,#171,.T.);
#173=ORIENTED_EDGE('',*,*,#172,.T.);
#174=ORIENTED_EDGE('',*,*,#49,.T.);
#175=CARTESIAN_POINT('',(45.,30.378679656,49.378679656));
#176=VERTEX_POINT('',#175);
#177=CARTESIAN_POINT('',(45.,36.621320344,55.621320344));
#178=DIRECTION('',(-0.,-0.707106781,-0.707106781));
#179=VECTOR('',#178,8.828427125);
#180=LINE('',#177,#179);
#181=EDGE_CURVE('',#35,#176,#180,.T.);
#182=ORIENTED_EDGE('',*,*,#181,.T.);
#183=CARTESIAN_POINT('',(45.,30.378679656,49.378679656));
#184=DIRECTION('',(-1.,0.,0.));
#185=VECTOR('',#184,8.);
#186=LINE('',#183,#185);
#187=EDGE_CURVE('',#176,#167,#186,.T.);
#188=ORIENTED_EDGE('',*,*,#187,.T.);
#189=EDGE_LOOP('',(#173,#174,#182,#188));
#190=FACE_BOUND('',#189,.T.);
#191=ADVANCED_FACE('',(#190),#165,.T.);
#192=CARTESIAN_POINT('',(37.,34.5,57.742640687));
#193=DIRECTION('',(0.,0.,1.));
#194=DIRECTION('',(0.,-1.,-0.));
#195=AXIS2_PLACEMENT_3D('',#192,#193,#194);
#196=SPHERICAL_SURFACE('',#195,3.);
#197=ORIENTED_EDGE('',*,*,#58,.T.);
#198=CARTESIAN_POINT('',(34.,34.5,57.742640687));
#199=VERTEX_POINT('',#198);
#200=CARTESIAN_POINT('',(37.,34.5,57.742640687));
#201=DIRECTION('',(-0.,-0.707106781,-0.707106781));
#202=DIRECTION('',(-0.,0.707106781,-0.707106781));
#203=AXIS2_PLACEMENT_3D('',#200,#201,#202);
#204=CIRCLE('',#203,3.);
#205=EDGE_CURVE('',#199,#44,#204,.T.);
#206=ORIENTED_EDGE('',*,*,#205,.F.);
#207=CARTESIAN_POINT('',(37.,34.5,57.742640687));
#208=DIRECTION('',(-0.,0.,-1.));
#209=DIRECTION('',(0.,1.,0.));
#210=AXIS2_PLACEMENT_3D('',#207,#208,#209);
#211=CIRCLE('',#210,3.);
#212=EDGE_CURVE('',#199,#52,#211,.T.);
#213=ORIENTED_EDGE('',*,*,#212,.T.);
#214=EDGE_LOOP('',(#197,#206,#213));
#215=FACE_BOUND('',#214,.T.);
#216=ADVANCED_FACE('',(#215),#196,.T.);
#217=CARTESIAN_POINT('',(43.5,37.5,67.5));
#218=DIRECTION('',(-0.,-1.,-0.));
#219=DIRECTION('',(1.,-0.,-0.));
#220=AXIS2_PLACEMENT_3D('',#217,#218,#219);
#221=PLANE('',#220);
#222=ORIENTED_EDGE('',*,*,#64,.T.);
#223=CARTESIAN_POINT('',(37.,37.5,57.742640687));
#224=DIRECTION('',(0.,-0.,1.));
#225=VECTOR('',#224,1.757359313);
#226=LINE('',#223,#225);
#227=EDGE_CURVE('',#52,#94,#226,.T.);
#228=ORIENTED_EDGE('',*,*,#227,.T.);
#229=ORIENTED_EDGE('',*,*,#99,.T.);
#230=CARTESIAN_POINT('',(45.,37.5,59.5));
#231=DIRECTION('',(-0.,0.,-1.));
#232=VECTOR('',#231,1.757359313);
#233=LINE('',#230,#232);
#234=EDGE_CURVE('',#85,#33,#233,.T.);
#235=ORIENTED_EDGE('',*,*,#234,.T.);
#236=EDGE_LOOP('',(#222,#228,#229,#235));
#237=FACE_BOUND('',#236,.T.);
#238=ADVANCED_FACE('',(#237),#221,.F.);
#239=CARTESIAN_POINT('',(37.,34.5,59.5));
#240=DIRECTION('',(0.,0.,1.));
#241=DIRECTION('',(0.,-1.,-0.));
#242=AXIS2_PLACEMENT_3D('',#239,#240,#241);
#243=SPHERICAL_SURFACE('',#242,3.);
#244=CARTESIAN_POINT('',(34.,34.5,59.5));
#245=VERTEX_POINT('',#244);
#246=CARTESIAN_POINT('',(37.,34.5,59.5));
#247=DIRECTION('',(0.,1.,0.));
#248=DIRECTION('',(-0.,0.,-1.));
#249=AXIS2_PLACEMENT_3D('',#246,#247,#248);
#250=CIRCLE('',#249,3.);
#251=EDGE_CURVE('',#245,#77,#250,.T.);
#252=ORIENTED_EDGE('',*,*,#251,.T.);
#253=ORIENTED_EDGE('',*,*,#106,.F.);
#254=CARTESIAN_POINT('',(37.,34.5,59.5));
#255=DIRECTION('',(-0.,0.,-1.));
#256=DIRECTION('',(0.,1.,0.));
#257=AXIS2_PLACEMENT_3D('',#254,#255,#256);
#258=CIRCLE('',#257,3.);
#259=EDGE_CURVE('',#245,#94,#258,.T.);
#260=ORIENTED_EDGE('',*,*,#259,.F.);
#261=EDGE_LOOP('',(#252,#253,#260));
#262=FACE_BOUND('',#261,.T.);
#263=ADVANCED_FACE('',(#262),#243,.T.);
#264=CARTESIAN_POINT('',(51.,4.5,62.5));
#265=DIRECTION('',(0.,-0.,1.));
#266=DIRECTION('',(0.,1.,0.));
#267=AXIS2_PLACEMENT_3D('',#264,#265,#266);
#268=PLANE('',#267);
#269=ORIENTED_EDGE('',*,*,#82,.T.);
#270=CARTESIAN_POINT('',(37.,21.5,62.5));
#271=VERTEX_POINT('',#270);
#272=CARTESIAN_POINT('',(37.,34.5,62.5));
#273=DIRECTION('',(-0.,-1.,-0.));
#274=VECTOR('',#273,13.);
#275=LINE('',#272,#274);
#276=EDGE_CURVE('',#77,#271,#275,.T.);
#277=ORIENTED_EDGE('',*,*,#276,.T.);
#278=CARTESIAN_POINT('',(45.,21.5,62.5));
#279=VERTEX_POINT('',#278);
#280=CARTESIAN_POINT('',(37.,21.5,62.5));
#281=DIRECTION('',(1.,-0.,-0.));
#282=VECTOR('',#281,8.);
#283=LINE('',#280,#282);
#284=EDGE_CURVE('',#271,#279,#283,.T.);
#285=ORIENTED_EDGE('',*,*,#284,.T.);
#286=CARTESIAN_POINT('',(45.,21.5,62.5));
#287=DIRECTION('',(0.,1.,0.));
#288=VECTOR('',#287,13.);
#289=LINE('',#286,#288);
#290=EDGE_CURVE('',#279,#75,#289,.T.);
#291=ORIENTED_EDGE('',*,*,#290,.T.);
#292=EDGE_LOOP('',(#269,#277,#285,#291));
#293=FACE_BOUND('',#292,.T.);
#294=ADVANCED_FACE('',(#293),#268,.T.);
#295=CARTESIAN_POINT('',(51.,21.5,47.5));
#296=DIRECTION('',(-1.,0.,0.));
#297=DIRECTION('',(0.,-0.,1.));
#298=AXIS2_PLACEMENT_3D('',#295,#296,#297);
#299=CYLINDRICAL_SURFACE('',#298,15.);
#300=CARTESIAN_POINT('',(45.,6.5,47.5));
#301=VERTEX_POINT('',#300);
#302=CARTESIAN_POINT('',(37.,6.5,47.5));
#303=VERTEX_POINT('',#302);
#304=CARTESIAN_POINT('',(45.,6.5,47.5));
#305=DIRECTION('',(-1.,0.,0.));
#306=VECTOR('',#305,8.);
#307=LINE('',#304,#306);
#308=EDGE_CURVE('',#301,#303,#307,.T.);
#309=ORIENTED_EDGE('',*,*,#308,.F.);
#310=CARTESIAN_POINT('',(45.,21.5,47.5));
#311=DIRECTION('',(-1.,0.,0.));
#312=DIRECTION('',(-0.,-1.,0.));
#313=AXIS2_PLACEMENT_3D('',#310,#311,#312);
#314=CIRCLE('',#313,15.);
#315=EDGE_CURVE('',#301,#279,#314,.T.);
#316=ORIENTED_EDGE('',*,*,#315,.T.);
#317=ORIENTED_EDGE('',*,*,#284,.F.);
#318=CARTESIAN_POINT('',(37.,21.5,47.5));
#319=DIRECTION('',(1.,-0.,-0.));
#320=DIRECTION('',(0.,1.,0.));
#321=AXIS2_PLACEMENT_3D('',#318,#319,#320);
#322=CIRCLE('',#321,15.);
#323=EDGE_CURVE('',#271,#303,#322,.T.);
#324=ORIENTED_EDGE('',*,*,#323,.T.);
#325=EDGE_LOOP('',(#309,#316,#317,#324));
#326=FACE_BOUND('',#325,.T.);
#327=ADVANCED_FACE('',(#326),#299,.T.);
#328=CARTESIAN_POINT('',(45.,4.5,59.5));
#329=DIRECTION('',(-0.,-1.,-0.));
#330=DIRECTION('',(1.,-0.,-0.));
#331=AXIS2_PLACEMENT_3D('',#328,#329,#330);
#332=CYLINDRICAL_SURFACE('',#331,3.);
#333=CARTESIAN_POINT('',(48.,21.5,59.5));
#334=VERTEX_POINT('',#333);
#335=CARTESIAN_POINT('',(45.,21.5,59.5));
#336=DIRECTION('',(0.,1.,0.));
#337=DIRECTION('',(-0.,0.,-1.));
#338=AXIS2_PLACEMENT_3D('',#335,#336,#337);
#339=CIRCLE('',#338,3.);
#340=EDGE_CURVE('',#279,#334,#339,.T.);
#341=ORIENTED_EDGE('',*,*,#340,.T.);
#342=CARTESIAN_POINT('',(48.,34.5,59.5));
#343=DIRECTION('',(-0.,-1.,-0.));
#344=VECTOR('',#343,13.);
#345=LINE('',#342,#344);
#346=EDGE_CURVE('',#117,#334,#345,.T.);
#347=ORIENTED_EDGE('',*,*,#346,.F.);
#348=ORIENTED_EDGE('',*,*,#123,.F.);
#349=ORIENTED_EDGE('',*,*,#290,.F.);
#350=EDGE_LOOP('',(#341,#347,#348,#349));
#351=FACE_BOUND('',#350,.T.);
#352=ADVANCED_FACE('',(#351),#332,.T.);
#353=CARTESIAN_POINT('',(45.,34.5,67.5));
#354=DIRECTION('',(-0.,0.,-1.));
#355=DIRECTION('',(-1.,0.,0.));
#356=AXIS2_PLACEMENT_3D('',#353,#354,#355);
#357=CYLINDRICAL_SURFACE('',#356,3.);
#358=ORIENTED_EDGE('',*,*,#234,.F.);
#359=ORIENTED_EDGE('',*,*,#130,.T.);
#360=CARTESIAN_POINT('',(48.,34.5,57.742640687));
#361=DIRECTION('',(0.,-0.,1.));
#362=VECTOR('',#361,1.757359313);
#363=LINE('',#360,#362);
#364=EDGE_CURVE('',#142,#117,#363,.T.);
#365=ORIENTED_EDGE('',*,*,#364,.F.);
#366=ORIENTED_EDGE('',*,*,#148,.F.);
#367=EDGE_LOOP('',(#358,#359,#365,#366));
#368=FACE_BOUND('',#367,.T.);
#369=ADVANCED_FACE('',(#368),#357,.T.);
#370=CARTESIAN_POINT('',(45.,1.878679656,25.121320344));
#371=DIRECTION('',(-0.,-0.707106781,-0.707106781));
#372=DIRECTION('',(0.,-0.707106781,0.707106781));
#373=AXIS2_PLACEMENT_3D('',#370,#371,#372);
#374=CYLINDRICAL_SURFACE('',#373,3.);
#375=CARTESIAN_POINT('',(48.,28.257359313,51.5));
#376=VERTEX_POINT('',#375);
#377=CARTESIAN_POINT('',(45.,28.257359313,51.5));
#378=DIRECTION('',(0.,0.707106781,0.707106781));
#379=DIRECTION('',(0.,-0.707106781,0.707106781));
#380=AXIS2_PLACEMENT_3D('',#377,#378,#379);
#381=CIRCLE('',#380,3.);
#382=EDGE_CURVE('',#376,#176,#381,.T.);
#383=ORIENTED_EDGE('',*,*,#382,.T.);
#384=ORIENTED_EDGE('',*,*,#181,.F.);
#385=ORIENTED_EDGE('',*,*,#155,.F.);
#386=CARTESIAN_POINT('',(48.,28.257359313,51.5));
#387=DIRECTION('',(0.,0.707106781,0.707106781));
#388=VECTOR('',#387,8.828427125);
#389=LINE('',#386,#388);
#390=EDGE_CURVE('',#376,#142,#389,.T.);
#391=ORIENTED_EDGE('',*,*,#390,.F.);
#392=EDGE_LOOP('',(#383,#384,#385,#391));
#393=FACE_BOUND('',#392,.T.);
#394=ADVANCED_FACE('',(#393),#374,.T.);
#395=CARTESIAN_POINT('',(43.5,32.5,47.257359313));
#396=DIRECTION('',(1.,-0.,-0.));
#397=DIRECTION('',(-0.,0.,-1.));
#398=AXIS2_PLACEMENT_3D('',#395,#396,#397);
#399=CYLINDRICAL_SURFACE('',#398,3.);
#400=ORIENTED_EDGE('',*,*,#187,.F.);
#401=CARTESIAN_POINT('',(45.,29.5,47.257359313));
#402=VERTEX_POINT('',#401);
#403=CARTESIAN_POINT('',(45.,32.5,47.257359313));
#404=DIRECTION('',(1.,-0.,-0.));
#405=DIRECTION('',(-0.,-1.,0.));
#406=AXIS2_PLACEMENT_3D('',#403,#404,#405);
#407=CIRCLE('',#406,3.);
#408=EDGE_CURVE('',#176,#402,#407,.T.);
#409=ORIENTED_EDGE('',*,*,#408,.T.);
#410=CARTESIAN_POINT('',(37.,29.5,47.257359313));
#411=VERTEX_POINT('',#410);
#412=CARTESIAN_POINT('',(37.,29.5,47.257359313));
#413=DIRECTION('',(1.,-0.,-0.));
#414=VECTOR('',#413,8.);
#415=LINE('',#412,#414);
#416=EDGE_CURVE('',#411,#402,#415,.T.);
#417=ORIENTED_EDGE('',*,*,#416,.F.);
#418=CARTESIAN_POINT('',(37.,32.5,47.257359313));
#419=DIRECTION('',(-1.,0.,0.));
#420=DIRECTION('',(0.,1.,0.));
#421=AXIS2_PLACEMENT_3D('',#418,#419,#420);
#422=CIRCLE('',#421,3.);
#423=EDGE_CURVE('',#411,#167,#422,.T.);
#424=ORIENTED_EDGE('',*,*,#423,.T.);
#425=EDGE_LOOP('',(#400,#409,#417,#424));
#426=FACE_BOUND('',#425,.T.);
#427=ADVANCED_FACE('',(#426),#399,.F.);
#428=CARTESIAN_POINT('',(37.,36.378679656,59.621320344));
#429=DIRECTION('',(-0.,-0.707106781,-0.707106781));
#430=DIRECTION('',(0.,-0.707106781,0.707106781));
#431=AXIS2_PLACEMENT_3D('',#428,#429,#430);
#432=CYLINDRICAL_SURFACE('',#431,3.);
#433=CARTESIAN_POINT('',(34.,28.257359313,51.5));
#434=VERTEX_POINT('',#433);
#435=CARTESIAN_POINT('',(34.,34.5,57.742640687));
#436=DIRECTION('',(-0.,-0.707106781,-0.707106781));
#437=VECTOR('',#436,8.828427125);
#438=LINE('',#435,#437);
#439=EDGE_CURVE('',#199,#434,#438,.T.);
#440=ORIENTED_EDGE('',*,*,#439,.F.);
#441=ORIENTED_EDGE('',*,*,#205,.T.);
#442=ORIENTED_EDGE('',*,*,#172,.F.);
#443=CARTESIAN_POINT('',(37.,28.257359313,51.5));
#444=DIRECTION('',(-0.,-0.707106781,-0.707106781));
#445=DIRECTION('',(-0.,0.707106781,-0.707106781));
#446=AXIS2_PLACEMENT_3D('',#443,#444,#445);
#447=CIRCLE('',#446,3.);
#448=EDGE_CURVE('',#434,#167,#447,.T.);
#449=ORIENTED_EDGE('',*,*,#448,.F.);
#450=EDGE_LOOP('',(#440,#441,#442,#449));
#451=FACE_BOUND('',#450,.T.);
#452=ADVANCED_FACE('',(#451),#432,.T.);
#453=CARTESIAN_POINT('',(37.,34.5,43.5));
#454=DIRECTION('',(-0.,0.,-1.));
#455=DIRECTION('',(-1.,0.,0.));
#456=AXIS2_PLACEMENT_3D('',#453,#454,#455);
#457=CYLINDRICAL_SURFACE('',#456,3.);
#458=CARTESIAN_POINT('',(34.,34.5,59.5));
#459=DIRECTION('',(-0.,0.,-1.));
#460=VECTOR('',#459,1.757359313);
#461=LINE('',#458,#460);
#462=EDGE_CURVE('',#245,#199,#461,.T.);
#463=ORIENTED_EDGE('',*,*,#462,.F.);
#464=ORIENTED_EDGE('',*,*,#259,.T.);
#465=ORIENTED_EDGE('',*,*,#227,.F.);
#466=ORIENTED_EDGE('',*,*,#212,.F.);
#467=EDGE_LOOP('',(#463,#464,#465,#466));
#468=FACE_BOUND('',#467,.T.);
#469=ADVANCED_FACE('',(#468),#457,.T.);
#470=CARTESIAN_POINT('',(37.,17.,59.5));
#471=DIRECTION('',(-0.,-1.,-0.));
#472=DIRECTION('',(1.,-0.,-0.));
#473=AXIS2_PLACEMENT_3D('',#470,#471,#472);
#474=CYLINDRICAL_SURFACE('',#473,3.);
#475=CARTESIAN_POINT('',(34.,21.5,59.5));
#476=VERTEX_POINT('',#475);
#477=CARTESIAN_POINT('',(37.,21.5,59.5));
#478=DIRECTION('',(0.,1.,-0.));
#479=DIRECTION('',(1.,-0.,-0.));
#480=AXIS2_PLACEMENT_3D('',#477,#478,#479);
#481=CIRCLE('',#480,3.);
#482=EDGE_CURVE('',#476,#271,#481,.T.);
#483=ORIENTED_EDGE('',*,*,#482,.T.);
#484=ORIENTED_EDGE('',*,*,#276,.F.);
#485=ORIENTED_EDGE('',*,*,#251,.F.);
#486=CARTESIAN_POINT('',(34.,21.5,59.5));
#487=DIRECTION('',(0.,1.,0.));
#488=VECTOR('',#487,13.);
#489=LINE('',#486,#488);
#490=EDGE_CURVE('',#476,#245,#489,.T.);
#491=ORIENTED_EDGE('',*,*,#490,.F.);
#492=EDGE_LOOP('',(#483,#484,#485,#491));
#493=FACE_BOUND('',#492,.T.);
#494=ADVANCED_FACE('',(#493),#474,.T.);
#495=CARTESIAN_POINT('',(37.,32.5,47.257359313));
#496=DIRECTION('',(1.,-0.,-0.));
#497=DIRECTION('',(0.,1.,0.));
#498=AXIS2_PLACEMENT_3D('',#495,#496,#497);
#499=TOROIDAL_SURFACE('',#498,6.,3.);
#500=ORIENTED_EDGE('',*,*,#448,.T.);
#501=ORIENTED_EDGE('',*,*,#423,.F.);
#502=CARTESIAN_POINT('',(34.,26.5,47.257359313));
#503=VERTEX_POINT('',#502);
#504=CARTESIAN_POINT('',(37.,26.5,47.257359313));
#505=DIRECTION('',(-0.,0.,-1.));
#506=DIRECTION('',(0.,1.,0.));
#507=AXIS2_PLACEMENT_3D('',#504,#505,#506);
#508=CIRCLE('',#507,3.);
#509=EDGE_CURVE('',#503,#411,#508,.T.);
#510=ORIENTED_EDGE('',*,*,#509,.F.);
#511=CARTESIAN_POINT('',(34.,32.5,47.257359313));
#512=DIRECTION('',(1.,-0.,-0.));
#513=DIRECTION('',(0.,1.,0.));
#514=AXIS2_PLACEMENT_3D('',#511,#512,#513);
#515=CIRCLE('',#514,6.);
#516=EDGE_CURVE('',#434,#503,#515,.T.);
#517=ORIENTED_EDGE('',*,*,#516,.F.);
#518=EDGE_LOOP('',(#500,#501,#510,#517));
#519=FACE_BOUND('',#518,.T.);
#520=ADVANCED_FACE('',(#519),#499,.T.);
#521=CARTESIAN_POINT('',(45.,32.5,47.257359313));
#522=DIRECTION('',(-1.,0.,0.));
#523=DIRECTION('',(-0.,-1.,0.));
#524=AXIS2_PLACEMENT_3D('',#521,#522,#523);
#525=TOROIDAL_SURFACE('',#524,6.,3.);
#526=CARTESIAN_POINT('',(48.,26.5,47.257359313));
#527=VERTEX_POINT('',#526);
#528=CARTESIAN_POINT('',(45.,26.5,47.257359313));
#529=DIRECTION('',(0.,-0.,1.));
#530=DIRECTION('',(0.,1.,0.));
#531=AXIS2_PLACEMENT_3D('',#528,#529,#530);
#532=CIRCLE('',#531,3.);
#533=EDGE_CURVE('',#527,#402,#532,.T.);
#534=ORIENTED_EDGE('',*,*,#533,.T.);
#535=ORIENTED_EDGE('',*,*,#408,.F.);
#536=ORIENTED_EDGE('',*,*,#382,.F.);
#537=CARTESIAN_POINT('',(48.,32.5,47.257359313));
#538=DIRECTION('',(-1.,0.,0.));
#539=DIRECTION('',(-0.,-1.,0.));
#540=AXIS2_PLACEMENT_3D('',#537,#538,#539);
#541=CIRCLE('',#540,6.);
#542=EDGE_CURVE('',#527,#376,#541,.T.);
#543=ORIENTED_EDGE('',*,*,#542,.F.);
#544=EDGE_LOOP('',(#534,#535,#536,#543));
#545=FACE_BOUND('',#544,.T.);
#546=ADVANCED_FACE('',(#545),#525,.T.);
#547=CARTESIAN_POINT('',(45.,21.5,47.5));
#548=DIRECTION('',(-1.,0.,0.));
#549=DIRECTION('',(-0.,-1.,0.));
#550=AXIS2_PLACEMENT_3D('',#547,#548,#549);
#551=TOROIDAL_SURFACE('',#550,12.,3.);
#552=CARTESIAN_POINT('',(48.,9.5,47.5));
#553=VERTEX_POINT('',#552);
#554=CARTESIAN_POINT('',(45.,9.5,47.5));
#555=DIRECTION('',(0.,0.,1.));
#556=DIRECTION('',(-1.,-0.,0.));
#557=AXIS2_PLACEMENT_3D('',#554,#555,#556);
#558=CIRCLE('',#557,3.);
#559=EDGE_CURVE('',#301,#553,#558,.T.);
#560=ORIENTED_EDGE('',*,*,#559,.T.);
#561=CARTESIAN_POINT('',(48.,21.5,47.5));
#562=DIRECTION('',(1.,-0.,-0.));
#563=DIRECTION('',(-0.,-1.,0.));
#564=AXIS2_PLACEMENT_3D('',#561,#562,#563);
#565=CIRCLE('',#564,12.);
#566=EDGE_CURVE('',#334,#553,#565,.T.);
#567=ORIENTED_EDGE('',*,*,#566,.F.);
#568=ORIENTED_EDGE('',*,*,#340,.F.);
#569=ORIENTED_EDGE('',*,*,#315,.F.);
#570=EDGE_LOOP('',(#560,#567,#568,#569));
#571=FACE_BOUND('',#570,.T.);
#572=ADVANCED_FACE('',(#571),#551,.T.);
#573=CARTESIAN_POINT('',(37.,21.5,47.5));
#574=DIRECTION('',(1.,-0.,-0.));
#575=DIRECTION('',(0.,1.,0.));
#576=AXIS2_PLACEMENT_3D('',#573,#574,#575);
#577=TOROIDAL_SURFACE('',#576,12.,3.);
#578=CARTESIAN_POINT('',(34.,9.5,47.5));
#579=VERTEX_POINT('',#578);
#580=CARTESIAN_POINT('',(37.,9.5,47.5));
#581=DIRECTION('',(0.,-0.,1.));
#582=DIRECTION('',(0.,1.,0.));
#583=AXIS2_PLACEMENT_3D('',#580,#581,#582);
#584=CIRCLE('',#583,3.);
#585=EDGE_CURVE('',#579,#303,#584,.T.);
#586=ORIENTED_EDGE('',*,*,#585,.T.);
#587=ORIENTED_EDGE('',*,*,#323,.F.);
#588=ORIENTED_EDGE('',*,*,#482,.F.);
#589=CARTESIAN_POINT('',(34.,21.5,47.5));
#590=DIRECTION('',(-1.,0.,0.));
#591=DIRECTION('',(0.,1.,0.));
#592=AXIS2_PLACEMENT_3D('',#589,#590,#591);
#593=CIRCLE('',#592,12.);
#594=EDGE_CURVE('',#579,#476,#593,.T.);
#595=ORIENTED_EDGE('',*,*,#594,.F.);
#596=EDGE_LOOP('',(#586,#587,#588,#595));
#597=FACE_BOUND('',#596,.T.);
#598=ADVANCED_FACE('',(#597),#577,.T.);
#599=CARTESIAN_POINT('',(37.,9.5,22.5));
#600=DIRECTION('',(-0.,0.,-1.));
#601=DIRECTION('',(-1.,0.,0.));
#602=AXIS2_PLACEMENT_3D('',#599,#600,#601);
#603=CYLINDRICAL_SURFACE('',#602,3.);
#604=CARTESIAN_POINT('',(34.,9.5,4.5));
#605=VERTEX_POINT('',#604);
#606=CARTESIAN_POINT('',(34.,9.5,4.5));
#607=DIRECTION('',(0.,-0.,1.));
#608=VECTOR('',#607,43.);
#609=LINE('',#606,#608);
#610=EDGE_CURVE('',#605,#579,#609,.T.);
#611=ORIENTED_EDGE('',*,*,#610,.F.);
#612=CARTESIAN_POINT('',(37.,6.5,4.5));
#613=VERTEX_POINT('',#612);
#614=CARTESIAN_POINT('',(37.,9.5,4.5));
#615=DIRECTION('',(-0.,0.,-1.));
#616=DIRECTION('',(0.,-1.,-0.));
#617=AXIS2_PLACEMENT_3D('',#614,#615,#616);
#618=CIRCLE('',#617,3.);
#619=EDGE_CURVE('',#613,#605,#618,.T.);
#620=ORIENTED_EDGE('',*,*,#619,.F.);
#621=CARTESIAN_POINT('',(37.,6.5,47.5));
#622=DIRECTION('',(-0.,0.,-1.));
#623=VECTOR('',#622,43.);
#624=LINE('',#621,#623);
#625=EDGE_CURVE('',#303,#613,#624,.T.);
#626=ORIENTED_EDGE('',*,*,#625,.F.);
#627=ORIENTED_EDGE('',*,*,#585,.F.);
#628=EDGE_LOOP('',(#611,#620,#626,#627));
#629=FACE_BOUND('',#628,.T.);
#630=ADVANCED_FACE('',(#629),#603,.T.);
#631=CARTESIAN_POINT('',(37.,26.5,43.5));
#632=DIRECTION('',(-0.,0.,-1.));
#633=DIRECTION('',(-1.,0.,0.));
#634=AXIS2_PLACEMENT_3D('',#631,#632,#633);
#635=CYLINDRICAL_SURFACE('',#634,3.);
#636=CARTESIAN_POINT('',(37.,29.5,20.5));
#637=VERTEX_POINT('',#636);
#638=CARTESIAN_POINT('',(37.,29.5,20.5));
#639=DIRECTION('',(0.,-0.,1.));
#640=VECTOR('',#639,26.757359313);
#641=LINE('',#638,#640);
#642=EDGE_CURVE('',#637,#411,#641,.T.);
#643=ORIENTED_EDGE('',*,*,#642,.F.);
#644=CARTESIAN_POINT('',(36.842451111,29.495860202,20.5));
#645=VERTEX_POINT('',#644);
#646=CARTESIAN_POINT('',(37.,26.5,20.5));
#647=DIRECTION('',(0.,-0.,1.));
#648=DIRECTION('',(0.,-1.,-0.));
#649=AXIS2_PLACEMENT_3D('',#646,#647,#648);
#650=CIRCLE('',#649,3.);
#651=EDGE_CURVE('',#637,#645,#650,.T.);
#652=ORIENTED_EDGE('',*,*,#651,.T.);
#653=CARTESIAN_POINT('',(34.940954245,28.681818182,17.5));
#654=VERTEX_POINT('',#653);
#655=CARTESIAN_POINT('',(36.842451111,29.495860202,20.5));
#656=CARTESIAN_POINT('',(36.696261992,29.488172282,20.5));
#657=CARTESIAN_POINT('',(36.553326192,29.46991257,20.465148804));
#658=CARTESIAN_POINT('',(36.414973496,29.442404457,20.395446412));
#659=CARTESIAN_POINT('',(36.345797147,29.428650401,20.360595217));
#660=CARTESIAN_POINT('',(36.277761096,29.412586361,20.317031222));
#661=CARTESIAN_POINT('',(36.210999294,29.394387307,20.264754428));
#662=CARTESIAN_POINT('',(36.177618393,29.385287781,20.238616031));
#663=CARTESIAN_POINT('',(36.144555723,29.375654575,20.210299434));
#664=CARTESIAN_POINT('',(36.111826072,29.365509915,20.179804638));
#665=CARTESIAN_POINT('',(36.095461246,29.360437585,20.16455724));
#666=CARTESIAN_POINT('',(36.079179655,29.355237395,20.148765292));
#667=CARTESIAN_POINT('',(36.062983026,29.349912137,20.132428794));
#668=CARTESIAN_POINT('',(36.054884712,29.347249509,20.124260545));
#669=CARTESIAN_POINT('',(36.046807637,29.344555613,20.115956158));
#670=CARTESIAN_POINT('',(36.03875201,29.341830801,20.107515634));
#671=CARTESIAN_POINT('',(36.034724197,29.340468395,20.103295372));
#672=CARTESIAN_POINT('',(36.030701746,29.33909826,20.099041076));
#673=CARTESIAN_POINT('',(36.026684682,29.337720439,20.094752745));
#674=CARTESIAN_POINT('',(36.02467615,29.337031529,20.09260858));
#675=CARTESIAN_POINT('',(36.022668965,29.336340697,20.090455906));
#676=CARTESIAN_POINT('',(36.02066313,29.33564795,20.088294723));
#677=CARTESIAN_POINT('',(36.018657295,29.334955202,20.086133541));
#678=CARTESIAN_POINT('',(36.016057815,29.334053634,20.083316854));
#679=CARTESIAN_POINT('',(36.014649678,29.333563965,20.08178565));
#680=CARTESIAN_POINT('',(35.924528891,29.302225146,19.983788561));
#681=CARTESIAN_POINT('',(35.837662496,29.26719742,19.869037913));
#682=CARTESIAN_POINT('',(35.754236825,29.229115994,19.737533707));
#683=CARTESIAN_POINT('',(35.712523989,29.210075281,19.671781604));
#684=CARTESIAN_POINT('',(35.671669802,29.190270849,19.601841111));
#685=CARTESIAN_POINT('',(35.631688841,29.169779873,19.527712229));
#686=CARTESIAN_POINT('',(35.61169836,29.159534385,19.490647788));
#687=CARTESIAN_POINT('',(35.591926099,29.149117234,19.452536249));
#688=CARTESIAN_POINT('',(35.572373375,29.138537895,19.413377613));
#689=CARTESIAN_POINT('',(35.562597014,29.133248225,19.393798295));
#690=CARTESIAN_POINT('',(35.552875531,29.127918005,19.373957203));
#691=CARTESIAN_POINT('',(35.543209061,29.122548409,19.353854336));
#692=CARTESIAN_POINT('',(35.538375826,29.119863611,19.343802903));
#693=CARTESIAN_POINT('',(35.533556344,29.117168969,19.333686026));
#694=CARTESIAN_POINT('',(35.52875063,29.114464628,19.323503705));
#695=CARTESIAN_POINT('',(35.526347774,29.113112458,19.318412545));
#696=CARTESIAN_POINT('',(35.523948359,29.111757863,19.313305024));
#697=CARTESIAN_POINT('',(35.521552387,29.110400861,19.308181142));
#698=CARTESIAN_POINT('',(35.520354402,29.10972236,19.305619201));
#699=CARTESIAN_POINT('',(35.519157277,29.109043258,19.30305317));
#700=CARTESIAN_POINT('',(35.517961013,29.108363556,19.300483048));
#701=CARTESIAN_POINT('',(35.51676475,29.107683855,19.297912927));
#702=CARTESIAN_POINT('',(35.51528842,29.106843423,19.29473236));
#703=CARTESIAN_POINT('',(35.514374806,29.106322655,19.292760413));
#704=CARTESIAN_POINT('',(35.45590353,29.07299355,19.166555792));
#705=CARTESIAN_POINT('',(35.399332467,29.038140201,19.030014129));
#706=CARTESIAN_POINT('',(35.344693071,29.001991001,18.883135426));
#707=CARTESIAN_POINT('',(35.317373373,28.983916402,18.809696074));
#708=CARTESIAN_POINT('',(35.290536233,28.965517714,18.733672462));
#709=CARTESIAN_POINT('',(35.264183523,28.946822666,18.65506459));
#710=CARTESIAN_POINT('',(35.251007169,28.937475142,18.615760654));
#711=CARTESIAN_POINT('',(35.237951901,28.928053519,18.575810652));
#712=CARTESIAN_POINT('',(35.225017832,28.918561205,18.535214586));
#713=CARTESIAN_POINT('',(35.218550798,28.913815049,18.514916553));
#714=CARTESIAN_POINT('',(35.212114062,28.909051219,18.494457004));
#715=CARTESIAN_POINT('',(35.205707632,28.904270139,18.473835938));
#716=CARTESIAN_POINT('',(35.202504417,28.901879598,18.463525405));
#717=CARTESIAN_POINT('',(35.199308778,28.899484745,18.453174493));
#718=CARTESIAN_POINT('',(35.196120716,28.897085632,18.442783202));
#719=CARTESIAN_POINT('',(35.192932654,28.894686519,18.432391911));
#720=CARTESIAN_POINT('',(35.189374927,28.891996898,18.420715172));
#721=CARTESIAN_POINT('',(35.18657926,28.889875566,18.411488192));
#722=CARTESIAN_POINT('',(35.164213922,28.872904905,18.337672354));
#723=CARTESIAN_POINT('',(35.142428656,28.855879766,18.262854484));
#724=CARTESIAN_POINT('',(35.121209892,28.838834695,18.187034581));
#725=CARTESIAN_POINT('',(35.11060051,28.830312159,18.14912463));
#726=CARTESIAN_POINT('',(35.100132736,28.821784611,18.11096417));
#727=CARTESIAN_POINT('',(35.089804783,28.813256197,18.072553203));
#728=CARTESIAN_POINT('',(35.079476829,28.804727783,18.034142235));
#729=CARTESIAN_POINT('',(35.069100283,28.796038661,17.99475127));
#730=CARTESIAN_POINT('',(35.059238536,28.787672385,17.956568776));
#731=CARTESIAN_POINT('',(35.049376788,28.779306108,17.918386281));
#732=CARTESIAN_POINT('',(35.03956914,28.770876062,17.880219456));
#733=CARTESIAN_POINT('',(35.02981641,28.762382952,17.8420683));
#734=CARTESIAN_POINT('',(35.024940045,28.758136397,17.822992722));
#735=CARTESIAN_POINT('',(35.02007741,28.753874076,17.803921061));
#736=CARTESIAN_POINT('',(35.015228606,28.749596078,17.784853318));
#737=CARTESIAN_POINT('',(35.012804204,28.747457079,17.775319446));
#738=CARTESIAN_POINT('',(35.010383259,28.74531416,17.765786553));
#739=CARTESIAN_POINT('',(35.007965786,28.743167334,17.75625464));
#740=CARTESIAN_POINT('',(35.006757049,28.742093921,17.751488684));
#741=CARTESIAN_POINT('',(35.005549179,28.741019531,17.746722972));
#742=CARTESIAN_POINT('',(35.004342179,28.739944165,17.741957505));
#743=CARTESIAN_POINT('',(35.003738679,28.739406482,17.739574772));
#744=CARTESIAN_POINT('',(35.003135397,28.738868555,17.737192099));
#745=CARTESIAN_POINT('',(35.002532331,28.738330385,17.734809488));
#746=CARTESIAN_POINT('',(35.001929266,28.737792215,17.732426877));
#747=CARTESIAN_POINT('',(35.001567862,28.737469613,17.730998871));
#748=CARTESIAN_POINT('',(35.000723788,28.736715143,17.727661839));
#749=CARTESIAN_POINT('',(34.973713434,28.712572077,17.62087682));
#750=CARTESIAN_POINT('',(34.953955722,28.694088056,17.54498954));
#751=CARTESIAN_POINT('',(34.940954245,28.681818182,17.5));
#752=B_SPLINE_CURVE_WITH_KNOTS('',3,(#655,#656,#657,#658,#659,#660,#661,#662,#663,#664,#665,#666,#667,#668,#669,#670,#671,#672,#673,#674,#675,#676,#677,#678,#679,#680,
#681,#682,#683,#684,#685,#686,#687,#688,#689,#690,#691,#692,#693,#694,#695,#696,#697,#698,#699,#700,#701,#702,#703,#704,#705,
#706,#707,#708,#709,#710,#711,#712,#713,#714,#715,#716,#717,#718,#719,#720,#721,#722,#723,#724,#725,#726,#727,#728,#729,#730,
#731,#732,#733,#734,#735,#736,#737,#738,#739,#740,#741,#742,#743,#744,#745,#746,#747,#748,#749,#750,#751),.UNSPECIFIED.,.F.,.F.,(4,3,3,3,3,3,3,3,3,3,3,3,3,3,3,3,3,3,3,3,3,3,3,3,3,3,
3,3,3,3,3,3,4),(0.,0.125,0.1875,0.21875,0.234375,0.2421875,0.24609375,0.248046875,0.25,0.375,0.4375,0.46875,0.484375,0.4921875,0.49609375,0.498046875,0.5,0.625,0.6875,0.71875,0.734375,0.7421875,0.75,0.8125,0.84375,0.875,
0.90625,0.921875,0.9296875,0.93359375,0.935546875,0.9375,1.),.UNSPECIFIED.);
#753=EDGE_CURVE('',#645,#654,#752,.T.);
#754=ORIENTED_EDGE('',*,*,#753,.T.);
#755=CARTESIAN_POINT('',(34.,26.5,9.5));
#756=VERTEX_POINT('',#755);
#757=CARTESIAN_POINT('',(34.940954237,28.681818175,17.499999973));
#758=CARTESIAN_POINT('',(34.78737615,28.536882032,16.968567451));
#759=CARTESIAN_POINT('',(34.648488451,28.374810133,16.374303823));
#760=CARTESIAN_POINT('',(34.528852705,28.201008833,15.737032386));
#761=CARTESIAN_POINT('',(34.40921696,28.027207532,15.09976095));
#762=CARTESIAN_POINT('',(34.308871193,27.841772476,14.419832411));
#763=CARTESIAN_POINT('',(34.229727079,27.651341802,13.721586607));
#764=CARTESIAN_POINT('',(34.150582965,27.460911128,13.023340802));
#765=CARTESIAN_POINT('',(34.092617237,27.265578219,12.307120135));
#766=CARTESIAN_POINT('',(34.054987361,27.071752179,11.596424656));
#767=CARTESIAN_POINT('',(34.017357485,26.877926139,10.885729177));
#768=CARTESIAN_POINT('',(34.000000005,26.685663045,10.180764498));
#769=CARTESIAN_POINT('',(34.,26.500000081,9.500000297));
#770=B_SPLINE_CURVE_WITH_KNOTS('',3,(#757,#758,#759,#760,#761,#762,#763,#764,#765,#766,#767,#768,#769),.UNSPECIFIED.,.F.,.F.,(4,3,3,3,4),(0.000000021,0.141373803,0.282747586,0.424121368,0.565495151),.UNSPECIFIED.);
#771=EDGE_CURVE('',#654,#756,#770,.T.);
#772=ORIENTED_EDGE('',*,*,#771,.T.);
#773=CARTESIAN_POINT('',(34.,26.5,47.257359313));
#774=DIRECTION('',(-0.,0.,-1.));
#775=VECTOR('',#774,37.757359313);
#776=LINE('',#773,#775);
#777=EDGE_CURVE('',#503,#756,#776,.T.);
#778=ORIENTED_EDGE('',*,*,#777,.F.);
#779=ORIENTED_EDGE('',*,*,#509,.T.);
#780=EDGE_LOOP('',(#643,#652,#754,#772,#778,#779));
#781=FACE_BOUND('',#780,.T.);
#782=ADVANCED_FACE('',(#781),#635,.T.);
#783=CARTESIAN_POINT('',(34.,17.,43.5));
#784=DIRECTION('',(1.,-0.,-0.));
#785=DIRECTION('',(-0.,0.,-1.));
#786=AXIS2_PLACEMENT_3D('',#783,#784,#785);
#787=PLANE('',#786);
#788=ORIENTED_EDGE('',*,*,#777,.T.);
#789=CARTESIAN_POINT('',(34.,34.5,9.5));
#790=VERTEX_POINT('',#789);
#791=CARTESIAN_POINT('',(34.,26.5,9.5));
#792=DIRECTION('',(0.,1.,0.));
#793=VECTOR('',#792,8.);
#794=LINE('',#791,#793);
#795=EDGE_CURVE('',#756,#790,#794,.T.);
#796=ORIENTED_EDGE('',*,*,#795,.T.);
#797=CARTESIAN_POINT('',(34.,34.5,4.5));
#798=VERTEX_POINT('',#797);
#799=CARTESIAN_POINT('',(34.,34.5,9.5));
#800=DIRECTION('',(-0.,0.,-1.));
#801=VECTOR('',#800,5.);
#802=LINE('',#799,#801);
#803=EDGE_CURVE('',#790,#798,#802,.T.);
#804=ORIENTED_EDGE('',*,*,#803,.T.);
#805=CARTESIAN_POINT('',(34.,34.5,4.5));
#806=DIRECTION('',(-0.,-1.,-0.));
#807=VECTOR('',#806,25.);
#808=LINE('',#805,#807);
#809=EDGE_CURVE('',#798,#605,#808,.T.);
#810=ORIENTED_EDGE('',*,*,#809,.T.);
#811=ORIENTED_EDGE('',*,*,#610,.T.);
#812=ORIENTED_EDGE('',*,*,#594,.T.);
#813=ORIENTED_EDGE('',*,*,#490,.T.);
#814=ORIENTED_EDGE('',*,*,#462,.T.);
#815=ORIENTED_EDGE('',*,*,#439,.T.);
#816=ORIENTED_EDGE('',*,*,#516,.T.);
#817=EDGE_LOOP('',(#788,#796,#804,#810,#811,#812,#813,#814,#815,#816));
#818=FACE_BOUND('',#817,.T.);
#819=ADVANCED_FACE('',(#818),#787,.F.);
#820=CARTESIAN_POINT('',(45.,26.5,43.5));
#821=DIRECTION('',(-0.,0.,-1.));
#822=DIRECTION('',(-1.,0.,0.));
#823=AXIS2_PLACEMENT_3D('',#820,#821,#822);
#824=CYLINDRICAL_SURFACE('',#823,3.);
#825=CARTESIAN_POINT('',(48.,26.5,9.5));
#826=VERTEX_POINT('',#825);
#827=CARTESIAN_POINT('',(48.,26.5,9.5));
#828=DIRECTION('',(0.,-0.,1.));
#829=VECTOR('',#828,37.757359313);
#830=LINE('',#827,#829);
#831=EDGE_CURVE('',#826,#527,#830,.T.);
#832=ORIENTED_EDGE('',*,*,#831,.F.);
#833=CARTESIAN_POINT('',(46.936378657,28.791383359,17.901738981));
#834=VERTEX_POINT('',#833);
#835=CARTESIAN_POINT('',(48.,26.500000081,9.500000297));
#836=CARTESIAN_POINT('',(47.999999995,26.697734436,10.225026267));
#837=CARTESIAN_POINT('',(47.980290466,26.902976305,10.977579787));
#838=CARTESIAN_POINT('',(47.937416944,27.109575014,11.735108385));
#839=CARTESIAN_POINT('',(47.894543422,27.316173723,12.492636983));
#840=CARTESIAN_POINT('',(47.828421439,27.524048431,13.254844246));
#841=CARTESIAN_POINT('',(47.738336145,27.725363276,13.99299868));
#842=CARTESIAN_POINT('',(47.64825085,27.926678122,14.731153114));
#843=CARTESIAN_POINT('',(47.534180604,28.121301751,15.444773085));
#844=CARTESIAN_POINT('',(47.398992254,28.301342878,16.104923886));
#845=CARTESIAN_POINT('',(47.263803905,28.481384006,16.765074688));
#846=CARTESIAN_POINT('',(47.107565406,28.646718623,17.371301619));
#847=CARTESIAN_POINT('',(46.936378657,28.791383359,17.901738981));
#848=B_SPLINE_CURVE_WITH_KNOTS('',3,(#835,#836,#837,#838,#839,#840,#841,#842,#843,#844,#845,#846,#847),.UNSPECIFIED.,.F.,.F.,(4,3,3,3,4),(0.397737618,0.548303209,0.698868799,0.849434389,0.999999979),.UNSPECIFIED.);
#849=EDGE_CURVE('',#826,#834,#848,.T.);
#850=ORIENTED_EDGE('',*,*,#849,.T.);
#851=CARTESIAN_POINT('',(45.,29.5,20.5));
#852=VERTEX_POINT('',#851);
#853=CARTESIAN_POINT('',(46.936378657,28.791383359,17.901738981));
#854=CARTESIAN_POINT('',(46.808665205,28.899310128,18.297470469));
#855=CARTESIAN_POINT('',(46.6739128,28.994849575,18.647302986));
#856=CARTESIAN_POINT('',(46.534676219,29.077744926,18.951236533));
#857=CARTESIAN_POINT('',(46.465057929,29.119192601,19.103203307));
#858=CARTESIAN_POINT('',(46.394316334,29.157487351,19.243695338));
#859=CARTESIAN_POINT('',(46.322753818,29.192642259,19.372712626));
#860=CARTESIAN_POINT('',(46.28697256,29.210219713,19.43722127));
#861=CARTESIAN_POINT('',(46.250985868,29.227012649,19.498861229));
#862=CARTESIAN_POINT('',(46.21483023,29.243025248,19.557632502));
#863=CARTESIAN_POINT('',(46.196752411,29.251031547,19.587018138));
#864=CARTESIAN_POINT('',(46.178632341,29.258842788,19.615686603));
#865=CARTESIAN_POINT('',(46.160474492,29.266459642,19.643637897));
#866=CARTESIAN_POINT('',(46.151395568,29.27026807,19.657613544));
#867=CARTESIAN_POINT('',(46.142307198,29.274027902,19.671409898));
#868=CARTESIAN_POINT('',(46.133209936,29.277739232,19.685026959));
#869=CARTESIAN_POINT('',(46.128661305,29.279594897,19.69183549));
#870=CARTESIAN_POINT('',(46.124110451,29.281438437,19.698599197));
#871=CARTESIAN_POINT('',(46.119557442,29.283269864,19.705318081));
#872=CARTESIAN_POINT('',(46.117280938,29.284185577,19.708677523));
#873=CARTESIAN_POINT('',(46.115003895,29.285098262,19.712025759));
#874=CARTESIAN_POINT('',(46.112726323,29.28600792,19.71536279));
#875=CARTESIAN_POINT('',(46.11044875,29.286917578,19.71869982));
#876=CARTESIAN_POINT('',(46.108665655,29.287627911,19.721305578));
#877=CARTESIAN_POINT('',(46.105892023,29.288727816,19.725340264));
#878=CARTESIAN_POINT('',(45.750867097,29.429515752,20.241780088));
#879=CARTESIAN_POINT('',(45.373149669,29.5,20.5));
#880=CARTESIAN_POINT('',(45.,29.5,20.5));
#881=B_SPLINE_CURVE_WITH_KNOTS('',3,(#853,#854,#855,#856,#857,#858,#859,#860,#861,#862,#863,#864,#865,#866,#867,#868,#869,#870,#871,#872,#873,#874,#875,#876,#877,#878,
#879,#880),.UNSPECIFIED.,.F.,.F.,(4,3,3,3,3,3,3,3,3,4),(0.,0.25,0.375,0.4375,0.46875,0.484375,0.4921875,0.49609375,0.5,1.),.UNSPECIFIED.);
#882=EDGE_CURVE('',#834,#852,#881,.T.);
#883=ORIENTED_EDGE('',*,*,#882,.T.);
#884=CARTESIAN_POINT('',(45.,29.5,47.257359313));
#885=DIRECTION('',(-0.,0.,-1.));
#886=VECTOR('',#885,26.757359313);
#887=LINE('',#884,#886);
#888=EDGE_CURVE('',#402,#852,#887,.T.);
#889=ORIENTED_EDGE('',*,*,#888,.F.);
#890=ORIENTED_EDGE('',*,*,#533,.F.);
#891=EDGE_LOOP('',(#832,#850,#883,#889,#890));
#892=FACE_BOUND('',#891,.T.);
#893=ADVANCED_FACE('',(#892),#824,.T.);
#894=CARTESIAN_POINT('',(43.5,29.5,43.5));
#895=DIRECTION('',(-0.,-1.,-0.));
#896=DIRECTION('',(1.,-0.,-0.));
#897=AXIS2_PLACEMENT_3D('',#894,#895,#896);
#898=PLANE('',#897);
#899=ORIENTED_EDGE('',*,*,#888,.T.);
#900=CARTESIAN_POINT('',(44.234567901,29.5,20.5));
#901=VERTEX_POINT('',#900);
#902=CARTESIAN_POINT('',(45.,29.5,20.5));
#903=DIRECTION('',(-1.,0.,0.));
#904=VECTOR('',#903,0.765432099);
#905=LINE('',#902,#904);
#906=EDGE_CURVE('',#852,#901,#905,.T.);
#907=ORIENTED_EDGE('',*,*,#906,.T.);
#908=CARTESIAN_POINT('',(44.234567901,29.5,20.5));
#909=DIRECTION('',(-1.,0.,0.));
#910=VECTOR('',#909,7.234567901);
#911=LINE('',#908,#910);
#912=EDGE_CURVE('',#901,#637,#911,.T.);
#913=ORIENTED_EDGE('',*,*,#912,.T.);
#914=ORIENTED_EDGE('',*,*,#642,.T.);
#915=ORIENTED_EDGE('',*,*,#416,.T.);
#916=EDGE_LOOP('',(#899,#907,#913,#914,#915));
#917=FACE_BOUND('',#916,.T.);
#918=ADVANCED_FACE('',(#917),#898,.F.);
#919=CARTESIAN_POINT('',(45.,9.5,22.5));
#920=DIRECTION('',(0.,-0.,1.));
#921=DIRECTION('',(1.,-0.,-0.));
#922=AXIS2_PLACEMENT_3D('',#919,#920,#921);
#923=CYLINDRICAL_SURFACE('',#922,3.);
#924=CARTESIAN_POINT('',(45.,6.5,4.5));
#925=VERTEX_POINT('',#924);
#926=CARTESIAN_POINT('',(45.,6.5,4.5));
#927=DIRECTION('',(0.,-0.,1.));
#928=VECTOR('',#927,43.);
#929=LINE('',#926,#928);
#930=EDGE_CURVE('',#925,#301,#929,.T.);
#931=ORIENTED_EDGE('',*,*,#930,.F.);
#932=CARTESIAN_POINT('',(48.,9.5,4.5));
#933=VERTEX_POINT('',#932);
#934=CARTESIAN_POINT('',(45.,9.5,4.5));
#935=DIRECTION('',(-0.,0.,-1.));
#936=DIRECTION('',(0.,-1.,-0.));
#937=AXIS2_PLACEMENT_3D('',#934,#935,#936);
#938=CIRCLE('',#937,3.);
#939=EDGE_CURVE('',#933,#925,#938,.T.);
#940=ORIENTED_EDGE('',*,*,#939,.F.);
#941=CARTESIAN_POINT('',(48.,9.5,47.5));
#942=DIRECTION('',(-0.,0.,-1.));
#943=VECTOR('',#942,43.);
#944=LINE('',#941,#943);
#945=EDGE_CURVE('',#553,#933,#944,.T.);
#946=ORIENTED_EDGE('',*,*,#945,.F.);
#947=ORIENTED_EDGE('',*,*,#559,.F.);
#948=EDGE_LOOP('',(#931,#940,#946,#947));
#949=FACE_BOUND('',#948,.T.);
#950=ADVANCED_FACE('',(#949),#923,.T.);
#951=CARTESIAN_POINT('',(48.,4.5,22.5));
#952=DIRECTION('',(-1.,0.,0.));
#953=DIRECTION('',(0.,-0.,1.));
#954=AXIS2_PLACEMENT_3D('',#951,#952,#953);
#955=PLANE('',#954);
#956=ORIENTED_EDGE('',*,*,#945,.T.);
#957=CARTESIAN_POINT('',(48.,45.5,4.5));
#958=VERTEX_POINT('',#957);
#959=CARTESIAN_POINT('',(48.,9.5,4.5));
#960=DIRECTION('',(0.,1.,0.));
#961=VECTOR('',#960,36.);
#962=LINE('',#959,#961);
#963=EDGE_CURVE('',#933,#958,#962,.T.);
#964=ORIENTED_EDGE('',*,*,#963,.T.);
#965=CARTESIAN_POINT('',(48.,45.5,9.5));
#966=VERTEX_POINT('',#965);
#967=CARTESIAN_POINT('',(48.,45.5,4.5));
#968=DIRECTION('',(0.,-0.,1.));
#969=VECTOR('',#968,5.);
#970=LINE('',#967,#969);
#971=EDGE_CURVE('',#958,#966,#970,.T.);
#972=ORIENTED_EDGE('',*,*,#971,.T.);
#973=CARTESIAN_POINT('',(48.,45.5,9.5));
#974=DIRECTION('',(-0.,-1.,-0.));
#975=VECTOR('',#974,19.);
#976=LINE('',#973,#975);
#977=EDGE_CURVE('',#966,#826,#976,.T.);
#978=ORIENTED_EDGE('',*,*,#977,.T.);
#979=ORIENTED_EDGE('',*,*,#831,.T.);
#980=ORIENTED_EDGE('',*,*,#542,.T.);
#981=ORIENTED_EDGE('',*,*,#390,.T.);
#982=ORIENTED_EDGE('',*,*,#364,.T.);
#983=ORIENTED_EDGE('',*,*,#346,.T.);
#984=ORIENTED_EDGE('',*,*,#566,.T.);
#985=EDGE_LOOP('',(#956,#964,#972,#978,#979,#980,#981,#982,#983,#984));
#986=FACE_BOUND('',#985,.T.);
#987=ADVANCED_FACE('',(#986),#955,.F.);
#988=CARTESIAN_POINT('',(51.,6.5,22.5));
#989=DIRECTION('',(0.,1.,0.));
#990=DIRECTION('',(-1.,0.,0.));
#991=AXIS2_PLACEMENT_3D('',#988,#989,#990);
#992=PLANE('',#991);
#993=ORIENTED_EDGE('',*,*,#625,.T.);
#994=CARTESIAN_POINT('',(37.,6.5,4.5));
#995=DIRECTION('',(1.,-0.,-0.));
#996=VECTOR('',#995,8.);
#997=LINE('',#994,#996);
#998=EDGE_CURVE('',#613,#925,#997,.T.);
#999=ORIENTED_EDGE('',*,*,#998,.T.);
#1000=ORIENTED_EDGE('',*,*,#930,.T.);
#1001=ORIENTED_EDGE('',*,*,#308,.T.);
#1002=EDGE_LOOP('',(#993,#999,#1000,#1001));
#1003=FACE_BOUND('',#1002,.T.);
#1004=ADVANCED_FACE('',(#1003),#992,.F.);
#1005=CARTESIAN_POINT('',(41.,34.5,59.5));
#1006=DIRECTION('',(-1.,0.,0.));
#1007=DIRECTION('',(0.,-0.,1.));
#1008=AXIS2_PLACEMENT_3D('',#1005,#1006,#1007);
#1009=CYLINDRICAL_SURFACE('',#1008,3.);
#1010=CARTESIAN_POINT('',(-23.,37.5,59.5));
#1011=VERTEX_POINT('',#1010);
#1012=CARTESIAN_POINT('',(-15.,37.5,59.5));
#1013=VERTEX_POINT('',#1012);
#1014=CARTESIAN_POINT('',(-23.,37.5,59.5));
#1015=DIRECTION('',(1.,-0.,-0.));
#1016=VECTOR('',#1015,8.);
#1017=LINE('',#1014,#1016);
#1018=EDGE_CURVE('',#1011,#1013,#1017,.T.);
#1019=ORIENTED_EDGE('',*,*,#1018,.F.);
#1020=CARTESIAN_POINT('',(-23.,34.5,62.5));
#1021=VERTEX_POINT('',#1020);
#1022=CARTESIAN_POINT('',(-23.,34.5,59.5));
#1023=DIRECTION('',(1.,-0.,-0.));
#1024=DIRECTION('',(-0.,-1.,0.));
#1025=AXIS2_PLACEMENT_3D('',#1022,#1023,#1024);
#1026=CIRCLE('',#1025,3.);
#1027=EDGE_CURVE('',#1011,#1021,#1026,.T.);
#1028=ORIENTED_EDGE('',*,*,#1027,.T.);
#1029=CARTESIAN_POINT('',(-15.,34.5,62.5));
#1030=VERTEX_POINT('',#1029);
#1031=CARTESIAN_POINT('',(-15.,34.5,62.5));
#1032=DIRECTION('',(-1.,0.,0.));
#1033=VECTOR('',#1032,8.);
#1034=LINE('',#1031,#1033);
#1035=EDGE_CURVE('',#1030,#1021,#1034,.T.);
#1036=ORIENTED_EDGE('',*,*,#1035,.F.);
#1037=CARTESIAN_POINT('',(-15.,34.5,59.5));
#1038=DIRECTION('',(-1.,0.,0.));
#1039=DIRECTION('',(-0.,-1.,0.));
#1040=AXIS2_PLACEMENT_3D('',#1037,#1038,#1039);
#1041=CIRCLE('',#1040,3.);
#1042=EDGE_CURVE('',#1030,#1013,#1041,.T.);
#1043=ORIENTED_EDGE('',*,*,#1042,.T.);
#1044=EDGE_LOOP('',(#1019,#1028,#1036,#1043));
#1045=FACE_BOUND('',#1044,.T.);
#1046=ADVANCED_FACE('',(#1045),#1009,.T.);
#1047=CARTESIAN_POINT('',(-21.5,34.5,57.742640687));
#1048=DIRECTION('',(1.,-0.,-0.));
#1049=DIRECTION('',(-0.,0.,-1.));
#1050=AXIS2_PLACEMENT_3D('',#1047,#1048,#1049);
#1051=CYLINDRICAL_SURFACE('',#1050,3.);
#1052=CARTESIAN_POINT('',(-23.,36.621320344,55.621320344));
#1053=VERTEX_POINT('',#1052);
#1054=CARTESIAN_POINT('',(-15.,36.621320344,55.621320344));
#1055=VERTEX_POINT('',#1054);
#1056=CARTESIAN_POINT('',(-23.,36.621320344,55.621320344));
#1057=DIRECTION('',(1.,-0.,-0.));
#1058=VECTOR('',#1057,8.);
#1059=LINE('',#1056,#1058);
#1060=EDGE_CURVE('',#1053,#1055,#1059,.T.);
#1061=ORIENTED_EDGE('',*,*,#1060,.F.);
#1062=CARTESIAN_POINT('',(-23.,37.5,57.742640687));
#1063=VERTEX_POINT('',#1062);
#1064=CARTESIAN_POINT('',(-23.,34.5,57.742640687));
#1065=DIRECTION('',(1.,-0.,-0.));
#1066=DIRECTION('',(0.,1.,0.));
#1067=AXIS2_PLACEMENT_3D('',#1064,#1065,#1066);
#1068=CIRCLE('',#1067,3.);
#1069=EDGE_CURVE('',#1053,#1063,#1068,.T.);
#1070=ORIENTED_EDGE('',*,*,#1069,.T.);
#1071=CARTESIAN_POINT('',(-15.,37.5,57.742640687));
#1072=VERTEX_POINT('',#1071);
#1073=CARTESIAN_POINT('',(-15.,37.5,57.742640687));
#1074=DIRECTION('',(-1.,0.,0.));
#1075=VECTOR('',#1074,8.);
#1076=LINE('',#1073,#1075);
#1077=EDGE_CURVE('',#1072,#1063,#1076,.T.);
#1078=ORIENTED_EDGE('',*,*,#1077,.F.);
#1079=CARTESIAN_POINT('',(-15.,34.5,57.742640687));
#1080=DIRECTION('',(1.,-0.,-0.));
#1081=DIRECTION('',(0.,1.,0.));
#1082=AXIS2_PLACEMENT_3D('',#1079,#1080,#1081);
#1083=CIRCLE('',#1082,3.);
#1084=EDGE_CURVE('',#1055,#1072,#1083,.T.);
#1085=ORIENTED_EDGE('',*,*,#1084,.F.);
#1086=EDGE_LOOP('',(#1061,#1070,#1078,#1085));
#1087=FACE_BOUND('',#1086,.T.);
#1088=ADVANCED_FACE('',(#1087),#1051,.T.);
#1089=CARTESIAN_POINT('',(-23.,34.5,57.742640687));
#1090=DIRECTION('',(0.,0.,1.));
#1091=DIRECTION('',(0.,-1.,-0.));
#1092=AXIS2_PLACEMENT_3D('',#1089,#1090,#1091);
#1093=SPHERICAL_SURFACE('',#1092,3.);
#1094=ORIENTED_EDGE('',*,*,#1069,.F.);
#1095=CARTESIAN_POINT('',(-26.,34.5,57.742640687));
#1096=VERTEX_POINT('',#1095);
#1097=CARTESIAN_POINT('',(-23.,34.5,57.742640687));
#1098=DIRECTION('',(0.,0.707106781,0.707106781));
#1099=DIRECTION('',(-0.,0.707106781,-0.707106781));
#1100=AXIS2_PLACEMENT_3D('',#1097,#1098,#1099);
#1101=CIRCLE('',#1100,3.);
#1102=EDGE_CURVE('',#1053,#1096,#1101,.T.);
#1103=ORIENTED_EDGE('',*,*,#1102,.T.);
#1104=CARTESIAN_POINT('',(-23.,34.5,57.742640687));
#1105=DIRECTION('',(0.,-0.,1.));
#1106=DIRECTION('',(0.,-1.,-0.));
#1107=AXIS2_PLACEMENT_3D('',#1104,#1105,#1106);
#1108=CIRCLE('',#1107,3.);
#1109=EDGE_CURVE('',#1063,#1096,#1108,.T.);
#1110=ORIENTED_EDGE('',*,*,#1109,.F.);
#1111=EDGE_LOOP('',(#1094,#1103,#1110));
#1112=FACE_BOUND('',#1111,.T.);
#1113=ADVANCED_FACE('',(#1112),#1093,.T.);
#1114=CARTESIAN_POINT('',(-23.,34.5,59.5));
#1115=DIRECTION('',(0.,0.,1.));
#1116=DIRECTION('',(0.,-1.,-0.));
#1117=AXIS2_PLACEMENT_3D('',#1114,#1115,#1116);
#1118=SPHERICAL_SURFACE('',#1117,3.);
#1119=CARTESIAN_POINT('',(-26.,34.5,59.5));
#1120=VERTEX_POINT('',#1119);
#1121=CARTESIAN_POINT('',(-23.,34.5,59.5));
#1122=DIRECTION('',(0.,1.,0.));
#1123=DIRECTION('',(-0.,0.,-1.));
#1124=AXIS2_PLACEMENT_3D('',#1121,#1122,#1123);
#1125=CIRCLE('',#1124,3.);
#1126=EDGE_CURVE('',#1120,#1021,#1125,.T.);
#1127=ORIENTED_EDGE('',*,*,#1126,.T.);
#1128=ORIENTED_EDGE('',*,*,#1027,.F.);
#1129=CARTESIAN_POINT('',(-23.,34.5,59.5));
#1130=DIRECTION('',(0.,-0.,1.));
#1131=DIRECTION('',(0.,-1.,-0.));
#1132=AXIS2_PLACEMENT_3D('',#1129,#1130,#1131);
#1133=CIRCLE('',#1132,3.);
#1134=EDGE_CURVE('',#1011,#1120,#1133,.T.);
#1135=ORIENTED_EDGE('',*,*,#1134,.T.);
#1136=EDGE_LOOP('',(#1127,#1128,#1135));
#1137=FACE_BOUND('',#1136,.T.);
#1138=ADVANCED_FACE('',(#1137),#1118,.T.);
#1139=CARTESIAN_POINT('',(41.,4.5,62.5));
#1140=DIRECTION('',(0.,-0.,1.));
#1141=DIRECTION('',(0.,1.,0.));
#1142=AXIS2_PLACEMENT_3D('',#1139,#1140,#1141);
#1143=PLANE('',#1142);
#1144=ORIENTED_EDGE('',*,*,#1035,.T.);
#1145=CARTESIAN_POINT('',(-23.,21.5,62.5));
#1146=VERTEX_POINT('',#1145);
#1147=CARTESIAN_POINT('',(-23.,34.5,62.5));
#1148=DIRECTION('',(-0.,-1.,-0.));
#1149=VECTOR('',#1148,13.);
#1150=LINE('',#1147,#1149);
#1151=EDGE_CURVE('',#1021,#1146,#1150,.T.);
#1152=ORIENTED_EDGE('',*,*,#1151,.T.);
#1153=CARTESIAN_POINT('',(-15.,21.5,62.5));
#1154=VERTEX_POINT('',#1153);
#1155=CARTESIAN_POINT('',(-23.,21.5,62.5));
#1156=DIRECTION('',(1.,-0.,-0.));
#1157=VECTOR('',#1156,8.);
#1158=LINE('',#1155,#1157);
#1159=EDGE_CURVE('',#1146,#1154,#1158,.T.);
#1160=ORIENTED_EDGE('',*,*,#1159,.T.);
#1161=CARTESIAN_POINT('',(-15.,21.5,62.5));
#1162=DIRECTION('',(0.,1.,0.));
#1163=VECTOR('',#1162,13.);
#1164=LINE('',#1161,#1163);
#1165=EDGE_CURVE('',#1154,#1030,#1164,.T.);
#1166=ORIENTED_EDGE('',*,*,#1165,.T.);
#1167=EDGE_LOOP('',(#1144,#1152,#1160,#1166));
#1168=FACE_BOUND('',#1167,.T.);
#1169=ADVANCED_FACE('',(#1168),#1143,.T.);
#1170=CARTESIAN_POINT('',(-15.,34.5,59.5));
#1171=DIRECTION('',(0.,0.,1.));
#1172=DIRECTION('',(0.,-1.,-0.));
#1173=AXIS2_PLACEMENT_3D('',#1170,#1171,#1172);
#1174=SPHERICAL_SURFACE('',#1173,3.);
#1175=CARTESIAN_POINT('',(-12.,34.5,59.5));
#1176=VERTEX_POINT('',#1175);
#1177=CARTESIAN_POINT('',(-15.,34.5,59.5));
#1178=DIRECTION('',(-0.,-1.,-0.));
#1179=DIRECTION('',(-0.,0.,-1.));
#1180=AXIS2_PLACEMENT_3D('',#1177,#1178,#1179);
#1181=CIRCLE('',#1180,3.);
#1182=EDGE_CURVE('',#1176,#1030,#1181,.T.);
#1183=ORIENTED_EDGE('',*,*,#1182,.F.);
#1184=CARTESIAN_POINT('',(-15.,34.5,59.5));
#1185=DIRECTION('',(-0.,0.,-1.));
#1186=DIRECTION('',(0.,-1.,-0.));
#1187=AXIS2_PLACEMENT_3D('',#1184,#1185,#1186);
#1188=CIRCLE('',#1187,3.);
#1189=EDGE_CURVE('',#1013,#1176,#1188,.T.);
#1190=ORIENTED_EDGE('',*,*,#1189,.F.);
#1191=ORIENTED_EDGE('',*,*,#1042,.F.);
#1192=EDGE_LOOP('',(#1183,#1190,#1191));
#1193=FACE_BOUND('',#1192,.T.);
#1194=ADVANCED_FACE('',(#1193),#1174,.T.);
#1195=CARTESIAN_POINT('',(-21.5,37.5,67.5));
#1196=DIRECTION('',(0.,1.,0.));
#1197=DIRECTION('',(-1.,0.,0.));
#1198=AXIS2_PLACEMENT_3D('',#1195,#1196,#1197);
#1199=PLANE('',#1198);
#1200=ORIENTED_EDGE('',*,*,#1077,.T.);
#1201=CARTESIAN_POINT('',(-23.,37.5,57.742640687));
#1202=DIRECTION('',(0.,-0.,1.));
#1203=VECTOR('',#1202,1.757359313);
#1204=LINE('',#1201,#1203);
#1205=EDGE_CURVE('',#1063,#1011,#1204,.T.);
#1206=ORIENTED_EDGE('',*,*,#1205,.T.);
#1207=ORIENTED_EDGE('',*,*,#1018,.T.);
#1208=CARTESIAN_POINT('',(-15.,37.5,59.5));
#1209=DIRECTION('',(-0.,0.,-1.));
#1210=VECTOR('',#1209,1.757359313);
#1211=LINE('',#1208,#1210);
#1212=EDGE_CURVE('',#1013,#1072,#1211,.T.);
#1213=ORIENTED_EDGE('',*,*,#1212,.T.);
#1214=EDGE_LOOP('',(#1200,#1206,#1207,#1213));
#1215=FACE_BOUND('',#1214,.T.);
#1216=ADVANCED_FACE('',(#1215),#1199,.T.);
#1217=CARTESIAN_POINT('',(-15.,34.5,57.742640687));
#1218=DIRECTION('',(0.,0.,1.));
#1219=DIRECTION('',(0.,-1.,-0.));
#1220=AXIS2_PLACEMENT_3D('',#1217,#1218,#1219);
#1221=SPHERICAL_SURFACE('',#1220,3.);
#1222=CARTESIAN_POINT('',(-12.,34.5,57.742640687));
#1223=VERTEX_POINT('',#1222);
#1224=CARTESIAN_POINT('',(-15.,34.5,57.742640687));
#1225=DIRECTION('',(-0.,0.,-1.));
#1226=DIRECTION('',(0.,-1.,-0.));
#1227=AXIS2_PLACEMENT_3D('',#1224,#1225,#1226);
#1228=CIRCLE('',#1227,3.);
#1229=EDGE_CURVE('',#1072,#1223,#1228,.T.);
#1230=ORIENTED_EDGE('',*,*,#1229,.T.);
#1231=CARTESIAN_POINT('',(-15.,34.5,57.742640687));
#1232=DIRECTION('',(-0.,-0.707106781,-0.707106781));
#1233=DIRECTION('',(0.,-0.707106781,0.707106781));
#1234=AXIS2_PLACEMENT_3D('',#1231,#1232,#1233);
#1235=CIRCLE('',#1234,3.);
#1236=EDGE_CURVE('',#1055,#1223,#1235,.T.);
#1237=ORIENTED_EDGE('',*,*,#1236,.F.);
#1238=ORIENTED_EDGE('',*,*,#1084,.T.);
#1239=EDGE_LOOP('',(#1230,#1237,#1238));
#1240=FACE_BOUND('',#1239,.T.);
#1241=ADVANCED_FACE('',(#1240),#1221,.T.);
#1242=CARTESIAN_POINT('',(-21.5,29.5,48.5));
#1243=DIRECTION('',(0.,-0.707106781,0.707106781));
#1244=DIRECTION('',(1.,-0.,-0.));
#1245=AXIS2_PLACEMENT_3D('',#1242,#1243,#1244);
#1246=PLANE('',#1245);
#1247=CARTESIAN_POINT('',(-15.,30.378679656,49.378679656));
#1248=VERTEX_POINT('',#1247);
#1249=CARTESIAN_POINT('',(-23.,30.378679656,49.378679656));
#1250=VERTEX_POINT('',#1249);
#1251=CARTESIAN_POINT('',(-15.,30.378679656,49.378679656));
#1252=DIRECTION('',(-1.,0.,0.));
#1253=VECTOR('',#1252,8.);
#1254=LINE('',#1251,#1253);
#1255=EDGE_CURVE('',#1248,#1250,#1254,.T.);
#1256=ORIENTED_EDGE('',*,*,#1255,.T.);
#1257=CARTESIAN_POINT('',(-23.,30.378679656,49.378679656));
#1258=DIRECTION('',(0.,0.707106781,0.707106781));
#1259=VECTOR('',#1258,8.828427125);
#1260=LINE('',#1257,#1259);
#1261=EDGE_CURVE('',#1250,#1053,#1260,.T.);
#1262=ORIENTED_EDGE('',*,*,#1261,.T.);
#1263=ORIENTED_EDGE('',*,*,#1060,.T.);
#1264=CARTESIAN_POINT('',(-15.,36.621320344,55.621320344));
#1265=DIRECTION('',(-0.,-0.707106781,-0.707106781));
#1266=VECTOR('',#1265,8.828427125);
#1267=LINE('',#1264,#1266);
#1268=EDGE_CURVE('',#1055,#1248,#1267,.T.);
#1269=ORIENTED_EDGE('',*,*,#1268,.T.);
#1270=EDGE_LOOP('',(#1256,#1262,#1263,#1269));
#1271=FACE_BOUND('',#1270,.T.);
#1272=ADVANCED_FACE('',(#1271),#1246,.F.);
#1273=CARTESIAN_POINT('',(-21.5,32.5,47.257359313));
#1274=DIRECTION('',(1.,-0.,-0.));
#1275=DIRECTION('',(-0.,0.,-1.));
#1276=AXIS2_PLACEMENT_3D('',#1273,#1274,#1275);
#1277=CYLINDRICAL_SURFACE('',#1276,3.);
#1278=CARTESIAN_POINT('',(-23.,29.5,47.257359313));
#1279=VERTEX_POINT('',#1278);
#1280=CARTESIAN_POINT('',(-15.,29.5,47.257359313));
#1281=VERTEX_POINT('',#1280);
#1282=CARTESIAN_POINT('',(-23.,29.5,47.257359313));
#1283=DIRECTION('',(1.,-0.,-0.));
#1284=VECTOR('',#1283,8.);
#1285=LINE('',#1282,#1284);
#1286=EDGE_CURVE('',#1279,#1281,#1285,.T.);
#1287=ORIENTED_EDGE('',*,*,#1286,.F.);
#1288=CARTESIAN_POINT('',(-23.,32.5,47.257359313));
#1289=DIRECTION('',(-1.,0.,0.));
#1290=DIRECTION('',(0.,1.,0.));
#1291=AXIS2_PLACEMENT_3D('',#1288,#1289,#1290);
#1292=CIRCLE('',#1291,3.);
#1293=EDGE_CURVE('',#1279,#1250,#1292,.T.);
#1294=ORIENTED_EDGE('',*,*,#1293,.T.);
#1295=ORIENTED_EDGE('',*,*,#1255,.F.);
#1296=CARTESIAN_POINT('',(-15.,32.5,47.257359313));
#1297=DIRECTION('',(1.,-0.,-0.));
#1298=DIRECTION('',(0.,1.,0.));
#1299=AXIS2_PLACEMENT_3D('',#1296,#1297,#1298);
#1300=CIRCLE('',#1299,3.);
#1301=EDGE_CURVE('',#1248,#1281,#1300,.T.);
#1302=ORIENTED_EDGE('',*,*,#1301,.T.);
#1303=EDGE_LOOP('',(#1287,#1294,#1295,#1302));
#1304=FACE_BOUND('',#1303,.T.);
#1305=ADVANCED_FACE('',(#1304),#1277,.F.);
#1306=CARTESIAN_POINT('',(-21.5,29.5,43.5));
#1307=DIRECTION('',(0.,1.,0.));
#1308=DIRECTION('',(-1.,0.,0.));
#1309=AXIS2_PLACEMENT_3D('',#1306,#1307,#1308);
#1310=PLANE('',#1309);
#1311=CARTESIAN_POINT('',(-15.,29.5,20.5));
#1312=VERTEX_POINT('',#1311);
#1313=CARTESIAN_POINT('',(-15.,29.5,47.257359313));
#1314=DIRECTION('',(-0.,0.,-1.));
#1315=VECTOR('',#1314,26.757359313);
#1316=LINE('',#1313,#1315);
#1317=EDGE_CURVE('',#1281,#1312,#1316,.T.);
#1318=ORIENTED_EDGE('',*,*,#1317,.T.);
#1319=CARTESIAN_POINT('',(-22.234567901,29.5,20.5));
#1320=VERTEX_POINT('',#1319);
#1321=CARTESIAN_POINT('',(-15.,29.5,20.5));
#1322=DIRECTION('',(-1.,0.,0.));
#1323=VECTOR('',#1322,7.234567901);
#1324=LINE('',#1321,#1323);
#1325=EDGE_CURVE('',#1312,#1320,#1324,.T.);
#1326=ORIENTED_EDGE('',*,*,#1325,.T.);
#1327=CARTESIAN_POINT('',(-23.,29.5,20.5));
#1328=VERTEX_POINT('',#1327);
#1329=CARTESIAN_POINT('',(-22.234567901,29.5,20.5));
#1330=DIRECTION('',(-1.,0.,0.));
#1331=VECTOR('',#1330,0.765432099);
#1332=LINE('',#1329,#1331);
#1333=EDGE_CURVE('',#1320,#1328,#1332,.T.);
#1334=ORIENTED_EDGE('',*,*,#1333,.T.);
#1335=CARTESIAN_POINT('',(-23.,29.5,20.5));
#1336=DIRECTION('',(0.,-0.,1.));
#1337=VECTOR('',#1336,26.757359313);
#1338=LINE('',#1335,#1337);
#1339=EDGE_CURVE('',#1328,#1279,#1338,.T.);
#1340=ORIENTED_EDGE('',*,*,#1339,.T.);
#1341=ORIENTED_EDGE('',*,*,#1286,.T.);
#1342=EDGE_LOOP('',(#1318,#1326,#1334,#1340,#1341));
#1343=FACE_BOUND('',#1342,.T.);
#1344=ADVANCED_FACE('',(#1343),#1310,.T.);
#1345=CARTESIAN_POINT('',(-23.,32.5,47.257359313));
#1346=DIRECTION('',(1.,-0.,-0.));
#1347=DIRECTION('',(0.,1.,0.));
#1348=AXIS2_PLACEMENT_3D('',#1345,#1346,#1347);
#1349=TOROIDAL_SURFACE('',#1348,6.,3.);
#1350=CARTESIAN_POINT('',(-26.,26.5,47.257359313));
#1351=VERTEX_POINT('',#1350);
#1352=CARTESIAN_POINT('',(-23.,26.5,47.257359313));
#1353=DIRECTION('',(0.,-0.,1.));
#1354=DIRECTION('',(0.,1.,0.));
#1355=AXIS2_PLACEMENT_3D('',#1352,#1353,#1354);
#1356=CIRCLE('',#1355,3.);
#1357=EDGE_CURVE('',#1279,#1351,#1356,.T.);
#1358=ORIENTED_EDGE('',*,*,#1357,.T.);
#1359=CARTESIAN_POINT('',(-26.,28.257359313,51.5));
#1360=VERTEX_POINT('',#1359);
#1361=CARTESIAN_POINT('',(-26.,32.5,47.257359313));
#1362=DIRECTION('',(1.,-0.,-0.));
#1363=DIRECTION('',(0.,1.,0.));
#1364=AXIS2_PLACEMENT_3D('',#1361,#1362,#1363);
#1365=CIRCLE('',#1364,6.);
#1366=EDGE_CURVE('',#1360,#1351,#1365,.T.);
#1367=ORIENTED_EDGE('',*,*,#1366,.F.);
#1368=CARTESIAN_POINT('',(-23.,28.257359313,51.5));
#1369=DIRECTION('',(0.,0.707106781,0.707106781));
#1370=DIRECTION('',(-0.,0.707106781,-0.707106781));
#1371=AXIS2_PLACEMENT_3D('',#1368,#1369,#1370);
#1372=CIRCLE('',#1371,3.);
#1373=EDGE_CURVE('',#1250,#1360,#1372,.T.);
#1374=ORIENTED_EDGE('',*,*,#1373,.F.);
#1375=ORIENTED_EDGE('',*,*,#1293,.F.);
#1376=EDGE_LOOP('',(#1358,#1367,#1374,#1375));
#1377=FACE_BOUND('',#1376,.T.);
#1378=ADVANCED_FACE('',(#1377),#1349,.T.);
#1379=CARTESIAN_POINT('',(-23.,16.878679656,40.121320344));
#1380=DIRECTION('',(-0.,-0.707106781,-0.707106781));
#1381=DIRECTION('',(0.,-0.707106781,0.707106781));
#1382=AXIS2_PLACEMENT_3D('',#1379,#1380,#1381);
#1383=CYLINDRICAL_SURFACE('',#1382,3.);
#1384=ORIENTED_EDGE('',*,*,#1373,.T.);
#1385=CARTESIAN_POINT('',(-26.,34.5,57.742640687));
#1386=DIRECTION('',(-0.,-0.707106781,-0.707106781));
#1387=VECTOR('',#1386,8.828427125);
#1388=LINE('',#1385,#1387);
#1389=EDGE_CURVE('',#1096,#1360,#1388,.T.);
#1390=ORIENTED_EDGE('',*,*,#1389,.F.);
#1391=ORIENTED_EDGE('',*,*,#1102,.F.);
#1392=ORIENTED_EDGE('',*,*,#1261,.F.);
#1393=EDGE_LOOP('',(#1384,#1390,#1391,#1392));
#1394=FACE_BOUND('',#1393,.T.);
#1395=ADVANCED_FACE('',(#1394),#1383,.T.);
#1396=CARTESIAN_POINT('',(-23.,34.5,22.5));
#1397=DIRECTION('',(0.,-0.,1.));
#1398=DIRECTION('',(1.,-0.,-0.));
#1399=AXIS2_PLACEMENT_3D('',#1396,#1397,#1398);
#1400=CYLINDRICAL_SURFACE('',#1399,3.);
#1401=ORIENTED_EDGE('',*,*,#1109,.T.);
#1402=CARTESIAN_POINT('',(-26.,34.5,59.5));
#1403=DIRECTION('',(-0.,0.,-1.));
#1404=VECTOR('',#1403,1.757359313);
#1405=LINE('',#1402,#1404);
#1406=EDGE_CURVE('',#1120,#1096,#1405,.T.);
#1407=ORIENTED_EDGE('',*,*,#1406,.F.);
#1408=ORIENTED_EDGE('',*,*,#1134,.F.);
#1409=ORIENTED_EDGE('',*,*,#1205,.F.);
#1410=EDGE_LOOP('',(#1401,#1407,#1408,#1409));
#1411=FACE_BOUND('',#1410,.T.);
#1412=ADVANCED_FACE('',(#1411),#1400,.T.);
#1413=CARTESIAN_POINT('',(-23.,34.5,59.5));
#1414=DIRECTION('',(-0.,-1.,-0.));
#1415=DIRECTION('',(1.,-0.,-0.));
#1416=AXIS2_PLACEMENT_3D('',#1413,#1414,#1415);
#1417=CYLINDRICAL_SURFACE('',#1416,3.);
#1418=CARTESIAN_POINT('',(-26.,21.5,59.5));
#1419=VERTEX_POINT('',#1418);
#1420=CARTESIAN_POINT('',(-23.,21.5,59.5));
#1421=DIRECTION('',(0.,1.,0.));
#1422=DIRECTION('',(-0.,0.,-1.));
#1423=AXIS2_PLACEMENT_3D('',#1420,#1421,#1422);
#1424=CIRCLE('',#1423,3.);
#1425=EDGE_CURVE('',#1419,#1146,#1424,.T.);
#1426=ORIENTED_EDGE('',*,*,#1425,.T.);
#1427=ORIENTED_EDGE('',*,*,#1151,.F.);
#1428=ORIENTED_EDGE('',*,*,#1126,.F.);
#1429=CARTESIAN_POINT('',(-26.,21.5,59.5));
#1430=DIRECTION('',(0.,1.,0.));
#1431=VECTOR('',#1430,13.);
#1432=LINE('',#1429,#1431);
#1433=EDGE_CURVE('',#1419,#1120,#1432,.T.);
#1434=ORIENTED_EDGE('',*,*,#1433,.F.);
#1435=EDGE_LOOP('',(#1426,#1427,#1428,#1434));
#1436=FACE_BOUND('',#1435,.T.);
#1437=ADVANCED_FACE('',(#1436),#1417,.T.);
#1438=CARTESIAN_POINT('',(-23.,26.5,22.5));
#1439=DIRECTION('',(0.,-0.,1.));
#1440=DIRECTION('',(1.,-0.,-0.));
#1441=AXIS2_PLACEMENT_3D('',#1438,#1439,#1440);
#1442=CYLINDRICAL_SURFACE('',#1441,3.);
#1443=ORIENTED_EDGE('',*,*,#1339,.F.);
#1444=CARTESIAN_POINT('',(-24.936378657,28.791383359,17.901738981));
#1445=VERTEX_POINT('',#1444);
#1446=CARTESIAN_POINT('',(-23.,29.5,20.5));
#1447=CARTESIAN_POINT('',(-23.186580921,29.5,20.5));
#1448=CARTESIAN_POINT('',(-23.374270742,29.482541667,20.435444818));
#1449=CARTESIAN_POINT('',(-23.559724185,29.447322316,20.306334454));
#1450=CARTESIAN_POINT('',(-23.652450907,29.429712641,20.241779272));
#1451=CARTESIAN_POINT('',(-23.744615639,29.407672507,20.161085294));
#1452=CARTESIAN_POINT('',(-23.835787993,29.381225161,20.064252521));
#1453=CARTESIAN_POINT('',(-23.88137417,29.368001488,20.015836134));
#1454=CARTESIAN_POINT('',(-23.926712167,29.353676667,19.963385049));
#1455=CARTESIAN_POINT('',(-23.971747846,29.338257586,19.906899264));
#1456=CARTESIAN_POINT('',(-23.994265685,29.330548045,19.878656372));
#1457=CARTESIAN_POINT('',(-24.016707943,29.322564982,19.849404805));
#1458=CARTESIAN_POINT('',(-24.039067845,29.314309509,19.819144564));
#1459=CARTESIAN_POINT('',(-24.050247796,29.310181773,19.804014443));
#1460=CARTESIAN_POINT('',(-24.061407158,29.305985937,19.788632153));
#1461=CARTESIAN_POINT('',(-24.072545084,29.301722157,19.772997695));
#1462=CARTESIAN_POINT('',(-24.078114047,29.299590266,19.765180466));
#1463=CARTESIAN_POINT('',(-24.083677651,29.29744139,19.757300195));
#1464=CARTESIAN_POINT('',(-24.08923579,29.295275549,19.749356882));
#1465=CARTESIAN_POINT('',(-24.09201486,29.294192628,19.745385225));
#1466=CARTESIAN_POINT('',(-24.094792563,29.293105466,19.741397808));
#1467=CARTESIAN_POINT('',(-24.097568887,29.292014065,19.73739463));
#1468=CARTESIAN_POINT('',(-24.100345211,29.290922664,19.733391452));
#1469=CARTESIAN_POINT('',(-24.103614996,29.289630791,19.728652667));
#1470=CARTESIAN_POINT('',(-24.105893708,29.288727148,19.725337815));
#1471=CARTESIAN_POINT('',(-24.39756881,29.173060881,19.30103669));
#1472=CARTESIAN_POINT('',(-24.680961933,29.007228294,18.693170412));
#1473=CARTESIAN_POINT('',(-24.936378657,28.791383359,17.901738981));
#1474=B_SPLINE_CURVE_WITH_KNOTS('',3,(#1446,#1447,#1448,#1449,#1450,#1451,#1452,#1453,#1454,#1455,#1456,#1457,#1458,#1459,#1460,#1461,#1462,#1463,#1464,#1465,#1466,#1467,#1468,#1469,#1470,#1471,
#1472,#1473),.UNSPECIFIED.,.F.,.F.,(4,3,3,3,3,3,3,3,3,4),(0.,0.25,0.375,0.4375,0.46875,0.484375,0.4921875,0.49609375,0.5,1.),.UNSPECIFIED.);
#1475=EDGE_CURVE('',#1328,#1445,#1474,.T.);
#1476=ORIENTED_EDGE('',*,*,#1475,.T.);
#1477=CARTESIAN_POINT('',(-26.,26.5,9.5));
#1478=VERTEX_POINT('',#1477);
#1479=CARTESIAN_POINT('',(-24.936378657,28.791383359,17.901738981));
#1480=CARTESIAN_POINT('',(-25.107565406,28.646718623,17.371301619));
#1481=CARTESIAN_POINT('',(-25.263803905,28.481384006,16.765074688));
#1482=CARTESIAN_POINT('',(-25.398992254,28.301342878,16.104923886));
#1483=CARTESIAN_POINT('',(-25.534180604,28.121301751,15.444773085));
#1484=CARTESIAN_POINT('',(-25.64825085,27.926678122,14.731153114));
#1485=CARTESIAN_POINT('',(-25.738336145,27.725363276,13.99299868));
#1486=CARTESIAN_POINT('',(-25.828421439,27.524048431,13.254844246));
#1487=CARTESIAN_POINT('',(-25.894543422,27.316173723,12.492636983));
#1488=CARTESIAN_POINT('',(-25.937416944,27.109575014,11.735108385));
#1489=CARTESIAN_POINT('',(-25.980290466,26.902976305,10.977579787));
#1490=CARTESIAN_POINT('',(-25.999999995,26.697734436,10.225026267));
#1491=CARTESIAN_POINT('',(-26.,26.500000081,9.500000297));
#1492=B_SPLINE_CURVE_WITH_KNOTS('',3,(#1479,#1480,#1481,#1482,#1483,#1484,#1485,#1486,#1487,#1488,#1489,#1490,#1491),.UNSPECIFIED.,.F.,.F.,(4,3,3,3,4),(0.000000021,0.150565611,0.301131201,0.451696791,0.602262382),.UNSPECIFIED.);
#1493=EDGE_CURVE('',#1445,#1478,#1492,.T.);
#1494=ORIENTED_EDGE('',*,*,#1493,.T.);
#1495=CARTESIAN_POINT('',(-26.,26.5,47.257359313));
#1496=DIRECTION('',(-0.,0.,-1.));
#1497=VECTOR('',#1496,37.757359313);
#1498=LINE('',#1495,#1497);
#1499=EDGE_CURVE('',#1351,#1478,#1498,.T.);
#1500=ORIENTED_EDGE('',*,*,#1499,.F.);
#1501=ORIENTED_EDGE('',*,*,#1357,.F.);
#1502=EDGE_LOOP('',(#1443,#1476,#1494,#1500,#1501));
#1503=FACE_BOUND('',#1502,.T.);
#1504=ADVANCED_FACE('',(#1503),#1442,.T.);
#1505=CARTESIAN_POINT('',(-23.,21.5,47.5));
#1506=DIRECTION('',(1.,-0.,-0.));
#1507=DIRECTION('',(0.,1.,0.));
#1508=AXIS2_PLACEMENT_3D('',#1505,#1506,#1507);
#1509=TOROIDAL_SURFACE('',#1508,12.,3.);
#1510=CARTESIAN_POINT('',(-26.,9.5,47.5));
#1511=VERTEX_POINT('',#1510);
#1512=CARTESIAN_POINT('',(-23.,6.5,47.5));
#1513=VERTEX_POINT('',#1512);
#1514=CARTESIAN_POINT('',(-23.,9.5,47.5));
#1515=DIRECTION('',(0.,-0.,1.));
#1516=DIRECTION('',(0.,-1.,-0.));
#1517=AXIS2_PLACEMENT_3D('',#1514,#1515,#1516);
#1518=CIRCLE('',#1517,3.);
#1519=EDGE_CURVE('',#1511,#1513,#1518,.T.);
#1520=ORIENTED_EDGE('',*,*,#1519,.T.);
#1521=CARTESIAN_POINT('',(-23.,21.5,47.5));
#1522=DIRECTION('',(1.,-0.,-0.));
#1523=DIRECTION('',(0.,1.,0.));
#1524=AXIS2_PLACEMENT_3D('',#1521,#1522,#1523);
#1525=CIRCLE('',#1524,15.);
#1526=EDGE_CURVE('',#1146,#1513,#1525,.T.);
#1527=ORIENTED_EDGE('',*,*,#1526,.F.);
#1528=ORIENTED_EDGE('',*,*,#1425,.F.);
#1529=CARTESIAN_POINT('',(-26.,21.5,47.5));
#1530=DIRECTION('',(-1.,0.,0.));
#1531=DIRECTION('',(0.,1.,0.));
#1532=AXIS2_PLACEMENT_3D('',#1529,#1530,#1531);
#1533=CIRCLE('',#1532,12.);
#1534=EDGE_CURVE('',#1511,#1419,#1533,.T.);
#1535=ORIENTED_EDGE('',*,*,#1534,.F.);
#1536=EDGE_LOOP('',(#1520,#1527,#1528,#1535));
#1537=FACE_BOUND('',#1536,.T.);
#1538=ADVANCED_FACE('',(#1537),#1509,.T.);
#1539=CARTESIAN_POINT('',(41.,21.5,47.5));
#1540=DIRECTION('',(-1.,0.,0.));
#1541=DIRECTION('',(0.,-0.,1.));
#1542=AXIS2_PLACEMENT_3D('',#1539,#1540,#1541);
#1543=CYLINDRICAL_SURFACE('',#1542,15.);
#1544=ORIENTED_EDGE('',*,*,#1159,.F.);
#1545=ORIENTED_EDGE('',*,*,#1526,.T.);
#1546=CARTESIAN_POINT('',(-15.,6.5,47.5));
#1547=VERTEX_POINT('',#1546);
#1548=CARTESIAN_POINT('',(-15.,6.5,47.5));
#1549=DIRECTION('',(-1.,0.,0.));
#1550=VECTOR('',#1549,8.);
#1551=LINE('',#1548,#1550);
#1552=EDGE_CURVE('',#1547,#1513,#1551,.T.);
#1553=ORIENTED_EDGE('',*,*,#1552,.F.);
#1554=CARTESIAN_POINT('',(-15.,21.5,47.5));
#1555=DIRECTION('',(-1.,0.,0.));
#1556=DIRECTION('',(0.,1.,0.));
#1557=AXIS2_PLACEMENT_3D('',#1554,#1555,#1556);
#1558=CIRCLE('',#1557,15.);
#1559=EDGE_CURVE('',#1547,#1154,#1558,.T.);
#1560=ORIENTED_EDGE('',*,*,#1559,.T.);
#1561=EDGE_LOOP('',(#1544,#1545,#1553,#1560));
#1562=FACE_BOUND('',#1561,.T.);
#1563=ADVANCED_FACE('',(#1562),#1543,.T.);
#1564=CARTESIAN_POINT('',(-15.,21.5,47.5));
#1565=DIRECTION('',(1.,-0.,-0.));
#1566=DIRECTION('',(0.,1.,0.));
#1567=AXIS2_PLACEMENT_3D('',#1564,#1565,#1566);
#1568=TOROIDAL_SURFACE('',#1567,12.,3.);
#1569=CARTESIAN_POINT('',(-12.,9.5,47.5));
#1570=VERTEX_POINT('',#1569);
#1571=CARTESIAN_POINT('',(-15.,9.5,47.5));
#1572=DIRECTION('',(0.,-0.,1.));
#1573=DIRECTION('',(1.,0.,-0.));
#1574=AXIS2_PLACEMENT_3D('',#1571,#1572,#1573);
#1575=CIRCLE('',#1574,3.);
#1576=EDGE_CURVE('',#1547,#1570,#1575,.T.);
#1577=ORIENTED_EDGE('',*,*,#1576,.T.);
#1578=CARTESIAN_POINT('',(-12.,21.5,59.5));
#1579=VERTEX_POINT('',#1578);
#1580=CARTESIAN_POINT('',(-12.,21.5,47.5));
#1581=DIRECTION('',(1.,-0.,-0.));
#1582=DIRECTION('',(0.,1.,0.));
#1583=AXIS2_PLACEMENT_3D('',#1580,#1581,#1582);
#1584=CIRCLE('',#1583,12.);
#1585=EDGE_CURVE('',#1579,#1570,#1584,.T.);
#1586=ORIENTED_EDGE('',*,*,#1585,.F.);
#1587=CARTESIAN_POINT('',(-15.,21.5,59.5));
#1588=DIRECTION('',(0.,1.,0.));
#1589=DIRECTION('',(-0.,0.,-1.));
#1590=AXIS2_PLACEMENT_3D('',#1587,#1588,#1589);
#1591=CIRCLE('',#1590,3.);
#1592=EDGE_CURVE('',#1154,#1579,#1591,.T.);
#1593=ORIENTED_EDGE('',*,*,#1592,.F.);
#1594=ORIENTED_EDGE('',*,*,#1559,.F.);
#1595=EDGE_LOOP('',(#1577,#1586,#1593,#1594));
#1596=FACE_BOUND('',#1595,.T.);
#1597=ADVANCED_FACE('',(#1596),#1568,.T.);
#1598=CARTESIAN_POINT('',(-15.,17.,59.5));
#1599=DIRECTION('',(-0.,-1.,-0.));
#1600=DIRECTION('',(1.,-0.,-0.));
#1601=AXIS2_PLACEMENT_3D('',#1598,#1599,#1600);
#1602=CYLINDRICAL_SURFACE('',#1601,3.);
#1603=CARTESIAN_POINT('',(-12.,34.5,59.5));
#1604=DIRECTION('',(-0.,-1.,-0.));
#1605=VECTOR('',#1604,13.);
#1606=LINE('',#1603,#1605);
#1607=EDGE_CURVE('',#1176,#1579,#1606,.T.);
#1608=ORIENTED_EDGE('',*,*,#1607,.F.);
#1609=ORIENTED_EDGE('',*,*,#1182,.T.);
#1610=ORIENTED_EDGE('',*,*,#1165,.F.);
#1611=ORIENTED_EDGE('',*,*,#1592,.T.);
#1612=EDGE_LOOP('',(#1608,#1609,#1610,#1611));
#1613=FACE_BOUND('',#1612,.T.);
#1614=ADVANCED_FACE('',(#1613),#1602,.T.);
#1615=CARTESIAN_POINT('',(-15.,34.5,43.5));
#1616=DIRECTION('',(0.,-0.,1.));
#1617=DIRECTION('',(1.,-0.,-0.));
#1618=AXIS2_PLACEMENT_3D('',#1615,#1616,#1617);
#1619=CYLINDRICAL_SURFACE('',#1618,3.);
#1620=ORIENTED_EDGE('',*,*,#1212,.F.);
#1621=ORIENTED_EDGE('',*,*,#1189,.T.);
#1622=CARTESIAN_POINT('',(-12.,34.5,57.742640687));
#1623=DIRECTION('',(0.,-0.,1.));
#1624=VECTOR('',#1623,1.757359313);
#1625=LINE('',#1622,#1624);
#1626=EDGE_CURVE('',#1223,#1176,#1625,.T.);
#1627=ORIENTED_EDGE('',*,*,#1626,.F.);
#1628=ORIENTED_EDGE('',*,*,#1229,.F.);
#1629=EDGE_LOOP('',(#1620,#1621,#1627,#1628));
#1630=FACE_BOUND('',#1629,.T.);
#1631=ADVANCED_FACE('',(#1630),#1619,.T.);
#1632=CARTESIAN_POINT('',(-15.,27.378679656,50.621320344));
#1633=DIRECTION('',(0.,0.707106781,0.707106781));
#1634=DIRECTION('',(0.,0.707106781,-0.707106781));
#1635=AXIS2_PLACEMENT_3D('',#1632,#1633,#1634);
#1636=CYLINDRICAL_SURFACE('',#1635,3.);
#1637=ORIENTED_EDGE('',*,*,#1268,.F.);
#1638=ORIENTED_EDGE('',*,*,#1236,.T.);
#1639=CARTESIAN_POINT('',(-12.,28.257359313,51.5));
#1640=VERTEX_POINT('',#1639);
#1641=CARTESIAN_POINT('',(-12.,28.257359313,51.5));
#1642=DIRECTION('',(0.,0.707106781,0.707106781));
#1643=VECTOR('',#1642,8.828427125);
#1644=LINE('',#1641,#1643);
#1645=EDGE_CURVE('',#1640,#1223,#1644,.T.);
#1646=ORIENTED_EDGE('',*,*,#1645,.F.);
#1647=CARTESIAN_POINT('',(-15.,28.257359313,51.5));
#1648=DIRECTION('',(0.,0.707106781,0.707106781));
#1649=DIRECTION('',(-0.,0.707106781,-0.707106781));
#1650=AXIS2_PLACEMENT_3D('',#1647,#1648,#1649);
#1651=CIRCLE('',#1650,3.);
#1652=EDGE_CURVE('',#1640,#1248,#1651,.T.);
#1653=ORIENTED_EDGE('',*,*,#1652,.T.);
#1654=EDGE_LOOP('',(#1637,#1638,#1646,#1653));
#1655=FACE_BOUND('',#1654,.T.);
#1656=ADVANCED_FACE('',(#1655),#1636,.T.);
#1657=CARTESIAN_POINT('',(-15.,32.5,47.257359313));
#1658=DIRECTION('',(1.,-0.,-0.));
#1659=DIRECTION('',(0.,1.,0.));
#1660=AXIS2_PLACEMENT_3D('',#1657,#1658,#1659);
#1661=TOROIDAL_SURFACE('',#1660,6.,3.);
#1662=CARTESIAN_POINT('',(-12.,26.5,47.257359313));
#1663=VERTEX_POINT('',#1662);
#1664=CARTESIAN_POINT('',(-15.,26.5,47.257359313));
#1665=DIRECTION('',(0.,-0.,1.));
#1666=DIRECTION('',(0.,1.,0.));
#1667=AXIS2_PLACEMENT_3D('',#1664,#1665,#1666);
#1668=CIRCLE('',#1667,3.);
#1669=EDGE_CURVE('',#1663,#1281,#1668,.T.);
#1670=ORIENTED_EDGE('',*,*,#1669,.T.);
#1671=ORIENTED_EDGE('',*,*,#1301,.F.);
#1672=ORIENTED_EDGE('',*,*,#1652,.F.);
#1673=CARTESIAN_POINT('',(-12.,32.5,47.257359313));
#1674=DIRECTION('',(-1.,0.,0.));
#1675=DIRECTION('',(0.,1.,0.));
#1676=AXIS2_PLACEMENT_3D('',#1673,#1674,#1675);
#1677=CIRCLE('',#1676,6.);
#1678=EDGE_CURVE('',#1663,#1640,#1677,.T.);
#1679=ORIENTED_EDGE('',*,*,#1678,.F.);
#1680=EDGE_LOOP('',(#1670,#1671,#1672,#1679));
#1681=FACE_BOUND('',#1680,.T.);
#1682=ADVANCED_FACE('',(#1681),#1661,.T.);
#1683=CARTESIAN_POINT('',(-15.,26.5,43.5));
#1684=DIRECTION('',(-0.,0.,-1.));
#1685=DIRECTION('',(-1.,0.,0.));
#1686=AXIS2_PLACEMENT_3D('',#1683,#1684,#1685);
#1687=CYLINDRICAL_SURFACE('',#1686,3.);
#1688=CARTESIAN_POINT('',(-12.,26.5,9.5));
#1689=VERTEX_POINT('',#1688);
#1690=CARTESIAN_POINT('',(-12.,26.5,9.5));
#1691=DIRECTION('',(0.,-0.,1.));
#1692=VECTOR('',#1691,37.757359313);
#1693=LINE('',#1690,#1692);
#1694=EDGE_CURVE('',#1689,#1663,#1693,.T.);
#1695=ORIENTED_EDGE('',*,*,#1694,.F.);
#1696=CARTESIAN_POINT('',(-12.940954245,28.681818182,17.5));
#1697=VERTEX_POINT('',#1696);
#1698=CARTESIAN_POINT('',(-12.,26.500000081,9.500000297));
#1699=CARTESIAN_POINT('',(-12.000000005,26.685663045,10.180764498));
#1700=CARTESIAN_POINT('',(-12.017357485,26.877926139,10.885729177));
#1701=CARTESIAN_POINT('',(-12.054987361,27.071752179,11.596424656));
#1702=CARTESIAN_POINT('',(-12.092617237,27.265578219,12.307120135));
#1703=CARTESIAN_POINT('',(-12.150582965,27.460911128,13.023340802));
#1704=CARTESIAN_POINT('',(-12.229727079,27.651341802,13.721586607));
#1705=CARTESIAN_POINT('',(-12.308871193,27.841772476,14.419832411));
#1706=CARTESIAN_POINT('',(-12.40921696,28.027207532,15.09976095));
#1707=CARTESIAN_POINT('',(-12.528852705,28.201008833,15.737032386));
#1708=CARTESIAN_POINT('',(-12.648488451,28.374810133,16.374303823));
#1709=CARTESIAN_POINT('',(-12.78737615,28.536882032,16.968567451));
#1710=CARTESIAN_POINT('',(-12.940954237,28.681818175,17.499999973));
#1711=B_SPLINE_CURVE_WITH_KNOTS('',3,(#1698,#1699,#1700,#1701,#1702,#1703,#1704,#1705,#1706,#1707,#1708,#1709,#1710),.UNSPECIFIED.,.F.,.F.,(4,3,3,3,4),(0.434504849,0.575878632,0.717252414,0.858626197,0.999999979),.UNSPECIFIED.);
#1712=EDGE_CURVE('',#1689,#1697,#1711,.T.);
#1713=ORIENTED_EDGE('',*,*,#1712,.T.);
#1714=CARTESIAN_POINT('',(-14.842451111,29.495860202,20.5));
#1715=VERTEX_POINT('',#1714);
#1716=CARTESIAN_POINT('',(-12.940954245,28.681818182,17.5));
#1717=CARTESIAN_POINT('',(-12.948295102,28.688745964,17.525401868));
#1718=CARTESIAN_POINT('',(-12.956913689,28.696811541,17.557056376));
#1719=CARTESIAN_POINT('',(-12.966850705,28.705970069,17.594963524));
#1720=CARTESIAN_POINT('',(-12.971819213,28.710549332,17.613917097));
#1721=CARTESIAN_POINT('',(-12.9771175,28.715401619,17.634433831));
#1722=CARTESIAN_POINT('',(-12.98275165,28.720520006,17.656513725));
#1723=CARTESIAN_POINT('',(-12.985568725,28.723079199,17.667553672));
#1724=CARTESIAN_POINT('',(-12.988469776,28.725704904,17.678984409));
#1725=CARTESIAN_POINT('',(-12.991455623,28.728396169,17.690805936));
#1726=CARTESIAN_POINT('',(-12.992948546,28.729741801,17.696716699));
#1727=CARTESIAN_POINT('',(-12.994462668,28.731103823,17.70272516));
#1728=CARTESIAN_POINT('',(-12.995998096,28.73248211,17.708831319));
#1729=CARTESIAN_POINT('',(-12.996765811,28.733171253,17.711884398));
#1730=CARTESIAN_POINT('',(-12.997538851,28.733864463,17.714961902));
#1731=CARTESIAN_POINT('',(-12.998317231,28.734561723,17.71806383));
#1732=CARTESIAN_POINT('',(-12.999095612,28.735258983,17.721165758));
#1733=CARTESIAN_POINT('',(-13.000066395,28.736127507,17.725039055));
#1734=CARTESIAN_POINT('',(-13.000668406,28.736665638,17.727442887));
#1735=CARTESIAN_POINT('',(-13.010300572,28.745275729,17.765904191));
#1736=CARTESIAN_POINT('',(-13.019988361,28.7538236,17.80419157));
#1737=CARTESIAN_POINT('',(-13.029730965,28.76230854,17.842305022));
#1738=CARTESIAN_POINT('',(-13.034602267,28.76655101,17.861361748));
#1739=CARTESIAN_POINT('',(-13.039487272,28.770777746,17.880374993));
#1740=CARTESIAN_POINT('',(-13.04438588,28.774988662,17.899344756));
#1741=CARTESIAN_POINT('',(-13.046835183,28.77709412,17.908829637));
#1742=CARTESIAN_POINT('',(-13.049287887,28.779195622,17.918303648));
#1743=CARTESIAN_POINT('',(-13.051743979,28.781293159,17.927766789));
#1744=CARTESIAN_POINT('',(-13.05420007,28.783390695,17.93722993));
#1745=CARTESIAN_POINT('',(-13.056361787,28.78523163,17.945540722));
#1746=CARTESIAN_POINT('',(-13.059122403,28.787573858,17.9561236));
#1747=CARTESIAN_POINT('',(-13.081207334,28.806311678,18.040786625));
#1748=CARTESIAN_POINT('',(-13.102877919,28.824148401,18.120964328));
#1749=CARTESIAN_POINT('',(-13.124077502,28.841135362,18.196656711));
#1750=CARTESIAN_POINT('',(-13.134677294,28.849628842,18.234502902));
#1751=CARTESIAN_POINT('',(-13.145159432,28.857909871,18.271227763));
#1752=CARTESIAN_POINT('',(-13.1555174,28.865984771,18.306831294));
#1753=CARTESIAN_POINT('',(-13.160696383,28.870022221,18.32463306));
#1754=CARTESIAN_POINT('',(-13.16584433,28.874008138,18.342154492));
#1755=CARTESIAN_POINT('',(-13.170960459,28.877943304,18.359395593));
#1756=CARTESIAN_POINT('',(-13.173518524,28.879910887,18.368016143));
#1757=CARTESIAN_POINT('',(-13.176068634,28.881865783,18.37656661));
#1758=CARTESIAN_POINT('',(-13.178610695,28.883808088,18.385046994));
#1759=CARTESIAN_POINT('',(-13.179881726,28.884779241,18.389287186));
#1760=CARTESIAN_POINT('',(-13.181150744,28.885747246,18.393509857));
#1761=CARTESIAN_POINT('',(-13.182417738,28.886712115,18.397715007));
#1762=CARTESIAN_POINT('',(-13.183684732,28.887676985,18.401920158));
#1763=CARTESIAN_POINT('',(-13.184627618,28.888394246,18.405044291));
#1764=CARTESIAN_POINT('',(-13.186212635,28.889597329,18.410277896));
#1765=CARTESIAN_POINT('',(-13.236933205,28.928096003,18.577753249));
#1766=CARTESIAN_POINT('',(-13.289585137,28.965514945,18.734892739));
#1767=CARTESIAN_POINT('',(-13.34415772,29.001636733,18.881696364));
#1768=CARTESIAN_POINT('',(-13.371444012,29.019697627,18.955098177));
#1769=CARTESIAN_POINT('',(-13.399210152,29.037434081,19.025916023));
#1770=CARTESIAN_POINT('',(-13.427452825,29.054818072,19.094149904));
#1771=CARTESIAN_POINT('',(-13.441574161,29.063510068,19.128266844));
#1772=CARTESIAN_POINT('',(-13.455814609,29.072113939,19.161737793));
#1773=CARTESIAN_POINT('',(-13.470173623,29.080626136,19.19456275));
#1774=CARTESIAN_POINT('',(-13.47735313,29.084882235,19.210975229));
#1775=CARTESIAN_POINT('',(-13.484562278,29.089115415,19.22722621));
#1776=CARTESIAN_POINT('',(-13.491800989,29.093325229,19.243315693));
#1777=CARTESIAN_POINT('',(-13.495420344,29.095430136,19.251360434));
#1778=CARTESIAN_POINT('',(-13.49904709,29.097529201,19.259364801));
#1779=CARTESIAN_POINT('',(-13.502681218,29.099622369,19.267328794));
#1780=CARTESIAN_POINT('',(-13.504498281,29.100668953,19.27131079));
#1781=CARTESIAN_POINT('',(-13.50631719,29.101714063,19.275282693));
#1782=CARTESIAN_POINT('',(-13.508137942,29.102757692,19.279244502));
#1783=CARTESIAN_POINT('',(-13.509048319,29.103279506,19.281225406));
#1784=CARTESIAN_POINT('',(-13.509959156,29.10380095,19.283203787));
#1785=CARTESIAN_POINT('',(-13.510870454,29.104322022,19.285179645));
#1786=CARTESIAN_POINT('',(-13.511781752,29.104843095,19.287155503));
#1787=CARTESIAN_POINT('',(-13.512418867,29.10520714,19.288535482));
#1788=CARTESIAN_POINT('',(-13.51360573,29.105884125,19.291099648));
#1789=CARTESIAN_POINT('',(-13.589564965,29.149211213,19.455206296));
#1790=CARTESIAN_POINT('',(-13.669009105,29.190122916,19.602758622));
#1791=CARTESIAN_POINT('',(-13.751844359,29.228022635,19.733756625));
#1792=CARTESIAN_POINT('',(-13.793261986,29.246972494,19.799255626));
#1793=CARTESIAN_POINT('',(-13.835526114,29.265168884,19.860616047));
#1794=CARTESIAN_POINT('',(-13.878616872,29.282534794,19.917837887));
#1795=CARTESIAN_POINT('',(-13.900162251,29.291217749,19.946448807));
#1796=CARTESIAN_POINT('',(-13.921914199,29.299693062,19.974025082));
#1797=CARTESIAN_POINT('',(-13.943869687,29.30795099,20.000566712));
#1798=CARTESIAN_POINT('',(-13.954847431,29.312079954,20.013837527));
#1799=CARTESIAN_POINT('',(-13.965876053,29.31615457,20.02684968));
#1800=CARTESIAN_POINT('',(-13.976955141,29.320173615,20.039603172));
#1801=CARTESIAN_POINT('',(-13.982494685,29.322183137,20.045979919));
#1802=CARTESIAN_POINT('',(-13.988046844,29.324178766,20.052291999));
#1803=CARTESIAN_POINT('',(-13.993611566,29.326160349,20.058539415));
#1804=CARTESIAN_POINT('',(-13.996393927,29.327151141,20.061663123));
#1805=CARTESIAN_POINT('',(-13.999179428,29.328138421,20.064770664));
#1806=CARTESIAN_POINT('',(-14.001968063,29.32912217,20.067862039));
#1807=CARTESIAN_POINT('',(-14.00336238,29.329614044,20.069407727));
#1808=CARTESIAN_POINT('',(-14.004757481,29.330105036,20.070949373));
#1809=CARTESIAN_POINT('',(-14.006153364,29.330595143,20.072486977));
#1810=CARTESIAN_POINT('',(-14.007549247,29.33108525,20.074024581));
#1811=CARTESIAN_POINT('',(-14.008330892,29.331359554,20.074884997));
#1812=CARTESIAN_POINT('',(-14.010343361,29.332062806,20.077087665));
#1813=CARTESIAN_POINT('',(-14.267939335,29.422079018,20.359029222));
#1814=CARTESIAN_POINT('',(-14.548444689,29.480398737,20.5));
#1815=CARTESIAN_POINT('',(-14.842451111,29.495860202,20.5));
#1816=B_SPLINE_CURVE_WITH_KNOTS('',3,(#1716,#1717,#1718,#1719,#1720,#1721,#1722,#1723,#1724,#1725,#1726,#1727,#1728,#1729,#1730,#1731,#1732,#1733,#1734,#1735,#1736,#1737,#1738,#1739,#1740,#1741,
#1742,#1743,#1744,#1745,#1746,#1747,#1748,#1749,#1750,#1751,#1752,#1753,#1754,#1755,#1756,#1757,#1758,#1759,#1760,#1761,#1762,#1763,#1764,#1765,#1766,
#1767,#1768,#1769,#1770,#1771,#1772,#1773,#1774,#1775,#1776,#1777,#1778,#1779,#1780,#1781,#1782,#1783,#1784,#1785,#1786,#1787,#1788,#1789,#1790,#1791,
#1792,#1793,#1794,#1795,#1796,#1797,#1798,#1799,#1800,#1801,#1802,#1803,#1804,#1805,#1806,#1807,#1808,#1809,#1810,#1811,#1812,#1813,#1814,#1815),.UNSPECIFIED.,.F.,.F.,(4,3,3,3,3,3,3,3,3,3,3,3,3,3,3,3,3,3,3,3,3,3,3,3,3,3,
3,3,3,3,3,3,3,4),(0.,0.03125,0.046875,0.0546875,0.05859375,0.060546875,0.0625,0.09375,0.109375,0.1171875,0.125,0.1875,0.21875,0.234375,0.2421875,0.24609375,0.25,0.375,0.4375,0.46875,0.484375,0.4921875,0.49609375,0.498046875,0.5,0.625,
0.6875,0.71875,0.734375,0.7421875,0.74609375,0.748046875,0.75,1.),.UNSPECIFIED.);
#1817=EDGE_CURVE('',#1697,#1715,#1816,.T.);
#1818=ORIENTED_EDGE('',*,*,#1817,.T.);
#1819=CARTESIAN_POINT('',(-15.,26.5,20.5));
#1820=DIRECTION('',(0.,-0.,1.));
#1821=DIRECTION('',(0.,-1.,-0.));
#1822=AXIS2_PLACEMENT_3D('',#1819,#1820,#1821);
#1823=CIRCLE('',#1822,3.);
#1824=EDGE_CURVE('',#1715,#1312,#1823,.T.);
#1825=ORIENTED_EDGE('',*,*,#1824,.T.);
#1826=ORIENTED_EDGE('',*,*,#1317,.F.);
#1827=ORIENTED_EDGE('',*,*,#1669,.F.);
#1828=EDGE_LOOP('',(#1695,#1713,#1818,#1825,#1826,#1827));
#1829=FACE_BOUND('',#1828,.T.);
#1830=ADVANCED_FACE('',(#1829),#1687,.T.);
#1831=CARTESIAN_POINT('',(-26.,34.5,22.5));
#1832=DIRECTION('',(1.,-0.,-0.));
#1833=DIRECTION('',(-0.,0.,-1.));
#1834=AXIS2_PLACEMENT_3D('',#1831,#1832,#1833);
#1835=PLANE('',#1834);
#1836=ORIENTED_EDGE('',*,*,#1499,.T.);
#1837=CARTESIAN_POINT('',(-26.,45.5,9.5));
#1838=VERTEX_POINT('',#1837);
#1839=CARTESIAN_POINT('',(-26.,26.5,9.5));
#1840=DIRECTION('',(0.,1.,0.));
#1841=VECTOR('',#1840,19.);
#1842=LINE('',#1839,#1841);
#1843=EDGE_CURVE('',#1478,#1838,#1842,.T.);
#1844=ORIENTED_EDGE('',*,*,#1843,.T.);
#1845=CARTESIAN_POINT('',(-26.,45.5,4.5));
#1846=VERTEX_POINT('',#1845);
#1847=CARTESIAN_POINT('',(-26.,45.5,9.5));
#1848=DIRECTION('',(-0.,0.,-1.));
#1849=VECTOR('',#1848,5.);
#1850=LINE('',#1847,#1849);
#1851=EDGE_CURVE('',#1838,#1846,#1850,.T.);
#1852=ORIENTED_EDGE('',*,*,#1851,.T.);
#1853=CARTESIAN_POINT('',(-26.,9.5,4.5));
#1854=VERTEX_POINT('',#1853);
#1855=CARTESIAN_POINT('',(-26.,45.5,4.5));
#1856=DIRECTION('',(-0.,-1.,-0.));
#1857=VECTOR('',#1856,36.);
#1858=LINE('',#1855,#1857);
#1859=EDGE_CURVE('',#1846,#1854,#1858,.T.);
#1860=ORIENTED_EDGE('',*,*,#1859,.T.);
#1861=CARTESIAN_POINT('',(-26.,9.5,4.5));
#1862=DIRECTION('',(0.,-0.,1.));
#1863=VECTOR('',#1862,43.);
#1864=LINE('',#1861,#1863);
#1865=EDGE_CURVE('',#1854,#1511,#1864,.T.);
#1866=ORIENTED_EDGE('',*,*,#1865,.T.);
#1867=ORIENTED_EDGE('',*,*,#1534,.T.);
#1868=ORIENTED_EDGE('',*,*,#1433,.T.);
#1869=ORIENTED_EDGE('',*,*,#1406,.T.);
#1870=ORIENTED_EDGE('',*,*,#1389,.T.);
#1871=ORIENTED_EDGE('',*,*,#1366,.T.);
#1872=EDGE_LOOP('',(#1836,#1844,#1852,#1860,#1866,#1867,#1868,#1869,#1870,#1871));
#1873=FACE_BOUND('',#1872,.T.);
#1874=ADVANCED_FACE('',(#1873),#1835,.F.);
#1875=CARTESIAN_POINT('',(-23.,9.5,22.5));
#1876=DIRECTION('',(0.,-0.,1.));
#1877=DIRECTION('',(1.,-0.,-0.));
#1878=AXIS2_PLACEMENT_3D('',#1875,#1876,#1877);
#1879=CYLINDRICAL_SURFACE('',#1878,3.);
#1880=ORIENTED_EDGE('',*,*,#1865,.F.);
#1881=CARTESIAN_POINT('',(-23.,6.5,4.5));
#1882=VERTEX_POINT('',#1881);
#1883=CARTESIAN_POINT('',(-23.,9.5,4.5));
#1884=DIRECTION('',(-0.,0.,-1.));
#1885=DIRECTION('',(0.,-1.,-0.));
#1886=AXIS2_PLACEMENT_3D('',#1883,#1884,#1885);
#1887=CIRCLE('',#1886,3.);
#1888=EDGE_CURVE('',#1882,#1854,#1887,.T.);
#1889=ORIENTED_EDGE('',*,*,#1888,.F.);
#1890=CARTESIAN_POINT('',(-23.,6.5,47.5));
#1891=DIRECTION('',(-0.,0.,-1.));
#1892=VECTOR('',#1891,43.);
#1893=LINE('',#1890,#1892);
#1894=EDGE_CURVE('',#1513,#1882,#1893,.T.);
#1895=ORIENTED_EDGE('',*,*,#1894,.F.);
#1896=ORIENTED_EDGE('',*,*,#1519,.F.);
#1897=EDGE_LOOP('',(#1880,#1889,#1895,#1896));
#1898=FACE_BOUND('',#1897,.T.);
#1899=ADVANCED_FACE('',(#1898),#1879,.T.);
#1900=CARTESIAN_POINT('',(41.,6.5,22.5));
#1901=DIRECTION('',(0.,1.,0.));
#1902=DIRECTION('',(-1.,0.,0.));
#1903=AXIS2_PLACEMENT_3D('',#1900,#1901,#1902);
#1904=PLANE('',#1903);
#1905=ORIENTED_EDGE('',*,*,#1894,.T.);
#1906=CARTESIAN_POINT('',(-15.,6.5,4.5));
#1907=VERTEX_POINT('',#1906);
#1908=CARTESIAN_POINT('',(-23.,6.5,4.5));
#1909=DIRECTION('',(1.,-0.,-0.));
#1910=VECTOR('',#1909,8.);
#1911=LINE('',#1908,#1910);
#1912=EDGE_CURVE('',#1882,#1907,#1911,.T.);
#1913=ORIENTED_EDGE('',*,*,#1912,.T.);
#1914=CARTESIAN_POINT('',(-15.,6.5,4.5));
#1915=DIRECTION('',(0.,-0.,1.));
#1916=VECTOR('',#1915,43.);
#1917=LINE('',#1914,#1916);
#1918=EDGE_CURVE('',#1907,#1547,#1917,.T.);
#1919=ORIENTED_EDGE('',*,*,#1918,.T.);
#1920=ORIENTED_EDGE('',*,*,#1552,.T.);
#1921=EDGE_LOOP('',(#1905,#1913,#1919,#1920));
#1922=FACE_BOUND('',#1921,.T.);
#1923=ADVANCED_FACE('',(#1922),#1904,.F.);
#1924=CARTESIAN_POINT('',(-15.,9.5,43.5));
#1925=DIRECTION('',(0.,-0.,1.));
#1926=DIRECTION('',(1.,-0.,-0.));
#1927=AXIS2_PLACEMENT_3D('',#1924,#1925,#1926);
#1928=CYLINDRICAL_SURFACE('',#1927,3.);
#1929=ORIENTED_EDGE('',*,*,#1918,.F.);
#1930=CARTESIAN_POINT('',(-12.,9.5,4.5));
#1931=VERTEX_POINT('',#1930);
#1932=CARTESIAN_POINT('',(-15.,9.5,4.5));
#1933=DIRECTION('',(-0.,0.,-1.));
#1934=DIRECTION('',(0.,-1.,-0.));
#1935=AXIS2_PLACEMENT_3D('',#1932,#1933,#1934);
#1936=CIRCLE('',#1935,3.);
#1937=EDGE_CURVE('',#1931,#1907,#1936,.T.);
#1938=ORIENTED_EDGE('',*,*,#1937,.F.);
#1939=CARTESIAN_POINT('',(-12.,9.5,47.5));
#1940=DIRECTION('',(-0.,0.,-1.));
#1941=VECTOR('',#1940,43.);
#1942=LINE('',#1939,#1941);
#1943=EDGE_CURVE('',#1570,#1931,#1942,.T.);
#1944=ORIENTED_EDGE('',*,*,#1943,.F.);
#1945=ORIENTED_EDGE('',*,*,#1576,.F.);
#1946=EDGE_LOOP('',(#1929,#1938,#1944,#1945));
#1947=FACE_BOUND('',#1946,.T.);
#1948=ADVANCED_FACE('',(#1947),#1928,.T.);
#1949=CARTESIAN_POINT('',(-12.,17.,43.5));
#1950=DIRECTION('',(1.,-0.,-0.));
#1951=DIRECTION('',(-0.,0.,-1.));
#1952=AXIS2_PLACEMENT_3D('',#1949,#1950,#1951);
#1953=PLANE('',#1952);
#1954=CARTESIAN_POINT('',(-12.,17.354024557,42.714529332));
#1955=VERTEX_POINT('',#1954);
#1956=CARTESIAN_POINT('',(-12.,16.714188267,46.878240109));
#1957=VERTEX_POINT('',#1956);
#1958=CARTESIAN_POINT('',(-12.,17.354024557,42.714529332));
#1959=CARTESIAN_POINT('',(-12.,16.618690314,42.972373806));
#1960=CARTESIAN_POINT('',(-12.,16.23431105,43.528649386));
#1961=CARTESIAN_POINT('',(-12.,15.849931787,44.084924966));
#1962=CARTESIAN_POINT('',(-12.,15.849931787,44.92053206));
#1963=CARTESIAN_POINT('',(-12.,15.849931787,46.243178718));
#1964=CARTESIAN_POINT('',(-12.,16.714188267,46.878240109));
#1965=B_SPLINE_CURVE_WITH_KNOTS('',2,(#1958,#1959,#1960,#1961,#1962,#1963,#1964),.UNSPECIFIED.,.F.,.F.,(3,2,2,3),(0.,0.088934679,0.177869358,0.31864025),.UNSPECIFIED.);
#1966=EDGE_CURVE('',#1955,#1957,#1965,.T.);
#1967=ORIENTED_EDGE('',*,*,#1966,.T.);
#1968=CARTESIAN_POINT('',(-12.,18.113233288,42.642905866));
#1969=VERTEX_POINT('',#1968);
#1970=CARTESIAN_POINT('',(-12.,16.714188267,46.878240109));
#1971=CARTESIAN_POINT('',(-12.,17.406548431,47.379604366));
#1972=CARTESIAN_POINT('',(-12.,18.461800819,47.379604366));
#1973=CARTESIAN_POINT('',(-12.,19.722373806,47.379604366));
#1974=CARTESIAN_POINT('',(-12.,20.43622101,46.720668486));
#1975=CARTESIAN_POINT('',(-12.,21.150068213,46.061732606));
#1976=CARTESIAN_POINT('',(-12.,21.150068213,45.054229195));
#1977=CARTESIAN_POINT('',(-12.,21.150068213,43.922578445));
#1978=CARTESIAN_POINT('',(-12.,20.402796726,43.268417462));
#1979=CARTESIAN_POINT('',(-12.,19.655525239,42.61425648));
#1980=CARTESIAN_POINT('',(-12.,18.113233288,42.642905866));
#1981=B_SPLINE_CURVE_WITH_KNOTS('',2,(#1970,#1971,#1972,#1973,#1974,#1975,#1976,#1977,#1978,#1979,#1980),.UNSPECIFIED.,.F.,.F.,(3,2,2,2,2,3),(0.31864025,0.430841138,0.564872969,0.698904799,0.849452399,1.),.UNSPECIFIED.);
#1982=EDGE_CURVE('',#1957,#1969,#1981,.T.);
#1983=ORIENTED_EDGE('',*,*,#1982,.T.);
#1984=CARTESIAN_POINT('',(-12.,18.113233288,46.004433834));
#1985=VERTEX_POINT('',#1984);
#1986=CARTESIAN_POINT('',(-12.,18.113233288,42.642905866));
#1987=DIRECTION('',(0.,-0.,1.));
#1988=VECTOR('',#1987,3.361527967);
#1989=LINE('',#1986,#1988);
#1990=EDGE_CURVE('',#1969,#1985,#1989,.T.);
#1991=ORIENTED_EDGE('',*,*,#1990,.T.);
#1992=CARTESIAN_POINT('',(-12.,17.578444748,44.051500682));
#1993=VERTEX_POINT('',#1992);
#1994=CARTESIAN_POINT('',(-12.,18.113233288,46.004433834));
#1995=CARTESIAN_POINT('',(-12.,17.516371078,45.990109141));
#1996=CARTESIAN_POINT('',(-12.,17.184515689,45.679740791));
#1997=CARTESIAN_POINT('',(-12.,16.8526603,45.369372442));
#1998=CARTESIAN_POINT('',(-12.,16.8526603,44.906207367));
#1999=CARTESIAN_POINT('',(-12.,16.8526603,44.59106412));
#2000=CARTESIAN_POINT('',(-12.,17.024556617,44.376193724));
#2001=CARTESIAN_POINT('',(-12.,17.196452933,44.161323329));
#2002=CARTESIAN_POINT('',(-12.,17.578444748,44.051500682));
#2003=B_SPLINE_CURVE_WITH_KNOTS('',2,(#1994,#1995,#1996,#1997,#1998,#1999,#2000,#2001,#2002),.UNSPECIFIED.,.F.,.F.,(3,2,2,2,3),(0.,0.297546012,0.595092025,0.797546012,1.),.UNSPECIFIED.);
#2004=EDGE_CURVE('',#1985,#1993,#2003,.T.);
#2005=ORIENTED_EDGE('',*,*,#2004,.T.);
#2006=CARTESIAN_POINT('',(-12.,17.578444748,44.051500682));
#2007=DIRECTION('',(-0.,-0.165541197,-0.986202876));
#2008=VECTOR('',#2007,1.355675778);
#2009=LINE('',#2006,#2008);
#2010=EDGE_CURVE('',#1993,#1955,#2009,.T.);
#2011=ORIENTED_EDGE('',*,*,#2010,.T.);
#2012=EDGE_LOOP('',(#1967,#1983,#1991,#2005,#2011));
#2013=FACE_BOUND('',#2012,.T.);
#2014=CARTESIAN_POINT('',(-12.,21.035470668,26.088335607));
#2015=VERTEX_POINT('',#2014);
#2016=CARTESIAN_POINT('',(-12.,15.964529332,26.088335607));
#2017=VERTEX_POINT('',#2016);
#2018=CARTESIAN_POINT('',(-12.,21.035470668,26.088335607));
#2019=DIRECTION('',(-0.,-1.,-0.));
#2020=VECTOR('',#2019,5.070941337);
#2021=LINE('',#2018,#2020);
#2022=EDGE_CURVE('',#2015,#2017,#2021,.T.);
#2023=ORIENTED_EDGE('',*,*,#2022,.T.);
#2024=CARTESIAN_POINT('',(-12.,15.964529332,27.334583902));
#2025=VERTEX_POINT('',#2024);
#2026=CARTESIAN_POINT('',(-12.,15.964529332,26.088335607));
#2027=DIRECTION('',(0.,-0.,1.));
#2028=VECTOR('',#2027,1.246248295);
#2029=LINE('',#2026,#2028);
#2030=EDGE_CURVE('',#2017,#2025,#2029,.T.);
#2031=ORIENTED_EDGE('',*,*,#2030,.T.);
#2032=CARTESIAN_POINT('',(-12.,16.723738063,27.334583902));
#2033=VERTEX_POINT('',#2032);
#2034=CARTESIAN_POINT('',(-12.,15.964529332,27.334583902));
#2035=DIRECTION('',(0.,1.,0.));
#2036=VECTOR('',#2035,0.759208731);
#2037=LINE('',#2034,#2036);
#2038=EDGE_CURVE('',#2025,#2033,#2037,.T.);
#2039=ORIENTED_EDGE('',*,*,#2038,.T.);
#2040=CARTESIAN_POINT('',(-12.,17.826739427,30.700886767));
#2041=VERTEX_POINT('',#2040);
#2042=CARTESIAN_POINT('',(-12.,16.723738063,27.334583902));
#2043=CARTESIAN_POINT('',(-12.,16.31787176,27.611527967));
#2044=CARTESIAN_POINT('',(-12.,16.083901774,28.062755798));
#2045=CARTESIAN_POINT('',(-12.,15.849931787,28.513983629));
#2046=CARTESIAN_POINT('',(-12.,15.849931787,29.015347885));
#2047=CARTESIAN_POINT('',(-12.,15.849931787,29.526261937));
#2048=CARTESIAN_POINT('',(-12.,16.074351978,29.93212824));
#2049=CARTESIAN_POINT('',(-12.,16.298772169,30.337994543));
#2050=CARTESIAN_POINT('',(-12.,16.704638472,30.519440655));
#2051=CARTESIAN_POINT('',(-12.,17.110504775,30.700886767));
#2052=CARTESIAN_POINT('',(-12.,17.826739427,30.700886767));
#2053=B_SPLINE_CURVE_WITH_KNOTS('',2,(#2042,#2043,#2044,#2045,#2046,#2047,#2048,#2049,#2050,#2051,#2052),.UNSPECIFIED.,.F.,.F.,(3,2,2,2,2,3),(0.,0.197740113,0.395480226,0.596986817,0.798493409,1.),.UNSPECIFIED.);
#2054=EDGE_CURVE('',#2033,#2041,#2053,.T.);
#2055=ORIENTED_EDGE('',*,*,#2054,.T.);
#2056=CARTESIAN_POINT('',(-12.,21.035470668,30.700886767));
#2057=VERTEX_POINT('',#2056);
#2058=CARTESIAN_POINT('',(-12.,17.826739427,30.700886767));
#2059=DIRECTION('',(0.,1.,0.));
#2060=VECTOR('',#2059,3.208731241);
#2061=LINE('',#2058,#2060);
#2062=EDGE_CURVE('',#2041,#2057,#2061,.T.);
#2063=ORIENTED_EDGE('',*,*,#2062,.T.);
#2064=CARTESIAN_POINT('',(-12.,21.035470668,29.359140518));
#2065=VERTEX_POINT('',#2064);
#2066=CARTESIAN_POINT('',(-12.,21.035470668,30.700886767));
#2067=DIRECTION('',(-0.,0.,-1.));
#2068=VECTOR('',#2067,1.341746248);
#2069=LINE('',#2066,#2068);
#2070=EDGE_CURVE('',#2057,#2065,#2069,.T.);
#2071=ORIENTED_EDGE('',*,*,#2070,.T.);
#2072=CARTESIAN_POINT('',(-12.,18.7053206,29.359140518));
#2073=VERTEX_POINT('',#2072);
#2074=CARTESIAN_POINT('',(-12.,21.035470668,29.359140518));
#2075=DIRECTION('',(-0.,-1.,-0.));
#2076=VECTOR('',#2075,2.330150068);
#2077=LINE('',#2074,#2076);
#2078=EDGE_CURVE('',#2065,#2073,#2077,.T.);
#2079=ORIENTED_EDGE('',*,*,#2078,.T.);
#2080=CARTESIAN_POINT('',(-12.,18.896316508,27.430081855));
#2081=VERTEX_POINT('',#2080);
#2082=CARTESIAN_POINT('',(-12.,18.7053206,29.359140518));
#2083=CARTESIAN_POINT('',(-12.,17.63574352,29.359140518));
#2084=CARTESIAN_POINT('',(-12.,17.394611187,29.285129604));
#2085=CARTESIAN_POINT('',(-12.,17.153478854,29.21111869));
#2086=CARTESIAN_POINT('',(-12.,17.012619372,29.015347885));
#2087=CARTESIAN_POINT('',(-12.,16.871759891,28.81957708));
#2088=CARTESIAN_POINT('',(-12.,16.871759891,28.518758527));
#2089=CARTESIAN_POINT('',(-12.,16.871759891,28.174965894));
#2090=CARTESIAN_POINT('',(-12.,17.060368349,27.902796726));
#2091=CARTESIAN_POINT('',(-12.,17.248976808,27.630627558));
#2092=CARTESIAN_POINT('',(-12.,17.528308322,27.530354707));
#2093=CARTESIAN_POINT('',(-12.,17.807639836,27.430081855));
#2094=CARTESIAN_POINT('',(-12.,18.896316508,27.430081855));
#2095=B_SPLINE_CURVE_WITH_KNOTS('',2,(#2082,#2083,#2084,#2085,#2086,#2087,#2088,#2089,#2090,#2091,#2092,#2093,#2094),.UNSPECIFIED.,.F.,.F.,(3,2,2,2,2,2,3),(0.,0.155555556,0.311111111,0.466666667,0.644444444,0.822222222,1.),.UNSPECIFIED.);
#2096=EDGE_CURVE('',#2073,#2081,#2095,.T.);
#2097=ORIENTED_EDGE('',*,*,#2096,.T.);
#2098=CARTESIAN_POINT('',(-12.,21.035470668,27.430081855));
#2099=VERTEX_POINT('',#2098);
#2100=CARTESIAN_POINT('',(-12.,18.896316508,27.430081855));
#2101=DIRECTION('',(0.,1.,0.));
#2102=VECTOR('',#2101,2.139154161);
#2103=LINE('',#2100,#2102);
#2104=EDGE_CURVE('',#2081,#2099,#2103,.T.);
#2105=ORIENTED_EDGE('',*,*,#2104,.T.);
#2106=CARTESIAN_POINT('',(-12.,21.035470668,27.430081855));
#2107=DIRECTION('',(-0.,0.,-1.));
#2108=VECTOR('',#2107,1.341746248);
#2109=LINE('',#2106,#2108);
#2110=EDGE_CURVE('',#2099,#2015,#2109,.T.);
#2111=ORIENTED_EDGE('',*,*,#2110,.T.);
#2112=EDGE_LOOP('',(#2023,#2031,#2039,#2055,#2063,#2071,#2079,#2097,#2105,#2111));
#2113=FACE_BOUND('',#2112,.T.);
#2114=CARTESIAN_POINT('',(-12.,17.30627558,23.357094134));
#2115=VERTEX_POINT('',#2114);
#2116=CARTESIAN_POINT('',(-12.,15.964529332,23.357094134));
#2117=VERTEX_POINT('',#2116);
#2118=CARTESIAN_POINT('',(-12.,17.30627558,23.357094134));
#2119=DIRECTION('',(-0.,-1.,-0.));
#2120=VECTOR('',#2119,1.341746248);
#2121=LINE('',#2118,#2120);
#2122=EDGE_CURVE('',#2115,#2117,#2121,.T.);
#2123=ORIENTED_EDGE('',*,*,#2122,.T.);
#2124=CARTESIAN_POINT('',(-12.,15.964529332,24.698840382));
#2125=VERTEX_POINT('',#2124);
#2126=CARTESIAN_POINT('',(-12.,15.964529332,23.357094134));
#2127=DIRECTION('',(0.,-0.,1.));
#2128=VECTOR('',#2127,1.341746248);
#2129=LINE('',#2126,#2128);
#2130=EDGE_CURVE('',#2117,#2125,#2129,.T.);
#2131=ORIENTED_EDGE('',*,*,#2130,.T.);
#2132=CARTESIAN_POINT('',(-12.,17.30627558,24.698840382));
#2133=VERTEX_POINT('',#2132);
#2134=CARTESIAN_POINT('',(-12.,15.964529332,24.698840382));
#2135=DIRECTION('',(0.,1.,0.));
#2136=VECTOR('',#2135,1.341746248);
#2137=LINE('',#2134,#2136);
#2138=EDGE_CURVE('',#2125,#2133,#2137,.T.);
#2139=ORIENTED_EDGE('',*,*,#2138,.T.);
#2140=CARTESIAN_POINT('',(-12.,17.30627558,24.698840382));
#2141=DIRECTION('',(-0.,0.,-1.));
#2142=VECTOR('',#2141,1.341746248);
#2143=LINE('',#2140,#2142);
#2144=EDGE_CURVE('',#2133,#2115,#2143,.T.);
#2145=ORIENTED_EDGE('',*,*,#2144,.T.);
#2146=EDGE_LOOP('',(#2123,#2131,#2139,#2145));
#2147=FACE_BOUND('',#2146,.T.);
#2148=CARTESIAN_POINT('',(-12.,17.907912688,18.811391542));
#2149=VERTEX_POINT('',#2148);
#2150=CARTESIAN_POINT('',(-12.,17.683492497,17.493519782));
#2151=VERTEX_POINT('',#2150);
#2152=CARTESIAN_POINT('',(-12.,17.907912688,18.811391542));
#2153=DIRECTION('',(-0.,-0.167873203,-0.985808596));
#2154=VECTOR('',#2153,1.336843445);
#2155=LINE('',#2152,#2154);
#2156=EDGE_CURVE('',#2149,#2151,#2155,.T.);
#2157=ORIENTED_EDGE('',*,*,#2156,.T.);
#2158=CARTESIAN_POINT('',(-12.,19.536152797,17.560368349));
#2159=VERTEX_POINT('',#2158);
#2160=CARTESIAN_POINT('',(-12.,17.683492497,17.493519782));
#2161=CARTESIAN_POINT('',(-12.,16.776261937,17.698840382));
#2162=CARTESIAN_POINT('',(-12.,16.313096862,18.281377899));
#2163=CARTESIAN_POINT('',(-12.,15.849931787,18.863915416));
#2164=CARTESIAN_POINT('',(-12.,15.849931787,19.842769441));
#2165=CARTESIAN_POINT('',(-12.,15.849931787,20.9553206));
#2166=CARTESIAN_POINT('',(-12.,16.551841746,21.616643929));
#2167=CARTESIAN_POINT('',(-12.,17.253751705,22.277967258));
#2168=CARTESIAN_POINT('',(-12.,18.495225102,22.277967258));
#2169=CARTESIAN_POINT('',(-12.,19.751023192,22.277967258));
#2170=CARTESIAN_POINT('',(-12.,20.450545703,21.61425648));
#2171=CARTESIAN_POINT('',(-12.,21.150068213,20.950545703));
#2172=CARTESIAN_POINT('',(-12.,21.150068213,19.818894952));
#2173=CARTESIAN_POINT('',(-12.,21.150068213,18.892564802));
#2174=CARTESIAN_POINT('',(-12.,20.751364256,18.345839018));
#2175=CARTESIAN_POINT('',(-12.,20.3526603,17.799113233));
#2176=CARTESIAN_POINT('',(-12.,19.536152797,17.560368349));
#2177=B_SPLINE_CURVE_WITH_KNOTS('',2,(#2160,#2161,#2162,#2163,#2164,#2165,#2166,#2167,#2168,#2169,#2170,#2171,#2172,#2173,#2174,#2175,#2176),.UNSPECIFIED.,.F.,.F.,(3,2,2,2,2,2,2,2,3),(0.,0.118276298,0.236552596,0.370983706,0.505414815,0.641397053,0.77737929,0.888689645,1.),.UNSPECIFIED.);
#2178=EDGE_CURVE('',#2151,#2159,#2177,.T.);
#2179=ORIENTED_EDGE('',*,*,#2178,.T.);
#2180=CARTESIAN_POINT('',(-12.,19.297407913,18.883015007));
#2181=VERTEX_POINT('',#2180);
#2182=CARTESIAN_POINT('',(-12.,19.536152797,17.560368349));
#2183=DIRECTION('',(0.,-0.177634745,0.984096488));
#2184=VECTOR('',#2183,1.344021317);
#2185=LINE('',#2182,#2184);
#2186=EDGE_CURVE('',#2159,#2181,#2185,.T.);
#2187=ORIENTED_EDGE('',*,*,#2186,.T.);
#2188=CARTESIAN_POINT('',(-12.,19.297407913,18.883015007));
#2189=CARTESIAN_POINT('',(-12.,19.69372442,18.949863574));
#2190=CARTESIAN_POINT('',(-12.,19.894270123,19.18622101));
#2191=CARTESIAN_POINT('',(-12.,20.094815825,19.422578445));
#2192=CARTESIAN_POINT('',(-12.,20.094815825,19.799795362));
#2193=CARTESIAN_POINT('',(-12.,20.094815825,20.301159618));
#2194=CARTESIAN_POINT('',(-12.,19.748635744,20.599590723));
#2195=CARTESIAN_POINT('',(-12.,19.402455662,20.898021828));
#2196=CARTESIAN_POINT('',(-12.,18.590723056,20.898021828));
#2197=CARTESIAN_POINT('',(-12.,17.688267394,20.898021828));
#2198=CARTESIAN_POINT('',(-12.,17.315825375,20.594815825));
#2199=CARTESIAN_POINT('',(-12.,16.943383356,20.291609823));
#2200=CARTESIAN_POINT('',(-12.,16.943383356,19.780695771));
#2201=CARTESIAN_POINT('',(-12.,16.943383356,19.398703956));
#2202=CARTESIAN_POINT('',(-12.,17.160641201,19.155184175));
#2203=CARTESIAN_POINT('',(-12.,17.377899045,18.911664393));
#2204=CARTESIAN_POINT('',(-12.,17.907912688,18.811391542));
#2205=B_SPLINE_CURVE_WITH_KNOTS('',2,(#2188,#2189,#2190,#2191,#2192,#2193,#2194,#2195,#2196,#2197,#2198,#2199,#2200,#2201,#2202,#2203,#2204),.UNSPECIFIED.,.F.,.F.,(3,2,2,2,2,2,2,2,3),(0.,0.101800446,0.203600891,0.338905281,0.474209671,0.624636316,0.775062961,0.88753148,1.),.UNSPECIFIED.);
#2206=EDGE_CURVE('',#2181,#2149,#2205,.T.);
#2207=ORIENTED_EDGE('',*,*,#2206,.T.);
#2208=EDGE_LOOP('',(#2157,#2179,#2187,#2207));
#2209=FACE_BOUND('',#2208,.T.);
#2210=CARTESIAN_POINT('',(-12.,17.798090041,39.17633015));
#2211=VERTEX_POINT('',#2210);
#2212=CARTESIAN_POINT('',(-12.,18.452251023,41.23431105));
#2213=VERTEX_POINT('',#2212);
#2214=CARTESIAN_POINT('',(-12.,17.798090041,39.17633015));
#2215=CARTESIAN_POINT('',(-12.,18.156207367,40.799795362));
#2216=CARTESIAN_POINT('',(-12.,18.452251023,41.23431105));
#2217=B_SPLINE_CURVE_WITH_KNOTS('',2,(#2214,#2215,#2216),.UNSPECIFIED.,.F.,.F.,(3,3),(0.220271582,0.327617915),.UNSPECIFIED.);
#2218=EDGE_CURVE('',#2211,#2213,#2217,.T.);
#2219=ORIENTED_EDGE('',*,*,#2218,.T.);
#2220=CARTESIAN_POINT('',(-12.,19.808321965,37.457366985));
#2221=VERTEX_POINT('',#2220);
#2222=CARTESIAN_POINT('',(-12.,18.452251023,41.23431105));
#2223=CARTESIAN_POINT('',(-12.,18.862892224,41.835948158));
#2224=CARTESIAN_POINT('',(-12.,19.593451569,41.835948158));
#2225=CARTESIAN_POINT('',(-12.,20.252387449,41.835948158));
#2226=CARTESIAN_POINT('',(-12.,20.701227831,41.315484311));
#2227=CARTESIAN_POINT('',(-12.,21.150068213,40.795020464));
#2228=CARTESIAN_POINT('',(-12.,21.150068213,39.701568895));
#2229=CARTESIAN_POINT('',(-12.,21.150068213,38.660641201));
#2230=CARTESIAN_POINT('',(-12.,20.811050477,38.154502046));
#2231=CARTESIAN_POINT('',(-12.,20.472032742,37.648362892));
#2232=CARTESIAN_POINT('',(-12.,19.808321965,37.457366985));
#2233=B_SPLINE_CURVE_WITH_KNOTS('',2,(#2222,#2223,#2224,#2225,#2226,#2227,#2228,#2229,#2230,#2231,#2232),.UNSPECIFIED.,.F.,.F.,(3,2,2,2,2,3),(0.327617915,0.476335798,0.610473496,0.744611195,0.872305597,1.),.UNSPECIFIED.);
#2234=EDGE_CURVE('',#2213,#2221,#2233,.T.);
#2235=ORIENTED_EDGE('',*,*,#2234,.T.);
#2236=CARTESIAN_POINT('',(-12.,19.574351978,38.72271487));
#2237=VERTEX_POINT('',#2236);
#2238=CARTESIAN_POINT('',(-12.,19.808321965,37.457366985));
#2239=DIRECTION('',(0.,-0.181823502,0.983331182));
#2240=VECTOR('',#2239,1.286797274);
#2241=LINE('',#2238,#2240);
#2242=EDGE_CURVE('',#2221,#2237,#2241,.T.);
#2243=ORIENTED_EDGE('',*,*,#2242,.T.);
#2244=CARTESIAN_POINT('',(-12.,20.037517053,40.436903138));
#2245=VERTEX_POINT('',#2244);
#2246=CARTESIAN_POINT('',(-12.,19.574351978,38.72271487));
#2247=CARTESIAN_POINT('',(-12.,19.870395634,38.803888131));
#2248=CARTESIAN_POINT('',(-12.,20.027967258,39.030695771));
#2249=CARTESIAN_POINT('',(-12.,20.185538881,39.257503411));
#2250=CARTESIAN_POINT('',(-12.,20.185538881,39.677694407));
#2251=CARTESIAN_POINT('',(-12.,20.185538881,40.207708049));
#2252=CARTESIAN_POINT('',(-12.,20.037517053,40.436903138));
#2253=B_SPLINE_CURVE_WITH_KNOTS('',2,(#2246,#2247,#2248,#2249,#2250,#2251,#2252),.UNSPECIFIED.,.F.,.F.,(3,2,2,3),(0.,0.083747081,0.167494162,0.273129685),.UNSPECIFIED.);
#2254=EDGE_CURVE('',#2237,#2245,#2253,.T.);
#2255=ORIENTED_EDGE('',*,*,#2254,.T.);
#2256=CARTESIAN_POINT('',(-12.,19.521828104,40.456002729));
#2257=VERTEX_POINT('',#2256);
#2258=CARTESIAN_POINT('',(-12.,20.037517053,40.436903138));
#2259=CARTESIAN_POINT('',(-12.,19.932469304,40.589699864));
#2260=CARTESIAN_POINT('',(-12.,19.765347885,40.589699864));
#2261=CARTESIAN_POINT('',(-12.,19.622100955,40.589699864));
#2262=CARTESIAN_POINT('',(-12.,19.521828104,40.456002729));
#2263=B_SPLINE_CURVE_WITH_KNOTS('',2,(#2258,#2259,#2260,#2261,#2262),.UNSPECIFIED.,.F.,.F.,(3,2,3),(0.273129685,0.34492053,0.40645554),.UNSPECIFIED.);
#2264=EDGE_CURVE('',#2245,#2257,#2263,.T.);
#2265=ORIENTED_EDGE('',*,*,#2264,.T.);
#2266=CARTESIAN_POINT('',(-12.,18.547748977,37.705661664));
#2267=VERTEX_POINT('',#2266);
#2268=CARTESIAN_POINT('',(-12.,19.521828104,40.456002729));
#2269=CARTESIAN_POINT('',(-12.,19.388130969,40.274556617));
#2270=CARTESIAN_POINT('',(-12.,19.144611187,39.202592087));
#2271=CARTESIAN_POINT('',(-12.,18.901091405,38.130627558));
#2272=CARTESIAN_POINT('',(-12.,18.547748977,37.705661664));
#2273=B_SPLINE_CURVE_WITH_KNOTS('',2,(#2268,#2269,#2270,#2271,#2272),.UNSPECIFIED.,.F.,.F.,(3,2,3),(0.40645554,0.489442876,0.572430212),.UNSPECIFIED.);
#2274=EDGE_CURVE('',#2257,#2267,#2273,.T.);
#2275=ORIENTED_EDGE('',*,*,#2274,.T.);
#2276=CARTESIAN_POINT('',(-12.,17.411323329,42.022169168));
#2277=VERTEX_POINT('',#2276);
#2278=CARTESIAN_POINT('',(-12.,18.547748977,37.705661664));
#2279=CARTESIAN_POINT('',(-12.,18.189631651,37.285470668));
#2280=CARTESIAN_POINT('',(-12.,17.549795362,37.285470668));
#2281=CARTESIAN_POINT('',(-12.,16.8526603,37.285470668));
#2282=CARTESIAN_POINT('',(-12.,16.351296044,37.868008186));
#2283=CARTESIAN_POINT('',(-12.,15.849931787,38.450545703));
#2284=CARTESIAN_POINT('',(-12.,15.849931787,39.591746248));
#2285=CARTESIAN_POINT('',(-12.,15.849931787,40.627899045));
#2286=CARTESIAN_POINT('',(-12.,16.270122783,41.231923602));
#2287=CARTESIAN_POINT('',(-12.,16.690313779,41.835948158));
#2288=CARTESIAN_POINT('',(-12.,17.411323329,42.022169168));
#2289=B_SPLINE_CURVE_WITH_KNOTS('',2,(#2278,#2279,#2280,#2281,#2282,#2283,#2284,#2285,#2286,#2287,#2288),.UNSPECIFIED.,.F.,.F.,(3,2,2,2,2,3),(0.572430212,0.65533078,0.74565528,0.835979779,0.91798989,1.),.UNSPECIFIED.);
#2290=EDGE_CURVE('',#2267,#2277,#2289,.T.);
#2291=ORIENTED_EDGE('',*,*,#2290,.T.);
#2292=CARTESIAN_POINT('',(-12.,17.616643929,40.675648022));
#2293=VERTEX_POINT('',#2292);
#2294=CARTESIAN_POINT('',(-12.,17.411323329,42.022169168));
#2295=DIRECTION('',(-0.,0.150739924,-0.988573455));
#2296=VECTOR('',#2295,1.362085073);
#2297=LINE('',#2294,#2296);
#2298=EDGE_CURVE('',#2277,#2293,#2297,.T.);
#2299=ORIENTED_EDGE('',*,*,#2298,.T.);
#2300=CARTESIAN_POINT('',(-12.,17.010231924,38.808663029));
#2301=VERTEX_POINT('',#2300);
#2302=CARTESIAN_POINT('',(-12.,17.616643929,40.675648022));
#2303=CARTESIAN_POINT('',(-12.,17.225102319,40.589699864));
#2304=CARTESIAN_POINT('',(-12.,17.022169168,40.327080491));
#2305=CARTESIAN_POINT('',(-12.,16.819236016,40.064461119));
#2306=CARTESIAN_POINT('',(-12.,16.819236016,39.591746248));
#2307=CARTESIAN_POINT('',(-12.,16.819236016,39.071282401));
#2308=CARTESIAN_POINT('',(-12.,17.010231924,38.808663029));
#2309=B_SPLINE_CURVE_WITH_KNOTS('',2,(#2302,#2303,#2304,#2305,#2306,#2307,#2308),.UNSPECIFIED.,.F.,.F.,(3,2,2,3),(0.,0.045182724,0.090365449,0.140112085),.UNSPECIFIED.);
#2310=EDGE_CURVE('',#2293,#2301,#2309,.T.);
#2311=ORIENTED_EDGE('',*,*,#2310,.T.);
#2312=CARTESIAN_POINT('',(-12.,17.621418827,38.727489768));
#2313=VERTEX_POINT('',#2312);
#2314=CARTESIAN_POINT('',(-12.,17.010231924,38.808663029));
#2315=CARTESIAN_POINT('',(-12.,17.143929059,38.631991814));
#2316=CARTESIAN_POINT('',(-12.,17.36834925,38.631991814));
#2317=CARTESIAN_POINT('',(-12.,17.521145975,38.631991814));
#2318=CARTESIAN_POINT('',(-12.,17.621418827,38.727489768));
#2319=B_SPLINE_CURVE_WITH_KNOTS('',2,(#2314,#2315,#2316,#2317,#2318),.UNSPECIFIED.,.F.,.F.,(3,2,3),(0.140112085,0.174053494,0.197162538),.UNSPECIFIED.);
#2320=EDGE_CURVE('',#2301,#2313,#2319,.T.);
#2321=ORIENTED_EDGE('',*,*,#2320,.T.);
#2322=CARTESIAN_POINT('',(-12.,17.621418827,38.727489768));
#2323=CARTESIAN_POINT('',(-12.,17.71691678,38.827762619));
#2324=CARTESIAN_POINT('',(-12.,17.798090041,39.17633015));
#2325=B_SPLINE_CURVE_WITH_KNOTS('',2,(#2322,#2323,#2324),.UNSPECIFIED.,.F.,.F.,(3,3),(0.197162538,0.220271582),.UNSPECIFIED.);
#2326=EDGE_CURVE('',#2313,#2211,#2325,.T.);
#2327=ORIENTED_EDGE('',*,*,#2326,.T.);
#2328=EDGE_LOOP('',(#2219,#2235,#2243,#2255,#2265,#2275,#2291,#2299,#2311,#2321,#2327));
#2329=FACE_BOUND('',#2328,.T.);
#2330=CARTESIAN_POINT('',(-12.,16.60675307,12.362892224));
#2331=VERTEX_POINT('',#2330);
#2332=CARTESIAN_POINT('',(-12.,20.820600273,15.590723056));
#2333=VERTEX_POINT('',#2332);
#2334=CARTESIAN_POINT('',(-12.,16.60675307,12.362892224));
#2335=CARTESIAN_POINT('',(-12.,15.849931787,13.105388813));
#2336=CARTESIAN_POINT('',(-12.,15.849931787,14.232264666));
#2337=CARTESIAN_POINT('',(-12.,15.849931787,14.929399727));
#2338=CARTESIAN_POINT('',(-12.,16.165075034,15.56207367));
#2339=CARTESIAN_POINT('',(-12.,16.480218281,16.194747613));
#2340=CARTESIAN_POINT('',(-12.,17.089017735,16.524215553));
#2341=CARTESIAN_POINT('',(-12.,17.69781719,16.853683492));
#2342=CARTESIAN_POINT('',(-12.,18.571623465,16.853683492));
#2343=CARTESIAN_POINT('',(-12.,19.240109141,16.853683492));
#2344=CARTESIAN_POINT('',(-12.,19.865620737,16.524215553));
#2345=CARTESIAN_POINT('',(-12.,20.491132333,16.194747613));
#2346=CARTESIAN_POINT('',(-12.,20.820600273,15.590723056));
#2347=B_SPLINE_CURVE_WITH_KNOTS('',2,(#2334,#2335,#2336,#2337,#2338,#2339,#2340,#2341,#2342,#2343,#2344,#2345,#2346),.UNSPECIFIED.,.F.,.F.,(3,2,2,2,2,2,3),(0.488074716,0.622703628,0.705991006,0.789278383,0.872565761,0.93628288,1.),.UNSPECIFIED.);
#2348=EDGE_CURVE('',#2331,#2333,#2347,.T.);
#2349=ORIENTED_EDGE('',*,*,#2348,.T.);
#2350=CARTESIAN_POINT('',(-12.,20.820600273,15.590723056));
#2351=CARTESIAN_POINT('',(-12.,21.150068213,14.986698499));
#2352=CARTESIAN_POINT('',(-12.,21.150068213,14.241814461));
#2353=CARTESIAN_POINT('',(-12.,21.150068213,13.09106412));
#2354=CARTESIAN_POINT('',(-12.,20.402796726,12.355729877));
#2355=CARTESIAN_POINT('',(-12.,19.655525239,11.620395634));
#2356=CARTESIAN_POINT('',(-12.,18.514324693,11.620395634));
#2357=CARTESIAN_POINT('',(-12.,17.363574352,11.620395634));
#2358=CARTESIAN_POINT('',(-12.,16.60675307,12.362892224));
#2359=B_SPLINE_CURVE_WITH_KNOTS('',2,(#2350,#2351,#2352,#2353,#2354,#2355,#2356,#2357,#2358),.UNSPECIFIED.,.F.,.F.,(3,2,2,2,3),(0.,0.086422485,0.219934145,0.353445804,0.488074716),.UNSPECIFIED.);
#2360=EDGE_CURVE('',#2333,#2331,#2359,.T.);
#2361=ORIENTED_EDGE('',*,*,#2360,.T.);
#2362=EDGE_LOOP('',(#2349,#2361));
#2363=FACE_BOUND('',#2362,.T.);
#2364=CARTESIAN_POINT('',(-12.,15.964529332,33.031036835));
#2365=VERTEX_POINT('',#2364);
#2366=CARTESIAN_POINT('',(-12.,16.360845839,33.159959072));
#2367=VERTEX_POINT('',#2366);
#2368=CARTESIAN_POINT('',(-12.,15.964529332,33.031036835));
#2369=CARTESIAN_POINT('',(-12.,16.098226467,33.083560709));
#2370=CARTESIAN_POINT('',(-12.,16.360845839,33.159959072));
#2371=B_SPLINE_CURVE_WITH_KNOTS('',2,(#2368,#2369,#2370),.UNSPECIFIED.,.F.,.F.,(3,3),(0.,0.017263306),.UNSPECIFIED.);
#2372=EDGE_CURVE('',#2365,#2367,#2371,.T.);
#2373=ORIENTED_EDGE('',*,*,#2372,.T.);
#2374=CARTESIAN_POINT('',(-12.,16.518417462,33.207708049));
#2375=VERTEX_POINT('',#2374);
#2376=CARTESIAN_POINT('',(-12.,16.360845839,33.159959072));
#2377=CARTESIAN_POINT('',(-12.,16.480218281,33.193383356));
#2378=CARTESIAN_POINT('',(-12.,16.518417462,33.207708049));
#2379=B_SPLINE_CURVE_WITH_KNOTS('',2,(#2376,#2377,#2378),.UNSPECIFIED.,.F.,.F.,(3,3),(0.017263306,0.025087702),.UNSPECIFIED.);
#2380=EDGE_CURVE('',#2367,#2375,#2379,.T.);
#2381=ORIENTED_EDGE('',*,*,#2380,.T.);
#2382=CARTESIAN_POINT('',(-12.,18.944065484,34.616302865));
#2383=VERTEX_POINT('',#2382);
#2384=CARTESIAN_POINT('',(-12.,16.518417462,33.207708049));
#2385=CARTESIAN_POINT('',(-12.,16.184174625,33.551500682));
#2386=CARTESIAN_POINT('',(-12.,16.017053206,33.943042292));
#2387=CARTESIAN_POINT('',(-12.,15.849931787,34.334583902));
#2388=CARTESIAN_POINT('',(-12.,15.849931787,34.778649386));
#2389=CARTESIAN_POINT('',(-12.,15.849931787,35.561732606));
#2390=CARTESIAN_POINT('',(-12.,16.274897681,36.012960437));
#2391=CARTESIAN_POINT('',(-12.,16.699863574,36.464188267));
#2392=CARTESIAN_POINT('',(-12.,17.349249659,36.464188267));
#2393=CARTESIAN_POINT('',(-12.,17.77899045,36.464188267));
#2394=CARTESIAN_POINT('',(-12.,18.115620737,36.258867667));
#2395=CARTESIAN_POINT('',(-12.,18.452251023,36.053547067));
#2396=CARTESIAN_POINT('',(-12.,18.631309686,35.683492497));
#2397=CARTESIAN_POINT('',(-12.,18.810368349,35.313437926));
#2398=CARTESIAN_POINT('',(-12.,18.944065484,34.616302865));
#2399=B_SPLINE_CURVE_WITH_KNOTS('',2,(#2384,#2385,#2386,#2387,#2388,#2389,#2390,#2391,#2392,#2393,#2394,#2395,#2396,#2397,#2398),.UNSPECIFIED.,.F.,.F.,(3,2,2,2,2,2,2,3),(0.025087702,0.117049151,0.209010599,0.371179175,0.53334775,0.64066519,0.747982629,0.855300069),.UNSPECIFIED.);
#2400=EDGE_CURVE('',#2375,#2383,#2399,.T.);
#2401=ORIENTED_EDGE('',*,*,#2400,.T.);
#2402=CARTESIAN_POINT('',(-12.,19.273533424,33.312755798));
#2403=VERTEX_POINT('',#2402);
#2404=CARTESIAN_POINT('',(-12.,18.944065484,34.616302865));
#2405=CARTESIAN_POINT('',(-12.,19.120736698,33.675648022));
#2406=CARTESIAN_POINT('',(-12.,19.273533424,33.312755798));
#2407=B_SPLINE_CURVE_WITH_KNOTS('',2,(#2404,#2405,#2406),.UNSPECIFIED.,.F.,.F.,(3,3),(0.855300069,1.),.UNSPECIFIED.);
#2408=EDGE_CURVE('',#2383,#2403,#2407,.T.);
#2409=ORIENTED_EDGE('',*,*,#2408,.T.);
#2410=CARTESIAN_POINT('',(-12.,19.407230559,33.312755798));
#2411=VERTEX_POINT('',#2410);
#2412=CARTESIAN_POINT('',(-12.,19.273533424,33.312755798));
#2413=DIRECTION('',(0.,1.,0.));
#2414=VECTOR('',#2413,0.133697135);
#2415=LINE('',#2412,#2414);
#2416=EDGE_CURVE('',#2403,#2411,#2415,.T.);
#2417=ORIENTED_EDGE('',*,*,#2416,.T.);
#2418=CARTESIAN_POINT('',(-12.,19.48840382,35.108117326));
#2419=VERTEX_POINT('',#2418);
#2420=CARTESIAN_POINT('',(-12.,19.407230559,33.312755798));
#2421=CARTESIAN_POINT('',(-12.,19.793997271,33.312755798));
#2422=CARTESIAN_POINT('',(-12.,19.958731241,33.503751705));
#2423=CARTESIAN_POINT('',(-12.,20.123465211,33.694747613));
#2424=CARTESIAN_POINT('',(-12.,20.123465211,34.224761255));
#2425=CARTESIAN_POINT('',(-12.,20.123465211,34.582878581));
#2426=CARTESIAN_POINT('',(-12.,19.98260573,34.783424284));
#2427=CARTESIAN_POINT('',(-12.,19.841746248,34.983969986));
#2428=CARTESIAN_POINT('',(-12.,19.48840382,35.108117326));
#2429=B_SPLINE_CURVE_WITH_KNOTS('',2,(#2420,#2421,#2422,#2423,#2424,#2425,#2426,#2427,#2428),.UNSPECIFIED.,.F.,.F.,(3,2,2,2,3),(0.,0.298387097,0.596774194,0.798387097,1.),.UNSPECIFIED.);
#2430=EDGE_CURVE('',#2411,#2419,#2429,.T.);
#2431=ORIENTED_EDGE('',*,*,#2430,.T.);
#2432=CARTESIAN_POINT('',(-12.,19.708049113,36.325716235));
#2433=VERTEX_POINT('',#2432);
#2434=CARTESIAN_POINT('',(-12.,19.48840382,35.108117326));
#2435=DIRECTION('',(0.,0.177526802,0.984115966));
#2436=VECTOR('',#2435,1.237251453);
#2437=LINE('',#2434,#2436);
#2438=EDGE_CURVE('',#2419,#2433,#2437,.T.);
#2439=ORIENTED_EDGE('',*,*,#2438,.T.);
#2440=CARTESIAN_POINT('',(-12.,19.197135061,31.994884038));
#2441=VERTEX_POINT('',#2440);
#2442=CARTESIAN_POINT('',(-12.,19.708049113,36.325716235));
#2443=CARTESIAN_POINT('',(-12.,20.443383356,36.120395634));
#2444=CARTESIAN_POINT('',(-12.,20.796725784,35.619031378));
#2445=CARTESIAN_POINT('',(-12.,21.150068213,35.117667121));
#2446=CARTESIAN_POINT('',(-12.,21.150068213,34.129263302));
#2447=CARTESIAN_POINT('',(-12.,21.150068213,33.231582538));
#2448=CARTESIAN_POINT('',(-12.,20.937585266,32.792291951));
#2449=CARTESIAN_POINT('',(-12.,20.725102319,32.353001364));
#2450=CARTESIAN_POINT('',(-12.,20.398021828,32.173942701));
#2451=CARTESIAN_POINT('',(-12.,20.070941337,31.994884038));
#2452=CARTESIAN_POINT('',(-12.,19.197135061,31.994884038));
#2453=B_SPLINE_CURVE_WITH_KNOTS('',2,(#2442,#2443,#2444,#2445,#2446,#2447,#2448,#2449,#2450,#2451,#2452),.UNSPECIFIED.,.F.,.F.,(3,2,2,2,2,3),(0.,0.211656442,0.423312883,0.615541922,0.807770961,1.),.UNSPECIFIED.);
#2454=EDGE_CURVE('',#2433,#2441,#2453,.T.);
#2455=ORIENTED_EDGE('',*,*,#2454,.T.);
#2456=CARTESIAN_POINT('',(-12.,17.630968622,32.009208731));
#2457=VERTEX_POINT('',#2456);
#2458=CARTESIAN_POINT('',(-12.,19.197135061,31.994884038));
#2459=DIRECTION('',(-0.,-0.999958175,0.009145959));
#2460=VECTOR('',#2459,1.566231947);
#2461=LINE('',#2458,#2460);
#2462=EDGE_CURVE('',#2441,#2457,#2461,.T.);
#2463=ORIENTED_EDGE('',*,*,#2462,.T.);
#2464=CARTESIAN_POINT('',(-12.,15.964529332,31.70361528));
#2465=VERTEX_POINT('',#2464);
#2466=CARTESIAN_POINT('',(-12.,17.630968622,32.009208731));
#2467=CARTESIAN_POINT('',(-12.,16.962482947,32.009208731));
#2468=CARTESIAN_POINT('',(-12.,16.644952251,31.944747613));
#2469=CARTESIAN_POINT('',(-12.,16.327421555,31.880286494));
#2470=CARTESIAN_POINT('',(-12.,15.964529332,31.70361528));
#2471=B_SPLINE_CURVE_WITH_KNOTS('',2,(#2466,#2467,#2468,#2469,#2470),.UNSPECIFIED.,.F.,.F.,(3,2,3),(0.,0.5,1.),.UNSPECIFIED.);
#2472=EDGE_CURVE('',#2457,#2465,#2471,.T.);
#2473=ORIENTED_EDGE('',*,*,#2472,.T.);
#2474=CARTESIAN_POINT('',(-12.,15.964529332,31.70361528));
#2475=DIRECTION('',(0.,-0.,1.));
#2476=VECTOR('',#2475,1.327421555);
#2477=LINE('',#2474,#2476);
#2478=EDGE_CURVE('',#2465,#2365,#2477,.T.);
#2479=ORIENTED_EDGE('',*,*,#2478,.T.);
#2480=EDGE_LOOP('',(#2373,#2381,#2401,#2409,#2417,#2431,#2439,#2455,#2463,#2473,#2479));
#2481=FACE_BOUND('',#2480,.T.);
#2482=ORIENTED_EDGE('',*,*,#1943,.T.);
#2483=CARTESIAN_POINT('',(-12.,34.5,4.5));
#2484=VERTEX_POINT('',#2483);
#2485=CARTESIAN_POINT('',(-12.,9.5,4.5));
#2486=DIRECTION('',(0.,1.,0.));
#2487=VECTOR('',#2486,25.);
#2488=LINE('',#2485,#2487);
#2489=EDGE_CURVE('',#1931,#2484,#2488,.T.);
#2490=ORIENTED_EDGE('',*,*,#2489,.T.);
#2491=CARTESIAN_POINT('',(-12.,34.5,9.5));
#2492=VERTEX_POINT('',#2491);
#2493=CARTESIAN_POINT('',(-12.,34.5,4.5));
#2494=DIRECTION('',(0.,-0.,1.));
#2495=VECTOR('',#2494,5.);
#2496=LINE('',#2493,#2495);
#2497=EDGE_CURVE('',#2484,#2492,#2496,.T.);
#2498=ORIENTED_EDGE('',*,*,#2497,.T.);
#2499=CARTESIAN_POINT('',(-12.,34.5,9.5));
#2500=DIRECTION('',(-0.,-1.,-0.));
#2501=VECTOR('',#2500,8.);
#2502=LINE('',#2499,#2501);
#2503=EDGE_CURVE('',#2492,#1689,#2502,.T.);
#2504=ORIENTED_EDGE('',*,*,#2503,.T.);
#2505=ORIENTED_EDGE('',*,*,#1694,.T.);
#2506=ORIENTED_EDGE('',*,*,#1678,.T.);
#2507=ORIENTED_EDGE('',*,*,#1645,.T.);
#2508=ORIENTED_EDGE('',*,*,#1626,.T.);
#2509=ORIENTED_EDGE('',*,*,#1607,.T.);
#2510=ORIENTED_EDGE('',*,*,#1585,.T.);
#2511=EDGE_LOOP('',(#2482,#2490,#2498,#2504,#2505,#2506,#2507,#2508,#2509,#2510));
#2512=FACE_BOUND('',#2511,.T.);
#2513=ADVANCED_FACE('',(#2013,#2113,#2147,#2209,#2329,#2363,#2481,#2512),#1953,.T.);
#2514=CARTESIAN_POINT('',(31.,49.5,10.5));
#2515=DIRECTION('',(0.,-0.,1.));
#2516=DIRECTION('',(1.,-0.,-0.));
#2517=AXIS2_PLACEMENT_3D('',#2514,#2515,#2516);
#2518=CONICAL_SURFACE('',#2517,2.5,45.);
#2519=CARTESIAN_POINT('',(35.5,49.5,12.5));
#2520=VERTEX_POINT('',#2519);
#2521=CARTESIAN_POINT('',(33.5,49.5,10.5));
#2522=VERTEX_POINT('',#2521);
#2523=CARTESIAN_POINT('',(35.5,49.5,12.5));
#2524=DIRECTION('',(-0.707106781,0.,-0.707106781));
#2525=VECTOR('',#2524,2.828427125);
#2526=LINE('',#2523,#2525);
#2527=EDGE_CURVE('',#2520,#2522,#2526,.T.);
#2528=ORIENTED_EDGE('',*,*,#2527,.F.);
#2529=CARTESIAN_POINT('',(31.,49.5,12.5));
#2530=DIRECTION('',(-0.,0.,-1.));
#2531=DIRECTION('',(1.,-0.,-0.));
#2532=AXIS2_PLACEMENT_3D('',#2529,#2530,#2531);
#2533=CIRCLE('',#2532,4.5);
#2534=EDGE_CURVE('',#2520,#2520,#2533,.T.);
#2535=ORIENTED_EDGE('',*,*,#2534,.F.);
#2536=ORIENTED_EDGE('',*,*,#2527,.T.);
#2537=CARTESIAN_POINT('',(28.5,49.5,10.5));
#2538=VERTEX_POINT('',#2537);
#2539=CARTESIAN_POINT('',(31.,49.5,10.5));
#2540=DIRECTION('',(0.,-0.,1.));
#2541=DIRECTION('',(1.,-0.,-0.));
#2542=AXIS2_PLACEMENT_3D('',#2539,#2540,#2541);
#2543=CIRCLE('',#2542,2.5);
#2544=EDGE_CURVE('',#2538,#2522,#2543,.T.);
#2545=ORIENTED_EDGE('',*,*,#2544,.F.);
#2546=CARTESIAN_POINT('',(31.,49.5,10.5));
#2547=DIRECTION('',(0.,-0.,1.));
#2548=DIRECTION('',(1.,-0.,-0.));
#2549=AXIS2_PLACEMENT_3D('',#2546,#2547,#2548);
#2550=CIRCLE('',#2549,2.5);
#2551=EDGE_CURVE('',#2522,#2538,#2550,.T.);
#2552=ORIENTED_EDGE('',*,*,#2551,.F.);
#2553=EDGE_LOOP('',(#2528,#2535,#2536,#2545,#2552));
#2554=FACE_BOUND('',#2553,.T.);
#2555=ADVANCED_FACE('',(#2554),#2518,.F.);
#2556=CARTESIAN_POINT('',(41.,42.5,9.5));
#2557=DIRECTION('',(1.,-0.,-0.));
#2558=DIRECTION('',(0.,1.,0.));
#2559=AXIS2_PLACEMENT_3D('',#2556,#2557,#2558);
#2560=CYLINDRICAL_SURFACE('',#2559,3.);
#2561=CARTESIAN_POINT('',(29.,39.5,9.5));
#2562=VERTEX_POINT('',#2561);
#2563=CARTESIAN_POINT('',(-7.,39.5,9.5));
#2564=VERTEX_POINT('',#2563);
#2565=CARTESIAN_POINT('',(29.,39.5,9.5));
#2566=DIRECTION('',(-1.,0.,0.));
#2567=VECTOR('',#2566,36.);
#2568=LINE('',#2565,#2567);
#2569=EDGE_CURVE('',#2562,#2564,#2568,.T.);
#2570=ORIENTED_EDGE('',*,*,#2569,.F.);
#2571=CARTESIAN_POINT('',(29.,42.5,12.5));
#2572=VERTEX_POINT('',#2571);
#2573=CARTESIAN_POINT('',(29.,42.5,9.5));
#2574=DIRECTION('',(-1.,0.,-0.));
#2575=DIRECTION('',(-0.,-1.,0.));
#2576=AXIS2_PLACEMENT_3D('',#2573,#2574,#2575);
#2577=CIRCLE('',#2576,3.);
#2578=EDGE_CURVE('',#2562,#2572,#2577,.T.);
#2579=ORIENTED_EDGE('',*,*,#2578,.T.);
#2580=CARTESIAN_POINT('',(-7.,42.5,12.5));
#2581=VERTEX_POINT('',#2580);
#2582=CARTESIAN_POINT('',(-7.,42.5,12.5));
#2583=DIRECTION('',(1.,-0.,-0.));
#2584=VECTOR('',#2583,36.);
#2585=LINE('',#2582,#2584);
#2586=EDGE_CURVE('',#2581,#2572,#2585,.T.);
#2587=ORIENTED_EDGE('',*,*,#2586,.F.);
#2588=CARTESIAN_POINT('',(-7.,42.5,9.5));
#2589=DIRECTION('',(-1.,-0.,0.));
#2590=DIRECTION('',(-0.,0.,-1.));
#2591=AXIS2_PLACEMENT_3D('',#2588,#2589,#2590);
#2592=CIRCLE('',#2591,3.);
#2593=EDGE_CURVE('',#2564,#2581,#2592,.T.);
#2594=ORIENTED_EDGE('',*,*,#2593,.F.);
#2595=EDGE_LOOP('',(#2570,#2579,#2587,#2594));
#2596=FACE_BOUND('',#2595,.T.);
#2597=ADVANCED_FACE('',(#2596),#2560,.T.);
#2598=CARTESIAN_POINT('',(6.,56.5,9.5));
#2599=DIRECTION('',(-1.,0.,0.));
#2600=DIRECTION('',(-0.,-1.,0.));
#2601=AXIS2_PLACEMENT_3D('',#2598,#2599,#2600);
#2602=CYLINDRICAL_SURFACE('',#2601,3.);
#2603=CARTESIAN_POINT('',(34.,56.5,12.5));
#2604=VERTEX_POINT('',#2603);
#2605=CARTESIAN_POINT('',(-12.,56.5,12.5));
#2606=VERTEX_POINT('',#2605);
#2607=CARTESIAN_POINT('',(34.,56.5,12.5));
#2608=DIRECTION('',(-1.,0.,0.));
#2609=VECTOR('',#2608,46.);
#2610=LINE('',#2607,#2609);
#2611=EDGE_CURVE('',#2604,#2606,#2610,.T.);
#2612=ORIENTED_EDGE('',*,*,#2611,.F.);
#2613=CARTESIAN_POINT('',(34.,59.5,9.5));
#2614=VERTEX_POINT('',#2613);
#2615=CARTESIAN_POINT('',(34.,56.5,9.5));
#2616=DIRECTION('',(1.,0.,-0.));
#2617=DIRECTION('',(0.,0.,1.));
#2618=AXIS2_PLACEMENT_3D('',#2615,#2616,#2617);
#2619=CIRCLE('',#2618,3.);
#2620=EDGE_CURVE('',#2614,#2604,#2619,.T.);
#2621=ORIENTED_EDGE('',*,*,#2620,.F.);
#2622=CARTESIAN_POINT('',(-12.,59.5,9.5));
#2623=VERTEX_POINT('',#2622);
#2624=CARTESIAN_POINT('',(-12.,59.5,9.5));
#2625=DIRECTION('',(1.,-0.,-0.));
#2626=VECTOR('',#2625,46.);
#2627=LINE('',#2624,#2626);
#2628=EDGE_CURVE('',#2623,#2614,#2627,.T.);
#2629=ORIENTED_EDGE('',*,*,#2628,.F.);
#2630=CARTESIAN_POINT('',(-12.,56.5,9.5));
#2631=DIRECTION('',(1.,0.,-0.));
#2632=DIRECTION('',(0.,0.,1.));
#2633=AXIS2_PLACEMENT_3D('',#2630,#2631,#2632);
#2634=CIRCLE('',#2633,3.);
#2635=EDGE_CURVE('',#2623,#2606,#2634,.T.);
#2636=ORIENTED_EDGE('',*,*,#2635,.T.);
#2637=EDGE_LOOP('',(#2612,#2621,#2629,#2636));
#2638=FACE_BOUND('',#2637,.T.);
#2639=ADVANCED_FACE('',(#2638),#2602,.T.);
#2640=CARTESIAN_POINT('',(-9.,49.5,10.5));
#2641=DIRECTION('',(0.,-0.,1.));
#2642=DIRECTION('',(1.,-0.,-0.));
#2643=AXIS2_PLACEMENT_3D('',#2640,#2641,#2642);
#2644=CONICAL_SURFACE('',#2643,2.5,45.);
#2645=CARTESIAN_POINT('',(-4.5,49.5,12.5));
#2646=VERTEX_POINT('',#2645);
#2647=CARTESIAN_POINT('',(-6.5,49.5,10.5));
#2648=VERTEX_POINT('',#2647);
#2649=CARTESIAN_POINT('',(-4.5,49.5,12.5));
#2650=DIRECTION('',(-0.707106781,0.,-0.707106781));
#2651=VECTOR('',#2650,2.828427125);
#2652=LINE('',#2649,#2651);
#2653=EDGE_CURVE('',#2646,#2648,#2652,.T.);
#2654=ORIENTED_EDGE('',*,*,#2653,.F.);
#2655=CARTESIAN_POINT('',(-9.,49.5,12.5));
#2656=DIRECTION('',(-0.,0.,-1.));
#2657=DIRECTION('',(1.,-0.,-0.));
#2658=AXIS2_PLACEMENT_3D('',#2655,#2656,#2657);
#2659=CIRCLE('',#2658,4.5);
#2660=EDGE_CURVE('',#2646,#2646,#2659,.T.);
#2661=ORIENTED_EDGE('',*,*,#2660,.F.);
#2662=ORIENTED_EDGE('',*,*,#2653,.T.);
#2663=CARTESIAN_POINT('',(-11.5,49.5,10.5));
#2664=VERTEX_POINT('',#2663);
#2665=CARTESIAN_POINT('',(-9.,49.5,10.5));
#2666=DIRECTION('',(0.,-0.,1.));
#2667=DIRECTION('',(1.,-0.,-0.));
#2668=AXIS2_PLACEMENT_3D('',#2665,#2666,#2667);
#2669=CIRCLE('',#2668,2.5);
#2670=EDGE_CURVE('',#2664,#2648,#2669,.T.);
#2671=ORIENTED_EDGE('',*,*,#2670,.F.);
#2672=CARTESIAN_POINT('',(-9.,49.5,10.5));
#2673=DIRECTION('',(0.,-0.,1.));
#2674=DIRECTION('',(1.,-0.,-0.));
#2675=AXIS2_PLACEMENT_3D('',#2672,#2673,#2674);
#2676=CIRCLE('',#2675,2.5);
#2677=EDGE_CURVE('',#2648,#2664,#2676,.T.);
#2678=ORIENTED_EDGE('',*,*,#2677,.F.);
#2679=EDGE_LOOP('',(#2654,#2661,#2662,#2671,#2678));
#2680=FACE_BOUND('',#2679,.T.);
#2681=ADVANCED_FACE('',(#2680),#2644,.F.);
#2682=CARTESIAN_POINT('',(-12.,45.5,9.5));
#2683=DIRECTION('',(0.,-0.,1.));
#2684=DIRECTION('',(0.,-1.,-0.));
#2685=AXIS2_PLACEMENT_3D('',#2682,#2683,#2684);
#2686=TOROIDAL_SURFACE('',#2685,11.,3.);
#2687=CARTESIAN_POINT('',(-23.,45.5,12.5));
#2688=VERTEX_POINT('',#2687);
#2689=CARTESIAN_POINT('',(-23.,45.5,9.5));
#2690=DIRECTION('',(-0.,1.,0.));
#2691=DIRECTION('',(0.,0.,1.));
#2692=AXIS2_PLACEMENT_3D('',#2689,#2690,#2691);
#2693=CIRCLE('',#2692,3.);
#2694=EDGE_CURVE('',#1838,#2688,#2693,.T.);
#2695=ORIENTED_EDGE('',*,*,#2694,.T.);
#2696=CARTESIAN_POINT('',(-12.,45.5,12.5));
#2697=DIRECTION('',(0.,-0.,1.));
#2698=DIRECTION('',(0.,-1.,-0.));
#2699=AXIS2_PLACEMENT_3D('',#2696,#2697,#2698);
#2700=CIRCLE('',#2699,11.);
#2701=EDGE_CURVE('',#2606,#2688,#2700,.T.);
#2702=ORIENTED_EDGE('',*,*,#2701,.F.);
#2703=ORIENTED_EDGE('',*,*,#2635,.F.);
#2704=CARTESIAN_POINT('',(-12.,45.5,9.5));
#2705=DIRECTION('',(-0.,0.,-1.));
#2706=DIRECTION('',(0.,-1.,-0.));
#2707=AXIS2_PLACEMENT_3D('',#2704,#2705,#2706);
#2708=CIRCLE('',#2707,14.);
#2709=EDGE_CURVE('',#1838,#2623,#2708,.T.);
#2710=ORIENTED_EDGE('',*,*,#2709,.F.);
#2711=EDGE_LOOP('',(#2695,#2702,#2703,#2710));
#2712=FACE_BOUND('',#2711,.T.);
#2713=ADVANCED_FACE('',(#2712),#2686,.T.);
#2714=CARTESIAN_POINT('',(-7.,34.5,9.5));
#2715=DIRECTION('',(0.,-0.,1.));
#2716=DIRECTION('',(0.,-1.,-0.));
#2717=AXIS2_PLACEMENT_3D('',#2714,#2715,#2716);
#2718=TOROIDAL_SURFACE('',#2717,8.,3.);
#2719=CARTESIAN_POINT('',(-14.422320739,37.484820739,12.5));
#2720=VERTEX_POINT('',#2719);
#2721=CARTESIAN_POINT('',(-7.,34.5,12.5));
#2722=DIRECTION('',(-0.,0.,-1.));
#2723=DIRECTION('',(0.,-1.,-0.));
#2724=AXIS2_PLACEMENT_3D('',#2721,#2722,#2723);
#2725=CIRCLE('',#2724,8.);
#2726=EDGE_CURVE('',#2720,#2581,#2725,.T.);
#2727=ORIENTED_EDGE('',*,*,#2726,.F.);
#2728=CARTESIAN_POINT('',(-12.940954245,34.5,11.681818182));
#2729=VERTEX_POINT('',#2728);
#2730=CARTESIAN_POINT('',(-14.422320739,37.484820739,12.5));
#2731=CARTESIAN_POINT('',(-14.313185078,37.54668726,12.5));
#2732=CARTESIAN_POINT('',(-14.210344836,37.599928405,12.496953257));
#2733=CARTESIAN_POINT('',(-14.114363396,37.645896056,12.491839202));
#2734=CARTESIAN_POINT('',(-14.108364556,37.648769034,12.491519573));
#2735=CARTESIAN_POINT('',(-14.1006734,37.652432062,12.491097335));
#2736=CARTESIAN_POINT('',(-14.093853112,37.655657893,12.490709191));
#2737=CARTESIAN_POINT('',(-14.087032824,37.658883724,12.490321046));
#2738=CARTESIAN_POINT('',(-14.080229056,37.662081525,12.489921474));
#2739=CARTESIAN_POINT('',(-14.073441942,37.665251547,12.489510612));
#2740=CARTESIAN_POINT('',(-14.059867715,37.67159159,12.488688889));
#2741=CARTESIAN_POINT('',(-14.046360111,37.67782052,12.487822009));
#2742=CARTESIAN_POINT('',(-14.03292017,37.683940331,12.486911079));
#2743=CARTESIAN_POINT('',(-14.006040288,37.696179955,12.485089219));
#2744=CARTESIAN_POINT('',(-13.979431111,37.707983129,12.483091165));
#2745=CARTESIAN_POINT('',(-13.953100325,37.719365544,12.480925702));
#2746=CARTESIAN_POINT('',(-13.900438753,37.742130374,12.476594776));
#2747=CARTESIAN_POINT('',(-13.848891509,37.763212581,12.47159432));
#2748=CARTESIAN_POINT('',(-13.798510473,37.78273294,12.465993454));
#2749=CARTESIAN_POINT('',(-13.792212843,37.785172985,12.465293346));
#2750=CARTESIAN_POINT('',(-13.78453883,37.788124674,12.464426104));
#2751=CARTESIAN_POINT('',(-13.777607298,37.790767536,12.463627608));
#2752=CARTESIAN_POINT('',(-13.770675766,37.793410398,12.462829111));
#2753=CARTESIAN_POINT('',(-13.763780462,37.796018073,12.462020844));
#2754=CARTESIAN_POINT('',(-13.756921486,37.798591006,12.461203142));
#2755=CARTESIAN_POINT('',(-13.743203533,37.803736873,12.459567737));
#2756=CARTESIAN_POINT('',(-13.729630896,37.808743777,12.457894589));
#2757=CARTESIAN_POINT('',(-13.71620429,37.813615201,12.456186327));
#2758=CARTESIAN_POINT('',(-13.689351077,37.823358047,12.452769803));
#2759=CARTESIAN_POINT('',(-13.66308208,37.832559069,12.449212871));
#2760=CARTESIAN_POINT('',(-13.637401868,37.8412449,12.445536002));
#2761=CARTESIAN_POINT('',(-13.624561762,37.845587815,12.443697567));
#2762=CARTESIAN_POINT('',(-13.609378892,37.850628246,12.441462411));
#2763=CARTESIAN_POINT('',(-13.595530834,37.855125516,12.439358644));
#2764=CARTESIAN_POINT('',(-13.581682776,37.859622786,12.437254877));
#2765=CARTESIAN_POINT('',(-13.567943959,37.863991422,12.435107025));
#2766=CARTESIAN_POINT('',(-13.55431517,37.868234265,12.432916754));
#2767=CARTESIAN_POINT('',(-13.52705759,37.876719952,12.428536212));
#2768=CARTESIAN_POINT('',(-13.500240188,37.884702531,12.423986013));
#2769=CARTESIAN_POINT('',(-13.473868334,37.892204011,12.419279305));
#2770=CARTESIAN_POINT('',(-13.467275371,37.89407938,12.418102628));
#2771=CARTESIAN_POINT('',(-13.459302485,37.896319868,12.416661533));
#2772=CARTESIAN_POINT('',(-13.452089088,37.8983175,12.415338267));
#2773=CARTESIAN_POINT('',(-13.444875691,37.900315133,12.414015002));
#2774=CARTESIAN_POINT('',(-13.437708667,37.902272757,12.412682292));
#2775=CARTESIAN_POINT('',(-13.430588067,37.904190929,12.411340563));
#2776=CARTESIAN_POINT('',(-13.416346867,37.908027274,12.408657106));
#2777=CARTESIAN_POINT('',(-13.402291373,37.911705822,12.405937574));
#2778=CARTESIAN_POINT('',(-13.388421907,37.915230907,12.403185309));
#2779=CARTESIAN_POINT('',(-13.360682976,37.922281075,12.397680779));
#2780=CARTESIAN_POINT('',(-13.33368827,37.928717547,12.392045386));
#2781=CARTESIAN_POINT('',(-13.307438904,37.934573046,12.386305044));
#2782=CARTESIAN_POINT('',(-13.300876563,37.936036921,12.384869958));
#2783=CARTESIAN_POINT('',(-13.292745721,37.937817898,12.383070725));
#2784=CARTESIAN_POINT('',(-13.285471261,37.939375662,12.381438033));
#2785=CARTESIAN_POINT('',(-13.278196801,37.940933426,12.37980534));
#2786=CARTESIAN_POINT('',(-13.270970443,37.942448282,12.378162429));
#2787=CARTESIAN_POINT('',(-13.263792225,37.943920818,12.376509709));
#2788=CARTESIAN_POINT('',(-13.24943579,37.946865891,12.373204269));
#2789=CARTESIAN_POINT('',(-13.235271924,37.949641694,12.369859597));
#2790=CARTESIAN_POINT('',(-13.22130082,37.9522528,12.36647892));
#2791=CARTESIAN_POINT('',(-13.19335861,37.957475011,12.359717565));
#2792=CARTESIAN_POINT('',(-13.166187573,37.962038606,12.352812252));
#2793=CARTESIAN_POINT('',(-13.13978766,37.965978029,12.345788082));
#2794=CARTESIAN_POINT('',(-13.086987836,37.973856874,12.331739741));
#2795=CARTESIAN_POINT('',(-13.025745929,37.980703536,12.313900772));
#2796=CARTESIAN_POINT('',(-12.972795399,37.98352911,12.296698921));
#2797=CARTESIAN_POINT('',(-12.91984487,37.986354684,12.279497071));
#2798=CARTESIAN_POINT('',(-12.860518331,37.985969415,12.258203166));
#2799=CARTESIAN_POINT('',(-12.807818497,37.981203488,12.236808404));
#2800=CARTESIAN_POINT('',(-12.755118663,37.976437561,12.215413642));
#2801=CARTESIAN_POINT('',(-12.697787074,37.965760139,12.189162744));
#2802=CARTESIAN_POINT('',(-12.650662386,37.949047349,12.163815944));
#2803=CARTESIAN_POINT('',(-12.603537698,37.932334559,12.138469145));
#2804=CARTESIAN_POINT('',(-12.554344003,37.904326788,12.107036893));
#2805=CARTESIAN_POINT('',(-12.520119666,37.869273421,12.078817302));
#2806=CARTESIAN_POINT('',(-12.511563582,37.860510079,12.071762405));
#2807=CARTESIAN_POINT('',(-12.503100664,37.850481583,12.064246308));
#2808=CARTESIAN_POINT('',(-12.495516733,37.840016325,12.056933742));
#2809=CARTESIAN_POINT('',(-12.487932802,37.829551067,12.049621176));
#2810=CARTESIAN_POINT('',(-12.481256335,37.818813907,12.042590259));
#2811=CARTESIAN_POINT('',(-12.475100833,37.807298272,12.035492508));
#2812=CARTESIAN_POINT('',(-12.46278983,37.784267002,12.021297005));
#2813=CARTESIAN_POINT('',(-12.453564896,37.759845044,12.00793112));
#2814=CARTESIAN_POINT('',(-12.447040238,37.733811371,11.995317107));
#2815=CARTESIAN_POINT('',(-12.443777908,37.720794535,11.9890101));
#2816=CARTESIAN_POINT('',(-12.441374469,37.708558541,11.983404681));
#2817=CARTESIAN_POINT('',(-12.439343666,37.695220178,11.977596482));
#2818=CARTESIAN_POINT('',(-12.437312863,37.681881814,11.971788283));
#2819=CARTESIAN_POINT('',(-12.435811845,37.668068109,11.966081117));
#2820=CARTESIAN_POINT('',(-12.434825129,37.653775608,11.960481639));
#2821=CARTESIAN_POINT('',(-12.434331772,37.646629357,11.9576819));
#2822=CARTESIAN_POINT('',(-12.43403904,37.64075744,11.955442263));
#2823=CARTESIAN_POINT('',(-12.433801275,37.634072722,11.952945605));
#2824=CARTESIAN_POINT('',(-12.433563509,37.627388005,11.950448946));
#2825=CARTESIAN_POINT('',(-12.433428733,37.620586104,11.947967793));
#2826=CARTESIAN_POINT('',(-12.433395312,37.61366668,11.945502593));
#2827=CARTESIAN_POINT('',(-12.433328468,37.599827833,11.940572191));
#2828=CARTESIAN_POINT('',(-12.433667089,37.585518947,11.935705609));
#2829=CARTESIAN_POINT('',(-12.434397548,37.570736665,11.930906297));
#2830=CARTESIAN_POINT('',(-12.437319387,37.511607537,11.911709048));
#2831=CARTESIAN_POINT('',(-12.444303102,37.46115982,11.898030345));
#2832=CARTESIAN_POINT('',(-12.454934561,37.402761671,11.88424735));
#2833=CARTESIAN_POINT('',(-12.456263494,37.395461903,11.882524475));
#2834=CARTESIAN_POINT('',(-12.457408704,37.38938064,11.881118355));
#2835=CARTESIAN_POINT('',(-12.458726496,37.382554467,11.879565776));
#2836=CARTESIAN_POINT('',(-12.460044288,37.375728293,11.878013197));
#2837=CARTESIAN_POINT('',(-12.461415534,37.36881157,11.876468601));
#2838=CARTESIAN_POINT('',(-12.462839128,37.361803952,11.874932098));
#2839=CARTESIAN_POINT('',(-12.465686315,37.347788715,11.871859091));
#2840=CARTESIAN_POINT('',(-12.46874292,37.333409912,11.868818454));
#2841=CARTESIAN_POINT('',(-12.471999755,37.318664568,11.865811041));
#2842=CARTESIAN_POINT('',(-12.473628172,37.311291896,11.864307335));
#2843=CARTESIAN_POINT('',(-12.474912586,37.305583392,11.863164266));
#2844=CARTESIAN_POINT('',(-12.476444978,37.298852504,11.861833923));
#2845=CARTESIAN_POINT('',(-12.47797737,37.292121616,11.860503579));
#2846=CARTESIAN_POINT('',(-12.479559964,37.285263783,11.859168592));
#2847=CARTESIAN_POINT('',(-12.481191358,37.278278752,11.857828941));
#2848=CARTESIAN_POINT('',(-12.484454147,37.264308691,11.855149638));
#2849=CARTESIAN_POINT('',(-12.48791219,37.249829853,11.85245168));
#2850=CARTESIAN_POINT('',(-12.491553647,37.234840062,11.849734904));
#2851=CARTESIAN_POINT('',(-12.493374376,37.227345166,11.848376516));
#2852=CARTESIAN_POINT('',(-12.494835131,37.221384163,11.847311484));
#2853=CARTESIAN_POINT('',(-12.496505916,37.214608806,11.846114332));
#2854=CARTESIAN_POINT('',(-12.498176701,37.207833449,11.84491718));
#2855=CARTESIAN_POINT('',(-12.499867381,37.201026413,11.843729761));
#2856=CARTESIAN_POINT('',(-12.501577551,37.194187476,11.842552157));
#2857=CARTESIAN_POINT('',(-12.504997893,37.180509601,11.840196949));
#2858=CARTESIAN_POINT('',(-12.508496202,37.166704121,11.837881003));
#2859=CARTESIAN_POINT('',(-12.512069203,37.152769232,11.835604956));
#2860=CARTESIAN_POINT('',(-12.519215206,37.124899452,11.831052863));
#2861=CARTESIAN_POINT('',(-12.526660037,37.096512056,11.826660392));
#2862=CARTESIAN_POINT('',(-12.534376797,37.067592276,11.822432304));
#2863=CARTESIAN_POINT('',(-12.538235176,37.053132386,11.820318261));
#2864=CARTESIAN_POINT('',(-12.541541319,37.040846638,11.818573583));
#2865=CARTESIAN_POINT('',(-12.545227549,37.027225336,11.816685732));
#2866=CARTESIAN_POINT('',(-12.548913779,37.013604033,11.814797882));
#2867=CARTESIAN_POINT('',(-12.552668066,36.999816555,11.812937822));
#2868=CARTESIAN_POINT('',(-12.556486553,36.985861318,11.811105893));
#2869=CARTESIAN_POINT('',(-12.564123527,36.957950845,11.807442035));
#2870=CARTESIAN_POINT('',(-12.572017397,36.929369353,11.803890713));
#2871=CARTESIAN_POINT('',(-12.580136147,36.900103901,11.800454495));
#2872=CARTESIAN_POINT('',(-12.582165834,36.892787538,11.799595441));
#2873=CARTESIAN_POINT('',(-12.583775511,36.886991982,11.798924784));
#2874=CARTESIAN_POINT('',(-12.585621474,36.880349116,11.798164508));
#2875=CARTESIAN_POINT('',(-12.587467436,36.87370625,11.797404232));
#2876=CARTESIAN_POINT('',(-12.589330716,36.867005388,11.796647015));
#2877=CARTESIAN_POINT('',(-12.591210691,36.860246347,11.795892872));
#2878=CARTESIAN_POINT('',(-12.594970642,36.846728265,11.794384585));
#2879=CARTESIAN_POINT('',(-12.598797388,36.832977473,11.792888594));
#2880=CARTESIAN_POINT('',(-12.602685825,36.818992506,11.791405023));
#2881=CARTESIAN_POINT('',(-12.6104627,36.791022571,11.788437881));
#2882=CARTESIAN_POINT('',(-12.618486524,36.762115949,11.78552042));
#2883=CARTESIAN_POINT('',(-12.626714332,36.732260712,11.782653591));
#2884=CARTESIAN_POINT('',(-12.628771284,36.724796903,11.781936884));
#2885=CARTESIAN_POINT('',(-12.630178785,36.719681427,11.781452063));
#2886=CARTESIAN_POINT('',(-12.631946171,36.713248193,11.780847105));
#2887=CARTESIAN_POINT('',(-12.633713557,36.70681496,11.780242147));
#2888=CARTESIAN_POINT('',(-12.635504067,36.700285933,11.77963439));
#2889=CARTESIAN_POINT('',(-12.637316726,36.693660913,11.779023828));
#2890=CARTESIAN_POINT('',(-12.640942044,36.680410874,11.777802702));
#2891=CARTESIAN_POINT('',(-12.644655983,36.666776865,11.776570351));
#2892=CARTESIAN_POINT('',(-12.648450391,36.65275726,11.775326711));
#2893=CARTESIAN_POINT('',(-12.656039206,36.624718049,11.772839432));
#2894=CARTESIAN_POINT('',(-12.663950359,36.595136455,11.770306999));
#2895=CARTESIAN_POINT('',(-12.672113014,36.563999263,11.767728896));
#2896=CARTESIAN_POINT('',(-12.674153678,36.556214965,11.767084371));
#2897=CARTESIAN_POINT('',(-12.675576402,36.550766385,11.766638139));
#2898=CARTESIAN_POINT('',(-12.677309984,36.544109425,11.76609677));
#2899=CARTESIAN_POINT('',(-12.679043566,36.537452465,11.765555401));
#2900=CARTESIAN_POINT('',(-12.680778314,36.530768469,11.765016708));
#2901=CARTESIAN_POINT('',(-12.682513954,36.524057368,11.7644807));
#2902=CARTESIAN_POINT('',(-12.685985234,36.510635166,11.763408684));
#2903=CARTESIAN_POINT('',(-12.689460081,36.497104545,11.762347408));
#2904=CARTESIAN_POINT('',(-12.692936255,36.483464969,11.761296937));
#2905=CARTESIAN_POINT('',(-12.699888605,36.456185818,11.759195994));
#2906=CARTESIAN_POINT('',(-12.706846306,36.428470834,11.757138277));
#2907=CARTESIAN_POINT('',(-12.71379099,36.400315879,11.755124301));
#2908=CARTESIAN_POINT('',(-12.72768036,36.34400597,11.751096349));
#2909=CARTESIAN_POINT('',(-12.741518293,36.285935895,11.747243385));
#2910=CARTESIAN_POINT('',(-12.755150357,36.226075452,11.743569226));
#2911=CARTESIAN_POINT('',(-12.782414485,36.106354566,11.736220909));
#2912=CARTESIAN_POINT('',(-12.803359397,36.005829477,11.73097732));
#2913=CARTESIAN_POINT('',(-12.82543003,35.885997386,11.725312834));
#2914=CARTESIAN_POINT('',(-12.826809444,35.87850788,11.724958803));
#2915=CARTESIAN_POINT('',(-12.827920339,35.872425222,11.724673567));
#2916=CARTESIAN_POINT('',(-12.829157374,35.865605383,11.724355778));
#2917=CARTESIAN_POINT('',(-12.830394409,35.858785543,11.724037989));
#2918=CARTESIAN_POINT('',(-12.831625955,35.851943192,11.723721431));
#2919=CARTESIAN_POINT('',(-12.832851786,35.845078317,11.723406106));
#2920=CARTESIAN_POINT('',(-12.835303449,35.831348567,11.722775455));
#2921=CARTESIAN_POINT('',(-12.837732253,35.817528718,11.722149736));
#2922=CARTESIAN_POINT('',(-12.840136368,35.803618669,11.721528963));
#2923=CARTESIAN_POINT('',(-12.844944598,35.775798573,11.720287418));
#2924=CARTESIAN_POINT('',(-12.849654095,35.747617661,11.719065663));
#2925=CARTESIAN_POINT('',(-12.854249923,35.719075361,11.717863826));
#2926=CARTESIAN_POINT('',(-12.863441579,35.66199076,11.715460151));
#2927=CARTESIAN_POINT('',(-12.872178939,35.603460255,11.713136153));
#2928=CARTESIAN_POINT('',(-12.880337928,35.54348314,11.710892801));
#2929=CARTESIAN_POINT('',(-12.881357801,35.535986,11.710612382));
#2930=CARTESIAN_POINT('',(-12.882162939,35.529995708,11.710390031));
#2931=CARTESIAN_POINT('',(-12.883066395,35.52320886,11.710139594));
#2932=CARTESIAN_POINT('',(-12.883969851,35.516422012,11.709889156));
#2933=CARTESIAN_POINT('',(-12.884867177,35.509606407,11.709639351));
#2934=CARTESIAN_POINT('',(-12.885758082,35.502762039,11.709390179));
#2935=CARTESIAN_POINT('',(-12.887539893,35.489073304,11.708891835));
#2936=CARTESIAN_POINT('',(-12.889296022,35.475269517,11.708396023));
#2937=CARTESIAN_POINT('',(-12.89102411,35.461350656,11.70790275));
#2938=CARTESIAN_POINT('',(-12.894480286,35.433512934,11.706916203));
#2939=CARTESIAN_POINT('',(-12.897824335,35.405214886,11.705939812));
#2940=CARTESIAN_POINT('',(-12.901036909,35.376456633,11.704973627));
#2941=CARTESIAN_POINT('',(-12.907462058,35.318940127,11.703041258));
#2942=CARTESIAN_POINT('',(-12.913361918,35.259582299,11.70114972));
#2943=CARTESIAN_POINT('',(-12.918574354,35.198389661,11.699299415));
#2944=CARTESIAN_POINT('',(-12.919225909,35.190740582,11.699068127));
#2945=CARTESIAN_POINT('',(-12.919697729,35.185085326,11.698898312));
#2946=CARTESIAN_POINT('',(-12.920246927,35.178403132,11.698698631));
#2947=CARTESIAN_POINT('',(-12.920796126,35.171720938,11.69849895));
#2948=CARTESIAN_POINT('',(-12.921336933,35.165018731,11.698299849));
#2949=CARTESIAN_POINT('',(-12.921869149,35.158296528,11.698101329));
#2950=CARTESIAN_POINT('',(-12.922933582,35.144852121,11.69770429));
#2951=CARTESIAN_POINT('',(-12.923963651,35.131327725,11.697309574));
#2952=CARTESIAN_POINT('',(-12.92495775,35.117723479,11.696917187));
#2953=CARTESIAN_POINT('',(-12.926945947,35.090514986,11.696132412));
#2954=CARTESIAN_POINT('',(-12.928790278,35.062987071,11.695356952));
#2955=CARTESIAN_POINT('',(-12.930477664,35.035141073,11.694590843));
#2956=CARTESIAN_POINT('',(-12.933852437,34.979449078,11.693058623));
#2957=CARTESIAN_POINT('',(-12.936599701,34.922484402,11.691563808));
#2958=CARTESIAN_POINT('',(-12.938611483,34.864261729,11.690106675));
#2959=CARTESIAN_POINT('',(-12.942635047,34.747816382,11.687192411));
#2960=CARTESIAN_POINT('',(-12.943720625,34.626332352,11.684428895));
#2961=CARTESIAN_POINT('',(-12.940954245,34.5,11.681818182));
#2962=B_SPLINE_CURVE_WITH_KNOTS('',3,(#2730,#2731,#2732,#2733,#2734,#2735,#2736,#2737,#2738,#2739,#2740,#2741,#2742,#2743,#2744,#2745,#2746,#2747,#2748,#2749,#2750,#2751,#2752,#2753,#2754,#2755,
#2756,#2757,#2758,#2759,#2760,#2761,#2762,#2763,#2764,#2765,#2766,#2767,#2768,#2769,#2770,#2771,#2772,#2773,#2774,#2775,#2776,#2777,#2778,#2779,#2780,
#2781,#2782,#2783,#2784,#2785,#2786,#2787,#2788,#2789,#2790,#2791,#2792,#2793,#2794,#2795,#2796,#2797,#2798,#2799,#2800,#2801,#2802,#2803,#2804,#2805,
#2806,#2807,#2808,#2809,#2810,#2811,#2812,#2813,#2814,#2815,#2816,#2817,#2818,#2819,#2820,#2821,#2822,#2823,#2824,#2825,#2826,#2827,#2828,#2829,#2830,
#2831,#2832,#2833,#2834,#2835,#2836,#2837,#2838,#2839,#2840,#2841,#2842,#2843,#2844,#2845,#2846,#2847,#2848,#2849,#2850,#2851,#2852,#2853,#2854,#2855,
#2856,#2857,#2858,#2859,#2860,#2861,#2862,#2863,#2864,#2865,#2866,#2867,#2868,#2869,#2870,#2871,#2872,#2873,#2874,#2875,#2876,#2877,#2878,#2879,#2880,
#2881,#2882,#2883,#2884,#2885,#2886,#2887,#2888,#2889,#2890,#2891,#2892,#2893,#2894,#2895,#2896,#2897,#2898,#2899,#2900,#2901,#2902,#2903,#2904,#2905,
#2906,#2907,#2908,#2909,#2910,#2911,#2912,#2913,#2914,#2915,#2916,#2917,#2918,#2919,#2920,#2921,#2922,#2923,#2924,#2925,#2926,#2927,#2928,#2929,#2930,
#2931,#2932,#2933,#2934,#2935,#2936,#2937,#2938,#2939,#2940,#2941,#2942,#2943,#2944,#2945,#2946,#2947,#2948,#2949,#2950,#2951,#2952,#2953,#2954,#2955,
#2956,#2957,#2958,#2959,#2960,#2961),.UNSPECIFIED.,.F.,.F.,(4,3,3,3,3,3,3,3,3,3,3,3,3,3,3,3,3,3,3,3,3,3,3,3,3,3,
3,3,3,3,3,3,3,3,3,3,3,3,3,3,3,3,3,3,3,3,3,3,3,3,3,
3,3,3,3,3,3,3,3,3,3,3,3,3,3,3,3,3,3,3,3,3,3,3,3,3,
3,4),(0.,0.0625,0.06640625,0.0703125,0.078125,0.09375,0.125,0.12890625,0.1328125,0.140625,0.15625,0.1640625,0.171875,0.1875,0.19140625,0.1953125,0.203125,0.21875,0.22265625,0.2265625,0.234375,0.25,0.28125,0.3125,0.34375,0.375,
0.3828125,0.390625,0.40625,0.4140625,0.421875,0.42578125,0.4296875,0.4375,0.46875,0.47265625,0.4765625,0.484375,0.48828125,0.4921875,0.5,0.50390625,0.5078125,0.515625,0.53125,0.5390625,0.546875,0.5625,0.56640625,0.5703125,0.578125,
0.59375,0.59765625,0.6015625,0.609375,0.625,0.62890625,0.6328125,0.640625,0.65625,0.6875,0.75,0.75390625,0.7578125,0.765625,0.78125,0.8125,0.81640625,0.8203125,0.828125,0.84375,0.875,0.87890625,0.8828125,0.890625,0.90625,
0.9375,1.),.UNSPECIFIED.);
#2963=EDGE_CURVE('',#2720,#2729,#2962,.T.);
#2964=ORIENTED_EDGE('',*,*,#2963,.T.);
#2965=CARTESIAN_POINT('',(-15.,34.5,9.5));
#2966=DIRECTION('',(0.,-1.,0.));
#2967=DIRECTION('',(-0.,-0.,-1.));
#2968=AXIS2_PLACEMENT_3D('',#2965,#2966,#2967);
#2969=CIRCLE('',#2968,3.);
#2970=EDGE_CURVE('',#2492,#2729,#2969,.T.);
#2971=ORIENTED_EDGE('',*,*,#2970,.F.);
#2972=CARTESIAN_POINT('',(-7.,34.5,9.5));
#2973=DIRECTION('',(0.,-0.,1.));
#2974=DIRECTION('',(0.,-1.,-0.));
#2975=AXIS2_PLACEMENT_3D('',#2972,#2973,#2974);
#2976=CIRCLE('',#2975,5.);
#2977=EDGE_CURVE('',#2564,#2492,#2976,.T.);
#2978=ORIENTED_EDGE('',*,*,#2977,.F.);
#2979=ORIENTED_EDGE('',*,*,#2593,.T.);
#2980=EDGE_LOOP('',(#2727,#2964,#2971,#2978,#2979));
#2981=FACE_BOUND('',#2980,.T.);
#2982=ADVANCED_FACE('',(#2981),#2718,.T.);
#2983=CARTESIAN_POINT('',(34.,45.5,9.5));
#2984=DIRECTION('',(0.,-0.,1.));
#2985=DIRECTION('',(0.,-1.,-0.));
#2986=AXIS2_PLACEMENT_3D('',#2983,#2984,#2985);
#2987=TOROIDAL_SURFACE('',#2986,11.,3.);
#2988=ORIENTED_EDGE('',*,*,#2620,.T.);
#2989=CARTESIAN_POINT('',(45.,45.5,12.5));
#2990=VERTEX_POINT('',#2989);
#2991=CARTESIAN_POINT('',(34.,45.5,12.5));
#2992=DIRECTION('',(0.,-0.,1.));
#2993=DIRECTION('',(0.,-1.,-0.));
#2994=AXIS2_PLACEMENT_3D('',#2991,#2992,#2993);
#2995=CIRCLE('',#2994,11.);
#2996=EDGE_CURVE('',#2990,#2604,#2995,.T.);
#2997=ORIENTED_EDGE('',*,*,#2996,.F.);
#2998=CARTESIAN_POINT('',(45.,45.5,9.5));
#2999=DIRECTION('',(0.,-1.,0.));
#3000=DIRECTION('',(-0.,-0.,-1.));
#3001=AXIS2_PLACEMENT_3D('',#2998,#2999,#3000);
#3002=CIRCLE('',#3001,3.);
#3003=EDGE_CURVE('',#966,#2990,#3002,.T.);
#3004=ORIENTED_EDGE('',*,*,#3003,.F.);
#3005=CARTESIAN_POINT('',(34.,45.5,9.5));
#3006=DIRECTION('',(-0.,0.,-1.));
#3007=DIRECTION('',(0.,-1.,-0.));
#3008=AXIS2_PLACEMENT_3D('',#3005,#3006,#3007);
#3009=CIRCLE('',#3008,14.);
#3010=EDGE_CURVE('',#2614,#966,#3009,.T.);
#3011=ORIENTED_EDGE('',*,*,#3010,.F.);
#3012=EDGE_LOOP('',(#2988,#2997,#3004,#3011));
#3013=FACE_BOUND('',#3012,.T.);
#3014=ADVANCED_FACE('',(#3013),#2987,.T.);
#3015=CARTESIAN_POINT('',(29.,34.5,9.5));
#3016=DIRECTION('',(0.,-0.,1.));
#3017=DIRECTION('',(0.,-1.,-0.));
#3018=AXIS2_PLACEMENT_3D('',#3015,#3016,#3017);
#3019=TOROIDAL_SURFACE('',#3018,8.,3.);
#3020=CARTESIAN_POINT('',(34.940954245,34.5,11.681818182));
#3021=VERTEX_POINT('',#3020);
#3022=CARTESIAN_POINT('',(37.,34.5,9.5));
#3023=DIRECTION('',(-0.,1.,0.));
#3024=DIRECTION('',(0.,0.,1.));
#3025=AXIS2_PLACEMENT_3D('',#3022,#3023,#3024);
#3026=CIRCLE('',#3025,3.);
#3027=EDGE_CURVE('',#790,#3021,#3026,.T.);
#3028=ORIENTED_EDGE('',*,*,#3027,.T.);
#3029=CARTESIAN_POINT('',(36.422320739,37.484820739,12.5));
#3030=VERTEX_POINT('',#3029);
#3031=CARTESIAN_POINT('',(34.940954245,34.5,11.681818182));
#3032=CARTESIAN_POINT('',(34.946480268,34.752357069,11.687033251));
#3033=CARTESIAN_POINT('',(34.936703728,34.985302755,11.692859188));
#3034=CARTESIAN_POINT('',(34.918632942,35.197701446,11.69927861));
#3035=CARTESIAN_POINT('',(34.91806823,35.204338905,11.699479217));
#3036=CARTESIAN_POINT('',(34.917322235,35.212952434,11.699741056));
#3037=CARTESIAN_POINT('',(34.916651083,35.220535346,11.699973254));
#3038=CARTESIAN_POINT('',(34.915979931,35.228118258,11.700205453));
#3039=CARTESIAN_POINT('',(34.915298353,35.235672776,11.700438302));
#3040=CARTESIAN_POINT('',(34.91460667,35.243198881,11.7006718));
#3041=CARTESIAN_POINT('',(34.913223304,35.258251092,11.701138796));
#3042=CARTESIAN_POINT('',(34.911799516,35.273189651,11.701608389));
#3043=CARTESIAN_POINT('',(34.910337831,35.288014442,11.702080574));
#3044=CARTESIAN_POINT('',(34.90741446,35.317664023,11.703024943));
#3045=CARTESIAN_POINT('',(34.904339536,35.3468585,11.703979676));
#3046=CARTESIAN_POINT('',(34.901132807,35.37559729,11.704944723));
#3047=CARTESIAN_POINT('',(34.894719347,35.433074871,11.706874815));
#3048=CARTESIAN_POINT('',(34.887779273,35.488729313,11.70884616));
#3049=CARTESIAN_POINT('',(34.880463297,35.542561136,11.71085833));
#3050=CARTESIAN_POINT('',(34.879548799,35.549290114,11.711109851));
#3051=CARTESIAN_POINT('',(34.878418609,35.557517219,11.711419473));
#3052=CARTESIAN_POINT('',(34.877382922,35.564961786,11.711701945));
#3053=CARTESIAN_POINT('',(34.876347235,35.572406352,11.711984417));
#3054=CARTESIAN_POINT('',(34.875302734,35.5798286,11.712268155));
#3055=CARTESIAN_POINT('',(34.874249661,35.587228528,11.712553157));
#3056=CARTESIAN_POINT('',(34.872143516,35.602028384,11.713123162));
#3057=CARTESIAN_POINT('',(34.870003085,35.616738956,11.713698224));
#3058=CARTESIAN_POINT('',(34.867830293,35.631360244,11.714278329));
#3059=CARTESIAN_POINT('',(34.863484709,35.66060282,11.715438539));
#3060=CARTESIAN_POINT('',(34.859009704,35.689488237,11.716618919));
#3061=CARTESIAN_POINT('',(34.854420391,35.718016729,11.717819345));
#3062=CARTESIAN_POINT('',(34.845241765,35.775073714,11.720220197));
#3063=CARTESIAN_POINT('',(34.835606283,35.830702723,11.72270124));
#3064=CARTESIAN_POINT('',(34.825630355,35.884909298,11.725261421));
#3065=CARTESIAN_POINT('',(34.805678497,35.99332245,11.730381784));
#3066=CARTESIAN_POINT('',(34.780106591,36.116424687,11.736846175));
#3067=CARTESIAN_POINT('',(34.755421673,36.224884206,11.743496244));
#3068=CARTESIAN_POINT('',(34.753878866,36.231662926,11.743911873));
#3069=CARTESIAN_POINT('',(34.752014714,36.239811433,11.744415993));
#3070=CARTESIAN_POINT('',(34.750306623,36.247233535,11.744880068));
#3071=CARTESIAN_POINT('',(34.748598532,36.254655637,11.745344142));
#3072=CARTESIAN_POINT('',(34.746887469,36.262050083,11.745811015));
#3073=CARTESIAN_POINT('',(34.745173738,36.269416928,11.746280677));
#3074=CARTESIAN_POINT('',(34.741746276,36.284150618,11.747220002));
#3075=CARTESIAN_POINT('',(34.738308146,36.298773905,11.748170489));
#3076=CARTESIAN_POINT('',(34.734861756,36.313287248,11.749132078));
#3077=CARTESIAN_POINT('',(34.727968977,36.342313933,11.751055257));
#3078=CARTESIAN_POINT('',(34.721043198,36.370900826,11.753022847));
#3079=CARTESIAN_POINT('',(34.714103221,36.3990518,11.755034359));
#3080=CARTESIAN_POINT('',(34.700223268,36.455353747,11.759057382));
#3081=CARTESIAN_POINT('',(34.686287129,36.509911834,11.763256116));
#3082=CARTESIAN_POINT('',(34.672437925,36.56275964,11.767626322));
#3083=CARTESIAN_POINT('',(34.644739517,36.668455251,11.776366733));
#3084=CARTESIAN_POINT('',(34.609504565,36.794235633,11.78804191));
#3085=CARTESIAN_POINT('',(34.580514524,36.898722046,11.800288544));
#3086=CARTESIAN_POINT('',(34.578702647,36.905252446,11.801053959));
#3087=CARTESIAN_POINT('',(34.576473541,36.913294571,11.802008765));
#3088=CARTESIAN_POINT('',(34.574474188,36.920518551,11.802879822));
#3089=CARTESIAN_POINT('',(34.572474835,36.927742531,11.803750878));
#3090=CARTESIAN_POINT('',(34.57048974,36.934925058,11.804629219));
#3091=CARTESIAN_POINT('',(34.568519393,36.942066331,11.805514804));
#3092=CARTESIAN_POINT('',(34.5645787,36.956348879,11.807285974));
#3093=CARTESIAN_POINT('',(34.560697006,36.970466416,11.80908612));
#3094=CARTESIAN_POINT('',(34.556878168,36.984420538,11.810914911));
#3095=CARTESIAN_POINT('',(34.549240492,37.012328783,11.814572493));
#3096=CARTESIAN_POINT('',(34.541854327,37.039583394,11.818344668));
#3097=CARTESIAN_POINT('',(34.53474944,37.066196848,11.822228625));
#3098=CARTESIAN_POINT('',(34.531196997,37.079503575,11.824170604));
#3099=CARTESIAN_POINT('',(34.527099629,37.094973003,11.826488765));
#3100=CARTESIAN_POINT('',(34.523377908,37.109170993,11.828681072));
#3101=CARTESIAN_POINT('',(34.519656187,37.123368983,11.830873379));
#3102=CARTESIAN_POINT('',(34.516004349,37.137440864,11.83310698));
#3103=CARTESIAN_POINT('',(34.512425617,37.151388464,11.835381257));
#3104=CARTESIAN_POINT('',(34.505268154,37.179283663,11.839929812));
#3105=CARTESIAN_POINT('',(34.498403167,37.206681765,11.844641101));
#3106=CARTESIAN_POINT('',(34.491855812,37.233597065,11.849509839));
#3107=CARTESIAN_POINT('',(34.46566639,37.341258263,11.868984791));
#3108=CARTESIAN_POINT('',(34.440125094,37.461219715,11.895540067));
#3109=CARTESIAN_POINT('',(34.434523333,37.568264378,11.930105807));
#3110=CARTESIAN_POINT('',(34.431722453,37.62178671,11.947388676));
#3111=CARTESIAN_POINT('',(34.434345769,37.681417724,11.970145546));
#3112=CARTESIAN_POINT('',(34.446326379,37.730913264,11.993919025));
#3113=CARTESIAN_POINT('',(34.452316684,37.755661034,12.005805764));
#3114=CARTESIAN_POINT('',(34.461694302,37.781538194,12.019778234));
#3115=CARTESIAN_POINT('',(34.473596765,37.80444047,12.03374184));
#3116=CARTESIAN_POINT('',(34.485499228,37.827342746,12.047705446));
#3117=CARTESIAN_POINT('',(34.500339081,37.848520634,12.062310281));
#3118=CARTESIAN_POINT('',(34.517769261,37.866835171,12.076866924));
#3119=CARTESIAN_POINT('',(34.535199441,37.885149709,12.091423567));
#3120=CARTESIAN_POINT('',(34.554396431,37.900422948,12.10550102));
#3121=CARTESIAN_POINT('',(34.577220024,37.914436857,12.120429325));
#3122=CARTESIAN_POINT('',(34.58863182,37.921443812,12.127893477));
#3123=CARTESIAN_POINT('',(34.598839075,37.926913539,12.13422349));
#3124=CARTESIAN_POINT('',(34.610555469,37.932498101,12.14117714));
#3125=CARTESIAN_POINT('',(34.622271863,37.938082663,12.14813079));
#3126=CARTESIAN_POINT('',(34.63459599,37.943228589,12.15511849));
#3127=CARTESIAN_POINT('',(34.647536662,37.947925845,12.162128721));
#3128=CARTESIAN_POINT('',(34.654006998,37.950274473,12.165633836));
#3129=CARTESIAN_POINT('',(34.659417422,37.952105545,12.168502091));
#3130=CARTESIAN_POINT('',(34.665536926,37.954059898,12.171690405));
#3131=CARTESIAN_POINT('',(34.671656431,37.956014251,12.174878719));
#3132=CARTESIAN_POINT('',(34.677895587,37.957877933,12.178067785));
#3133=CARTESIAN_POINT('',(34.684255069,37.959649853,12.181256584));
#3134=CARTESIAN_POINT('',(34.696974034,37.963193694,12.187634182));
#3135=CARTESIAN_POINT('',(34.710174336,37.966370559,12.194010731));
#3136=CARTESIAN_POINT('',(34.723860999,37.969170927,12.200377847));
#3137=CARTESIAN_POINT('',(34.730704331,37.97057111,12.203561405));
#3138=CARTESIAN_POINT('',(34.736192377,37.97159834,12.206067397));
#3139=CARTESIAN_POINT('',(34.742559419,37.972708653,12.2089334));
#3140=CARTESIAN_POINT('',(34.74892646,37.973818966,12.211799403));
#3141=CARTESIAN_POINT('',(34.755427995,37.974860032,12.214679071));
#3142=CARTESIAN_POINT('',(34.762064783,37.975830829,12.2175709));
#3143=CARTESIAN_POINT('',(34.77533836,37.977772422,12.223354558));
#3144=CARTESIAN_POINT('',(34.789152968,37.979433014,12.229186903));
#3145=CARTESIAN_POINT('',(34.803514507,37.98080354,12.235055403));
#3146=CARTESIAN_POINT('',(34.810695277,37.981488803,12.237989653));
#3147=CARTESIAN_POINT('',(34.816613985,37.981984789,12.240370014));
#3148=CARTESIAN_POINT('',(34.82327273,37.982481743,12.243014007));
#3149=CARTESIAN_POINT('',(34.829931474,37.982978697,12.245658));
#3150=CARTESIAN_POINT('',(34.836662948,37.983412938,12.248292946));
#3151=CARTESIAN_POINT('',(34.843467316,37.983783641,12.250918324));
#3152=CARTESIAN_POINT('',(34.857076052,37.984525048,12.256169081));
#3153=CARTESIAN_POINT('',(34.870976381,37.985012333,12.261381572));
#3154=CARTESIAN_POINT('',(34.885169413,37.985238592,12.266551564));
#3155=CARTESIAN_POINT('',(34.899362445,37.985464852,12.271721556));
#3156=CARTESIAN_POINT('',(34.911849806,37.985432944,12.276141164));
#3157=CARTESIAN_POINT('',(34.925650363,37.985184594,12.280904312));
#3158=CARTESIAN_POINT('',(34.93945092,37.984936243,12.28566746));
#3159=CARTESIAN_POINT('',(34.95355888,37.984455418,12.290407776));
#3160=CARTESIAN_POINT('',(34.967975495,37.983735304,12.29511992));
#3161=CARTESIAN_POINT('',(35.025641953,37.980854847,12.313968497));
#3162=CARTESIAN_POINT('',(35.076065388,37.975337548,12.328740569));
#3163=CARTESIAN_POINT('',(35.134938273,37.966695762,12.344494137));
#3164=CARTESIAN_POINT('',(35.252684042,37.949412191,12.376001274));
#3165=CARTESIAN_POINT('',(35.351492323,37.926800713,12.39729944));
#3166=CARTESIAN_POINT('',(35.468778554,37.893647275,12.418367961));
#3167=CARTESIAN_POINT('',(35.476108943,37.891575185,12.419684744));
#3168=CARTESIAN_POINT('',(35.482021992,37.88988136,12.420732053));
#3169=CARTESIAN_POINT('',(35.488687476,37.887952093,12.421899446));
#3170=CARTESIAN_POINT('',(35.495352959,37.886022826,12.423066839));
#3171=CARTESIAN_POINT('',(35.502047594,37.884062569,12.424224391));
#3172=CARTESIAN_POINT('',(35.508771301,37.882070966,12.425371882));
#3173=CARTESIAN_POINT('',(35.522218717,37.87808776,12.427666863));
#3174=CARTESIAN_POINT('',(35.535782427,37.873979175,12.4299216));
#3175=CARTESIAN_POINT('',(35.549461744,37.869742315,12.432134318));
#3176=CARTESIAN_POINT('',(35.576820378,37.861268593,12.436559754));
#3177=CARTESIAN_POINT('',(35.604641521,37.852281835,12.440817133));
#3178=CARTESIAN_POINT('',(35.632918676,37.842758067,12.444892028));
#3179=CARTESIAN_POINT('',(35.639987964,37.840377126,12.445910752));
#3180=CARTESIAN_POINT('',(35.645841282,37.838385747,12.446741359));
#3181=CARTESIAN_POINT('',(35.652359583,37.836149985,12.447654584));
#3182=CARTESIAN_POINT('',(35.658877884,37.833914223,12.448567809));
#3183=CARTESIAN_POINT('',(35.665434162,37.831645253,12.449473298));
#3184=CARTESIAN_POINT('',(35.672028351,37.829342649,12.450370719));
#3185=CARTESIAN_POINT('',(35.68521673,37.824737441,12.45216556));
#3186=CARTESIAN_POINT('',(35.698556757,37.819997702,12.45392813));
#3187=CARTESIAN_POINT('',(35.712047821,37.815119939,12.455655733));
#3188=CARTESIAN_POINT('',(35.739029951,37.805364413,12.45911094));
#3189=CARTESIAN_POINT('',(35.766616342,37.795056901,12.462426329));
#3190=CARTESIAN_POINT('',(35.794800867,37.784168172,12.465579733));
#3191=CARTESIAN_POINT('',(35.801846998,37.781445989,12.466368084));
#3192=CARTESIAN_POINT('',(35.80743324,37.779270284,12.466981635));
#3193=CARTESIAN_POINT('',(35.813779845,37.776783005,12.467668653));
#3194=CARTESIAN_POINT('',(35.820126451,37.774295726,12.468355671));
#3195=CARTESIAN_POINT('',(35.826493305,37.771782807,12.469033349));
#3196=CARTESIAN_POINT('',(35.832880317,37.769243994,12.469701532));
#3197=CARTESIAN_POINT('',(35.845654339,37.764166368,12.471037897));
#3198=CARTESIAN_POINT('',(35.85850899,37.75898517,12.472336281));
#3199=CARTESIAN_POINT('',(35.871443488,37.753698353,12.473595435));
#3200=CARTESIAN_POINT('',(35.897312482,37.74312472,12.476113743));
#3201=CARTESIAN_POINT('',(35.923500917,37.732128642,12.478475139));
#3202=CARTESIAN_POINT('',(35.950001873,37.720693357,12.480669515));
#3203=CARTESIAN_POINT('',(36.003003786,37.697822787,12.485058266));
#3204=CARTESIAN_POINT('',(36.057256767,37.673195852,12.488779065));
#3205=CARTESIAN_POINT('',(36.112694287,37.646672602,12.491749348));
#3206=CARTESIAN_POINT('',(36.119623976,37.643357196,12.492120634));
#3207=CARTESIAN_POINT('',(36.124840453,37.640845513,12.492390397));
#3208=CARTESIAN_POINT('',(36.130950947,37.637889822,12.492698123));
#3209=CARTESIAN_POINT('',(36.137061441,37.63493413,12.493005849));
#3210=CARTESIAN_POINT('',(36.143196841,37.631950242,12.493304971));
#3211=CARTESIAN_POINT('',(36.149357038,37.628937863,12.493595277));
#3212=CARTESIAN_POINT('',(36.161677432,37.622913105,12.494175888));
#3213=CARTESIAN_POINT('',(36.174097018,37.616774383,12.49472123));
#3214=CARTESIAN_POINT('',(36.186614881,37.610519296,12.495229574));
#3215=CARTESIAN_POINT('',(36.211650606,37.598009122,12.496246261));
#3216=CARTESIAN_POINT('',(36.237079504,37.585033533,12.497114973));
#3217=CARTESIAN_POINT('',(36.262893402,37.571572745,12.497821589));
#3218=CARTESIAN_POINT('',(36.314521198,37.54465117,12.499234821));
#3219=CARTESIAN_POINT('',(36.367690279,37.515789503,12.5));
#3220=CARTESIAN_POINT('',(36.422320739,37.484820739,12.5));
#3221=B_SPLINE_CURVE_WITH_KNOTS('',3,(#3031,#3032,#3033,#3034,#3035,#3036,#3037,#3038,#3039,#3040,#3041,#3042,#3043,#3044,#3045,#3046,#3047,#3048,#3049,#3050,#3051,#3052,#3053,#3054,#3055,#3056,
#3057,#3058,#3059,#3060,#3061,#3062,#3063,#3064,#3065,#3066,#3067,#3068,#3069,#3070,#3071,#3072,#3073,#3074,#3075,#3076,#3077,#3078,#3079,#3080,#3081,
#3082,#3083,#3084,#3085,#3086,#3087,#3088,#3089,#3090,#3091,#3092,#3093,#3094,#3095,#3096,#3097,#3098,#3099,#3100,#3101,#3102,#3103,#3104,#3105,#3106,
#3107,#3108,#3109,#3110,#3111,#3112,#3113,#3114,#3115,#3116,#3117,#3118,#3119,#3120,#3121,#3122,#3123,#3124,#3125,#3126,#3127,#3128,#3129,#3130,#3131,
#3132,#3133,#3134,#3135,#3136,#3137,#3138,#3139,#3140,#3141,#3142,#3143,#3144,#3145,#3146,#3147,#3148,#3149,#3150,#3151,#3152,#3153,#3154,#3155,#3156,
#3157,#3158,#3159,#3160,#3161,#3162,#3163,#3164,#3165,#3166,#3167,#3168,#3169,#3170,#3171,#3172,#3173,#3174,#3175,#3176,#3177,#3178,#3179,#3180,#3181,
#3182,#3183,#3184,#3185,#3186,#3187,#3188,#3189,#3190,#3191,#3192,#3193,#3194,#3195,#3196,#3197,#3198,#3199,#3200,#3201,#3202,#3203,#3204,#3205,#3206,
#3207,#3208,#3209,#3210,#3211,#3212,#3213,#3214,#3215,#3216,#3217,#3218,#3219,#3220),.UNSPECIFIED.,.F.,.F.,(4,3,3,3,3,3,3,3,3,3,3,3,3,3,3,3,3,3,3,3,3,3,3,3,3,3,
3,3,3,3,3,3,3,3,3,3,3,3,3,3,3,3,3,3,3,3,3,3,3,3,3,
3,3,3,3,3,3,3,3,3,3,3,3,4),(0.,0.125,0.12890625,0.1328125,0.140625,0.15625,0.1875,0.19140625,0.1953125,0.203125,0.21875,0.25,0.3125,0.31640625,0.3203125,0.328125,0.34375,0.375,0.4375,0.44140625,0.4453125,0.453125,0.46875,0.4765625,0.484375,0.5,
0.5625,0.59375,0.609375,0.625,0.640625,0.6484375,0.65625,0.66015625,0.6640625,0.671875,0.67578125,0.6796875,0.6875,0.69140625,0.6953125,0.703125,0.7109375,0.71875,0.75,0.8125,0.81640625,0.8203125,0.828125,0.84375,0.84765625,
0.8515625,0.859375,0.875,0.87890625,0.8828125,0.890625,0.90625,0.9375,0.94140625,0.9453125,0.953125,0.96875,1.),.UNSPECIFIED.);
#3222=EDGE_CURVE('',#3021,#3030,#3221,.T.);
#3223=ORIENTED_EDGE('',*,*,#3222,.T.);
#3224=CARTESIAN_POINT('',(29.,34.5,12.5));
#3225=DIRECTION('',(-0.,0.,-1.));
#3226=DIRECTION('',(0.,-1.,-0.));
#3227=AXIS2_PLACEMENT_3D('',#3224,#3225,#3226);
#3228=CIRCLE('',#3227,8.);
#3229=EDGE_CURVE('',#2572,#3030,#3228,.T.);
#3230=ORIENTED_EDGE('',*,*,#3229,.F.);
#3231=ORIENTED_EDGE('',*,*,#2578,.F.);
#3232=CARTESIAN_POINT('',(29.,34.5,9.5));
#3233=DIRECTION('',(0.,-0.,1.));
#3234=DIRECTION('',(0.,-1.,-0.));
#3235=AXIS2_PLACEMENT_3D('',#3232,#3233,#3234);
#3236=CIRCLE('',#3235,5.);
#3237=EDGE_CURVE('',#790,#2562,#3236,.T.);
#3238=ORIENTED_EDGE('',*,*,#3237,.F.);
#3239=EDGE_LOOP('',(#3028,#3223,#3230,#3231,#3238));
#3240=FACE_BOUND('',#3239,.T.);
#3241=ADVANCED_FACE('',(#3240),#3019,.T.);
#3242=CARTESIAN_POINT('',(41.,4.5,12.5));
#3243=DIRECTION('',(0.,-0.,1.));
#3244=DIRECTION('',(0.,1.,0.));
#3245=AXIS2_PLACEMENT_3D('',#3242,#3243,#3244);
#3246=PLANE('',#3245);
#3247=ORIENTED_EDGE('',*,*,#2586,.T.);
#3248=ORIENTED_EDGE('',*,*,#3229,.T.);
#3249=CARTESIAN_POINT('',(37.,37.5,12.5));
#3250=VERTEX_POINT('',#3249);
#3251=CARTESIAN_POINT('',(37.,26.5,12.5));
#3252=DIRECTION('',(-0.,0.,-1.));
#3253=DIRECTION('',(0.,-1.,-0.));
#3254=AXIS2_PLACEMENT_3D('',#3251,#3252,#3253);
#3255=CIRCLE('',#3254,11.);
#3256=EDGE_CURVE('',#3030,#3250,#3255,.T.);
#3257=ORIENTED_EDGE('',*,*,#3256,.T.);
#3258=CARTESIAN_POINT('',(44.234567901,37.5,12.5));
#3259=VERTEX_POINT('',#3258);
#3260=CARTESIAN_POINT('',(37.,37.5,12.5));
#3261=DIRECTION('',(1.,-0.,-0.));
#3262=VECTOR('',#3261,7.234567901);
#3263=LINE('',#3260,#3262);
#3264=EDGE_CURVE('',#3250,#3259,#3263,.T.);
#3265=ORIENTED_EDGE('',*,*,#3264,.T.);
#3266=CARTESIAN_POINT('',(45.,37.5,12.5));
#3267=VERTEX_POINT('',#3266);
#3268=CARTESIAN_POINT('',(44.234567901,37.5,12.5));
#3269=DIRECTION('',(1.,-0.,-0.));
#3270=VECTOR('',#3269,0.765432099);
#3271=LINE('',#3268,#3270);
#3272=EDGE_CURVE('',#3259,#3267,#3271,.T.);
#3273=ORIENTED_EDGE('',*,*,#3272,.T.);
#3274=CARTESIAN_POINT('',(45.,37.5,12.5));
#3275=DIRECTION('',(0.,1.,0.));
#3276=VECTOR('',#3275,8.);
#3277=LINE('',#3274,#3276);
#3278=EDGE_CURVE('',#3267,#2990,#3277,.T.);
#3279=ORIENTED_EDGE('',*,*,#3278,.T.);
#3280=ORIENTED_EDGE('',*,*,#2996,.T.);
#3281=ORIENTED_EDGE('',*,*,#2611,.T.);
#3282=ORIENTED_EDGE('',*,*,#2701,.T.);
#3283=CARTESIAN_POINT('',(-23.,37.5,12.5));
#3284=VERTEX_POINT('',#3283);
#3285=CARTESIAN_POINT('',(-23.,45.5,12.5));
#3286=DIRECTION('',(-0.,-1.,-0.));
#3287=VECTOR('',#3286,8.);
#3288=LINE('',#3285,#3287);
#3289=EDGE_CURVE('',#2688,#3284,#3288,.T.);
#3290=ORIENTED_EDGE('',*,*,#3289,.T.);
#3291=CARTESIAN_POINT('',(-22.234567901,37.5,12.5));
#3292=VERTEX_POINT('',#3291);
#3293=CARTESIAN_POINT('',(-23.,37.5,12.5));
#3294=DIRECTION('',(1.,-0.,-0.));
#3295=VECTOR('',#3294,0.765432099);
#3296=LINE('',#3293,#3295);
#3297=EDGE_CURVE('',#3284,#3292,#3296,.T.);
#3298=ORIENTED_EDGE('',*,*,#3297,.T.);
#3299=CARTESIAN_POINT('',(-15.,37.5,12.5));
#3300=VERTEX_POINT('',#3299);
#3301=CARTESIAN_POINT('',(-22.234567901,37.5,12.5));
#3302=DIRECTION('',(1.,-0.,-0.));
#3303=VECTOR('',#3302,7.234567901);
#3304=LINE('',#3301,#3303);
#3305=EDGE_CURVE('',#3292,#3300,#3304,.T.);
#3306=ORIENTED_EDGE('',*,*,#3305,.T.);
#3307=CARTESIAN_POINT('',(-15.,26.5,12.5));
#3308=DIRECTION('',(-0.,0.,-1.));
#3309=DIRECTION('',(0.,-1.,-0.));
#3310=AXIS2_PLACEMENT_3D('',#3307,#3308,#3309);
#3311=CIRCLE('',#3310,11.);
#3312=EDGE_CURVE('',#3300,#2720,#3311,.T.);
#3313=ORIENTED_EDGE('',*,*,#3312,.T.);
#3314=ORIENTED_EDGE('',*,*,#2726,.T.);
#3315=EDGE_LOOP('',(#3247,#3248,#3257,#3265,#3273,#3279,#3280,#3281,#3282,#3290,#3298,#3306,#3313,#3314));
#3316=FACE_BOUND('',#3315,.T.);
#3317=ORIENTED_EDGE('',*,*,#2660,.T.);
#3318=EDGE_LOOP('',(#3317));
#3319=FACE_BOUND('',#3318,.T.);
#3320=ORIENTED_EDGE('',*,*,#2534,.T.);
#3321=EDGE_LOOP('',(#3320));
#3322=FACE_BOUND('',#3321,.T.);
#3323=ADVANCED_FACE('',(#3316,#3319,#3322),#3246,.T.);
#3324=CARTESIAN_POINT('',(31.,49.5,12.5));
#3325=DIRECTION('',(-0.,0.,-1.));
#3326=DIRECTION('',(-1.,0.,0.));
#3327=AXIS2_PLACEMENT_3D('',#3324,#3325,#3326);
#3328=CYLINDRICAL_SURFACE('',#3327,2.5);
#3329=CARTESIAN_POINT('',(28.5,49.5,4.5));
#3330=VERTEX_POINT('',#3329);
#3331=CARTESIAN_POINT('',(28.5,49.5,4.5));
#3332=DIRECTION('',(0.,-0.,1.));
#3333=VECTOR('',#3332,6.);
#3334=LINE('',#3331,#3333);
#3335=EDGE_CURVE('',#3330,#2538,#3334,.T.);
#3336=ORIENTED_EDGE('',*,*,#3335,.F.);
#3337=CARTESIAN_POINT('',(31.,47.,4.5));
#3338=VERTEX_POINT('',#3337);
#3339=CARTESIAN_POINT('',(31.,49.5,4.5));
#3340=DIRECTION('',(0.,-0.,1.));
#3341=DIRECTION('',(0.,-1.,-0.));
#3342=AXIS2_PLACEMENT_3D('',#3339,#3340,#3341);
#3343=CIRCLE('',#3342,2.5);
#3344=EDGE_CURVE('',#3338,#3330,#3343,.T.);
#3345=ORIENTED_EDGE('',*,*,#3344,.F.);
#3346=CARTESIAN_POINT('',(31.,49.5,4.5));
#3347=DIRECTION('',(0.,-0.,1.));
#3348=DIRECTION('',(0.,-1.,-0.));
#3349=AXIS2_PLACEMENT_3D('',#3346,#3347,#3348);
#3350=CIRCLE('',#3349,2.5);
#3351=EDGE_CURVE('',#3330,#3338,#3350,.T.);
#3352=ORIENTED_EDGE('',*,*,#3351,.F.);
#3353=ORIENTED_EDGE('',*,*,#3335,.T.);
#3354=ORIENTED_EDGE('',*,*,#2544,.T.);
#3355=ORIENTED_EDGE('',*,*,#2551,.T.);
#3356=EDGE_LOOP('',(#3336,#3345,#3352,#3353,#3354,#3355));
#3357=FACE_BOUND('',#3356,.T.);
#3358=ADVANCED_FACE('',(#3357),#3328,.F.);
#3359=CARTESIAN_POINT('',(6.,39.5,-26.5));
#3360=DIRECTION('',(-0.,-1.,-0.));
#3361=DIRECTION('',(1.,-0.,-0.));
#3362=AXIS2_PLACEMENT_3D('',#3359,#3360,#3361);
#3363=PLANE('',#3362);
#3364=CARTESIAN_POINT('',(-7.,39.5,4.5));
#3365=VERTEX_POINT('',#3364);
#3366=CARTESIAN_POINT('',(29.,39.5,4.5));
#3367=VERTEX_POINT('',#3366);
#3368=CARTESIAN_POINT('',(-7.,39.5,4.5));
#3369=DIRECTION('',(1.,-0.,-0.));
#3370=VECTOR('',#3369,36.);
#3371=LINE('',#3368,#3370);
#3372=EDGE_CURVE('',#3365,#3367,#3371,.T.);
#3373=ORIENTED_EDGE('',*,*,#3372,.T.);
#3374=CARTESIAN_POINT('',(29.,39.5,4.5));
#3375=DIRECTION('',(0.,-0.,1.));
#3376=VECTOR('',#3375,5.);
#3377=LINE('',#3374,#3376);
#3378=EDGE_CURVE('',#3367,#2562,#3377,.T.);
#3379=ORIENTED_EDGE('',*,*,#3378,.T.);
#3380=ORIENTED_EDGE('',*,*,#2569,.T.);
#3381=CARTESIAN_POINT('',(-7.,39.5,9.5));
#3382=DIRECTION('',(-0.,0.,-1.));
#3383=VECTOR('',#3382,5.);
#3384=LINE('',#3381,#3383);
#3385=EDGE_CURVE('',#2564,#3365,#3384,.T.);
#3386=ORIENTED_EDGE('',*,*,#3385,.T.);
#3387=EDGE_LOOP('',(#3373,#3379,#3380,#3386));
#3388=FACE_BOUND('',#3387,.T.);
#3389=ADVANCED_FACE('',(#3388),#3363,.T.);
#3390=CARTESIAN_POINT('',(6.,59.5,12.5));
#3391=DIRECTION('',(-0.,-1.,-0.));
#3392=DIRECTION('',(1.,-0.,-0.));
#3393=AXIS2_PLACEMENT_3D('',#3390,#3391,#3392);
#3394=PLANE('',#3393);
#3395=ORIENTED_EDGE('',*,*,#2628,.T.);
#3396=CARTESIAN_POINT('',(34.,59.5,4.5));
#3397=VERTEX_POINT('',#3396);
#3398=CARTESIAN_POINT('',(34.,59.5,9.5));
#3399=DIRECTION('',(-0.,0.,-1.));
#3400=VECTOR('',#3399,5.);
#3401=LINE('',#3398,#3400);
#3402=EDGE_CURVE('',#2614,#3397,#3401,.T.);
#3403=ORIENTED_EDGE('',*,*,#3402,.T.);
#3404=CARTESIAN_POINT('',(-12.,59.5,4.5));
#3405=VERTEX_POINT('',#3404);
#3406=CARTESIAN_POINT('',(34.,59.5,4.5));
#3407=DIRECTION('',(-1.,0.,0.));
#3408=VECTOR('',#3407,46.);
#3409=LINE('',#3406,#3408);
#3410=EDGE_CURVE('',#3397,#3405,#3409,.T.);
#3411=ORIENTED_EDGE('',*,*,#3410,.T.);
#3412=CARTESIAN_POINT('',(-12.,59.5,4.5));
#3413=DIRECTION('',(0.,-0.,1.));
#3414=VECTOR('',#3413,5.);
#3415=LINE('',#3412,#3414);
#3416=EDGE_CURVE('',#3405,#2623,#3415,.T.);
#3417=ORIENTED_EDGE('',*,*,#3416,.T.);
#3418=EDGE_LOOP('',(#3395,#3403,#3411,#3417));
#3419=FACE_BOUND('',#3418,.T.);
#3420=ADVANCED_FACE('',(#3419),#3394,.F.);
#3421=CARTESIAN_POINT('',(-9.,49.5,12.5));
#3422=DIRECTION('',(-0.,0.,-1.));
#3423=DIRECTION('',(-1.,0.,0.));
#3424=AXIS2_PLACEMENT_3D('',#3421,#3422,#3423);
#3425=CYLINDRICAL_SURFACE('',#3424,2.5);
#3426=CARTESIAN_POINT('',(-11.5,49.5,4.5));
#3427=VERTEX_POINT('',#3426);
#3428=CARTESIAN_POINT('',(-11.5,49.5,4.5));
#3429=DIRECTION('',(0.,-0.,1.));
#3430=VECTOR('',#3429,6.);
#3431=LINE('',#3428,#3430);
#3432=EDGE_CURVE('',#3427,#2664,#3431,.T.);
#3433=ORIENTED_EDGE('',*,*,#3432,.F.);
#3434=CARTESIAN_POINT('',(-9.,47.,4.5));
#3435=VERTEX_POINT('',#3434);
#3436=CARTESIAN_POINT('',(-9.,49.5,4.5));
#3437=DIRECTION('',(0.,-0.,1.));
#3438=DIRECTION('',(0.,-1.,-0.));
#3439=AXIS2_PLACEMENT_3D('',#3436,#3437,#3438);
#3440=CIRCLE('',#3439,2.5);
#3441=EDGE_CURVE('',#3435,#3427,#3440,.T.);
#3442=ORIENTED_EDGE('',*,*,#3441,.F.);
#3443=CARTESIAN_POINT('',(-9.,49.5,4.5));
#3444=DIRECTION('',(0.,-0.,1.));
#3445=DIRECTION('',(0.,-1.,-0.));
#3446=AXIS2_PLACEMENT_3D('',#3443,#3444,#3445);
#3447=CIRCLE('',#3446,2.5);
#3448=EDGE_CURVE('',#3427,#3435,#3447,.T.);
#3449=ORIENTED_EDGE('',*,*,#3448,.F.);
#3450=ORIENTED_EDGE('',*,*,#3432,.T.);
#3451=ORIENTED_EDGE('',*,*,#2670,.T.);
#3452=ORIENTED_EDGE('',*,*,#2677,.T.);
#3453=EDGE_LOOP('',(#3433,#3442,#3449,#3450,#3451,#3452));
#3454=FACE_BOUND('',#3453,.T.);
#3455=ADVANCED_FACE('',(#3454),#3425,.F.);
#3456=CARTESIAN_POINT('',(41.,37.5,20.5));
#3457=DIRECTION('',(-1.,0.,0.));
#3458=DIRECTION('',(-0.,-1.,0.));
#3459=AXIS2_PLACEMENT_3D('',#3456,#3457,#3458);
#3460=CYLINDRICAL_SURFACE('',#3459,8.);
#3461=ORIENTED_EDGE('',*,*,#3305,.F.);
#3462=CARTESIAN_POINT('',(-22.234567901,37.5,20.5));
#3463=DIRECTION('',(-1.,0.,0.));
#3464=DIRECTION('',(-0.,-1.,0.));
#3465=AXIS2_PLACEMENT_3D('',#3462,#3463,#3464);
#3466=CIRCLE('',#3465,8.);
#3467=EDGE_CURVE('',#3292,#1320,#3466,.T.);
#3468=ORIENTED_EDGE('',*,*,#3467,.T.);
#3469=ORIENTED_EDGE('',*,*,#1325,.F.);
#3470=CARTESIAN_POINT('',(-15.,37.5,20.5));
#3471=DIRECTION('',(1.,0.,-0.));
#3472=DIRECTION('',(0.,0.,1.));
#3473=AXIS2_PLACEMENT_3D('',#3470,#3471,#3472);
#3474=CIRCLE('',#3473,8.);
#3475=EDGE_CURVE('',#1312,#3300,#3474,.T.);
#3476=ORIENTED_EDGE('',*,*,#3475,.T.);
#3477=EDGE_LOOP('',(#3461,#3468,#3469,#3476));
#3478=FACE_BOUND('',#3477,.T.);
#3479=ADVANCED_FACE('',(#3478),#3460,.F.);
#3480=CARTESIAN_POINT('',(-26.,26.5,9.5));
#3481=CARTESIAN_POINT('',(-26.,26.5,9.5));
#3482=CARTESIAN_POINT('',(-26.,26.5,9.5));
#3483=CARTESIAN_POINT('',(-26.,26.5,9.5));
#3484=CARTESIAN_POINT('',(-26.,26.5,9.5));
#3485=CARTESIAN_POINT('',(-26.,26.5,9.5));
#3486=CARTESIAN_POINT('',(-26.,26.5,9.5));
#3487=CARTESIAN_POINT('',(-26.,26.5,9.5));
#3488=CARTESIAN_POINT('',(-26.,26.5,9.5));
#3489=CARTESIAN_POINT('',(-26.,26.5,9.5));
#3490=CARTESIAN_POINT('',(-26.,26.5,9.5));
#3491=CARTESIAN_POINT('',(-26.,26.5,9.5));
#3492=CARTESIAN_POINT('',(-26.,26.5,9.5));
#3493=CARTESIAN_POINT('',(-26.,26.5,9.5));
#3494=CARTESIAN_POINT('',(-26.,26.5,9.5));
#3495=CARTESIAN_POINT('',(-26.,26.5,9.5));
#3496=CARTESIAN_POINT('',(-26.,26.5,9.5));
#3497=CARTESIAN_POINT('',(-26.,26.5,9.5));
#3498=CARTESIAN_POINT('',(-26.,27.101918706,9.664159647));
#3499=CARTESIAN_POINT('',(-26.,27.101918706,9.664159647));
#3500=CARTESIAN_POINT('',(-26.,27.047198824,9.71887953));
#3501=CARTESIAN_POINT('',(-26.,27.047198824,9.71887953));
#3502=CARTESIAN_POINT('',(-26.,26.992478941,9.773599412));
#3503=CARTESIAN_POINT('',(-26.,26.992478941,9.773599412));
#3504=CARTESIAN_POINT('',(-26.,26.937759059,9.828319294));
#3505=CARTESIAN_POINT('',(-26.,26.937759059,9.828319294));
#3506=CARTESIAN_POINT('',(-26.,26.883039177,9.883039177));
#3507=CARTESIAN_POINT('',(-26.,26.883039177,9.883039177));
#3508=CARTESIAN_POINT('',(-26.,26.828319294,9.937759059));
#3509=CARTESIAN_POINT('',(-26.,26.828319294,9.937759059));
#3510=CARTESIAN_POINT('',(-26.,26.773599412,9.992478941));
#3511=CARTESIAN_POINT('',(-26.,26.773599412,9.992478941));
#3512=CARTESIAN_POINT('',(-26.,26.71887953,10.047198824));
#3513=CARTESIAN_POINT('',(-26.,26.71887953,10.047198824));
#3514=CARTESIAN_POINT('',(-26.,26.664159647,10.101918706));
#3515=CARTESIAN_POINT('',(-26.,26.664159647,10.101918706));
#3516=CARTESIAN_POINT('',(-25.986453719,27.722667878,9.833454876));
#3517=CARTESIAN_POINT('',(-25.983401618,27.685630576,9.870529753));
#3518=CARTESIAN_POINT('',(-25.98073298,27.648593274,9.907600592));
#3519=CARTESIAN_POINT('',(-25.976160034,27.574517331,9.981734655));
#3520=CARTESIAN_POINT('',(-25.974255726,27.537478689,10.018797879));
#3521=CARTESIAN_POINT('',(-25.971209578,27.463398759,10.092917392));
#3522=CARTESIAN_POINT('',(-25.970067738,27.42635747,10.129973682));
#3523=CARTESIAN_POINT('',(-25.96854541,27.352271001,10.204080194));
#3524=CARTESIAN_POINT('',(-25.968164921,27.31522582,10.241130417));
#3525=CARTESIAN_POINT('',(-25.968164921,27.241130417,10.31522582));
#3526=CARTESIAN_POINT('',(-25.96854541,27.204080194,10.352271001));
#3527=CARTESIAN_POINT('',(-25.970067738,27.129973682,10.42635747));
#3528=CARTESIAN_POINT('',(-25.971209578,27.092917392,10.463398759));
#3529=CARTESIAN_POINT('',(-25.974255726,27.018797879,10.537478689));
#3530=CARTESIAN_POINT('',(-25.976160034,26.981734655,10.574517331));
#3531=CARTESIAN_POINT('',(-25.98073298,26.907600592,10.648593274));
#3532=CARTESIAN_POINT('',(-25.983401618,26.870529753,10.685630576));
#3533=CARTESIAN_POINT('',(-25.986453719,26.833454876,10.722667878));
#3534=CARTESIAN_POINT('',(-25.928107264,28.976794168,10.175489319));
#3535=CARTESIAN_POINT('',(-25.912399377,28.900657801,10.248387909));
#3536=CARTESIAN_POINT('',(-25.898642083,28.824521437,10.321688695));
#3537=CARTESIAN_POINT('',(-25.875045862,28.672350516,10.468996217));
#3538=CARTESIAN_POINT('',(-25.865206936,28.596315965,10.543002949));
#3539=CARTESIAN_POINT('',(-25.849459734,28.444450363,10.691623075));
#3540=CARTESIAN_POINT('',(-25.84355146,28.368619317,10.766236467));
#3541=CARTESIAN_POINT('',(-25.835672941,28.217262177,10.915969906));
#3542=CARTESIAN_POINT('',(-25.833702696,28.141736087,10.99108995));
#3543=CARTESIAN_POINT('',(-25.833702696,27.99108995,11.141736087));
#3544=CARTESIAN_POINT('',(-25.835672941,27.915969906,11.217262177));
#3545=CARTESIAN_POINT('',(-25.84355146,27.766236467,11.368619317));
#3546=CARTESIAN_POINT('',(-25.849459734,27.691623075,11.444450363));
#3547=CARTESIAN_POINT('',(-25.865206936,27.543002949,11.596315965));
#3548=CARTESIAN_POINT('',(-25.875045862,27.468996217,11.672350516));
#3549=CARTESIAN_POINT('',(-25.898642083,27.321688695,11.824521437));
#3550=CARTESIAN_POINT('',(-25.912399377,27.248387909,11.900657801));
#3551=CARTESIAN_POINT('',(-25.928107264,27.175489319,11.976794168));
#3552=CARTESIAN_POINT('',(-25.883271279,29.610070768,10.348201119));
#3553=CARTESIAN_POINT('',(-25.857938577,29.513627352,10.438063169));
#3554=CARTESIAN_POINT('',(-25.835742281,29.417183939,10.52874319));
#3555=CARTESIAN_POINT('',(-25.797662748,29.224503936,10.711538638));
#3556=CARTESIAN_POINT('',(-25.781779509,29.128267353,10.803654057));
#3557=CARTESIAN_POINT('',(-25.756354832,28.936207619,10.98911815));
#3558=CARTESIAN_POINT('',(-25.746813393,28.840384476,11.082466817));
#3559=CARTESIAN_POINT('',(-25.734089558,28.649357793,11.270193902));
#3560=CARTESIAN_POINT('',(-25.730907162,28.554154262,11.364572312));
#3561=CARTESIAN_POINT('',(-25.730907162,28.364572312,11.554154262));
#3562=CARTESIAN_POINT('',(-25.734089558,28.270193902,11.649357793));
#3563=CARTESIAN_POINT('',(-25.746813393,28.082466817,11.840384476));
#3564=CARTESIAN_POINT('',(-25.756354832,27.98911815,11.936207619));
#3565=CARTESIAN_POINT('',(-25.781779509,27.803654057,12.128267353));
#3566=CARTESIAN_POINT('',(-25.797662748,27.711538638,12.224503936));
#3567=CARTESIAN_POINT('',(-25.835742281,27.52874319,12.417183939));
#3568=CARTESIAN_POINT('',(-25.857938577,27.438063169,12.513627352));
#3569=CARTESIAN_POINT('',(-25.883271279,27.348201119,12.610070768));
#3570=CARTESIAN_POINT('',(-25.760514739,30.857408386,10.688384105));
#3571=CARTESIAN_POINT('',(-25.710689428,30.718452775,10.80679998));
#3572=CARTESIAN_POINT('',(-25.666940597,30.579497213,10.927722342));
#3573=CARTESIAN_POINT('',(-25.591797651,30.302243225,11.174004051));
#3574=CARTESIAN_POINT('',(-25.560403562,30.163944897,11.29936331));
#3575=CARTESIAN_POINT('',(-25.510114904,29.88865966,11.553922695));
#3576=CARTESIAN_POINT('',(-25.491220352,29.751672847,11.68312273));
#3577=CARTESIAN_POINT('',(-25.466017912,29.479659031,11.944750279));
#3578=CARTESIAN_POINT('',(-25.459710033,29.344632124,12.0771777));
#3579=CARTESIAN_POINT('',(-25.459710033,29.0771777,12.344632124));
#3580=CARTESIAN_POINT('',(-25.466017912,28.944750279,12.479659031));
#3581=CARTESIAN_POINT('',(-25.491220352,28.68312273,12.751672847));
#3582=CARTESIAN_POINT('',(-25.510114904,28.553922695,12.88865966));
#3583=CARTESIAN_POINT('',(-25.560403562,28.29936331,13.163944897));
#3584=CARTESIAN_POINT('',(-25.591797651,28.174004051,13.302243225));
#3585=CARTESIAN_POINT('',(-25.666940597,27.927722342,13.579497213));
#3586=CARTESIAN_POINT('',(-25.710689428,27.80679998,13.718452775));
#3587=CARTESIAN_POINT('',(-25.760514739,27.688384105,13.857408386));
#3588=CARTESIAN_POINT('',(-25.682574913,31.471296378,10.855808103));
#3589=CARTESIAN_POINT('',(-25.617877162,31.310124482,10.98577397));
#3590=CARTESIAN_POINT('',(-25.561008218,31.148952678,11.119526106));
#3591=CARTESIAN_POINT('',(-25.463271522,30.827612911,11.393751436));
#3592=CARTESIAN_POINT('',(-25.422403821,30.667445132,11.534224465));
#3593=CARTESIAN_POINT('',(-25.356916399,30.349111906,11.821002282));
#3594=CARTESIAN_POINT('',(-25.332296712,30.190946641,11.967306898));
#3595=CARTESIAN_POINT('',(-25.299453909,29.877605878,12.264826148));
#3596=CARTESIAN_POINT('',(-25.29123081,29.722430561,12.416040607));
#3597=CARTESIAN_POINT('',(-25.29123081,29.416040607,12.722430561));
#3598=CARTESIAN_POINT('',(-25.299453909,29.264826148,12.877605878));
#3599=CARTESIAN_POINT('',(-25.332296712,28.967306898,13.190946641));
#3600=CARTESIAN_POINT('',(-25.356916399,28.821002282,13.349111906));
#3601=CARTESIAN_POINT('',(-25.422403821,28.534224465,13.667445132));
#3602=CARTESIAN_POINT('',(-25.463271522,28.393751436,13.827612911));
#3603=CARTESIAN_POINT('',(-25.561008218,28.119526106,14.148952678));
#3604=CARTESIAN_POINT('',(-25.617877162,27.98577397,14.310124482));
#3605=CARTESIAN_POINT('',(-25.682574913,27.855808103,14.471296378));
#3606=CARTESIAN_POINT('',(-25.495069904,32.645414228,11.176022062));
#3607=CARTESIAN_POINT('',(-25.398939397,32.437754854,11.320712608));
#3608=CARTESIAN_POINT('',(-25.31419445,32.230095816,11.472867653));
#3609=CARTESIAN_POINT('',(-25.168312238,31.816848405,11.790575615));
#3610=CARTESIAN_POINT('',(-25.107175205,31.611260699,11.956128011));
#3611=CARTESIAN_POINT('',(-25.009112653,31.20420719,12.29896834));
#3612=CARTESIAN_POINT('',(-24.972187291,31.002742045,12.476255713));
#3613=CARTESIAN_POINT('',(-24.922912754,30.605944884,12.840789624));
#3614=CARTESIAN_POINT('',(-24.910563659,30.410613509,13.028035569));
#3615=CARTESIAN_POINT('',(-24.910563659,30.028035569,13.410613509));
#3616=CARTESIAN_POINT('',(-24.922912754,29.840789624,13.605944884));
#3617=CARTESIAN_POINT('',(-24.972187291,29.476255713,14.002742045));
#3618=CARTESIAN_POINT('',(-25.009112653,29.29896834,14.20420719));
#3619=CARTESIAN_POINT('',(-25.107175205,28.956128011,14.611260699));
#3620=CARTESIAN_POINT('',(-25.168312238,28.790575615,14.816848405));
#3621=CARTESIAN_POINT('',(-25.31419445,28.472867653,15.230095816));
#3622=CARTESIAN_POINT('',(-25.398939397,28.320712608,15.437754854));
#3623=CARTESIAN_POINT('',(-25.495069904,28.176022062,15.645414228));
#3624=CARTESIAN_POINT('',(-25.385513465,33.205445023,11.328757734));
#3625=CARTESIAN_POINT('',(-25.27285005,32.973496048,11.476577469));
#3626=CARTESIAN_POINT('',(-25.173369718,32.741547611,11.634265157));
#3627=CARTESIAN_POINT('',(-25.001967481,32.280444219,11.967442477));
#3628=CARTESIAN_POINT('',(-24.930045968,32.051290333,12.142931305));
#3629=CARTESIAN_POINT('',(-24.814623643,31.598538399,12.509568955));
#3630=CARTESIAN_POINT('',(-24.771123095,31.374941403,12.700716904));
#3631=CARTESIAN_POINT('',(-24.713064093,30.936001538,13.096349478));
#3632=CARTESIAN_POINT('',(-24.698505771,30.720659693,13.300833171));
#3633=CARTESIAN_POINT('',(-24.698505771,30.300833171,13.720659693));
#3634=CARTESIAN_POINT('',(-24.713064093,30.096349478,13.936001538));
#3635=CARTESIAN_POINT('',(-24.771123095,29.700716904,14.374941403));
#3636=CARTESIAN_POINT('',(-24.814623643,29.509568955,14.598538399));
#3637=CARTESIAN_POINT('',(-24.930045968,29.142931305,15.051290333));
#3638=CARTESIAN_POINT('',(-25.001967481,28.967442477,15.280444219));
#3639=CARTESIAN_POINT('',(-25.173369718,28.634265157,15.741547611));
#3640=CARTESIAN_POINT('',(-25.27285005,28.476577469,15.973496048));
#3641=CARTESIAN_POINT('',(-25.385513465,28.328757734,16.205445023));
#3642=CARTESIAN_POINT('',(-25.162072167,34.146463397,11.585399108));
#3643=CARTESIAN_POINT('',(-25.022835212,33.86895913,11.730258069));
#3644=CARTESIAN_POINT('',(-24.89948837,33.591456076,11.890266819));
#3645=CARTESIAN_POINT('',(-24.686576385,33.040962033,12.237963731));
#3646=CARTESIAN_POINT('',(-24.597012171,32.76797345,12.425650357));
#3647=CARTESIAN_POINT('',(-24.453120343,32.230950251,12.825634425));
#3648=CARTESIAN_POINT('',(-24.398793356,31.966917984,13.037930106));
#3649=CARTESIAN_POINT('',(-24.326258506,31.45210526,13.483667407));
#3650=CARTESIAN_POINT('',(-24.308050959,31.201327056,13.717107068));
#3651=CARTESIAN_POINT('',(-24.308050959,30.717107068,14.201327056));
#3652=CARTESIAN_POINT('',(-24.326258506,30.483667407,14.45210526));
#3653=CARTESIAN_POINT('',(-24.398793356,30.037930106,14.966917984));
#3654=CARTESIAN_POINT('',(-24.453120343,29.825634425,15.230950251));
#3655=CARTESIAN_POINT('',(-24.597012171,29.425650357,15.76797345));
#3656=CARTESIAN_POINT('',(-24.686576385,29.237963731,16.040962033));
#3657=CARTESIAN_POINT('',(-24.89948837,28.890266819,16.591456076));
#3658=CARTESIAN_POINT('',(-25.022835212,28.730258069,16.86895913));
#3659=CARTESIAN_POINT('',(-25.162072167,28.585399108,17.146463397));
#3660=CARTESIAN_POINT('',(-25.052623793,34.541384767,11.693104936));
#3661=CARTESIAN_POINT('',(-24.902760583,34.242855454,11.833428179));
#3662=CARTESIAN_POINT('',(-24.769792584,33.944327775,11.991612933));
#3663=CARTESIAN_POINT('',(-24.540072869,33.352708976,12.340797441));
#3664=CARTESIAN_POINT('',(-24.443322418,33.059621096,12.531795246));
#3665=CARTESIAN_POINT('',(-24.287805056,32.484223927,12.943102783));
#3666=CARTESIAN_POINT('',(-24.229039002,32.201917791,13.163410234));
#3667=CARTESIAN_POINT('',(-24.150563884,31.653232217,13.629305687));
#3668=CARTESIAN_POINT('',(-24.130855252,31.38685579,13.874891117));
#3669=CARTESIAN_POINT('',(-24.130855252,30.874891117,14.38685579));
#3670=CARTESIAN_POINT('',(-24.150563884,30.629305687,14.653232217));
#3671=CARTESIAN_POINT('',(-24.229039002,30.163410234,15.201917791));
#3672=CARTESIAN_POINT('',(-24.287805056,29.943102783,15.484223927));
#3673=CARTESIAN_POINT('',(-24.443322418,29.531795246,16.059621096));
#3674=CARTESIAN_POINT('',(-24.540072869,29.340797441,16.352708976));
#3675=CARTESIAN_POINT('',(-24.769792584,28.991612933,16.944327775));
#3676=CARTESIAN_POINT('',(-24.902760583,28.833428179,17.242855454));
#3677=CARTESIAN_POINT('',(-25.052623793,28.693104936,17.541384767));
#3678=CARTESIAN_POINT('',(-24.936366729,34.901727891,11.791380334));
#3679=CARTESIAN_POINT('',(-24.778821312,34.582152152,11.924509263));
#3680=CARTESIAN_POINT('',(-24.63881465,34.262578617,12.078392304));
#3681=CARTESIAN_POINT('',(-24.396719152,33.629918287,12.424545514));
#3682=CARTESIAN_POINT('',(-24.294631985,33.316835854,12.616813297));
#3683=CARTESIAN_POINT('',(-24.130449871,32.703517109,13.035831428));
#3684=CARTESIAN_POINT('',(-24.068356056,32.403285024,13.262578888));
#3685=CARTESIAN_POINT('',(-23.985422618,31.821765409,13.745951339));
#3686=CARTESIAN_POINT('',(-23.964583567,31.540481886,14.002572997));
#3687=CARTESIAN_POINT('',(-23.964583567,31.002572997,14.540481886));
#3688=CARTESIAN_POINT('',(-23.985422618,30.745951339,14.821765409));
#3689=CARTESIAN_POINT('',(-24.068356056,30.262578888,15.403285024));
#3690=CARTESIAN_POINT('',(-24.130449871,30.035831428,15.703517109));
#3691=CARTESIAN_POINT('',(-24.294631985,29.616813297,16.316835854));
#3692=CARTESIAN_POINT('',(-24.396719152,29.424545514,16.629918287));
#3693=CARTESIAN_POINT('',(-24.63881465,29.078392304,17.262578617));
#3694=CARTESIAN_POINT('',(-24.778821312,28.924509263,17.582152152));
#3695=CARTESIAN_POINT('',(-24.936366729,28.791380334,17.901727891));
#3696=B_SPLINE_SURFACE_WITH_KNOTS('',3,3,((#3480,#3481,#3482,#3483,#3484,#3485,#3486,#3487,#3488,#3489,#3490,#3491,#3492,#3493,#3494,#3495,#3496,#3497),(#3498,#3499,#3500,#3501,#3502,#3503,#3504,#3505,#3506,#3507,#3508,#3509,#3510,#3511,#3512,#3513,#3514,#3515),(#3516,#3517,#3518,#3519,#3520,#3521,#3522,#3523,#3524,#3525,#3526,#3527,#3528,#3529,#3530,#3531,#3532,#3533),(#3534,#3535,#3536,#3537,#3538,#3539,#3540,#3541,#3542,#3543,#3544,#3545,#3546,#3547,#3548,#3549,#3550,#3551),(#3552,#3553,#3554,#3555,#3556,#3557,#3558,#3559,#3560,#3561,#3562,#3563,#3564,#3565,#3566,#3567,#3568,#3569),(#3570,#3571,#3572,#3573,#3574,#3575,#3576,#3577,#3578,#3579,#3580,#3581,#3582,#3583,#3584,#3585,#3586,#3587),(#3588,#3589,#3590,#3591,#3592,#3593,#3594,#3595,#3596,#3597,#3598,#3599,#3600,#3601,#3602,#3603,#3604,#3605),(#3606,#3607,#3608,#3609,#3610,#3611,#3612,#3613,#3614,#3615,#3616,#3617,#3618,#3619,#3620,#3621,#3622,#3623),(#3624,#3625,#3626,#3627,#3628,#3629,#3630,#3631,#3632,#3633,#3634,#3635,#3636,#3637,#3638,#3639,#3640,#3641),(#3642,#3643,#3644,#3645,#3646,#3647,#3648,#3649,#3650,#3651,#3652,#3653,#3654,#3655,#3656,#3657,#3658,#3659),(#3660,#3661,#3662,#3663,#3664,#3665,#3666,#3667,#3668,#3669,#3670,#3671,#3672,#3673,#3674,#3675,#3676,#3677),(#3678,#3679,#3680,#3681,#3682,#3683,#3684,#3685,#3686,#3687,#3688,#3689,#3690,#3691,#3692,#3693,#3694,#3695)),.UNSPECIFIED.,.F.,.F.,.U.,(4,2,2,2,2,4),(4,2,2,2,2,2,2,2,4),(0.,0.125,0.25,0.375,0.5,0.602264233),(0.,0.125,0.25,0.375,0.5,0.625,0.75,0.875,1.),.UNSPECIFIED.);
#3697=CARTESIAN_POINT('',(-24.936378657,34.901738981,11.791383359));
#3698=VERTEX_POINT('',#3697);
#3699=CARTESIAN_POINT('',(-24.936373042,34.901708323,11.791374997));
#3700=CARTESIAN_POINT('',(-24.621283043,34.262559132,12.057633636));
#3701=CARTESIAN_POINT('',(-24.376730882,33.62348023,12.407299823));
#3702=CARTESIAN_POINT('',(-24.212549238,33.010163544,12.826317536));
#3703=CARTESIAN_POINT('',(-24.048367595,32.396846857,13.245335249));
#3704=CARTESIAN_POINT('',(-23.964592596,31.809427283,13.733612323));
#3705=CARTESIAN_POINT('',(-23.964592596,31.271519803,14.271519803));
#3706=CARTESIAN_POINT('',(-23.964592596,30.733612323,14.809427283));
#3707=CARTESIAN_POINT('',(-24.048367595,30.245335249,15.396846857));
#3708=CARTESIAN_POINT('',(-24.212549238,29.826317536,16.010163544));
#3709=CARTESIAN_POINT('',(-24.376730882,29.407299823,16.62348023));
#3710=CARTESIAN_POINT('',(-24.621283043,29.057633636,17.262559132));
#3711=CARTESIAN_POINT('',(-24.936373042,28.791374997,17.901708323));
#3712=B_SPLINE_CURVE_WITH_KNOTS('',3,(#3699,#3700,#3701,#3702,#3703,#3704,#3705,#3706,#3707,#3708,#3709,#3710,#3711),.UNSPECIFIED.,.F.,.F.,(4,3,3,3,4),(0.,0.25,0.5,0.75,1.),.UNSPECIFIED.);
#3713=EDGE_CURVE('',#3698,#1445,#3712,.T.);
#3714=ORIENTED_EDGE('',*,*,#3713,.F.);
#3715=CARTESIAN_POINT('',(-23.,26.5,9.5));
#3716=DIRECTION('',(-0.,0.263117406,-0.964763821));
#3717=DIRECTION('',(0.,0.964763821,0.263117406));
#3718=AXIS2_PLACEMENT_3D('',#3715,#3716,#3717);
#3719=ELLIPSE('',#3718,11.401754251,3.);
#3720=EDGE_CURVE('',#1478,#3698,#3719,.T.);
#3721=ORIENTED_EDGE('',*,*,#3720,.F.);
#3722=ORIENTED_EDGE('',*,*,#1493,.F.);
#3723=EDGE_LOOP('',(#3714,#3721,#3722));
#3724=FACE_BOUND('',#3723,.T.);
#3725=ADVANCED_FACE('',(#3724),#3696,.F.);
#3726=CARTESIAN_POINT('',(-22.234567901,37.5,12.5));
#3727=CARTESIAN_POINT('',(-22.362139918,37.5,12.5));
#3728=CARTESIAN_POINT('',(-22.504491955,37.5,12.5));
#3729=CARTESIAN_POINT('',(-22.774416008,37.5,12.5));
#3730=CARTESIAN_POINT('',(-22.901988024,37.5,12.5));
#3731=CARTESIAN_POINT('',(-23.000873648,37.5,12.5));
#3732=CARTESIAN_POINT('',(-23.001746968,37.499998601,12.499999618));
#3733=CARTESIAN_POINT('',(-23.016485928,37.499951405,12.499986747));
#3734=CARTESIAN_POINT('',(-23.030269178,37.499554805,12.499878583));
#3735=CARTESIAN_POINT('',(-23.084610448,37.496634168,12.499082046));
#3736=CARTESIAN_POINT('',(-23.12449989,37.491529994,12.497689998));
#3737=CARTESIAN_POINT('',(-23.216851417,37.473186763,12.492687299));
#3738=CARTESIAN_POINT('',(-23.268696862,37.457688118,12.488460396));
#3739=CARTESIAN_POINT('',(-23.369804611,37.418056831,12.477651863));
#3740=CARTESIAN_POINT('',(-23.419066916,37.39392419,12.471070234));
#3741=CARTESIAN_POINT('',(-23.515117935,37.338257876,12.455888512));
#3742=CARTESIAN_POINT('',(-23.561906649,37.306724204,12.447288419));
#3743=CARTESIAN_POINT('',(-23.616536664,37.265257355,12.435979279));
#3744=CARTESIAN_POINT('',(-23.661907595,37.230030005,12.426371819));
#3745=CARTESIAN_POINT('',(-23.706126534,37.191835176,12.415955048));
#3746=CARTESIAN_POINT('',(-23.784293629,37.118950245,12.39607734));
#3747=CARTESIAN_POINT('',(-23.826612761,37.075704467,12.384283037));
#3748=CARTESIAN_POINT('',(-23.909369957,36.984022859,12.359278962));
#3749=CARTESIAN_POINT('',(-23.949808023,36.935587028,12.346069189));
#3750=CARTESIAN_POINT('',(-24.02903251,36.833940137,12.31834731));
#3751=CARTESIAN_POINT('',(-24.067818932,36.780729077,12.303835203));
#3752=CARTESIAN_POINT('',(-24.110916396,36.718031678,12.286735912));
#3753=CARTESIAN_POINT('',(-24.148897114,36.662354439,12.271551211));
#3754=CARTESIAN_POINT('',(-24.186193919,36.604500189,12.255772779));
#3755=CARTESIAN_POINT('',(-24.23651801,36.522629355,12.23344437));
#3756=CARTESIAN_POINT('',(-24.254762055,36.49213578,12.22512794));
#3757=CARTESIAN_POINT('',(-24.290980317,36.429973095,12.208174481));
#3758=CARTESIAN_POINT('',(-24.308954535,36.398303985,12.19953745));
#3759=CARTESIAN_POINT('',(-24.344659171,36.333759092,12.181934298));
#3760=CARTESIAN_POINT('',(-24.36238959,36.30088331,12.172968175));
#3761=CARTESIAN_POINT('',(-24.397632653,36.233893938,12.154698347));
#3762=CARTESIAN_POINT('',(-24.415145298,36.199780349,12.145394641));
#3763=CARTESIAN_POINT('',(-24.449978841,36.130284226,12.126441153));
#3764=CARTESIAN_POINT('',(-24.46729974,36.094901693,12.116791371));
#3765=CARTESIAN_POINT('',(-24.501775816,36.022836548,12.09713724));
#3766=CARTESIAN_POINT('',(-24.518930994,35.986153935,12.087132891));
#3767=CARTESIAN_POINT('',(-24.553101657,35.911457495,12.066761135));
#3768=CARTESIAN_POINT('',(-24.570119998,35.87344029,12.056392806));
#3769=CARTESIAN_POINT('',(-24.604039837,35.79597094,12.035264802));
#3770=CARTESIAN_POINT('',(-24.620940372,35.756520816,12.024505677));
#3771=CARTESIAN_POINT('',(-24.654633577,35.676105894,12.002574335));
#3772=CARTESIAN_POINT('',(-24.671426246,35.635141096,11.991402117));
#3773=CARTESIAN_POINT('',(-24.704914622,35.551613052,11.968621742));
#3774=CARTESIAN_POINT('',(-24.721610329,35.509049806,11.957013583));
#3775=CARTESIAN_POINT('',(-24.754915685,35.422241089,11.933338479));
#3776=CARTESIAN_POINT('',(-24.771525334,35.377995619,11.921271533));
#3777=CARTESIAN_POINT('',(-24.804669476,35.28773868,11.896656004));
#3778=CARTESIAN_POINT('',(-24.82120397,35.241727212,11.884107421));
#3779=CARTESIAN_POINT('',(-24.854208707,35.147854501,11.858505773));
#3780=CARTESIAN_POINT('',(-24.87067895,35.099993258,11.845452707));
#3781=CARTESIAN_POINT('',(-24.903566088,35.002337225,11.818819243));
#3782=CARTESIAN_POINT('',(-24.919982984,34.952542434,11.805238846));
#3783=CARTESIAN_POINT('',(-24.936378657,34.901738981,11.791383359));
#3784=CARTESIAN_POINT('',(-22.234567901,37.23815341,12.5));
#3785=CARTESIAN_POINT('',(-22.359184951,37.23815341,12.5));
#3786=CARTESIAN_POINT('',(-22.499531631,37.240748922,12.5));
#3787=CARTESIAN_POINT('',(-22.765391894,37.24792246,12.5));
#3788=CARTESIAN_POINT('',(-22.890905476,37.252500487,12.5));
#3789=CARTESIAN_POINT('',(-22.986702693,37.25650086,12.5));
#3790=CARTESIAN_POINT('',(-22.987564973,37.256506177,12.500006017));
#3791=CARTESIAN_POINT('',(-23.001973745,37.256820892,12.500048895));
#3792=CARTESIAN_POINT('',(-23.015380734,37.256832418,12.500010335));
#3793=CARTESIAN_POINT('',(-23.068093846,37.255666417,12.499532288));
#3794=CARTESIAN_POINT('',(-23.106464466,37.252175859,12.498472535));
#3795=CARTESIAN_POINT('',(-23.196457469,37.236292247,12.494077628));
#3796=CARTESIAN_POINT('',(-23.246042126,37.223109507,12.490530629));
#3797=CARTESIAN_POINT('',(-23.344192254,37.186474197,12.480749071));
#3798=CARTESIAN_POINT('',(-23.391301265,37.164504671,12.475007425));
#3799=CARTESIAN_POINT('',(-23.484203246,37.111996732,12.461201947));
#3800=CARTESIAN_POINT('',(-23.528984244,37.082476347,12.453566993));
#3801=CARTESIAN_POINT('',(-23.581646679,37.042995437,12.443298933));
#3802=CARTESIAN_POINT('',(-23.625336041,37.009467826,12.434597781));
#3803=CARTESIAN_POINT('',(-23.667746669,36.973115032,12.425237032));
#3804=CARTESIAN_POINT('',(-23.742883542,36.903350521,12.407254858));
#3805=CARTESIAN_POINT('',(-23.783539147,36.8618396,12.396581742));
#3806=CARTESIAN_POINT('',(-23.862915046,36.773752307,12.374041581));
#3807=CARTESIAN_POINT('',(-23.901861425,36.726930787,12.361997503));
#3808=CARTESIAN_POINT('',(-23.977744835,36.628988459,12.337087228));
#3809=CARTESIAN_POINT('',(-24.015198215,36.57728965,12.323775492));
#3810=CARTESIAN_POINT('',(-24.056459776,36.516736815,12.308453431));
#3811=CARTESIAN_POINT('',(-24.09287512,36.462893346,12.294794732));
#3812=CARTESIAN_POINT('',(-24.128932414,36.406536707,12.280316066));
#3813=CARTESIAN_POINT('',(-24.177141312,36.327296286,12.260343726));
#3814=CARTESIAN_POINT('',(-24.194836683,36.297496712,12.252660288));
#3815=CARTESIAN_POINT('',(-24.229556626,36.237265029,12.237499599));
#3816=CARTESIAN_POINT('',(-24.247009629,36.206280267,12.229509018));
#3817=CARTESIAN_POINT('',(-24.281270005,36.143670857,12.213765294));
#3818=CARTESIAN_POINT('',(-24.298504445,36.111473485,12.205461816));
#3819=CARTESIAN_POINT('',(-24.332363401,36.046420255,12.189113851));
#3820=CARTESIAN_POINT('',(-24.349403398,36.012982931,12.180492189));
#3821=CARTESIAN_POINT('',(-24.382918865,35.945419869,12.163518528));
#3822=CARTESIAN_POINT('',(-24.399788945,35.910715286,12.154573803));
#3823=CARTESIAN_POINT('',(-24.433018622,35.840576511,12.136952759));
#3824=CARTESIAN_POINT('',(-24.449743805,35.80457736,12.127680426));
#3825=CARTESIAN_POINT('',(-24.482745145,35.731797167,12.109390089));
#3826=CARTESIAN_POINT('',(-24.499353881,35.694472722,12.099784946));
#3827=CARTESIAN_POINT('',(-24.532186613,35.618906284,12.080781549));
#3828=CARTESIAN_POINT('',(-24.548698144,35.580161932,12.070821165));
#3829=CARTESIAN_POINT('',(-24.581391318,35.501633635,12.051052267));
#3830=CARTESIAN_POINT('',(-24.597816505,35.461391231,12.040718824));
#3831=CARTESIAN_POINT('',(-24.630396497,35.379730858,12.020133173));
#3832=CARTESIAN_POINT('',(-24.646747931,35.337910114,12.009408295));
#3833=CARTESIAN_POINT('',(-24.679240811,35.252947758,11.987954436));
#3834=CARTESIAN_POINT('',(-24.695531894,35.209468243,11.976819644));
#3835=CARTESIAN_POINT('',(-24.727963407,35.121034317,11.954445921));
#3836=CARTESIAN_POINT('',(-24.744208394,35.07581545,11.942882521));
#3837=CARTESIAN_POINT('',(-24.776603945,34.983740693,11.919537077));
#3838=CARTESIAN_POINT('',(-24.792817965,34.936701737,11.907526054));
#3839=CARTESIAN_POINT('',(-24.825202601,34.84081721,11.883156825));
#3840=CARTESIAN_POINT('',(-24.840204892,34.789342926,11.87169062));
#3841=CARTESIAN_POINT('',(-24.857600874,34.741945808,11.857956076));
#3842=CARTESIAN_POINT('',(-22.234567901,36.976356174,12.513013662));
#3843=CARTESIAN_POINT('',(-22.354389237,36.976356174,12.513013662));
#3844=CARTESIAN_POINT('',(-22.489670809,36.979637359,12.513440894));
#3845=CARTESIAN_POINT('',(-22.745928482,36.988015491,12.514794169));
#3846=CARTESIAN_POINT('',(-22.866904009,36.993129344,12.515704256));
#3847=CARTESIAN_POINT('',(-22.958841552,36.997273485,12.516635782));
#3848=CARTESIAN_POINT('',(-22.959677824,36.997265842,12.516653253));
#3849=CARTESIAN_POINT('',(-22.973575097,36.997487386,12.516863811));
#3850=CARTESIAN_POINT('',(-22.98646038,36.997465895,12.516997939));
#3851=CARTESIAN_POINT('',(-23.037000631,36.996323034,12.517248628));
#3852=CARTESIAN_POINT('',(-23.073608471,36.993139731,12.516837542));
#3853=CARTESIAN_POINT('',(-23.160095107,36.977605362,12.513992986));
#3854=CARTESIAN_POINT('',(-23.207239676,36.965306174,12.511588759));
#3855=CARTESIAN_POINT('',(-23.301371792,36.930019904,12.50404302));
#3856=CARTESIAN_POINT('',(-23.346174653,36.909257387,12.49964088));
#3857=CARTESIAN_POINT('',(-23.435142189,36.858913675,12.488426146));
#3858=CARTESIAN_POINT('',(-23.477788907,36.830859523,12.48225687));
#3859=CARTESIAN_POINT('',(-23.528184139,36.793082869,12.473693254));
#3860=CARTESIAN_POINT('',(-23.569973034,36.761025608,12.466434504));
#3861=CARTESIAN_POINT('',(-23.610479886,36.726340766,12.458592491));
#3862=CARTESIAN_POINT('',(-23.682395688,36.659645736,12.44332768));
#3863=CARTESIAN_POINT('',(-23.721339071,36.619952763,12.434185955));
#3864=CARTESIAN_POINT('',(-23.79741144,36.535757061,12.414764699));
#3865=CARTESIAN_POINT('',(-23.834879555,36.490886609,12.404219623));
#3866=CARTESIAN_POINT('',(-23.907791334,36.3972451,12.382460449));
#3867=CARTESIAN_POINT('',(-23.944009521,36.34760704,12.370578044));
#3868=CARTESIAN_POINT('',(-23.983811015,36.289675651,12.357015548));
#3869=CARTESIAN_POINT('',(-24.018976591,36.238126133,12.344881349));
#3870=CARTESIAN_POINT('',(-24.054037401,36.18395747,12.331753575));
#3871=CARTESIAN_POINT('',(-24.100789787,36.108076862,12.313834217));
#3872=CARTESIAN_POINT('',(-24.118089557,36.079387456,12.306769312));
#3873=CARTESIAN_POINT('',(-24.151869122,36.021679911,12.293070566));
#3874=CARTESIAN_POINT('',(-24.168991563,35.991832792,12.28566673));
#3875=CARTESIAN_POINT('',(-24.202443463,35.931814806,12.271338181));
#3876=CARTESIAN_POINT('',(-24.219413522,35.900784856,12.263587965));
#3877=CARTESIAN_POINT('',(-24.252603457,35.838389327,12.248600172));
#3878=CARTESIAN_POINT('',(-24.269446552,35.806151549,12.240496833));
#3879=CARTESIAN_POINT('',(-24.302439897,35.741311491,12.224819987));
#3880=CARTESIAN_POINT('',(-24.319182059,35.707840942,12.216357389));
#3881=CARTESIAN_POINT('',(-24.352043842,35.640489566,12.199961327));
#3882=CARTESIAN_POINT('',(-24.368711841,35.605761301,12.191133841));
#3883=CARTESIAN_POINT('',(-24.40150672,35.535832084,12.173988068));
#3884=CARTESIAN_POINT('',(-24.418130909,35.499817691,12.164789794));
#3885=CARTESIAN_POINT('',(-24.450925621,35.427169303,12.146843067));
#3886=CARTESIAN_POINT('',(-24.467527975,35.389780719,12.137251045));
#3887=CARTESIAN_POINT('',(-24.500359899,35.314245169,12.118441437));
#3888=CARTESIAN_POINT('',(-24.516954787,35.275410513,12.108436459));
#3889=CARTESIAN_POINT('',(-24.549858591,35.196825248,12.088702881));
#3890=CARTESIAN_POINT('',(-24.56646245,35.156470474,12.078265279));
#3891=CARTESIAN_POINT('',(-24.59947234,35.074673404,12.057546342));
#3892=CARTESIAN_POINT('',(-24.616102826,35.032724253,12.046656291));
#3893=CARTESIAN_POINT('',(-24.649252522,34.94755377,12.024890302));
#3894=CARTESIAN_POINT('',(-24.665928567,34.903935755,12.01352766));
#3895=CARTESIAN_POINT('',(-24.699251279,34.81523074,11.990652622));
#3896=CARTESIAN_POINT('',(-24.715993131,34.769869141,11.978796758));
#3897=CARTESIAN_POINT('',(-24.749521534,34.677468956,11.954750367));
#3898=CARTESIAN_POINT('',(-24.764555598,34.626487301,11.943897842));
#3899=CARTESIAN_POINT('',(-24.783233879,34.582161054,11.92973981));
#3900=CARTESIAN_POINT('',(-22.234567901,36.455307989,12.564577933));
#3901=CARTESIAN_POINT('',(-22.343097911,36.455307989,12.564577933));
#3902=CARTESIAN_POINT('',(-22.465712579,36.457357542,12.565912427));
#3903=CARTESIAN_POINT('',(-22.699014394,36.460019279,12.570030511));
#3904=CARTESIAN_POINT('',(-22.809699244,36.460699087,12.57275028));
#3905=CARTESIAN_POINT('',(-22.894785489,36.459719724,12.575374353));
#3906=CARTESIAN_POINT('',(-22.895567252,36.459656313,12.57540924));
#3907=CARTESIAN_POINT('',(-22.908489057,36.459033509,12.575895274));
#3908=CARTESIAN_POINT('',(-22.920413653,36.458302412,12.576310664));
#3909=CARTESIAN_POINT('',(-22.9670025,36.454643494,12.577748136));
#3910=CARTESIAN_POINT('',(-23.000618558,36.45008502,12.578402138));
#3911=CARTESIAN_POINT('',(-23.080691777,36.431656986,12.578281627));
#3912=CARTESIAN_POINT('',(-23.123947533,36.418696573,12.577787687));
#3913=CARTESIAN_POINT('',(-23.211182732,36.382653622,12.574251301));
#3914=CARTESIAN_POINT('',(-23.252431316,36.362351793,12.572133071));
#3915=CARTESIAN_POINT('',(-23.335025817,36.313513472,12.565564195));
#3916=CARTESIAN_POINT('',(-23.374474288,36.286885785,12.561917696));
#3917=CARTESIAN_POINT('',(-23.421387364,36.251176094,12.556374949));
#3918=CARTESIAN_POINT('',(-23.46028541,36.220945992,12.551658562));
#3919=CARTESIAN_POINT('',(-23.49800653,36.1885547,12.5464426));
#3920=CARTESIAN_POINT('',(-23.565205788,36.126479629,12.535915206));
#3921=CARTESIAN_POINT('',(-23.601689831,36.089740276,12.529433047));
#3922=CARTESIAN_POINT('',(-23.673123065,36.012217943,12.515364131));
#3923=CARTESIAN_POINT('',(-23.708496169,35.970975308,12.50744544));
#3924=CARTESIAN_POINT('',(-23.777381329,35.885429165,12.491009791));
#3925=CARTESIAN_POINT('',(-23.81186154,35.840041901,12.481657448));
#3926=CARTESIAN_POINT('',(-23.84974025,35.787425634,12.471020155));
#3927=CARTESIAN_POINT('',(-23.883247875,35.740588757,12.461442343));
#3928=CARTESIAN_POINT('',(-23.916919143,35.691305128,12.450701797));
#3929=CARTESIAN_POINT('',(-23.961788894,35.622706576,12.436147573));
#3930=CARTESIAN_POINT('',(-23.978521758,35.596658434,12.430202179));
#3931=CARTESIAN_POINT('',(-24.011091732,35.544603651,12.418885892));
#3932=CARTESIAN_POINT('',(-24.027732148,35.517560787,12.412552505));
#3933=CARTESIAN_POINT('',(-24.060144471,35.463536797,12.400518719));
#3934=CARTESIAN_POINT('',(-24.076717127,35.435481819,12.39378644));
#3935=CARTESIAN_POINT('',(-24.109040934,35.379432754,12.380995173));
#3936=CARTESIAN_POINT('',(-24.12557111,35.35034842,12.373853983));
#3937=CARTESIAN_POINT('',(-24.157875131,35.292218558,12.360264795));
#3938=CARTESIAN_POINT('',(-24.174388869,35.262087695,12.352705435));
#3939=CARTESIAN_POINT('',(-24.206741399,35.20182156,12.338277446));
#3940=CARTESIAN_POINT('',(-24.223265666,35.170626991,12.330291289));
#3941=CARTESIAN_POINT('',(-24.25573454,35.108169439,12.3149832));
#3942=CARTESIAN_POINT('',(-24.272299702,35.075890424,12.306562228));
#3943=CARTESIAN_POINT('',(-24.304954529,35.011124195,12.290315562));
#3944=CARTESIAN_POINT('',(-24.321584344,34.977693131,12.281434994));
#3945=CARTESIAN_POINT('',(-24.354469649,34.910486404,12.264174794));
#3946=CARTESIAN_POINT('',(-24.371181788,34.875851128,12.254810922));
#3947=CARTESIAN_POINT('',(-24.404339605,34.806077314,12.236462256));
#3948=CARTESIAN_POINT('',(-24.421153963,34.770183568,12.226591208));
#3949=CARTESIAN_POINT('',(-24.454625748,34.697716655,12.207078764));
#3950=CARTESIAN_POINT('',(-24.471563744,34.660509917,12.196676473));
#3951=CARTESIAN_POINT('',(-24.505390346,34.585224495,12.175924562));
#3952=CARTESIAN_POINT('',(-24.522474995,34.546649958,12.164966562));
#3953=CARTESIAN_POINT('',(-24.556696624,34.468421231,12.142899116));
#3954=CARTESIAN_POINT('',(-24.573952584,34.428423794,12.131360335));
#3955=CARTESIAN_POINT('',(-24.608608781,34.347127567,12.107900899));
#3956=CARTESIAN_POINT('',(-24.623818409,34.300899941,12.097652749));
#3957=CARTESIAN_POINT('',(-24.643627182,34.263408167,12.0832913));
#3958=CARTESIAN_POINT('',(-22.234567901,36.196057041,12.603128542));
#3959=CARTESIAN_POINT('',(-22.336602301,36.196057041,12.603128542));
#3960=CARTESIAN_POINT('',(-22.451712872,36.196106995,12.604860507));
#3961=CARTESIAN_POINT('',(-22.671999534,36.191562945,12.610104403));
#3962=CARTESIAN_POINT('',(-22.777172181,36.187070376,12.613520604));
#3963=CARTESIAN_POINT('',(-22.859554787,36.180581169,12.616662344));
#3964=CARTESIAN_POINT('',(-22.860310594,36.180472808,12.616701039));
#3965=CARTESIAN_POINT('',(-22.872811508,36.179062542,12.61725847));
#3966=CARTESIAN_POINT('',(-22.884338545,36.177619965,12.617747429));
#3967=CARTESIAN_POINT('',(-22.929316416,36.171280709,12.619501349));
#3968=CARTESIAN_POINT('',(-22.961836034,36.164928151,12.620459753));
#3969=CARTESIAN_POINT('',(-23.039327302,36.142983376,12.621238215));
#3970=CARTESIAN_POINT('',(-23.081331343,36.128312242,12.62134531));
#3971=CARTESIAN_POINT('',(-23.166091398,36.089823482,12.619241265));
#3972=CARTESIAN_POINT('',(-23.206298609,36.068601182,12.617892728));
#3973=CARTESIAN_POINT('',(-23.286867985,36.018755761,12.613029572));
#3974=CARTESIAN_POINT('',(-23.325459201,35.99191419,12.610265492));
#3975=CARTESIAN_POINT('',(-23.371399058,35.956363594,12.605834899));
#3976=CARTESIAN_POINT('',(-23.409507553,35.926321137,12.602048762));
#3977=CARTESIAN_POINT('',(-23.446541674,35.89439123,12.597775371));
#3978=CARTESIAN_POINT('',(-23.512582632,35.833582635,12.588983107));
#3979=CARTESIAN_POINT('',(-23.548496854,35.797829616,12.583479302));
#3980=CARTESIAN_POINT('',(-23.618919698,35.72281513,12.571369001));
#3981=CARTESIAN_POINT('',(-23.653823971,35.683124654,12.5644527));
#3982=CARTESIAN_POINT('',(-23.721910819,35.601156858,12.549972575));
#3983=CARTESIAN_POINT('',(-23.755997006,35.557868034,12.541629058));
#3984=CARTESIAN_POINT('',(-23.793508406,35.507865081,12.532076782));
#3985=CARTESIAN_POINT('',(-23.82668891,35.463378617,12.523462358));
#3986=CARTESIAN_POINT('',(-23.860023064,35.41674492,12.513710871));
#3987=CARTESIAN_POINT('',(-23.904508364,35.352033513,12.500433587));
#3988=CARTESIAN_POINT('',(-23.921077812,35.32750982,12.494982503));
#3989=CARTESIAN_POINT('',(-23.953378448,35.278583768,12.484586837));
#3990=CARTESIAN_POINT('',(-23.969859388,35.253214265,12.478743927));
#3991=CARTESIAN_POINT('',(-24.002007458,35.202620771,12.467617742));
#3992=CARTESIAN_POINT('',(-24.018421955,35.176394517,12.46137138));
#3993=CARTESIAN_POINT('',(-24.050480032,35.124092019,12.449474457));
#3994=CARTESIAN_POINT('',(-24.066850703,35.09699821,12.442813839));
#3995=CARTESIAN_POINT('',(-24.098880981,35.042945282,12.430105528));
#3996=CARTESIAN_POINT('',(-24.115231155,35.014973182,12.423020562));
#3997=CARTESIAN_POINT('',(-24.147295423,34.959128627,12.409459804));
#3998=CARTESIAN_POINT('',(-24.163649293,34.930267495,12.401940985));
#3999=CARTESIAN_POINT('',(-24.195808909,34.872590427,12.387486328));
#4000=CARTESIAN_POINT('',(-24.212193729,34.842825907,12.379525249));
#4001=CARTESIAN_POINT('',(-24.244511724,34.783221702,12.364120527));
#4002=CARTESIAN_POINT('',(-24.260949075,34.752501133,12.355692147));
#4003=CARTESIAN_POINT('',(-24.293466347,34.690868571,12.339260926));
#4004=CARTESIAN_POINT('',(-24.309972474,34.659154273,12.33033946));
#4005=CARTESIAN_POINT('',(-24.342727687,34.595397126,12.312804864));
#4006=CARTESIAN_POINT('',(-24.359320874,34.562649418,12.303364563));
#4007=CARTESIAN_POINT('',(-24.39235215,34.496671994,12.284649362));
#4008=CARTESIAN_POINT('',(-24.409052104,34.462850947,12.274664293));
#4009=CARTESIAN_POINT('',(-24.442397,34.39455812,12.254690904));
#4010=CARTESIAN_POINT('',(-24.459224916,34.359623542,12.244134763));
#4011=CARTESIAN_POINT('',(-24.492920393,34.288920751,12.222825251));
#4012=CARTESIAN_POINT('',(-24.509899002,34.252832175,12.211671167));
#4013=CARTESIAN_POINT('',(-24.543981395,34.179625427,12.188947234));
#4014=CARTESIAN_POINT('',(-24.559040612,34.137907009,12.178938389));
#4015=CARTESIAN_POINT('',(-24.578387482,34.104440033,12.165059055));
#4016=CARTESIAN_POINT('',(-22.234567901,35.682549019,12.705276333));
#4017=CARTESIAN_POINT('',(-22.323892785,35.682549019,12.705276333));
#4018=CARTESIAN_POINT('',(-22.424244141,35.67787122,12.707698125));
#4019=CARTESIAN_POINT('',(-22.619317964,35.656878597,12.714831528));
#4020=CARTESIAN_POINT('',(-22.714034693,35.640732832,12.719383589));
#4021=CARTESIAN_POINT('',(-22.791938952,35.622053821,12.723254174));
#4022=CARTESIAN_POINT('',(-22.792647002,35.621852375,12.723296174));
#4023=CARTESIAN_POINT('',(-22.804412345,35.618751334,12.723936619));
#4024=CARTESIAN_POINT('',(-22.815262619,35.615759813,12.724511256));
#4025=CARTESIAN_POINT('',(-22.85752938,35.603526288,12.726640321));
#4026=CARTESIAN_POINT('',(-22.888330003,35.593111348,12.727983757));
#4027=CARTESIAN_POINT('',(-22.96149912,35.563358195,12.730063874));
#4028=CARTESIAN_POINT('',(-23.001733626,35.544599972,12.730994922));
#4029=CARTESIAN_POINT('',(-23.082648011,35.500322153,12.731073751));
#4030=CARTESIAN_POINT('',(-23.121507317,35.476656363,12.730837676));
#4031=CARTESIAN_POINT('',(-23.199215418,35.423922442,12.728610092));
#4032=CARTESIAN_POINT('',(-23.236799248,35.396126848,12.727154682));
#4033=CARTESIAN_POINT('',(-23.28152409,35.360402101,12.724438439));
#4034=CARTESIAN_POINT('',(-23.318672807,35.33031868,12.722079057));
#4035=CARTESIAN_POINT('',(-23.35497681,35.298887483,12.719227138));
#4036=CARTESIAN_POINT('',(-23.419782985,35.23994565,12.713088563));
#4037=CARTESIAN_POINT('',(-23.455138573,35.205828157,12.709082866));
#4038=CARTESIAN_POINT('',(-23.524667461,35.135204599,12.699951747));
#4039=CARTESIAN_POINT('',(-23.559123369,35.098392098,12.694605035));
#4040=CARTESIAN_POINT('',(-23.626613722,35.023103938,12.68309089));
#4041=CARTESIAN_POINT('',(-23.660293603,34.983905774,12.676366533));
#4042=CARTESIAN_POINT('',(-23.697534977,34.938962441,12.668460405));
#4043=CARTESIAN_POINT('',(-23.730451807,34.899051636,12.661324659));
#4044=CARTESIAN_POINT('',(-23.763376058,34.85773187,12.653188565));
#4045=CARTESIAN_POINT('',(-23.807495875,34.800741351,12.641864254));
#4046=CARTESIAN_POINT('',(-23.823816568,34.779329186,12.637247576));
#4047=CARTESIAN_POINT('',(-23.855805982,34.736682465,12.628271135));
#4048=CARTESIAN_POINT('',(-23.872010242,34.714757093,12.623269708));
#4049=CARTESIAN_POINT('',(-23.903783479,34.671111814,12.61355762));
#4050=CARTESIAN_POINT('',(-23.91988629,34.648676006,12.608159039));
#4051=CARTESIAN_POINT('',(-23.951486487,34.604023658,12.59767437));
#4052=CARTESIAN_POINT('',(-23.967503225,34.581080287,12.591866813));
#4053=CARTESIAN_POINT('',(-23.998973251,34.535412456,12.580572321));
#4054=CARTESIAN_POINT('',(-24.014919801,34.51196444,12.574344477));
#4055=CARTESIAN_POINT('',(-24.046302233,34.465272877,12.562202628));
#4056=CARTESIAN_POINT('',(-24.062195098,34.441323133,12.555543604));
#4057=CARTESIAN_POINT('',(-24.093532207,34.39359981,12.542516584));
#4058=CARTESIAN_POINT('',(-24.109390132,34.36914755,12.535417497));
#4059=CARTESIAN_POINT('',(-24.140725721,34.3203474,12.521457749));
#4060=CARTESIAN_POINT('',(-24.156563488,34.295370658,12.513893296));
#4061=CARTESIAN_POINT('',(-24.187925202,34.245457894,12.498925481));
#4062=CARTESIAN_POINT('',(-24.20375358,34.219948795,12.490865958));
#4063=CARTESIAN_POINT('',(-24.23516741,34.168892057,12.474813407));
#4064=CARTESIAN_POINT('',(-24.250998648,34.142840946,12.466229544));
#4065=CARTESIAN_POINT('',(-24.282490202,34.09060926,12.44901534));
#4066=CARTESIAN_POINT('',(-24.298337564,34.064006305,12.439877735));
#4067=CARTESIAN_POINT('',(-24.329932043,34.010569099,12.421424705));
#4068=CARTESIAN_POINT('',(-24.345809856,33.983404279,12.411703693));
#4069=CARTESIAN_POINT('',(-24.377532038,33.928731387,12.391934414));
#4070=CARTESIAN_POINT('',(-24.393455726,33.900994484,12.381599923));
#4071=CARTESIAN_POINT('',(-24.42532994,33.845056144,12.360436713));
#4072=CARTESIAN_POINT('',(-24.43982006,33.813568816,12.350722996));
#4073=CARTESIAN_POINT('',(-24.457341095,33.788120164,12.338140578));
#4074=CARTESIAN_POINT('',(-22.234567901,35.428291945,12.768873514));
#4075=CARTESIAN_POINT('',(-22.31767888,35.428291945,12.768873514));
#4076=CARTESIAN_POINT('',(-22.410687067,35.420960534,12.771662022));
#4077=CARTESIAN_POINT('',(-22.593258484,35.390983096,12.779816462));
#4078=CARTESIAN_POINT('',(-22.682814826,35.368539942,12.784990933));
#4079=CARTESIAN_POINT('',(-22.758684841,35.343400692,12.789291879));
#4080=CARTESIAN_POINT('',(-22.759368793,35.343153057,12.789335315));
#4081=CARTESIAN_POINT('',(-22.770780634,35.33918157,12.790020163));
#4082=CARTESIAN_POINT('',(-22.781314373,35.335384187,12.790638437));
#4083=CARTESIAN_POINT('',(-22.822329987,35.320064579,12.792953733));
#4084=CARTESIAN_POINT('',(-22.852388586,35.30748248,12.794478694));
#4085=CARTESIAN_POINT('',(-22.923524514,35.27368573,12.797208926));
#4086=CARTESIAN_POINT('',(-22.963063648,35.252701449,12.798512837));
#4087=CARTESIAN_POINT('',(-23.042243628,35.205388438,12.7996495));
#4088=CARTESIAN_POINT('',(-23.080610073,35.180357371,12.799913554));
#4089=CARTESIAN_POINT('',(-23.157109398,35.126057511,12.798930511));
#4090=CARTESIAN_POINT('',(-23.194356802,35.097679494,12.798058682));
#4091=CARTESIAN_POINT('',(-23.238621993,35.061805934,12.796128619));
#4092=CARTESIAN_POINT('',(-23.275419486,35.031647132,12.794418593));
#4093=CARTESIAN_POINT('',(-23.311504671,35.000402005,12.792193958));
#4094=CARTESIAN_POINT('',(-23.375930492,34.942317712,12.787230566));
#4095=CARTESIAN_POINT('',(-23.411137481,34.908984682,12.783879565));
#4096=CARTESIAN_POINT('',(-23.480489713,34.84049233,12.776016533));
#4097=CARTESIAN_POINT('',(-23.514832781,34.805118504,12.771349601));
#4098=CARTESIAN_POINT('',(-23.582293627,34.733127466,12.761041267));
#4099=CARTESIAN_POINT('',(-23.61586321,34.696004501,12.755010019));
#4100=CARTESIAN_POINT('',(-23.653115887,34.653580264,12.747737638));
#4101=CARTESIAN_POINT('',(-23.686023111,34.615956553,12.741178878));
#4102=CARTESIAN_POINT('',(-23.71882415,34.57734347,12.733711698));
#4103=CARTESIAN_POINT('',(-23.762925384,34.524218487,12.723095134));
#4104=CARTESIAN_POINT('',(-23.779153625,34.50439942,12.718824556));
#4105=CARTESIAN_POINT('',(-23.811101268,34.464903206,12.710346625));
#4106=CARTESIAN_POINT('',(-23.827195546,34.444742488,12.705690107));
#4107=CARTESIAN_POINT('',(-23.85888808,34.404589636,12.696459282));
#4108=CARTESIAN_POINT('',(-23.874860019,34.384096371,12.691403431));
#4109=CARTESIAN_POINT('',(-23.906329913,34.343295249,12.681384443));
#4110=CARTESIAN_POINT('',(-23.922191414,34.32247861,12.675916277));
#4111=CARTESIAN_POINT('',(-23.953470948,34.281037656,12.665073638));
#4112=CARTESIAN_POINT('',(-23.969234266,34.259906851,12.65918053));
#4113=CARTESIAN_POINT('',(-24.000355519,34.217834617,12.64747855));
#4114=CARTESIAN_POINT('',(-24.016033342,34.19639885,12.641148167));
#4115=CARTESIAN_POINT('',(-24.047028176,34.153704044,12.62855096));
#4116=CARTESIAN_POINT('',(-24.062634955,34.131968778,12.621773399));
#4117=CARTESIAN_POINT('',(-24.093536727,34.088631389,12.608237849));
#4118=CARTESIAN_POINT('',(-24.109083724,34.066589479,12.600986876));
#4119=CARTESIAN_POINT('',(-24.139912655,34.022606684,12.586438352));
#4120=CARTESIAN_POINT('',(-24.155407691,34.000264645,12.578681488));
#4121=CARTESIAN_POINT('',(-24.186182677,33.955637728,12.563043614));
#4122=CARTESIAN_POINT('',(-24.201634677,33.933000421,12.554749019));
#4123=CARTESIAN_POINT('',(-24.232374345,33.887730939,12.537945244));
#4124=CARTESIAN_POINT('',(-24.247792945,33.8648031,12.52908098));
#4125=CARTESIAN_POINT('',(-24.278515639,33.81889289,12.511034577));
#4126=CARTESIAN_POINT('',(-24.293911219,33.795679122,12.501568526));
#4127=CARTESIAN_POINT('',(-24.324634983,33.749130307,12.482202589));
#4128=CARTESIAN_POINT('',(-24.340018691,33.725635078,12.472102346));
#4129=CARTESIAN_POINT('',(-24.370761258,33.678450061,12.451339791));
#4130=CARTESIAN_POINT('',(-24.385097834,33.65246015,12.441457979));
#4131=CARTESIAN_POINT('',(-24.401534409,33.630768429,12.429454345));
#4132=CARTESIAN_POINT('',(-22.234567901,34.927219254,12.920624074));
#4133=CARTESIAN_POINT('',(-22.307514376,34.927219254,12.920624074));
#4134=CARTESIAN_POINT('',(-22.388414999,34.916090048,12.924239162));
#4135=CARTESIAN_POINT('',(-22.549789534,34.873452774,12.934885821));
#4136=CARTESIAN_POINT('',(-22.630254835,34.842198296,12.941678066));
#4137=CARTESIAN_POINT('',(-22.701702426,34.808281018,12.947447126));
#4138=CARTESIAN_POINT('',(-22.702337097,34.807973967,12.947499594));
#4139=CARTESIAN_POINT('',(-22.713005831,34.802848189,12.94837061));
#4140=CARTESIAN_POINT('',(-22.722867205,34.797984824,12.949168364));
#4141=CARTESIAN_POINT('',(-22.761226016,34.778611748,12.952222188));
#4142=CARTESIAN_POINT('',(-22.789596017,34.763229873,12.954378172));
#4143=CARTESIAN_POINT('',(-22.856232816,34.724598049,12.958977892));
#4144=CARTESIAN_POINT('',(-22.893938367,34.700991801,12.961364768));
#4145=CARTESIAN_POINT('',(-22.968835693,34.650770763,12.965187716));
#4146=CARTESIAN_POINT('',(-23.005663353,34.624526735,12.966747016));
#4147=CARTESIAN_POINT('',(-23.078697963,34.569708051,12.968744272));
#4148=CARTESIAN_POINT('',(-23.114651919,34.541387903,12.969289447));
#4149=CARTESIAN_POINT('',(-23.157280463,34.506473113,12.969181106));
#4150=CARTESIAN_POINT('',(-23.192766967,34.477191922,12.968976895));
#4151=CARTESIAN_POINT('',(-23.227770781,34.447238648,12.968201644));
#4152=CARTESIAN_POINT('',(-23.290300645,34.39231075,12.965881985));
#4153=CARTESIAN_POINT('',(-23.32458007,34.361214396,12.963972742));
#4154=CARTESIAN_POINT('',(-23.392347247,34.29805492,12.958840865));
#4155=CARTESIAN_POINT('',(-23.42589152,34.26593051,12.955573973));
#4156=CARTESIAN_POINT('',(-23.492179298,34.201041009,12.947701537));
#4157=CARTESIAN_POINT('',(-23.52505189,34.168131418,12.942984607));
#4158=CARTESIAN_POINT('',(-23.561813841,34.130694152,12.936873693));
#4159=CARTESIAN_POINT('',(-23.594263166,34.097571198,12.931360838));
#4160=CARTESIAN_POINT('',(-23.626481956,34.064098723,12.925024547));
#4161=CARTESIAN_POINT('',(-23.670128038,34.018190638,12.915514404));
#4162=CARTESIAN_POINT('',(-23.68606642,34.001291456,12.911773914));
#4163=CARTESIAN_POINT('',(-23.717714845,33.967535051,12.903989944));
#4164=CARTESIAN_POINT('',(-23.733531996,33.950539666,12.899818131));
#4165=CARTESIAN_POINT('',(-23.76494778,33.916611605,12.891162351));
#4166=CARTESIAN_POINT('',(-23.780653179,33.89953575,12.886540799));
#4167=CARTESIAN_POINT('',(-23.811857915,33.865464687,12.876973949));
#4168=CARTESIAN_POINT('',(-23.827461121,33.848324113,12.871884358));
#4169=CARTESIAN_POINT('',(-23.858476349,33.814138721,12.861367119));
#4170=CARTESIAN_POINT('',(-23.873987023,33.796949191,12.85579129));
#4171=CARTESIAN_POINT('',(-23.904834224,33.762678175,12.844284285));
#4172=CARTESIAN_POINT('',(-23.920262149,33.74545545,12.838204104));
#4173=CARTESIAN_POINT('',(-23.950962745,33.711127561,12.825667897));
#4174=CARTESIAN_POINT('',(-23.96631871,33.693883603,12.819068298));
#4175=CARTESIAN_POINT('',(-23.996895576,33.659511343,12.80546001));
#4176=CARTESIAN_POINT('',(-24.012188303,33.642258372,12.798309712));
#4177=CARTESIAN_POINT('',(-24.042655728,33.607883268,12.783549361));
#4178=CARTESIAN_POINT('',(-24.057891313,33.59064652,12.775808075));
#4179=CARTESIAN_POINT('',(-24.088262772,33.55631372,12.759813325));
#4180=CARTESIAN_POINT('',(-24.103447803,33.539116973,12.751441694));
#4181=CARTESIAN_POINT('',(-24.133736693,33.5048717,12.734130159));
#4182=CARTESIAN_POINT('',(-24.148877961,33.487738698,12.725088802));
#4183=CARTESIAN_POINT('',(-24.179097598,33.453626255,12.706378045));
#4184=CARTESIAN_POINT('',(-24.194202107,33.436580702,12.696627528));
#4185=CARTESIAN_POINT('',(-24.224365724,33.402646476,12.676435062));
#4186=CARTESIAN_POINT('',(-24.239440697,33.385712037,12.665935868));
#4187=CARTESIAN_POINT('',(-24.269561436,33.352001494,12.644179153));
#4188=CARTESIAN_POINT('',(-24.284315121,33.334568211,12.633144633));
#4189=CARTESIAN_POINT('',(-24.299659772,33.318481138,12.621189881));
#4190=CARTESIAN_POINT('',(-22.234567901,34.680403637,13.008777452));
#4191=CARTESIAN_POINT('',(-22.303563777,34.680403637,13.008777452));
#4192=CARTESIAN_POINT('',(-22.379778573,34.668063908,13.012785959));
#4193=CARTESIAN_POINT('',(-22.532730543,34.621522016,13.024673849));
#4194=CARTESIAN_POINT('',(-22.609458531,34.587590349,13.032297951));
#4195=CARTESIAN_POINT('',(-22.678749535,34.55115973,13.038908908));
#4196=CARTESIAN_POINT('',(-22.679361073,34.550837723,13.038967238));
#4197=CARTESIAN_POINT('',(-22.689674842,34.545398851,13.039950723));
#4198=CARTESIAN_POINT('',(-22.699213697,34.540247237,13.040856149));
#4199=CARTESIAN_POINT('',(-22.736301608,34.519792992,13.044348309));
#4200=CARTESIAN_POINT('',(-22.763831638,34.503688486,13.046863637));
#4201=CARTESIAN_POINT('',(-22.828263938,34.464044428,13.052461631));
#4202=CARTESIAN_POINT('',(-22.864989712,34.439908493,13.055424625));
#4203=CARTESIAN_POINT('',(-22.937663489,34.389540452,13.060601426));
#4204=CARTESIAN_POINT('',(-22.973611493,34.363308346,13.062815234));
#4205=CARTESIAN_POINT('',(-23.044722667,34.309256018,13.066267053));
#4206=CARTESIAN_POINT('',(-23.079885837,34.281435796,13.067505065));
#4207=CARTESIAN_POINT('',(-23.121531783,34.247464444,13.068267866));
#4208=CARTESIAN_POINT('',(-23.156220031,34.218999871,13.068783527));
#4209=CARTESIAN_POINT('',(-23.190518071,34.190019995,13.068697788));
#4210=CARTESIAN_POINT('',(-23.251803486,34.137161998,13.067617369));
#4211=CARTESIAN_POINT('',(-23.285446524,34.107397467,13.066374611));
#4212=CARTESIAN_POINT('',(-23.352066834,34.047218826,13.062484624));
#4213=CARTESIAN_POINT('',(-23.385044106,34.016804717,13.059837396));
#4214=CARTESIAN_POINT('',(-23.450394738,33.95554534,13.053020482));
#4215=CARTESIAN_POINT('',(-23.482768099,33.924700071,13.048850796));
#4216=CARTESIAN_POINT('',(-23.519104745,33.889665895,13.043202717));
#4217=CARTESIAN_POINT('',(-23.551170967,33.858701562,13.038103652));
#4218=CARTESIAN_POINT('',(-23.582975709,33.82762502,13.032191287));
#4219=CARTESIAN_POINT('',(-23.626218736,33.785040003,13.023051479));
#4220=CARTESIAN_POINT('',(-23.641966053,33.76946225,13.019489611));
#4221=CARTESIAN_POINT('',(-23.673356932,33.738295232,13.011901176));
#4222=CARTESIAN_POINT('',(-23.689000493,33.722705966,13.00787461));
#4223=CARTESIAN_POINT('',(-23.72019357,33.691532782,12.999335156));
#4224=CARTESIAN_POINT('',(-23.735743085,33.675948864,12.994822269));
#4225=CARTESIAN_POINT('',(-23.766757779,33.644803232,12.985288548));
#4226=CARTESIAN_POINT('',(-23.782222958,33.629241519,12.980267716));
#4227=CARTESIAN_POINT('',(-23.813078691,33.598157158,12.969696482));
#4228=CARTESIAN_POINT('',(-23.828469244,33.58263451,12.964146081));
#4229=CARTESIAN_POINT('',(-23.859185435,33.551645138,12.952494088));
#4230=CARTESIAN_POINT('',(-23.874511073,33.536178413,12.946392496));
#4231=CARTESIAN_POINT('',(-23.905107143,33.505317747,12.933616497));
#4232=CARTESIAN_POINT('',(-23.920378304,33.48991999,12.926945333));
#4233=CARTESIAN_POINT('',(-23.950875126,33.459209646,12.912999905));
#4234=CARTESIAN_POINT('',(-23.96610053,33.443898448,12.905724607));
#4235=CARTESIAN_POINT('',(-23.996511918,33.413393007,12.890525375));
#4236=CARTESIAN_POINT('',(-24.011697901,33.398198765,12.882601442));
#4237=CARTESIAN_POINT('',(-24.042037037,33.367956248,12.86606148));
#4238=CARTESIAN_POINT('',(-24.05719019,33.352907973,12.85744545));
#4239=CARTESIAN_POINT('',(-24.087470258,33.322986402,12.83947783));
#4240=CARTESIAN_POINT('',(-24.102597172,33.308113105,12.83012624));
#4241=CARTESIAN_POINT('',(-24.132831354,33.278570501,12.810644037));
#4242=CARTESIAN_POINT('',(-24.147938621,33.263901194,12.800513423));
#4243=CARTESIAN_POINT('',(-24.178140098,33.234795578,12.779429709));
#4244=CARTESIAN_POINT('',(-24.193234309,33.22035927,12.768476608));
#4245=CARTESIAN_POINT('',(-24.223416266,33.191748665,12.745704457));
#4246=CARTESIAN_POINT('',(-24.238504012,33.177574368,12.733885406));
#4247=CARTESIAN_POINT('',(-24.253591821,33.163545581,12.721611649));
#4248=CARTESIAN_POINT('',(-22.234567901,34.430974069,13.112094561));
#4249=CARTESIAN_POINT('',(-22.301678503,34.430974069,13.112094561));
#4250=CARTESIAN_POINT('',(-22.376159301,34.418825989,13.116165575));
#4251=CARTESIAN_POINT('',(-22.525894175,34.373079894,13.128276626));
#4252=CARTESIAN_POINT('',(-22.601139065,34.339752375,13.136061383));
#4253=CARTESIAN_POINT('',(-22.669034259,34.304154109,13.142870389));
#4254=CARTESIAN_POINT('',(-22.669633472,34.303839473,13.142930472));
#4255=CARTESIAN_POINT('',(-22.679739306,34.29852535,13.143943594));
#4256=CARTESIAN_POINT('',(-22.689084534,34.293495525,13.144877614));
#4257=CARTESIAN_POINT('',(-22.725412046,34.273542082,13.148485862));
#4258=CARTESIAN_POINT('',(-22.752390271,34.257851462,13.151093941));
#4259=CARTESIAN_POINT('',(-22.815556545,34.219278815,13.156922313));
#4260=CARTESIAN_POINT('',(-22.851580751,34.195834567,13.160027104));
#4261=CARTESIAN_POINT('',(-22.922897052,34.147004492,13.165500726));
#4262=CARTESIAN_POINT('',(-22.958189148,34.121618665,13.167869558));
#4263=CARTESIAN_POINT('',(-23.028024578,34.069418909,13.171639663));
#4264=CARTESIAN_POINT('',(-23.062567912,34.04260498,13.173040938));
#4265=CARTESIAN_POINT('',(-23.103487246,34.0099381,13.174001251));
#4266=CARTESIAN_POINT('',(-23.137571516,33.982578903,13.174682123));
#4267=CARTESIAN_POINT('',(-23.171277871,33.954787657,13.174762727));
#4268=CARTESIAN_POINT('',(-23.231509187,33.904195244,13.173980829));
#4269=CARTESIAN_POINT('',(-23.264575758,33.875773297,13.172902851));
#4270=CARTESIAN_POINT('',(-23.330050434,33.818456106,13.169335702));
#4271=CARTESIAN_POINT('',(-23.362458538,33.789560861,13.166846531));
#4272=CARTESIAN_POINT('',(-23.426668545,33.731520911,13.160334024));
#4273=CARTESIAN_POINT('',(-23.458470447,33.702376208,13.156310687));
#4274=CARTESIAN_POINT('',(-23.494153534,33.669372803,13.150818811));
#4275=CARTESIAN_POINT('',(-23.525641574,33.640214935,13.145856646));
#4276=CARTESIAN_POINT('',(-23.556861559,33.611038778,13.140072504));
#4277=CARTESIAN_POINT('',(-23.59929183,33.571168014,13.131095241));
#4278=CARTESIAN_POINT('',(-23.614739426,33.556606308,13.127590069));
#4279=CARTESIAN_POINT('',(-23.645524294,33.527520197,13.120108981));
#4280=CARTESIAN_POINT('',(-23.660861567,33.512995793,13.116133066));
#4281=CARTESIAN_POINT('',(-23.6914343,33.484001821,13.107688247));
#4282=CARTESIAN_POINT('',(-23.706669761,33.469532255,13.103219343));
#4283=CARTESIAN_POINT('',(-23.737047382,33.440665497,13.093766299));
#4284=CARTESIAN_POINT('',(-23.752189543,33.426268305,13.088782159));
#4285=CARTESIAN_POINT('',(-23.782389074,33.397563833,13.078276396));
#4286=CARTESIAN_POINT('',(-23.797446446,33.383256553,13.072754774));
#4287=CARTESIAN_POINT('',(-23.827484911,33.354749441,13.0611518));
#4288=CARTESIAN_POINT('',(-23.842466005,33.340549609,13.055070448));
#4289=CARTESIAN_POINT('',(-23.872360426,33.31227493,13.042325769));
#4290=CARTESIAN_POINT('',(-23.887274483,33.298196267,13.035665685));
#4291=CARTESIAN_POINT('',(-23.917043336,33.270176992,13.021732633));
#4292=CARTESIAN_POINT('',(-23.931897876,33.256237768,13.014458629));
#4293=CARTESIAN_POINT('',(-23.961552576,33.228529834,12.99925158));
#4294=CARTESIAN_POINT('',(-23.976352737,33.214761124,12.991318535));
#4295=CARTESIAN_POINT('',(-24.005904071,33.187423906,12.974749317));
#4296=CARTESIAN_POINT('',(-24.020655244,33.173855399,12.966113143));
#4297=CARTESIAN_POINT('',(-24.050113996,33.146948275,12.948093581));
#4298=CARTESIAN_POINT('',(-24.064821575,33.133609659,12.938710193));
#4299=CARTESIAN_POINT('',(-24.09419853,33.107192007,12.919152115));
#4300=CARTESIAN_POINT('',(-24.108867906,33.09411297,12.908977425));
#4301=CARTESIAN_POINT('',(-24.13817385,33.068244166,12.887792657));
#4302=CARTESIAN_POINT('',(-24.152810416,33.055454397,12.876782579));
#4303=CARTESIAN_POINT('',(-24.182056132,33.030193818,12.853882948));
#4304=CARTESIAN_POINT('',(-24.196665282,33.017723006,12.841993395));
#4305=CARTESIAN_POINT('',(-24.211263419,33.005426517,12.829642061));
#4306=CARTESIAN_POINT('',(-22.234567901,34.423420484,13.115237115));
#4307=CARTESIAN_POINT('',(-22.301655973,34.423420484,13.115237115));
#4308=CARTESIAN_POINT('',(-22.37611214,34.411278686,13.119309846));
#4309=CARTESIAN_POINT('',(-22.525794467,34.365558434,13.131427124));
#4310=CARTESIAN_POINT('',(-22.601011442,34.33225046,13.139216405));
#4311=CARTESIAN_POINT('',(-22.668877363,34.296678525,13.146031124));
#4312=CARTESIAN_POINT('',(-22.669476318,34.296364122,13.146091257));
#4313=CARTESIAN_POINT('',(-22.679577782,34.291053944,13.147105234));
#4314=CARTESIAN_POINT('',(-22.688918878,34.286027961,13.148040081));
#4315=CARTESIAN_POINT('',(-22.725229919,34.266090277,13.151651695));
#4316=CARTESIAN_POINT('',(-22.752195565,34.250412635,13.154262475));
#4317=CARTESIAN_POINT('',(-22.815331563,34.211873473,13.160097575));
#4318=CARTESIAN_POINT('',(-22.851337856,34.188450764,13.163206523));
#4319=CARTESIAN_POINT('',(-22.922617402,34.139668405,13.168688873));
#4320=CARTESIAN_POINT('',(-22.957890657,34.114308756,13.171062274));
#4321=CARTESIAN_POINT('',(-23.027687499,34.06216613,13.174841781));
#4322=CARTESIAN_POINT('',(-23.062211086,34.035383152,13.176247887));
#4323=CARTESIAN_POINT('',(-23.103106238,34.00275629,13.177214055));
#4324=CARTESIAN_POINT('',(-23.137170233,33.975430986,13.177899826));
#4325=CARTESIAN_POINT('',(-23.170855874,33.947676103,13.177985369));
#4326=CARTESIAN_POINT('',(-23.231049235,33.897152882,13.177212337));
#4327=CARTESIAN_POINT('',(-23.264094314,33.868771863,13.176139255));
#4328=CARTESIAN_POINT('',(-23.32952516,33.811541746,13.172581696));
#4329=CARTESIAN_POINT('',(-23.361910927,33.782692648,13.170097219));
#4330=CARTESIAN_POINT('',(-23.426075435,33.724750366,13.163593741));
#4331=CARTESIAN_POINT('',(-23.457854175,33.695657183,13.15957474));
#4332=CARTESIAN_POINT('',(-23.493510589,33.662715224,13.15408748));
#4333=CARTESIAN_POINT('',(-23.52497501,33.633612006,13.149129359));
#4334=CARTESIAN_POINT('',(-23.556170975,33.604493275,13.143348993));
#4335=CARTESIAN_POINT('',(-23.598567917,33.564704454,13.134376499));
#4336=CARTESIAN_POINT('',(-23.614003234,33.550173408,13.130872985));
#4337=CARTESIAN_POINT('',(-23.644763348,33.521150059,13.12339503));
#4338=CARTESIAN_POINT('',(-23.660088147,33.506657757,13.119420588));
#4339=CARTESIAN_POINT('',(-23.690635741,33.477729453,13.11097851));
#4340=CARTESIAN_POINT('',(-23.705858536,33.463293452,13.106510874));
#4341=CARTESIAN_POINT('',(-23.736210636,33.434495308,13.097060142));
#4342=CARTESIAN_POINT('',(-23.751339942,33.420133165,13.092077046));
#4343=CARTESIAN_POINT('',(-23.781513576,33.391500293,13.081573129));
#4344=CARTESIAN_POINT('',(-23.796557905,33.377229565,13.076052308));
#4345=CARTESIAN_POINT('',(-23.826570101,33.348797079,13.064450675));
#4346=CARTESIAN_POINT('',(-23.841537968,33.334635322,13.058369862));
#4347=CARTESIAN_POINT('',(-23.871405753,33.306438337,13.045625981));
#4348=CARTESIAN_POINT('',(-23.886306401,33.292399293,13.038966156));
#4349=CARTESIAN_POINT('',(-23.916048255,33.264460819,13.025033321));
#4350=CARTESIAN_POINT('',(-23.930889207,33.250562777,13.017759276));
#4351=CARTESIAN_POINT('',(-23.960516553,33.222938791,13.002551829));
#4352=CARTESIAN_POINT('',(-23.975302948,33.209212846,12.994618427));
#4353=CARTESIAN_POINT('',(-24.004826577,33.181962762,12.978048159));
#4354=CARTESIAN_POINT('',(-24.019563812,33.168438622,12.969411294));
#4355=CARTESIAN_POINT('',(-24.048994514,33.141621856,12.951389998));
#4356=CARTESIAN_POINT('',(-24.063687982,33.12832923,12.942005567));
#4357=CARTESIAN_POINT('',(-24.093036548,33.102005198,12.922445033));
#4358=CARTESIAN_POINT('',(-24.107691646,33.088973793,12.912268931));
#4359=CARTESIAN_POINT('',(-24.136968866,33.063201911,12.891080952));
#4360=CARTESIAN_POINT('',(-24.151590989,33.050461434,12.880069074));
#4361=CARTESIAN_POINT('',(-24.180807654,33.025301118,12.857165441));
#4362=CARTESIAN_POINT('',(-24.195402197,33.012881278,12.845273685));
#4363=CARTESIAN_POINT('',(-24.209985647,33.000636611,12.832919937));
#4364=CARTESIAN_POINT('',(-22.234567901,34.181863153,13.216173546));
#4365=CARTESIAN_POINT('',(-22.300384885,34.181863153,13.216173546));
#4366=CARTESIAN_POINT('',(-22.373586915,34.169937326,13.220295604));
#4367=CARTESIAN_POINT('',(-22.520823132,34.125098413,13.232594959));
#4368=CARTESIAN_POINT('',(-22.594848176,34.092454733,13.240517955));
#4369=CARTESIAN_POINT('',(-22.661562372,34.057760234,13.247506073));
#4370=CARTESIAN_POINT('',(-22.662151155,34.057453599,13.247567741));
#4371=CARTESIAN_POINT('',(-22.672080961,34.052274848,13.248607684));
#4372=CARTESIAN_POINT('',(-22.681261572,34.047376597,13.249567717));
#4373=CARTESIAN_POINT('',(-22.716940472,34.027961454,13.253282124));
#4374=CARTESIAN_POINT('',(-22.743437503,34.012712835,13.255975714));
#4375=CARTESIAN_POINT('',(-22.8054762,33.97527721,13.262017848));
#4376=CARTESIAN_POINT('',(-22.840856614,33.952561893,13.265255225));
#4377=CARTESIAN_POINT('',(-22.910892523,33.905341331,13.271008003));
#4378=CARTESIAN_POINT('',(-22.945548019,33.880836085,13.273523404));
#4379=CARTESIAN_POINT('',(-23.014113306,33.830552713,13.277595687));
#4380=CARTESIAN_POINT('',(-23.048023098,33.804774587,13.279152569));
#4381=CARTESIAN_POINT('',(-23.088182901,33.773443549,13.280301728));
#4382=CARTESIAN_POINT('',(-23.12163299,33.747215249,13.281140667));
#4383=CARTESIAN_POINT('',(-23.15470419,33.720634753,13.281380811));
#4384=CARTESIAN_POINT('',(-23.213786904,33.672342563,13.280885445));
#4385=CARTESIAN_POINT('',(-23.246213392,33.645278796,13.279965791));
#4386=CARTESIAN_POINT('',(-23.310398073,33.590846362,13.276708661));
#4387=CARTESIAN_POINT('',(-23.342156267,33.563477695,13.274371186));
#4388=CARTESIAN_POINT('',(-23.405052259,33.508664095,13.26815015));
#4389=CARTESIAN_POINT('',(-23.436190057,33.481219162,13.264266589));
#4390=CARTESIAN_POINT('',(-23.471110945,33.450240463,13.258923188));
#4391=CARTESIAN_POINT('',(-23.501924382,33.422883094,13.254091063));
#4392=CARTESIAN_POINT('',(-23.532460172,33.395596827,13.248427953));
#4393=CARTESIAN_POINT('',(-23.573940756,33.358420484,13.239602977));
#4394=CARTESIAN_POINT('',(-23.589038399,33.344866423,13.236150662));
#4395=CARTESIAN_POINT('',(-23.619117075,33.31784208,13.228769069));
#4396=CARTESIAN_POINT('',(-23.63409811,33.304371798,13.224839791));
#4397=CARTESIAN_POINT('',(-23.66395154,33.277533197,13.216481397));
#4398=CARTESIAN_POINT('',(-23.678823935,33.264164878,13.212052281));
#4399=CARTESIAN_POINT('',(-23.708468054,33.23754839,13.202671341));
#4400=CARTESIAN_POINT('',(-23.723239778,33.22430022,13.197719516));
#4401=CARTESIAN_POINT('',(-23.752690523,33.197942215,13.187270284));
#4402=CARTESIAN_POINT('',(-23.767369544,33.18483238,13.181772877));
#4403=CARTESIAN_POINT('',(-23.796642851,33.158769229,13.170209609));
#4404=CARTESIAN_POINT('',(-23.811237137,33.145815914,13.164143747));
#4405=CARTESIAN_POINT('',(-23.840348942,33.120083988,13.151420696));
#4406=CARTESIAN_POINT('',(-23.854867187,33.107301577,13.144766738));
#4407=CARTESIAN_POINT('',(-23.883834885,33.0819252,13.130835999));
#4408=CARTESIAN_POINT('',(-23.898284083,33.069332614,13.123558188));
#4409=CARTESIAN_POINT('',(-23.92711805,33.044368944,13.108333058));
#4410=CARTESIAN_POINT('',(-23.94150282,33.03199786,13.10038574));
#4411=CARTESIAN_POINT('',(-23.970212806,33.007507485,13.083776976));
#4412=CARTESIAN_POINT('',(-23.984538022,32.995388196,13.075115529));
#4413=CARTESIAN_POINT('',(-24.013133774,32.971431705,13.057033885));
#4414=CARTESIAN_POINT('',(-24.02740431,32.959594504,13.047613688));
#4415=CARTESIAN_POINT('',(-24.055895577,32.936232485,13.027969921));
#4416=CARTESIAN_POINT('',(-24.070116307,32.924707667,13.017746351));
#4417=CARTESIAN_POINT('',(-24.098512837,32.902000708,12.996451217));
#4418=CARTESIAN_POINT('',(-24.112688636,32.890818566,12.985379652));
#4419=CARTESIAN_POINT('',(-24.141000176,32.868827254,12.962343907));
#4420=CARTESIAN_POINT('',(-24.155135918,32.858018083,12.950379726));
#4421=CARTESIAN_POINT('',(-24.169254068,32.847410545,12.937946926));
#4422=CARTESIAN_POINT('',(-22.234567901,33.952581181,13.325209344));
#4423=CARTESIAN_POINT('',(-22.299223196,33.952581181,13.325209344));
#4424=CARTESIAN_POINT('',(-22.370827062,33.941313094,13.329209719));
#4425=CARTESIAN_POINT('',(-22.514789414,33.898960286,13.341169375));
#4426=CARTESIAN_POINT('',(-22.587139435,33.868127947,13.348889663));
#4427=CARTESIAN_POINT('',(-22.652608575,33.835329672,13.355763791));
#4428=CARTESIAN_POINT('',(-22.653186394,33.835039794,13.355824459));
#4429=CARTESIAN_POINT('',(-22.662931682,33.83014401,13.356847625));
#4430=CARTESIAN_POINT('',(-22.671947521,33.825512832,13.357793599));
#4431=CARTESIAN_POINT('',(-22.707016425,33.807153147,13.361459501));
#4432=CARTESIAN_POINT('',(-22.733064562,33.792731958,13.364125173));
#4433=CARTESIAN_POINT('',(-22.794061167,33.757326274,13.370119338));
#4434=CARTESIAN_POINT('',(-22.828854315,33.735841629,13.373343068));
#4435=CARTESIAN_POINT('',(-22.897740108,33.691181592,13.379092599));
#4436=CARTESIAN_POINT('',(-22.931832754,33.668006201,13.3816184));
#4437=CARTESIAN_POINT('',(-22.999295281,33.620457934,13.385731615));
#4438=CARTESIAN_POINT('',(-23.032665163,33.596085057,13.387319029));
#4439=CARTESIAN_POINT('',(-23.072191087,33.566468209,13.388514474));
#4440=CARTESIAN_POINT('',(-23.105114165,33.54167591,13.389393788));
#4441=CARTESIAN_POINT('',(-23.13766847,33.516556482,13.389680709));
#4442=CARTESIAN_POINT('',(-23.195831078,33.470931753,13.389272806));
#4443=CARTESIAN_POINT('',(-23.227754959,33.445371737,13.388404037));
#4444=CARTESIAN_POINT('',(-23.290945232,33.393989328,13.385244094));
#4445=CARTESIAN_POINT('',(-23.322211625,33.368166934,13.382952921));
#4446=CARTESIAN_POINT('',(-23.38412972,33.316483738,13.376810622));
#4447=CARTESIAN_POINT('',(-23.414781423,33.290622935,13.372959496));
#4448=CARTESIAN_POINT('',(-23.44915244,33.261456095,13.367639701));
#4449=CARTESIAN_POINT('',(-23.47948015,33.235701556,13.362826965));
#4450=CARTESIAN_POINT('',(-23.509529751,33.21003567,13.35717017));
#4451=CARTESIAN_POINT('',(-23.550342035,33.175098126,13.348335551));
#4452=CARTESIAN_POINT('',(-23.565194779,33.162366879,13.344875882));
#4453=CARTESIAN_POINT('',(-23.594781749,33.136997546,13.337471305));
#4454=CARTESIAN_POINT('',(-23.609515974,33.12435946,13.333526398));
#4455=CARTESIAN_POINT('',(-23.638873272,33.099194821,13.325127864));
#4456=CARTESIAN_POINT('',(-23.653496345,33.086668268,13.320674237));
#4457=CARTESIAN_POINT('',(-23.682638705,33.061745066,13.311234781));
#4458=CARTESIAN_POINT('',(-23.697157992,33.049348418,13.306248951));
#4459=CARTESIAN_POINT('',(-23.726100144,33.024703399,13.295721605));
#4460=CARTESIAN_POINT('',(-23.740523011,33.012455028,13.29018009));
#4461=CARTESIAN_POINT('',(-23.769279688,32.988124934,13.27851789));
#4462=CARTESIAN_POINT('',(-23.7836135,32.976043212,13.272397206));
#4463=CARTESIAN_POINT('',(-23.812199435,32.952064788,13.259553187));
#4464=CARTESIAN_POINT('',(-23.826452232,32.940164524,13.252832886));
#4465=CARTESIAN_POINT('',(-23.85488369,32.916563307,13.238758151));
#4466=CARTESIAN_POINT('',(-23.869062112,32.904863648,13.231402748));
#4467=CARTESIAN_POINT('',(-23.897349002,32.881696038,13.216012054));
#4468=CARTESIAN_POINT('',(-23.911457469,32.870228086,13.207976762));
#4469=CARTESIAN_POINT('',(-23.939609107,32.847553693,13.191182473));
#4470=CARTESIAN_POINT('',(-23.953652279,32.836347252,13.182423476));
#4471=CARTESIAN_POINT('',(-23.981677986,32.814225688,13.164137958));
#4472=CARTESIAN_POINT('',(-23.995660521,32.803310564,13.154611438));
#4473=CARTESIAN_POINT('',(-24.023569613,32.781801439,13.134747059));
#4474=CARTESIAN_POINT('',(-24.037496171,32.771207438,13.124409199));
#4475=CARTESIAN_POINT('',(-24.065297967,32.750370363,13.102878324));
#4476=CARTESIAN_POINT('',(-24.079173206,32.740127289,13.091685307));
#4477=CARTESIAN_POINT('',(-24.106877026,32.720021876,13.068400301));
#4478=CARTESIAN_POINT('',(-24.120705605,32.710159536,13.056308312));
#4479=CARTESIAN_POINT('',(-24.134513185,32.700502465,13.043744926));
#4480=CARTESIAN_POINT('',(-22.234567901,33.498157646,13.568378426));
#4481=CARTESIAN_POINT('',(-22.297083923,33.498157646,13.568378426));
#4482=CARTESIAN_POINT('',(-22.365279065,33.488643631,13.571783911));
#4483=CARTESIAN_POINT('',(-22.502248239,33.452863908,13.581913529));
#4484=CARTESIAN_POINT('',(-22.571015839,33.426799481,13.588444613));
#4485=CARTESIAN_POINT('',(-22.63422249,33.398787331,13.5942681));
#4486=CARTESIAN_POINT('',(-22.634780427,33.398539731,13.594319496));
#4487=CARTESIAN_POINT('',(-22.644191877,33.394357605,13.595186301));
#4488=CARTESIAN_POINT('',(-22.652920436,33.390395839,13.595987925));
#4489=CARTESIAN_POINT('',(-22.686981779,33.374661479,13.599094043));
#4490=CARTESIAN_POINT('',(-22.712300888,33.36227757,13.601346163));
#4491=CARTESIAN_POINT('',(-22.771631805,33.331816264,13.606380988));
#4492=CARTESIAN_POINT('',(-22.805507497,33.313288814,13.609064645));
#4493=CARTESIAN_POINT('',(-22.872633305,33.27468896,13.613767325));
#4494=CARTESIAN_POINT('',(-22.905883421,33.254616555,13.615786349));
#4495=CARTESIAN_POINT('',(-22.97172687,33.213347089,13.618927639));
#4496=CARTESIAN_POINT('',(-23.004320205,33.192150027,13.620049905));
#4497=CARTESIAN_POINT('',(-23.042950104,33.166337249,13.620718098));
#4498=CARTESIAN_POINT('',(-23.075130939,33.144720202,13.621162582));
#4499=CARTESIAN_POINT('',(-23.106969228,33.122773596,13.621036519));
#4500=CARTESIAN_POINT('',(-23.163867143,33.082856812,13.619909311));
#4501=CARTESIAN_POINT('',(-23.19510719,33.060456613,13.618659153));
#4502=CARTESIAN_POINT('',(-23.256945842,33.015363295,13.614764146));
#4503=CARTESIAN_POINT('',(-23.287544449,32.992670177,13.612119296));
#4504=CARTESIAN_POINT('',(-23.348123202,32.947199413,13.605289572));
#4505=CARTESIAN_POINT('',(-23.37810335,32.924421767,13.601104697));
#4506=CARTESIAN_POINT('',(-23.411700883,32.898709837,13.595414005));
#4507=CARTESIAN_POINT('',(-23.441343772,32.876003287,13.590274567));
#4508=CARTESIAN_POINT('',(-23.470694172,32.853357316,13.584293978));
#4509=CARTESIAN_POINT('',(-23.510522678,32.822520501,13.575021914));
#4510=CARTESIAN_POINT('',(-23.525010177,32.811281391,13.571403587));
#4511=CARTESIAN_POINT('',(-23.553852885,32.788883579,13.563684808));
#4512=CARTESIAN_POINT('',(-23.568208092,32.777724878,13.559584355));
#4513=CARTESIAN_POINT('',(-23.596791209,32.755506618,13.550878521));
#4514=CARTESIAN_POINT('',(-23.611019119,32.74444706,13.54627314));
#4515=CARTESIAN_POINT('',(-23.639352636,32.722445825,13.536534644));
#4516=CARTESIAN_POINT('',(-23.653458244,32.711504148,13.53140153));
#4517=CARTESIAN_POINT('',(-23.681552153,32.68975741,13.520584767));
#4518=CARTESIAN_POINT('',(-23.695540454,32.678952349,13.514901117));
#4519=CARTESIAN_POINT('',(-23.723404744,32.657497579,13.502960479));
#4520=CARTESIAN_POINT('',(-23.737280733,32.646847871,13.496703491));
#4521=CARTESIAN_POINT('',(-23.764925396,32.625722542,13.483593372));
#4522=CARTESIAN_POINT('',(-23.778694588,32.615244072,13.476742685));
#4523=CARTESIAN_POINT('',(-23.806131377,32.594476974,13.46241624));
#4524=CARTESIAN_POINT('',(-23.819798783,32.584189378,13.454939697));
#4525=CARTESIAN_POINT('',(-23.847035071,32.563834237,13.43932108));
#4526=CARTESIAN_POINT('',(-23.860603953,32.553766691,13.431179007));
#4527=CARTESIAN_POINT('',(-23.887646641,32.533879792,13.414190439));
#4528=CARTESIAN_POINT('',(-23.901120448,32.52406044,13.405343944));
#4529=CARTESIAN_POINT('',(-23.927976438,32.504698072,13.386907645));
#4530=CARTESIAN_POINT('',(-23.941358621,32.495155056,13.37731784));
#4531=CARTESIAN_POINT('',(-23.968034814,32.476373505,13.357356031));
#4532=CARTESIAN_POINT('',(-23.981328823,32.467134969,13.346984026));
#4533=CARTESIAN_POINT('',(-24.00783212,32.448990521,13.325418925));
#4534=CARTESIAN_POINT('',(-24.021041407,32.440084609,13.31422583));
#4535=CARTESIAN_POINT('',(-24.047378708,32.422633551,13.290979659));
#4536=CARTESIAN_POINT('',(-24.060506723,32.414088406,13.278926584));
#4537=CARTESIAN_POINT('',(-24.073595827,32.405737715,13.266424074));
#4538=CARTESIAN_POINT('',(-22.234567901,33.27338823,13.703207845));
#4539=CARTESIAN_POINT('',(-22.296113485,33.27338823,13.703207845));
#4540=CARTESIAN_POINT('',(-22.36251297,33.264966828,13.706111982));
#4541=CARTESIAN_POINT('',(-22.495821399,33.233263664,13.714655906));
#4542=CARTESIAN_POINT('',(-22.562725285,33.210148578,13.72013376));
#4543=CARTESIAN_POINT('',(-22.624982359,33.185005751,13.724944277));
#4544=CARTESIAN_POINT('',(-22.62553198,33.18478349,13.724986726));
#4545=CARTESIAN_POINT('',(-22.634804296,33.181028949,13.725702538));
#4546=CARTESIAN_POINT('',(-22.6434204,33.17746632,13.726362957));
#4547=CARTESIAN_POINT('',(-22.677126124,33.16328785,13.728913884));
#4548=CARTESIAN_POINT('',(-22.70219827,33.152101948,13.73074589));
#4549=CARTESIAN_POINT('',(-22.760987024,33.124524314,13.734785206));
#4550=CARTESIAN_POINT('',(-22.794581944,33.107703449,13.736891773));
#4551=CARTESIAN_POINT('',(-22.861199535,33.072559859,13.740447328));
#4552=CARTESIAN_POINT('',(-22.894222205,33.054237135,13.741896318));
#4553=CARTESIAN_POINT('',(-22.959654425,33.016461874,13.743919068));
#4554=CARTESIAN_POINT('',(-22.992063975,32.997009337,13.744492828));
#4555=CARTESIAN_POINT('',(-23.030494089,32.973254255,13.744525553));
#4556=CARTESIAN_POINT('',(-23.062511593,32.953349423,13.744443357));
#4557=CARTESIAN_POINT('',(-23.09420164,32.933086842,13.743807364));
#4558=CARTESIAN_POINT('',(-23.150843828,32.896160491,13.741786024));
#4559=CARTESIAN_POINT('',(-23.181949994,32.87538852,13.740057231));
#4560=CARTESIAN_POINT('',(-23.243519898,32.83347999,13.735243534));
#4561=CARTESIAN_POINT('',(-23.273983635,32.81234343,13.73215863));
#4562=CARTESIAN_POINT('',(-23.334274629,32.769904727,13.724490931));
#4563=CARTESIAN_POINT('',(-23.364101885,32.748602584,13.719908135));
#4564=CARTESIAN_POINT('',(-23.397506521,32.724509593,13.713792893));
#4565=CARTESIAN_POINT('',(-23.426976737,32.703227191,13.70828151));
#4566=CARTESIAN_POINT('',(-23.456134946,32.681962102,13.701950258));
#4567=CARTESIAN_POINT('',(-23.495668619,32.6529654,13.692229691));
#4568=CARTESIAN_POINT('',(-23.510041668,32.642388418,13.68845406));
#4569=CARTESIAN_POINT('',(-23.538640021,32.621294498,13.680435454));
#4570=CARTESIAN_POINT('',(-23.552865325,32.61077756,13.676192479));
#4571=CARTESIAN_POINT('',(-23.581171127,32.589822855,13.667217948));
#4572=CARTESIAN_POINT('',(-23.595251624,32.579385088,13.662486391));
#4573=CARTESIAN_POINT('',(-23.623270749,32.558607853,13.652513454));
#4574=CARTESIAN_POINT('',(-23.637209378,32.548268386,13.647272074));
#4575=CARTESIAN_POINT('',(-23.664947705,32.527706879,13.636258253));
#4576=CARTESIAN_POINT('',(-23.678747403,32.517484839,13.630485811));
#4577=CARTESIAN_POINT('',(-23.706210808,32.497177316,13.618388625));
#4578=CARTESIAN_POINT('',(-23.719874515,32.487091832,13.612063881));
#4579=CARTESIAN_POINT('',(-23.747068874,32.467076549,13.598840851));
#4580=CARTESIAN_POINT('',(-23.760599941,32.457144382,13.591944609));
#4581=CARTESIAN_POINT('',(-23.787533051,32.437452621,13.577552485));
#4582=CARTESIAN_POINT('',(-23.800934937,32.427693883,13.570055944));
#4583=CARTESIAN_POINT('',(-23.827611551,32.408377852,13.554427453));
#4584=CARTESIAN_POINT('',(-23.840886279,32.398820559,13.546295503));
#4585=CARTESIAN_POINT('',(-23.867310758,32.379934584,13.529361745));
#4586=CARTESIAN_POINT('',(-23.88046051,32.370605902,13.520559937));
#4587=CARTESIAN_POINT('',(-23.906637215,32.352204309,13.502252013));
#4588=CARTESIAN_POINT('',(-23.91966417,32.343131399,13.492745897));
#4589=CARTESIAN_POINT('',(-23.945597465,32.325268515,13.472994907));
#4590=CARTESIAN_POINT('',(-23.958503804,32.31647854,13.462750034));
#4591=CARTESIAN_POINT('',(-23.984198048,32.299208691,13.441487079));
#4592=CARTESIAN_POINT('',(-23.996985952,32.290728816,13.430468998));
#4593=CARTESIAN_POINT('',(-24.022445508,32.274106328,13.40762518));
#4594=CARTESIAN_POINT('',(-24.035117158,32.265963715,13.395799442));
#4595=CARTESIAN_POINT('',(-24.047731772,32.258003315,13.38355265));
#4596=CARTESIAN_POINT('',(-22.234567901,32.838037141,13.994100143));
#4597=CARTESIAN_POINT('',(-22.29449153,32.838037141,13.994100143));
#4598=CARTESIAN_POINT('',(-22.357654214,32.831839659,13.995786673));
#4599=CARTESIAN_POINT('',(-22.484401602,32.80840977,14.000395416));
#4600=CARTESIAN_POINT('',(-22.547984001,32.791274827,14.003217925));
#4601=CARTESIAN_POINT('',(-22.608767463,32.771956952,14.005328594));
#4602=CARTESIAN_POINT('',(-22.609304214,32.77178613,14.005347187));
#4603=CARTESIAN_POINT('',(-22.618361776,32.768899645,14.005660171));
#4604=CARTESIAN_POINT('',(-22.626813043,32.766147488,14.005940937));
#4605=CARTESIAN_POINT('',(-22.660046934,32.755129303,14.00698687));
#4606=CARTESIAN_POINT('',(-22.684806735,32.74637595,14.007663792));
#4607=CARTESIAN_POINT('',(-22.742943641,32.724649413,14.008931407));
#4608=CARTESIAN_POINT('',(-22.776229431,32.711288068,14.009404288));
#4609=CARTESIAN_POINT('',(-22.842338394,32.683139511,14.009664676));
#4610=CARTESIAN_POINT('',(-22.875161566,32.668352299,14.009452183));
#4611=CARTESIAN_POINT('',(-22.940281422,32.637621126,14.008170907));
#4612=CARTESIAN_POINT('',(-22.972578107,32.621677165,14.007102124));
#4613=CARTESIAN_POINT('',(-23.010911136,32.602047053,14.005206661));
#4614=CARTESIAN_POINT('',(-23.042854074,32.585572366,14.003521787));
#4615=CARTESIAN_POINT('',(-23.074497192,32.568671391,14.001315212));
#4616=CARTESIAN_POINT('',(-23.13107186,32.537692982,13.996521419));
#4617=CARTESIAN_POINT('',(-23.162152593,32.520144457,13.993294974));
#4618=CARTESIAN_POINT('',(-23.223657962,32.484503572,13.985592397));
#4619=CARTESIAN_POINT('',(-23.254082599,32.466411211,13.981116266));
#4620=CARTESIAN_POINT('',(-23.314243992,32.429856462,13.970797439));
#4621=CARTESIAN_POINT('',(-23.343980749,32.411394073,13.964954742));
#4622=CARTESIAN_POINT('',(-23.377232504,32.390385434,13.957501835));
#4623=CARTESIAN_POINT('',(-23.406561891,32.37181248,13.950819205));
#4624=CARTESIAN_POINT('',(-23.435530484,32.353145501,13.943392873));
#4625=CARTESIAN_POINT('',(-23.474727476,32.327572358,13.932285681));
#4626=CARTESIAN_POINT('',(-23.488961247,32.318218931,13.928026829));
#4627=CARTESIAN_POINT('',(-23.517244008,32.299516789,13.919094234));
#4628=CARTESIAN_POINT('',(-23.531292998,32.290168075,13.914420491));
#4629=CARTESIAN_POINT('',(-23.559204564,32.271494469,13.904642226));
#4630=CARTESIAN_POINT('',(-23.573067139,32.262169577,13.899537704));
#4631=CARTESIAN_POINT('',(-23.600604242,32.243562723,13.88888199));
#4632=CARTESIAN_POINT('',(-23.614278769,32.234280762,13.883330799));
#4633=CARTESIAN_POINT('',(-23.641438142,32.21577888,13.871765861));
#4634=CARTESIAN_POINT('',(-23.654922987,32.206558959,13.865752113));
#4635=CARTESIAN_POINT('',(-23.681701361,32.188200266,13.853246171));
#4636=CARTESIAN_POINT('',(-23.694994891,32.179061494,13.846753977));
#4637=CARTESIAN_POINT('',(-23.721388999,32.160884208,13.833275255));
#4638=CARTESIAN_POINT('',(-23.734489782,32.151844292,13.826289971));
#4639=CARTESIAN_POINT('',(-23.760498589,32.133883076,13.811806858));
#4640=CARTESIAN_POINT('',(-23.773406519,32.124962276,13.80430862));
#4641=CARTESIAN_POINT('',(-23.79902862,32.107264691,13.788775436));
#4642=CARTESIAN_POINT('',(-23.811742789,32.098487906,13.78074049));
#4643=CARTESIAN_POINT('',(-23.836976549,32.081102751,13.764110543));
#4644=CARTESIAN_POINT('',(-23.84949614,32.072494381,13.755515543));
#4645=CARTESIAN_POINT('',(-23.874339926,32.055470455,13.737742145));
#4646=CARTESIAN_POINT('',(-23.886664121,32.047054899,13.728563746));
#4647=CARTESIAN_POINT('',(-23.911116297,32.030441,13.709600205));
#4648=CARTESIAN_POINT('',(-23.923244279,32.022242658,13.699815063));
#4649=CARTESIAN_POINT('',(-23.947303212,32.006087586,13.679614689));
#4650=CARTESIAN_POINT('',(-23.959234164,31.998130857,13.669199457));
#4651=CARTESIAN_POINT('',(-23.982898219,31.982483411,13.64771556));
#4652=CARTESIAN_POINT('',(-23.994631323,31.974792694,13.636646894));
#4653=CARTESIAN_POINT('',(-24.006265095,31.967247183,13.625239839));
#4654=CARTESIAN_POINT('',(-22.234567901,32.627455469,14.150163021));
#4655=CARTESIAN_POINT('',(-22.293840014,32.627455469,14.150163021));
#4656=CARTESIAN_POINT('',(-22.355547968,32.622400643,14.15114482));
#4657=CARTESIAN_POINT('',(-22.47934805,32.60320675,14.15344397));
#4658=CARTESIAN_POINT('',(-22.541439249,32.58913054,14.154692733));
#4659=CARTESIAN_POINT('',(-22.601658635,32.572801747,14.155150504));
#4660=CARTESIAN_POINT('',(-22.602190477,32.572657323,14.155154488));
#4661=CARTESIAN_POINT('',(-22.611166431,32.570216311,14.155220721));
#4662=CARTESIAN_POINT('',(-22.619559555,32.567880303,14.155267925));
#4663=CARTESIAN_POINT('',(-22.652653937,32.558485979,14.155383827));
#4664=CARTESIAN_POINT('',(-22.677329925,32.550982568,14.155341421));
#4665=CARTESIAN_POINT('',(-22.735311944,32.532261222,14.154871203));
#4666=CARTESIAN_POINT('',(-22.768541984,32.520675701,14.154310734));
#4667=CARTESIAN_POINT('',(-22.834594399,32.496112818,14.152470719));
#4668=CARTESIAN_POINT('',(-22.867416772,32.483135457,14.151191173));
#4669=CARTESIAN_POINT('',(-22.932578008,32.456002198,14.147773196));
#4670=CARTESIAN_POINT('',(-22.96491687,32.441846301,14.145634766));
#4671=CARTESIAN_POINT('',(-23.003318991,32.424311547,14.142475105));
#4672=CARTESIAN_POINT('',(-23.035322771,32.409578123,14.139737929));
#4673=CARTESIAN_POINT('',(-23.067040094,32.394377377,14.136493707));
#4674=CARTESIAN_POINT('',(-23.123756091,32.366395645,14.129861378));
#4675=CARTESIAN_POINT('',(-23.154920619,32.350462936,14.125636834));
#4676=CARTESIAN_POINT('',(-23.216584986,32.31794269,14.11600244));
#4677=CARTESIAN_POINT('',(-23.247084826,32.301355154,14.110592589));
#4678=CARTESIAN_POINT('',(-23.307368691,32.267682114,14.098490894));
#4679=CARTESIAN_POINT('',(-23.337152718,32.250596611,14.09179905));
#4680=CARTESIAN_POINT('',(-23.370431225,32.23106447,14.083444285));
#4681=CARTESIAN_POINT('',(-23.399781185,32.213786232,14.075971918));
#4682=CARTESIAN_POINT('',(-23.428744574,32.196342982,14.067807768));
#4683=CARTESIAN_POINT('',(-23.467893925,32.172358126,14.055767371));
#4684=CARTESIAN_POINT('',(-23.482101771,32.163567041,14.051183534));
#4685=CARTESIAN_POINT('',(-23.510313311,32.145952772,14.041636763));
#4686=CARTESIAN_POINT('',(-23.524317004,32.137129588,14.036673828));
#4687=CARTESIAN_POINT('',(-23.55211626,32.119469675,14.026356615));
#4688=CARTESIAN_POINT('',(-23.565911821,32.110632946,14.021002336));
#4689=CARTESIAN_POINT('',(-23.593290835,32.092964502,14.00989019));
#4690=CARTESIAN_POINT('',(-23.606874286,32.084132785,14.004132323));
#4691=CARTESIAN_POINT('',(-23.633825099,32.066492919,13.992200753));
#4692=CARTESIAN_POINT('',(-23.64719246,32.05768477,13.986027052));
#4693=CARTESIAN_POINT('',(-23.673707115,32.040110595,13.973251569));
#4694=CARTESIAN_POINT('',(-23.686854408,32.031344569,13.966649787));
#4695=CARTESIAN_POINT('',(-23.712924946,32.013873196,13.953005899));
#4696=CARTESIAN_POINT('',(-23.725848289,32.005166929,13.945964638));
#4697=CARTESIAN_POINT('',(-23.751469139,31.987833624,13.931428491));
#4698=CARTESIAN_POINT('',(-23.764166585,31.979206907,13.923933322));
#4699=CARTESIAN_POINT('',(-23.789333147,31.96205582,13.908471967));
#4700=CARTESIAN_POINT('',(-23.801802262,31.953531449,13.900505782));
#4701=CARTESIAN_POINT('',(-23.826509785,31.936607528,13.884085568));
#4702=CARTESIAN_POINT('',(-23.838748193,31.928207978,13.875631541));
#4703=CARTESIAN_POINT('',(-23.862991926,31.911556171,13.85821882));
#4704=CARTESIAN_POINT('',(-23.874997251,31.903303914,13.849260125));
#4705=CARTESIAN_POINT('',(-23.898772445,31.886969169,13.830821246));
#4706=CARTESIAN_POINT('',(-23.910542313,31.87888668,13.82134106));
#4707=CARTESIAN_POINT('',(-23.933844215,31.862913944,13.801842372));
#4708=CARTESIAN_POINT('',(-23.94537625,31.855023697,13.791823869));
#4709=CARTESIAN_POINT('',(-23.968200111,31.839457919,13.771231723));
#4710=CARTESIAN_POINT('',(-23.979491937,31.831782388,13.760658078));
#4711=CARTESIAN_POINT('',(-23.990662471,31.824225451,13.749798451));
#4712=CARTESIAN_POINT('',(-22.234567901,32.222569835,14.482125763));
#4713=CARTESIAN_POINT('',(-22.29294247,32.222569835,14.482125763));
#4714=CARTESIAN_POINT('',(-22.352521495,32.219539907,14.481743437));
#4715=CARTESIAN_POINT('',(-22.471968005,32.207809337,14.479473861));
#4716=CARTESIAN_POINT('',(-22.531836625,32.19911964,14.477564698));
#4717=CARTESIAN_POINT('',(-22.591211752,32.188258162,14.474553834));
#4718=CARTESIAN_POINT('',(-22.591736246,32.188162039,14.474527149));
#4719=CARTESIAN_POINT('',(-22.600590033,32.186536441,14.4740752));
#4720=CARTESIAN_POINT('',(-22.608895925,32.184966666,14.473629112));
#4721=CARTESIAN_POINT('',(-22.641780073,32.17858465,14.471769143));
#4722=CARTESIAN_POINT('',(-22.666327621,32.173416684,14.470182677));
#4723=CARTESIAN_POINT('',(-22.724067426,32.160346729,14.465947387));
#4724=CARTESIAN_POINT('',(-22.757205438,32.152128623,14.463121591));
#4725=CARTESIAN_POINT('',(-22.823153429,32.134416672,14.456627058));
#4726=CARTESIAN_POINT('',(-22.855963407,32.124922827,14.45295832));
#4727=CARTESIAN_POINT('',(-22.92116416,32.104764042,14.444707746));
#4728=CARTESIAN_POINT('',(-22.953554934,32.094099102,14.440125909));
#4729=CARTESIAN_POINT('',(-22.992048574,32.080685371,14.434048656));
#4730=CARTESIAN_POINT('',(-23.024133743,32.069381794,14.428877715));
#4731=CARTESIAN_POINT('',(-23.055954002,32.057554467,14.423210313));
#4732=CARTESIAN_POINT('',(-23.112870591,32.035544007,14.412255086));
#4733=CARTESIAN_POINT('',(-23.14415704,32.022849304,14.405662754));
#4734=CARTESIAN_POINT('',(-23.206060102,31.99660389,14.391407973));
#4735=CARTESIAN_POINT('',(-23.236676715,31.983053178,14.383745523));
#4736=CARTESIAN_POINT('',(-23.297162604,31.955202244,14.367307092));
#4737=CARTESIAN_POINT('',(-23.32703188,31.940902021,14.35853111));
#4738=CARTESIAN_POINT('',(-23.360374113,31.924351677,14.347942798));
#4739=CARTESIAN_POINT('',(-23.389776641,31.909687602,14.338511961));
#4740=CARTESIAN_POINT('',(-23.418760608,31.894708099,14.328501028));
#4741=CARTESIAN_POINT('',(-23.457886618,31.873900022,14.31410035));
#4742=CARTESIAN_POINT('',(-23.472075119,31.866229072,14.308688957));
#4743=CARTESIAN_POINT('',(-23.500223151,31.850769358,14.297565528));
#4744=CARTESIAN_POINT('',(-23.514182681,31.842980594,14.291853491));
#4745=CARTESIAN_POINT('',(-23.541865603,31.82729986,14.280124863));
#4746=CARTESIAN_POINT('',(-23.555588995,31.81940789,14.274108273));
#4747=CARTESIAN_POINT('',(-23.582792472,31.803535352,14.261766633));
#4748=CARTESIAN_POINT('',(-23.596272558,31.795554785,14.255441583));
#4749=CARTESIAN_POINT('',(-23.622982255,31.77951966,14.242479116));
#4750=CARTESIAN_POINT('',(-23.636211867,31.771465103,14.235841699));
#4751=CARTESIAN_POINT('',(-23.662413448,31.755296609,14.222250589));
#4752=CARTESIAN_POINT('',(-23.675385418,31.747182671,14.215296896));
#4753=CARTESIAN_POINT('',(-23.701064549,31.730910023,14.201069329));
#4754=CARTESIAN_POINT('',(-23.713771649,31.722751117,14.1937957));
#4755=CARTESIAN_POINT('',(-23.738916613,31.70640425,14.1789252));
#4756=CARTESIAN_POINT('',(-23.751354465,31.698216345,14.171328233));
#4757=CARTESIAN_POINT('',(-23.775956525,31.681828061,14.155806693));
#4758=CARTESIAN_POINT('',(-23.788120733,31.673627681,14.147882121));
#4759=CARTESIAN_POINT('',(-23.812171124,31.657230915,14.131701199));
#4760=CARTESIAN_POINT('',(-23.824057306,31.649034529,14.123444849));
#4761=CARTESIAN_POINT('',(-23.847547259,31.632662218,14.1065962));
#4762=CARTESIAN_POINT('',(-23.859151031,31.624486293,14.0980039));
#4763=CARTESIAN_POINT('',(-23.882071781,31.608171374,14.08047918));
#4764=CARTESIAN_POINT('',(-23.89338876,31.600032378,14.071546758));
#4765=CARTESIAN_POINT('',(-23.915731539,31.583807786,14.053337622));
#4766=CARTESIAN_POINT('',(-23.926757341,31.575722189,14.044060907));
#4767=CARTESIAN_POINT('',(-23.948513383,31.559620861,14.025159012));
#4768=CARTESIAN_POINT('',(-23.959243625,31.55160513,14.015533831));
#4769=CARTESIAN_POINT('',(-23.969823894,31.543632566,14.005732332));
#4770=CARTESIAN_POINT('',(-22.234567901,32.028265873,14.658025628));
#4771=CARTESIAN_POINT('',(-22.292696442,32.028265873,14.658025628));
#4772=CARTESIAN_POINT('',(-22.351608256,32.026112149,14.656978092));
#4773=CARTESIAN_POINT('',(-22.469672685,32.017588007,14.652429265));
#4774=CARTESIAN_POINT('',(-22.528827122,32.011211232,14.648921617));
#4775=CARTESIAN_POINT('',(-22.587942666,32.002810187,14.644077879));
#4776=CARTESIAN_POINT('',(-22.588464903,32.00273581,14.644034983));
#4777=CARTESIAN_POINT('',(-22.597281211,32.00147749,14.643309039));
#4778=CARTESIAN_POINT('',(-22.605560978,32.00025524,14.642600757));
#4779=CARTESIAN_POINT('',(-22.638386387,31.995251314,14.639684977));
#4780=CARTESIAN_POINT('',(-22.66289879,31.991160658,14.637265892));
#4781=CARTESIAN_POINT('',(-22.720574522,31.980716808,14.630984019));
#4782=CARTESIAN_POINT('',(-22.753690347,31.974078118,14.626914522));
#4783=CARTESIAN_POINT('',(-22.819619342,31.95960647,14.617841847));
#4784=CARTESIAN_POINT('',(-22.852432513,31.951773512,14.61283867));
#4785=CARTESIAN_POINT('',(-22.917660979,31.934965731,14.601867596));
#4786=CARTESIAN_POINT('',(-22.950076274,31.925990907,14.5958997));
#4787=CARTESIAN_POINT('',(-22.988609631,31.914587901,14.588154668));
#4788=CARTESIAN_POINT('',(-23.020729713,31.904960496,14.581590313));
#4789=CARTESIAN_POINT('',(-23.052592645,31.89479431,14.574525776));
#4790=CARTESIAN_POINT('',(-23.109592615,31.875737604,14.561066125));
#4791=CARTESIAN_POINT('',(-23.140929872,31.864654135,14.553093554));
#4792=CARTESIAN_POINT('',(-23.202935893,31.841542813,14.536130853));
#4793=CARTESIAN_POINT('',(-23.233604657,31.829514959,14.527140723));
#4794=CARTESIAN_POINT('',(-23.294188457,31.804588556,14.508133148));
#4795=CARTESIAN_POINT('',(-23.324103492,31.791690006,14.498115705));
#4796=CARTESIAN_POINT('',(-23.357489524,31.776639064,14.486190027));
#4797=CARTESIAN_POINT('',(-23.386929844,31.763289425,14.475585633));
#4798=CARTESIAN_POINT('',(-23.415943595,31.749546484,14.464462406));
#4799=CARTESIAN_POINT('',(-23.455096887,31.730324322,14.448632172));
#4800=CARTESIAN_POINT('',(-23.469292532,31.723210678,14.442717739));
#4801=CARTESIAN_POINT('',(-23.497448267,31.708817655,14.430631836));
#4802=CARTESIAN_POINT('',(-23.511408358,31.701538277,14.424460365));
#4803=CARTESIAN_POINT('',(-23.539084886,31.686825077,14.411861244));
#4804=CARTESIAN_POINT('',(-23.552801323,31.679391255,14.405433595));
#4805=CARTESIAN_POINT('',(-23.579982446,31.664380458,14.392322977));
#4806=CARTESIAN_POINT('',(-23.593447131,31.656803482,14.385640009));
#4807=CARTESIAN_POINT('',(-23.620116651,31.641517667,14.372019613));
#4808=CARTESIAN_POINT('',(-23.633321486,31.633808828,14.365082186));
#4809=CARTESIAN_POINT('',(-23.659463207,31.618270575,14.350953732));
#4810=CARTESIAN_POINT('',(-23.672400093,31.610441162,14.343762706));
#4811=CARTESIAN_POINT('',(-23.697997817,31.594673051,14.329127913));
#4812=CARTESIAN_POINT('',(-23.710658542,31.5867344,14.321684193));
#4813=CARTESIAN_POINT('',(-23.735698769,31.570760584,14.306546354));
#4814=CARTESIAN_POINT('',(-23.748078276,31.562725387,14.298852203));
#4815=CARTESIAN_POINT('',(-23.772551156,31.546570878,14.283215469));
#4816=CARTESIAN_POINT('',(-23.784644528,31.538451566,14.275272887));
#4817=CARTESIAN_POINT('',(-23.808540218,31.52214129,14.259141326));
#4818=CARTESIAN_POINT('',(-23.820342536,31.513950327,14.250952347));
#4819=CARTESIAN_POINT('',(-23.843651195,31.497509213,14.234330025));
#4820=CARTESIAN_POINT('',(-23.855157537,31.489259062,14.225896683));
#4821=CARTESIAN_POINT('',(-23.877869324,31.472712035,14.208787667));
#4822=CARTESIAN_POINT('',(-23.88907477,31.46441516,14.200111994));
#4823=CARTESIAN_POINT('',(-23.911179843,31.447787149,14.182520352));
#4824=CARTESIAN_POINT('',(-23.922079471,31.439456014,14.173604382));
#4825=CARTESIAN_POINT('',(-23.943567989,31.422771945,14.15553418));
#4826=CARTESIAN_POINT('',(-23.954156879,31.414419013,14.146379948));
#4827=CARTESIAN_POINT('',(-23.96458794,31.406061414,14.1371076));
#4828=CARTESIAN_POINT('',(-22.234567901,31.658025628,15.028265873));
#4829=CARTESIAN_POINT('',(-22.292696442,31.658025628,15.028265873));
#4830=CARTESIAN_POINT('',(-22.351608256,31.656978092,15.026112149));
#4831=CARTESIAN_POINT('',(-22.469672685,31.652429265,15.017588007));
#4832=CARTESIAN_POINT('',(-22.528827122,31.648921617,15.011211232));
#4833=CARTESIAN_POINT('',(-22.587942666,31.644077879,15.002810187));
#4834=CARTESIAN_POINT('',(-22.588464903,31.644034983,15.00273581));
#4835=CARTESIAN_POINT('',(-22.597281211,31.643309039,15.00147749));
#4836=CARTESIAN_POINT('',(-22.605560978,31.642600757,15.00025524));
#4837=CARTESIAN_POINT('',(-22.638386387,31.639684977,14.995251314));
#4838=CARTESIAN_POINT('',(-22.66289879,31.637265892,14.991160658));
#4839=CARTESIAN_POINT('',(-22.720574522,31.630984019,14.980716808));
#4840=CARTESIAN_POINT('',(-22.753690347,31.626914522,14.974078118));
#4841=CARTESIAN_POINT('',(-22.819619342,31.617841847,14.95960647));
#4842=CARTESIAN_POINT('',(-22.852432513,31.61283867,14.951773512));
#4843=CARTESIAN_POINT('',(-22.917660979,31.601867596,14.934965731));
#4844=CARTESIAN_POINT('',(-22.950076274,31.5958997,14.925990907));
#4845=CARTESIAN_POINT('',(-22.988609631,31.588154668,14.914587901));
#4846=CARTESIAN_POINT('',(-23.020729713,31.581590313,14.904960496));
#4847=CARTESIAN_POINT('',(-23.052592645,31.574525776,14.89479431));
#4848=CARTESIAN_POINT('',(-23.109592615,31.561066125,14.875737604));
#4849=CARTESIAN_POINT('',(-23.140929872,31.553093554,14.864654135));
#4850=CARTESIAN_POINT('',(-23.202935893,31.536130853,14.841542813));
#4851=CARTESIAN_POINT('',(-23.233604657,31.527140723,14.829514959));
#4852=CARTESIAN_POINT('',(-23.294188457,31.508133148,14.804588556));
#4853=CARTESIAN_POINT('',(-23.324103492,31.498115705,14.791690006));
#4854=CARTESIAN_POINT('',(-23.357489524,31.486190027,14.776639064));
#4855=CARTESIAN_POINT('',(-23.386929844,31.475585633,14.763289425));
#4856=CARTESIAN_POINT('',(-23.415943595,31.464462406,14.749546484));
#4857=CARTESIAN_POINT('',(-23.455096887,31.448632172,14.730324322));
#4858=CARTESIAN_POINT('',(-23.469292532,31.442717739,14.723210678));
#4859=CARTESIAN_POINT('',(-23.497448267,31.430631836,14.708817655));
#4860=CARTESIAN_POINT('',(-23.511408358,31.424460365,14.701538277));
#4861=CARTESIAN_POINT('',(-23.539084886,31.411861244,14.686825077));
#4862=CARTESIAN_POINT('',(-23.552801323,31.405433595,14.679391255));
#4863=CARTESIAN_POINT('',(-23.579982446,31.392322977,14.664380458));
#4864=CARTESIAN_POINT('',(-23.593447131,31.385640009,14.656803482));
#4865=CARTESIAN_POINT('',(-23.620116651,31.372019613,14.641517667));
#4866=CARTESIAN_POINT('',(-23.633321486,31.365082186,14.633808828));
#4867=CARTESIAN_POINT('',(-23.659463207,31.350953732,14.618270575));
#4868=CARTESIAN_POINT('',(-23.672400093,31.343762706,14.610441162));
#4869=CARTESIAN_POINT('',(-23.697997817,31.329127913,14.594673051));
#4870=CARTESIAN_POINT('',(-23.710658542,31.321684193,14.5867344));
#4871=CARTESIAN_POINT('',(-23.735698769,31.306546354,14.570760584));
#4872=CARTESIAN_POINT('',(-23.748078276,31.298852203,14.562725387));
#4873=CARTESIAN_POINT('',(-23.772551156,31.283215469,14.546570878));
#4874=CARTESIAN_POINT('',(-23.784644528,31.275272887,14.538451566));
#4875=CARTESIAN_POINT('',(-23.808540218,31.259141326,14.52214129));
#4876=CARTESIAN_POINT('',(-23.820342536,31.250952347,14.513950327));
#4877=CARTESIAN_POINT('',(-23.843651195,31.234330025,14.497509213));
#4878=CARTESIAN_POINT('',(-23.855157537,31.225896683,14.489259062));
#4879=CARTESIAN_POINT('',(-23.877869324,31.208787667,14.472712035));
#4880=CARTESIAN_POINT('',(-23.88907477,31.200111994,14.46441516));
#4881=CARTESIAN_POINT('',(-23.911179843,31.182520352,14.447787149));
#4882=CARTESIAN_POINT('',(-23.922079471,31.173604382,14.439456014));
#4883=CARTESIAN_POINT('',(-23.943567989,31.15553418,14.422771945));
#4884=CARTESIAN_POINT('',(-23.954156879,31.146379948,14.414419013));
#4885=CARTESIAN_POINT('',(-23.96458794,31.1371076,14.406061414));
#4886=CARTESIAN_POINT('',(-22.234567901,31.482125763,15.222569835));
#4887=CARTESIAN_POINT('',(-22.29294247,31.482125763,15.222569835));
#4888=CARTESIAN_POINT('',(-22.352521495,31.481743437,15.219539907));
#4889=CARTESIAN_POINT('',(-22.471968005,31.479473861,15.207809337));
#4890=CARTESIAN_POINT('',(-22.531836625,31.477564698,15.19911964));
#4891=CARTESIAN_POINT('',(-22.591211752,31.474553834,15.188258162));
#4892=CARTESIAN_POINT('',(-22.591736246,31.474527149,15.188162039));
#4893=CARTESIAN_POINT('',(-22.600590033,31.4740752,15.186536441));
#4894=CARTESIAN_POINT('',(-22.608895925,31.473629112,15.184966666));
#4895=CARTESIAN_POINT('',(-22.641780073,31.471769143,15.17858465));
#4896=CARTESIAN_POINT('',(-22.666327621,31.470182677,15.173416684));
#4897=CARTESIAN_POINT('',(-22.724067426,31.465947387,15.160346729));
#4898=CARTESIAN_POINT('',(-22.757205438,31.463121591,15.152128623));
#4899=CARTESIAN_POINT('',(-22.823153429,31.456627058,15.134416672));
#4900=CARTESIAN_POINT('',(-22.855963407,31.45295832,15.124922827));
#4901=CARTESIAN_POINT('',(-22.92116416,31.444707746,15.104764042));
#4902=CARTESIAN_POINT('',(-22.953554934,31.440125909,15.094099102));
#4903=CARTESIAN_POINT('',(-22.992048574,31.434048656,15.080685371));
#4904=CARTESIAN_POINT('',(-23.024133743,31.428877715,15.069381794));
#4905=CARTESIAN_POINT('',(-23.055954002,31.423210313,15.057554467));
#4906=CARTESIAN_POINT('',(-23.112870591,31.412255086,15.035544007));
#4907=CARTESIAN_POINT('',(-23.14415704,31.405662754,15.022849304));
#4908=CARTESIAN_POINT('',(-23.206060102,31.391407973,14.99660389));
#4909=CARTESIAN_POINT('',(-23.236676715,31.383745523,14.983053178));
#4910=CARTESIAN_POINT('',(-23.297162604,31.367307092,14.955202244));
#4911=CARTESIAN_POINT('',(-23.32703188,31.35853111,14.940902021));
#4912=CARTESIAN_POINT('',(-23.360374113,31.347942798,14.924351677));
#4913=CARTESIAN_POINT('',(-23.389776641,31.338511961,14.909687602));
#4914=CARTESIAN_POINT('',(-23.418760608,31.328501028,14.894708099));
#4915=CARTESIAN_POINT('',(-23.457886618,31.31410035,14.873900022));
#4916=CARTESIAN_POINT('',(-23.472075119,31.308688957,14.866229072));
#4917=CARTESIAN_POINT('',(-23.500223151,31.297565528,14.850769358));
#4918=CARTESIAN_POINT('',(-23.514182681,31.291853491,14.842980594));
#4919=CARTESIAN_POINT('',(-23.541865603,31.280124863,14.82729986));
#4920=CARTESIAN_POINT('',(-23.555588995,31.274108273,14.81940789));
#4921=CARTESIAN_POINT('',(-23.582792472,31.261766633,14.803535352));
#4922=CARTESIAN_POINT('',(-23.596272558,31.255441583,14.795554785));
#4923=CARTESIAN_POINT('',(-23.622982255,31.242479116,14.77951966));
#4924=CARTESIAN_POINT('',(-23.636211867,31.235841699,14.771465103));
#4925=CARTESIAN_POINT('',(-23.662413448,31.222250589,14.755296609));
#4926=CARTESIAN_POINT('',(-23.675385418,31.215296896,14.747182671));
#4927=CARTESIAN_POINT('',(-23.701064549,31.201069329,14.730910023));
#4928=CARTESIAN_POINT('',(-23.713771649,31.1937957,14.722751117));
#4929=CARTESIAN_POINT('',(-23.738916613,31.1789252,14.70640425));
#4930=CARTESIAN_POINT('',(-23.751354465,31.171328233,14.698216345));
#4931=CARTESIAN_POINT('',(-23.775956525,31.155806693,14.681828061));
#4932=CARTESIAN_POINT('',(-23.788120733,31.147882121,14.673627681));
#4933=CARTESIAN_POINT('',(-23.812171124,31.131701199,14.657230915));
#4934=CARTESIAN_POINT('',(-23.824057306,31.123444849,14.649034529));
#4935=CARTESIAN_POINT('',(-23.847547259,31.1065962,14.632662218));
#4936=CARTESIAN_POINT('',(-23.859151031,31.0980039,14.624486293));
#4937=CARTESIAN_POINT('',(-23.882071781,31.08047918,14.608171374));
#4938=CARTESIAN_POINT('',(-23.89338876,31.071546758,14.600032378));
#4939=CARTESIAN_POINT('',(-23.915731539,31.053337622,14.583807786));
#4940=CARTESIAN_POINT('',(-23.926757341,31.044060907,14.575722189));
#4941=CARTESIAN_POINT('',(-23.948513383,31.025159012,14.559620861));
#4942=CARTESIAN_POINT('',(-23.959243625,31.015533831,14.55160513));
#4943=CARTESIAN_POINT('',(-23.969823894,31.005732332,14.543632566));
#4944=CARTESIAN_POINT('',(-22.234567901,31.150163021,15.627455469));
#4945=CARTESIAN_POINT('',(-22.293840014,31.150163021,15.627455469));
#4946=CARTESIAN_POINT('',(-22.355547968,31.15114482,15.622400643));
#4947=CARTESIAN_POINT('',(-22.47934805,31.15344397,15.60320675));
#4948=CARTESIAN_POINT('',(-22.541439249,31.154692733,15.58913054));
#4949=CARTESIAN_POINT('',(-22.601658635,31.155150504,15.572801747));
#4950=CARTESIAN_POINT('',(-22.602190477,31.155154488,15.572657323));
#4951=CARTESIAN_POINT('',(-22.611166431,31.155220721,15.570216311));
#4952=CARTESIAN_POINT('',(-22.619559555,31.155267925,15.567880303));
#4953=CARTESIAN_POINT('',(-22.652653937,31.155383827,15.558485979));
#4954=CARTESIAN_POINT('',(-22.677329925,31.155341421,15.550982568));
#4955=CARTESIAN_POINT('',(-22.735311944,31.154871203,15.532261222));
#4956=CARTESIAN_POINT('',(-22.768541984,31.154310734,15.520675701));
#4957=CARTESIAN_POINT('',(-22.834594399,31.152470719,15.496112818));
#4958=CARTESIAN_POINT('',(-22.867416772,31.151191173,15.483135457));
#4959=CARTESIAN_POINT('',(-22.932578008,31.147773196,15.456002198));
#4960=CARTESIAN_POINT('',(-22.96491687,31.145634766,15.441846301));
#4961=CARTESIAN_POINT('',(-23.003318991,31.142475105,15.424311547));
#4962=CARTESIAN_POINT('',(-23.035322771,31.139737929,15.409578123));
#4963=CARTESIAN_POINT('',(-23.067040094,31.136493707,15.394377377));
#4964=CARTESIAN_POINT('',(-23.123756091,31.129861378,15.366395645));
#4965=CARTESIAN_POINT('',(-23.154920619,31.125636834,15.350462936));
#4966=CARTESIAN_POINT('',(-23.216584986,31.11600244,15.31794269));
#4967=CARTESIAN_POINT('',(-23.247084826,31.110592589,15.301355154));
#4968=CARTESIAN_POINT('',(-23.307368691,31.098490894,15.267682114));
#4969=CARTESIAN_POINT('',(-23.337152718,31.09179905,15.250596611));
#4970=CARTESIAN_POINT('',(-23.370431225,31.083444285,15.23106447));
#4971=CARTESIAN_POINT('',(-23.399781185,31.075971918,15.213786232));
#4972=CARTESIAN_POINT('',(-23.428744574,31.067807768,15.196342982));
#4973=CARTESIAN_POINT('',(-23.467893925,31.055767371,15.172358126));
#4974=CARTESIAN_POINT('',(-23.482101771,31.051183534,15.163567041));
#4975=CARTESIAN_POINT('',(-23.510313311,31.041636763,15.145952772));
#4976=CARTESIAN_POINT('',(-23.524317004,31.036673828,15.137129588));
#4977=CARTESIAN_POINT('',(-23.55211626,31.026356615,15.119469675));
#4978=CARTESIAN_POINT('',(-23.565911821,31.021002336,15.110632946));
#4979=CARTESIAN_POINT('',(-23.593290835,31.00989019,15.092964502));
#4980=CARTESIAN_POINT('',(-23.606874286,31.004132323,15.084132785));
#4981=CARTESIAN_POINT('',(-23.633825099,30.992200753,15.066492919));
#4982=CARTESIAN_POINT('',(-23.64719246,30.986027052,15.05768477));
#4983=CARTESIAN_POINT('',(-23.673707115,30.973251569,15.040110595));
#4984=CARTESIAN_POINT('',(-23.686854408,30.966649787,15.031344569));
#4985=CARTESIAN_POINT('',(-23.712924946,30.953005899,15.013873196));
#4986=CARTESIAN_POINT('',(-23.725848289,30.945964638,15.005166929));
#4987=CARTESIAN_POINT('',(-23.751469139,30.931428491,14.987833624));
#4988=CARTESIAN_POINT('',(-23.764166585,30.923933322,14.979206907));
#4989=CARTESIAN_POINT('',(-23.789333147,30.908471967,14.96205582));
#4990=CARTESIAN_POINT('',(-23.801802262,30.900505782,14.953531449));
#4991=CARTESIAN_POINT('',(-23.826509785,30.884085568,14.936607528));
#4992=CARTESIAN_POINT('',(-23.838748193,30.875631541,14.928207978));
#4993=CARTESIAN_POINT('',(-23.862991926,30.85821882,14.911556171));
#4994=CARTESIAN_POINT('',(-23.874997251,30.849260125,14.903303914));
#4995=CARTESIAN_POINT('',(-23.898772445,30.830821246,14.886969169));
#4996=CARTESIAN_POINT('',(-23.910542313,30.82134106,14.87888668));
#4997=CARTESIAN_POINT('',(-23.933844215,30.801842372,14.862913944));
#4998=CARTESIAN_POINT('',(-23.94537625,30.791823869,14.855023697));
#4999=CARTESIAN_POINT('',(-23.968200111,30.771231723,14.839457919));
#5000=CARTESIAN_POINT('',(-23.979491937,30.760658078,14.831782388));
#5001=CARTESIAN_POINT('',(-23.990662471,30.749798451,14.824225451));
#5002=CARTESIAN_POINT('',(-22.234567901,30.994100143,15.838037141));
#5003=CARTESIAN_POINT('',(-22.29449153,30.994100143,15.838037141));
#5004=CARTESIAN_POINT('',(-22.357654214,30.995786673,15.831839659));
#5005=CARTESIAN_POINT('',(-22.484401602,31.000395416,15.80840977));
#5006=CARTESIAN_POINT('',(-22.547984001,31.003217925,15.791274827));
#5007=CARTESIAN_POINT('',(-22.608767463,31.005328594,15.771956952));
#5008=CARTESIAN_POINT('',(-22.609304214,31.005347187,15.77178613));
#5009=CARTESIAN_POINT('',(-22.618361776,31.005660171,15.768899645));
#5010=CARTESIAN_POINT('',(-22.626813043,31.005940937,15.766147488));
#5011=CARTESIAN_POINT('',(-22.660046934,31.00698687,15.755129303));
#5012=CARTESIAN_POINT('',(-22.684806735,31.007663792,15.74637595));
#5013=CARTESIAN_POINT('',(-22.742943641,31.008931407,15.724649413));
#5014=CARTESIAN_POINT('',(-22.776229431,31.009404288,15.711288068));
#5015=CARTESIAN_POINT('',(-22.842338394,31.009664676,15.683139511));
#5016=CARTESIAN_POINT('',(-22.875161566,31.009452183,15.668352299));
#5017=CARTESIAN_POINT('',(-22.940281422,31.008170907,15.637621126));
#5018=CARTESIAN_POINT('',(-22.972578107,31.007102124,15.621677165));
#5019=CARTESIAN_POINT('',(-23.010911136,31.005206661,15.602047053));
#5020=CARTESIAN_POINT('',(-23.042854074,31.003521787,15.585572366));
#5021=CARTESIAN_POINT('',(-23.074497192,31.001315212,15.568671391));
#5022=CARTESIAN_POINT('',(-23.13107186,30.996521419,15.537692982));
#5023=CARTESIAN_POINT('',(-23.162152593,30.993294974,15.520144457));
#5024=CARTESIAN_POINT('',(-23.223657962,30.985592397,15.484503572));
#5025=CARTESIAN_POINT('',(-23.254082599,30.981116266,15.466411211));
#5026=CARTESIAN_POINT('',(-23.314243992,30.970797439,15.429856462));
#5027=CARTESIAN_POINT('',(-23.343980749,30.964954742,15.411394073));
#5028=CARTESIAN_POINT('',(-23.377232504,30.957501835,15.390385434));
#5029=CARTESIAN_POINT('',(-23.406561891,30.950819205,15.37181248));
#5030=CARTESIAN_POINT('',(-23.435530484,30.943392873,15.353145501));
#5031=CARTESIAN_POINT('',(-23.474727476,30.932285681,15.327572358));
#5032=CARTESIAN_POINT('',(-23.488961247,30.928026829,15.318218931));
#5033=CARTESIAN_POINT('',(-23.517244008,30.919094234,15.299516789));
#5034=CARTESIAN_POINT('',(-23.531292998,30.914420491,15.290168075));
#5035=CARTESIAN_POINT('',(-23.559204564,30.904642226,15.271494469));
#5036=CARTESIAN_POINT('',(-23.573067139,30.899537704,15.262169577));
#5037=CARTESIAN_POINT('',(-23.600604242,30.88888199,15.243562723));
#5038=CARTESIAN_POINT('',(-23.614278769,30.883330799,15.234280762));
#5039=CARTESIAN_POINT('',(-23.641438142,30.871765861,15.21577888));
#5040=CARTESIAN_POINT('',(-23.654922987,30.865752113,15.206558959));
#5041=CARTESIAN_POINT('',(-23.681701361,30.853246171,15.188200266));
#5042=CARTESIAN_POINT('',(-23.694994891,30.846753977,15.179061494));
#5043=CARTESIAN_POINT('',(-23.721388999,30.833275255,15.160884208));
#5044=CARTESIAN_POINT('',(-23.734489782,30.826289971,15.151844292));
#5045=CARTESIAN_POINT('',(-23.760498589,30.811806858,15.133883076));
#5046=CARTESIAN_POINT('',(-23.773406519,30.80430862,15.124962276));
#5047=CARTESIAN_POINT('',(-23.79902862,30.788775436,15.107264691));
#5048=CARTESIAN_POINT('',(-23.811742789,30.78074049,15.098487906));
#5049=CARTESIAN_POINT('',(-23.836976549,30.764110543,15.081102751));
#5050=CARTESIAN_POINT('',(-23.84949614,30.755515543,15.072494381));
#5051=CARTESIAN_POINT('',(-23.874339926,30.737742145,15.055470455));
#5052=CARTESIAN_POINT('',(-23.886664121,30.728563746,15.047054899));
#5053=CARTESIAN_POINT('',(-23.911116297,30.709600205,15.030441));
#5054=CARTESIAN_POINT('',(-23.923244279,30.699815063,15.022242658));
#5055=CARTESIAN_POINT('',(-23.947303212,30.679614689,15.006087586));
#5056=CARTESIAN_POINT('',(-23.959234164,30.669199457,14.998130857));
#5057=CARTESIAN_POINT('',(-23.982898219,30.64771556,14.982483411));
#5058=CARTESIAN_POINT('',(-23.994631323,30.636646894,14.974792694));
#5059=CARTESIAN_POINT('',(-24.006265095,30.625239839,14.967247183));
#5060=CARTESIAN_POINT('',(-22.234567901,30.703207845,16.27338823));
#5061=CARTESIAN_POINT('',(-22.296113485,30.703207845,16.27338823));
#5062=CARTESIAN_POINT('',(-22.36251297,30.706111982,16.264966828));
#5063=CARTESIAN_POINT('',(-22.495821399,30.714655906,16.233263664));
#5064=CARTESIAN_POINT('',(-22.562725285,30.72013376,16.210148578));
#5065=CARTESIAN_POINT('',(-22.624982359,30.724944277,16.185005751));
#5066=CARTESIAN_POINT('',(-22.62553198,30.724986726,16.18478349));
#5067=CARTESIAN_POINT('',(-22.634804296,30.725702538,16.181028949));
#5068=CARTESIAN_POINT('',(-22.6434204,30.726362957,16.17746632));
#5069=CARTESIAN_POINT('',(-22.677126124,30.728913884,16.16328785));
#5070=CARTESIAN_POINT('',(-22.70219827,30.73074589,16.152101948));
#5071=CARTESIAN_POINT('',(-22.760987024,30.734785206,16.124524314));
#5072=CARTESIAN_POINT('',(-22.794581944,30.736891773,16.107703449));
#5073=CARTESIAN_POINT('',(-22.861199535,30.740447328,16.072559859));
#5074=CARTESIAN_POINT('',(-22.894222205,30.741896318,16.054237135));
#5075=CARTESIAN_POINT('',(-22.959654425,30.743919068,16.016461874));
#5076=CARTESIAN_POINT('',(-22.992063975,30.744492828,15.997009337));
#5077=CARTESIAN_POINT('',(-23.030494089,30.744525553,15.973254255));
#5078=CARTESIAN_POINT('',(-23.062511593,30.744443357,15.953349423));
#5079=CARTESIAN_POINT('',(-23.09420164,30.743807364,15.933086842));
#5080=CARTESIAN_POINT('',(-23.150843828,30.741786024,15.896160491));
#5081=CARTESIAN_POINT('',(-23.181949994,30.740057231,15.87538852));
#5082=CARTESIAN_POINT('',(-23.243519898,30.735243534,15.83347999));
#5083=CARTESIAN_POINT('',(-23.273983635,30.73215863,15.81234343));
#5084=CARTESIAN_POINT('',(-23.334274629,30.724490931,15.769904727));
#5085=CARTESIAN_POINT('',(-23.364101885,30.719908135,15.748602584));
#5086=CARTESIAN_POINT('',(-23.397506521,30.713792893,15.724509593));
#5087=CARTESIAN_POINT('',(-23.426976737,30.70828151,15.703227191));
#5088=CARTESIAN_POINT('',(-23.456134946,30.701950258,15.681962102));
#5089=CARTESIAN_POINT('',(-23.495668619,30.692229691,15.6529654));
#5090=CARTESIAN_POINT('',(-23.510041668,30.68845406,15.642388418));
#5091=CARTESIAN_POINT('',(-23.538640021,30.680435454,15.621294498));
#5092=CARTESIAN_POINT('',(-23.552865325,30.676192479,15.61077756));
#5093=CARTESIAN_POINT('',(-23.581171127,30.667217948,15.589822855));
#5094=CARTESIAN_POINT('',(-23.595251624,30.662486391,15.579385088));
#5095=CARTESIAN_POINT('',(-23.623270749,30.652513454,15.558607853));
#5096=CARTESIAN_POINT('',(-23.637209378,30.647272074,15.548268386));
#5097=CARTESIAN_POINT('',(-23.664947705,30.636258253,15.527706879));
#5098=CARTESIAN_POINT('',(-23.678747403,30.630485811,15.517484839));
#5099=CARTESIAN_POINT('',(-23.706210808,30.618388625,15.497177316));
#5100=CARTESIAN_POINT('',(-23.719874515,30.612063881,15.487091832));
#5101=CARTESIAN_POINT('',(-23.747068874,30.598840851,15.467076549));
#5102=CARTESIAN_POINT('',(-23.760599941,30.591944609,15.457144382));
#5103=CARTESIAN_POINT('',(-23.787533051,30.577552485,15.437452621));
#5104=CARTESIAN_POINT('',(-23.800934937,30.570055944,15.427693883));
#5105=CARTESIAN_POINT('',(-23.827611551,30.554427453,15.408377852));
#5106=CARTESIAN_POINT('',(-23.840886279,30.546295503,15.398820559));
#5107=CARTESIAN_POINT('',(-23.867310758,30.529361745,15.379934584));
#5108=CARTESIAN_POINT('',(-23.88046051,30.520559937,15.370605902));
#5109=CARTESIAN_POINT('',(-23.906637215,30.502252013,15.352204309));
#5110=CARTESIAN_POINT('',(-23.91966417,30.492745897,15.343131399));
#5111=CARTESIAN_POINT('',(-23.945597465,30.472994907,15.325268515));
#5112=CARTESIAN_POINT('',(-23.958503804,30.462750034,15.31647854));
#5113=CARTESIAN_POINT('',(-23.984198048,30.441487079,15.299208691));
#5114=CARTESIAN_POINT('',(-23.996985952,30.430468998,15.290728816));
#5115=CARTESIAN_POINT('',(-24.022445508,30.40762518,15.274106328));
#5116=CARTESIAN_POINT('',(-24.035117158,30.395799442,15.265963715));
#5117=CARTESIAN_POINT('',(-24.047731772,30.38355265,15.258003315));
#5118=CARTESIAN_POINT('',(-22.234567901,30.568378426,16.498157646));
#5119=CARTESIAN_POINT('',(-22.297083923,30.568378426,16.498157646));
#5120=CARTESIAN_POINT('',(-22.365279065,30.571783911,16.488643631));
#5121=CARTESIAN_POINT('',(-22.502248239,30.581913529,16.452863908));
#5122=CARTESIAN_POINT('',(-22.571015839,30.588444613,16.426799481));
#5123=CARTESIAN_POINT('',(-22.63422249,30.5942681,16.398787331));
#5124=CARTESIAN_POINT('',(-22.634780427,30.594319496,16.398539731));
#5125=CARTESIAN_POINT('',(-22.644191877,30.595186301,16.394357605));
#5126=CARTESIAN_POINT('',(-22.652920436,30.595987925,16.390395839));
#5127=CARTESIAN_POINT('',(-22.686981779,30.599094043,16.374661479));
#5128=CARTESIAN_POINT('',(-22.712300888,30.601346163,16.36227757));
#5129=CARTESIAN_POINT('',(-22.771631805,30.606380988,16.331816264));
#5130=CARTESIAN_POINT('',(-22.805507497,30.609064645,16.313288814));
#5131=CARTESIAN_POINT('',(-22.872633305,30.613767325,16.27468896));
#5132=CARTESIAN_POINT('',(-22.905883421,30.615786349,16.254616555));
#5133=CARTESIAN_POINT('',(-22.97172687,30.618927639,16.213347089));
#5134=CARTESIAN_POINT('',(-23.004320205,30.620049905,16.192150027));
#5135=CARTESIAN_POINT('',(-23.042950104,30.620718098,16.166337249));
#5136=CARTESIAN_POINT('',(-23.075130939,30.621162582,16.144720202));
#5137=CARTESIAN_POINT('',(-23.106969228,30.621036519,16.122773596));
#5138=CARTESIAN_POINT('',(-23.163867143,30.619909311,16.082856812));
#5139=CARTESIAN_POINT('',(-23.19510719,30.618659153,16.060456613));
#5140=CARTESIAN_POINT('',(-23.256945842,30.614764146,16.015363295));
#5141=CARTESIAN_POINT('',(-23.287544449,30.612119296,15.992670177));
#5142=CARTESIAN_POINT('',(-23.348123202,30.605289572,15.947199413));
#5143=CARTESIAN_POINT('',(-23.37810335,30.601104697,15.924421767));
#5144=CARTESIAN_POINT('',(-23.411700883,30.595414005,15.898709837));
#5145=CARTESIAN_POINT('',(-23.441343772,30.590274567,15.876003287));
#5146=CARTESIAN_POINT('',(-23.470694172,30.584293978,15.853357316));
#5147=CARTESIAN_POINT('',(-23.510522678,30.575021914,15.822520501));
#5148=CARTESIAN_POINT('',(-23.525010177,30.571403587,15.811281391));
#5149=CARTESIAN_POINT('',(-23.553852885,30.563684808,15.788883579));
#5150=CARTESIAN_POINT('',(-23.568208092,30.559584355,15.777724878));
#5151=CARTESIAN_POINT('',(-23.596791209,30.550878521,15.755506618));
#5152=CARTESIAN_POINT('',(-23.611019119,30.54627314,15.74444706));
#5153=CARTESIAN_POINT('',(-23.639352636,30.536534644,15.722445825));
#5154=CARTESIAN_POINT('',(-23.653458244,30.53140153,15.711504148));
#5155=CARTESIAN_POINT('',(-23.681552153,30.520584767,15.68975741));
#5156=CARTESIAN_POINT('',(-23.695540454,30.514901117,15.678952349));
#5157=CARTESIAN_POINT('',(-23.723404744,30.502960479,15.657497579));
#5158=CARTESIAN_POINT('',(-23.737280733,30.496703491,15.646847871));
#5159=CARTESIAN_POINT('',(-23.764925396,30.483593372,15.625722542));
#5160=CARTESIAN_POINT('',(-23.778694588,30.476742685,15.615244072));
#5161=CARTESIAN_POINT('',(-23.806131377,30.46241624,15.594476974));
#5162=CARTESIAN_POINT('',(-23.819798783,30.454939697,15.584189378));
#5163=CARTESIAN_POINT('',(-23.847035071,30.43932108,15.563834237));
#5164=CARTESIAN_POINT('',(-23.860603953,30.431179007,15.553766691));
#5165=CARTESIAN_POINT('',(-23.887646641,30.414190439,15.533879792));
#5166=CARTESIAN_POINT('',(-23.901120448,30.405343944,15.52406044));
#5167=CARTESIAN_POINT('',(-23.927976438,30.386907645,15.504698072));
#5168=CARTESIAN_POINT('',(-23.941358621,30.37731784,15.495155056));
#5169=CARTESIAN_POINT('',(-23.968034814,30.357356031,15.476373505));
#5170=CARTESIAN_POINT('',(-23.981328823,30.346984026,15.467134969));
#5171=CARTESIAN_POINT('',(-24.00783212,30.325418925,15.448990521));
#5172=CARTESIAN_POINT('',(-24.021041407,30.31422583,15.440084609));
#5173=CARTESIAN_POINT('',(-24.047378708,30.290979659,15.422633551));
#5174=CARTESIAN_POINT('',(-24.060506723,30.278926584,15.414088406));
#5175=CARTESIAN_POINT('',(-24.073595827,30.266424074,15.405737715));
#5176=CARTESIAN_POINT('',(-22.234567901,30.321349517,16.959794253));
#5177=CARTESIAN_POINT('',(-22.299257153,30.321349517,16.959794253));
#5178=CARTESIAN_POINT('',(-22.370915126,30.325359335,16.948498323));
#5179=CARTESIAN_POINT('',(-22.51498848,30.337348039,16.906041181));
#5180=CARTESIAN_POINT('',(-22.587395365,30.345087204,16.87513316));
#5181=CARTESIAN_POINT('',(-22.652900418,30.351978008,16.842258916));
#5182=CARTESIAN_POINT('',(-22.653478552,30.352038823,16.841968367));
#5183=CARTESIAN_POINT('',(-22.66322914,30.353064472,16.837061254));
#5184=CARTESIAN_POINT('',(-22.672249538,30.354012737,16.832419451));
#5185=CARTESIAN_POINT('',(-22.707334435,30.357687524,16.814018094));
#5186=CARTESIAN_POINT('',(-22.733394144,30.360359761,16.799564568));
#5187=CARTESIAN_POINT('',(-22.794417189,30.366369153,16.764080401));
#5188=CARTESIAN_POINT('',(-22.829224899,30.369601456,16.742548816));
#5189=CARTESIAN_POINT('',(-22.898138629,30.375367603,16.697792586));
#5190=CARTESIAN_POINT('',(-22.932244648,30.377901448,16.674567942));
#5191=CARTESIAN_POINT('',(-22.999732875,30.382030091,16.626920011));
#5192=CARTESIAN_POINT('',(-23.033115083,30.383624888,16.602496724));
#5193=CARTESIAN_POINT('',(-23.072655229,30.384828702,16.572819494));
#5194=CARTESIAN_POINT('',(-23.10559009,30.385714919,16.547976794));
#5195=CARTESIAN_POINT('',(-23.138155759,30.386008394,16.522807004));
#5196=CARTESIAN_POINT('',(-23.196338442,30.385611909,16.477091673));
#5197=CARTESIAN_POINT('',(-23.228273177,30.384749194,16.451481501));
#5198=CARTESIAN_POINT('',(-23.291484905,30.381600919,16.399999265));
#5199=CARTESIAN_POINT('',(-23.322761898,30.37931536,16.3741272));
#5200=CARTESIAN_POINT('',(-23.384701252,30.373183972,16.322345394));
#5201=CARTESIAN_POINT('',(-23.415363615,30.369338143,16.296435652));
#5202=CARTESIAN_POINT('',(-23.449746909,30.364024236,16.267213973));
#5203=CARTESIAN_POINT('',(-23.480085489,30.359216686,16.241411052));
#5204=CARTESIAN_POINT('',(-23.510146189,30.35356503,16.215697231));
#5205=CARTESIAN_POINT('',(-23.550974089,30.344737355,16.180694597));
#5206=CARTESIAN_POINT('',(-23.56583263,30.341280204,16.167939665));
#5207=CARTESIAN_POINT('',(-23.595431413,30.333880615,16.142523165));
#5208=CARTESIAN_POINT('',(-23.610171655,30.329938177,16.129861596));
#5209=CARTESIAN_POINT('',(-23.639541242,30.321544521,16.104650189));
#5210=CARTESIAN_POINT('',(-23.654170587,30.317093303,16.09210035));
#5211=CARTESIAN_POINT('',(-23.683325786,30.307658592,16.067130769));
#5212=CARTESIAN_POINT('',(-23.697851638,30.3026751,16.054711026));
#5213=CARTESIAN_POINT('',(-23.726807255,30.292152349,16.030020002));
#5214=CARTESIAN_POINT('',(-23.741237019,30.286613089,16.017748721));
#5215=CARTESIAN_POINT('',(-23.770007862,30.27495531,15.993372987));
#5216=CARTESIAN_POINT('',(-23.784348941,30.268836789,15.981268535));
#5217=CARTESIAN_POINT('',(-23.812949816,30.255996994,15.957244824));
#5218=CARTESIAN_POINT('',(-23.82721029,30.249278762,15.945321991));
#5219=CARTESIAN_POINT('',(-23.855657537,30.235208023,15.921675788));
#5220=CARTESIAN_POINT('',(-23.86984407,30.227854543,15.909953716));
#5221=CARTESIAN_POINT('',(-23.898147635,30.212467466,15.886741463));
#5222=CARTESIAN_POINT('',(-23.912264667,30.204433869,15.875251283));
#5223=CARTESIAN_POINT('',(-23.940433909,30.187642664,15.852532644));
#5224=CARTESIAN_POINT('',(-23.954486118,30.178885056,15.841304186));
#5225=CARTESIAN_POINT('',(-23.982530391,30.160601932,15.819138824));
#5226=CARTESIAN_POINT('',(-23.996522455,30.151076416,15.808201921));
#5227=CARTESIAN_POINT('',(-24.024451118,30.131213583,15.786649501));
#5228=CARTESIAN_POINT('',(-24.038387716,30.120876266,15.776033985));
#5229=CARTESIAN_POINT('',(-24.066210124,30.099345933,15.75515417));
#5230=CARTESIAN_POINT('',(-24.080095933,30.088152918,15.744889872));
#5231=CARTESIAN_POINT('',(-24.107821443,30.064867296,15.724742325));
#5232=CARTESIAN_POINT('',(-24.121661143,30.052774688,15.714859078));
#5233=CARTESIAN_POINT('',(-24.135480128,30.040210337,15.705181271));
#5234=CARTESIAN_POINT('',(-22.234567901,30.209150028,17.196661445));
#5235=CARTESIAN_POINT('',(-22.300459946,30.209150028,17.196661445));
#5236=CARTESIAN_POINT('',(-22.373765048,30.213279766,17.184693233));
#5237=CARTESIAN_POINT('',(-22.521212469,30.225600479,17.139694133));
#5238=CARTESIAN_POINT('',(-22.595345603,30.233536174,17.106933742));
#5239=CARTESIAN_POINT('',(-22.6621404,30.240531248,17.072116897));
#5240=CARTESIAN_POINT('',(-22.662729893,30.240592977,17.071809181));
#5241=CARTESIAN_POINT('',(-22.672671644,30.241633943,17.066612172));
#5242=CARTESIAN_POINT('',(-22.68186293,30.242594827,17.061696685));
#5243=CARTESIAN_POINT('',(-22.717581384,30.24631214,17.042213411));
#5244=CARTESIAN_POINT('',(-22.744107533,30.249007359,17.026911368));
#5245=CARTESIAN_POINT('',(-22.806213848,30.255052171,16.989344649));
#5246=CARTESIAN_POINT('',(-22.841632386,30.25829018,16.966549834));
#5247=CARTESIAN_POINT('',(-22.911742985,30.264042665,16.919163833));
#5248=CARTESIAN_POINT('',(-22.946435046,30.266557141,16.894572647));
#5249=CARTESIAN_POINT('',(-23.015071995,30.270626274,16.844112486));
#5250=CARTESIAN_POINT('',(-23.049016883,30.272180932,16.818243513));
#5251=CARTESIAN_POINT('',(-23.089217898,30.273326805,16.786801638));
#5252=CARTESIAN_POINT('',(-23.122702252,30.27416289,16.760480485));
#5253=CARTESIAN_POINT('',(-23.155807063,30.274399771,16.733805502));
#5254=CARTESIAN_POINT('',(-23.214949611,30.273898328,16.685340795));
#5255=CARTESIAN_POINT('',(-23.247408783,30.272975156,16.658179765));
#5256=CARTESIAN_POINT('',(-23.311658117,30.269711303,16.603550052));
#5257=CARTESIAN_POINT('',(-23.34344828,30.267370622,16.576081368));
#5258=CARTESIAN_POINT('',(-23.406407816,30.261144093,16.521065297));
#5259=CARTESIAN_POINT('',(-23.43757719,30.257258243,16.493517909));
#5260=CARTESIAN_POINT('',(-23.472533775,30.251913111,16.462422038));
#5261=CARTESIAN_POINT('',(-23.503378742,30.247079555,16.434961016));
#5262=CARTESIAN_POINT('',(-23.533946074,30.241415869,16.407569975));
#5263=CARTESIAN_POINT('',(-23.575469986,30.232591304,16.370248892));
#5264=CARTESIAN_POINT('',(-23.5905835,30.229139391,16.356641641));
#5265=CARTESIAN_POINT('',(-23.62069403,30.221759144,16.329510323));
#5266=CARTESIAN_POINT('',(-23.635691047,30.217830809,16.315986255));
#5267=CARTESIAN_POINT('',(-23.665576589,30.209474887,16.28903948));
#5268=CARTESIAN_POINT('',(-23.680465115,30.205047299,16.275616771));
#5269=CARTESIAN_POINT('',(-23.710141681,30.195670036,16.248890888));
#5270=CARTESIAN_POINT('',(-23.724929721,30.190720362,16.235587714));
#5271=CARTESIAN_POINT('',(-23.754413322,30.180276095,16.209119076));
#5272=CARTESIAN_POINT('',(-23.769108883,30.174781502,16.195953611));
#5273=CARTESIAN_POINT('',(-23.798415532,30.163224565,16.169778568));
#5274=CARTESIAN_POINT('',(-23.813026619,30.157162221,16.156768988));
#5275=CARTESIAN_POINT('',(-23.842172326,30.14444695,16.13092389));
#5276=CARTESIAN_POINT('',(-23.856707675,30.137797266,16.118084556));
#5277=CARTESIAN_POINT('',(-23.885709905,30.123875821,16.092593653));
#5278=CARTESIAN_POINT('',(-23.900176531,30.116603024,16.079943471));
#5279=CARTESIAN_POINT('',(-23.92904569,30.101388611,16.054863975));
#5280=CARTESIAN_POINT('',(-23.943448224,30.093446994,16.04243466));
#5281=CARTESIAN_POINT('',(-23.972194086,30.076850267,16.017827226));
#5282=CARTESIAN_POINT('',(-23.986537415,30.068195157,16.005649106));
#5283=CARTESIAN_POINT('',(-24.015169754,30.050126772,15.981574388));
#5284=CARTESIAN_POINT('',(-24.029458765,30.040713497,15.96967779));
#5285=CARTESIAN_POINT('',(-24.057987356,30.021084109,15.946196442));
#5286=CARTESIAN_POINT('',(-24.072226935,30.010867997,15.934611692));
#5287=CARTESIAN_POINT('',(-24.100661551,29.989588262,15.911784369));
#5288=CARTESIAN_POINT('',(-24.114856587,29.978524639,15.900541796));
#5289=CARTESIAN_POINT('',(-24.143207001,29.955505212,15.878429152));
#5290=CARTESIAN_POINT('',(-24.15736238,29.943549408,15.867559081));
#5291=CARTESIAN_POINT('',(-24.171500374,29.931125176,15.856890426));
#5292=CARTESIAN_POINT('',(-22.234567901,30.105832918,17.446091013));
#5293=CARTESIAN_POINT('',(-22.301775497,30.105832918,17.446091013));
#5294=CARTESIAN_POINT('',(-22.376347224,30.109900143,17.433931322));
#5295=CARTESIAN_POINT('',(-22.526254114,30.121997669,17.388137015));
#5296=CARTESIAN_POINT('',(-22.601580094,30.129772689,17.354772894));
#5297=CARTESIAN_POINT('',(-22.669553294,30.136569691,17.319124198));
#5298=CARTESIAN_POINT('',(-22.670153197,30.136629668,17.318809115));
#5299=CARTESIAN_POINT('',(-22.680270656,30.137640994,17.313487433));
#5300=CARTESIAN_POINT('',(-22.689626745,30.13857328,17.308450229));
#5301=CARTESIAN_POINT('',(-22.725997053,30.142174492,17.288466444));
#5302=CARTESIAN_POINT('',(-22.753006649,30.144776949,17.272750747));
#5303=CARTESIAN_POINT('',(-22.816245611,30.150591358,17.234113183));
#5304=CARTESIAN_POINT('',(-22.852310667,30.153687555,17.210627025));
#5305=CARTESIAN_POINT('',(-22.923707068,30.159143188,17.161703761));
#5306=CARTESIAN_POINT('',(-22.959038412,30.161502623,17.136266656));
#5307=CARTESIAN_POINT('',(-23.028951162,30.165253438,17.083954644));
#5308=CARTESIAN_POINT('',(-23.063532567,30.166644817,17.057079739));
#5309=CARTESIAN_POINT('',(-23.104497055,30.167593159,17.024333812));
#5310=CARTESIAN_POINT('',(-23.138618947,30.168264018,16.996907634));
#5311=CARTESIAN_POINT('',(-23.17236259,30.16833454,16.96904436));
#5312=CARTESIAN_POINT('',(-23.23266087,30.167534549,16.918314656));
#5313=CARTESIAN_POINT('',(-23.265764437,30.166446584,16.889811351));
#5314=CARTESIAN_POINT('',(-23.331313206,30.162859868,16.832320755));
#5315=CARTESIAN_POINT('',(-23.363758408,30.160361118,16.803333465));
#5316=CARTESIAN_POINT('',(-23.428043136,30.153830161,16.745098413));
#5317=CARTESIAN_POINT('',(-23.459882662,30.149797954,16.71585065));
#5318=CARTESIAN_POINT('',(-23.495608877,30.144296612,16.682724174));
#5319=CARTESIAN_POINT('',(-23.527135081,30.139326149,16.653456827));
#5320=CARTESIAN_POINT('',(-23.558393735,30.133534236,16.624165498));
#5321=CARTESIAN_POINT('',(-23.600877729,30.124547122,16.584130236));
#5322=CARTESIAN_POINT('',(-23.616345131,30.121038513,16.569506952));
#5323=CARTESIAN_POINT('',(-23.64717001,30.11355092,16.540294726));
#5324=CARTESIAN_POINT('',(-23.662527487,30.109571935,16.525705783));
#5325=CARTESIAN_POINT('',(-23.693141081,30.10112138,16.496579737));
#5326=CARTESIAN_POINT('',(-23.708397197,30.09664981,16.482042633));
#5327=CARTESIAN_POINT('',(-23.738816635,30.087191877,16.453037757));
#5328=CARTESIAN_POINT('',(-23.753979956,30.082205513,16.438569986));
#5329=CARTESIAN_POINT('',(-23.784222367,30.071695783,16.409721273));
#5330=CARTESIAN_POINT('',(-23.799301457,30.066172417,16.395340331));
#5331=CARTESIAN_POINT('',(-23.829383971,30.054566472,16.366682771));
#5332=CARTESIAN_POINT('',(-23.844387394,30.048483894,16.352406153));
#5333=CARTESIAN_POINT('',(-23.874327139,30.035737318,16.323974738));
#5334=CARTESIAN_POINT('',(-23.88926419,30.029076562,16.309816124));
#5335=CARTESIAN_POINT('',(-23.919079749,30.015142761,16.281633742));
#5336=CARTESIAN_POINT('',(-23.933958001,30.007868679,16.267611361));
#5337=CARTESIAN_POINT('',(-23.963660896,29.992662104,16.239733866));
#5338=CARTESIAN_POINT('',(-23.978485539,29.984729612,16.225878752));
#5339=CARTESIAN_POINT('',(-24.008086663,29.968162167,16.198365438));
#5340=CARTESIAN_POINT('',(-24.022863143,29.959527215,16.184707239));
#5341=CARTESIAN_POINT('',(-24.052373387,29.941510802,16.157617401));
#5342=CARTESIAN_POINT('',(-24.06710715,29.932129341,16.144185763));
#5343=CARTESIAN_POINT('',(-24.096537405,29.912575862,16.117578696));
#5344=CARTESIAN_POINT('',(-24.111233897,29.902403844,16.104403267));
#5345=CARTESIAN_POINT('',(-24.140595054,29.881225202,16.078338266));
#5346=CARTESIAN_POINT('',(-24.15525972,29.870218578,16.065448694));
#5347=CARTESIAN_POINT('',(-24.184562672,29.847326674,16.039985052));
#5348=CARTESIAN_POINT('',(-24.199200958,29.835441395,16.027410984));
#5349=CARTESIAN_POINT('',(-24.213828776,29.823094763,16.015009491));
#5350=CARTESIAN_POINT('',(-22.234567901,30.102713848,17.453654313));
#5351=CARTESIAN_POINT('',(-22.301851964,30.102713848,17.453654313));
#5352=CARTESIAN_POINT('',(-22.37649333,30.106778853,17.441490184));
#5353=CARTESIAN_POINT('',(-22.526525835,30.118868615,17.395676345));
#5354=CARTESIAN_POINT('',(-22.601907791,30.126638106,17.362297115));
#5355=CARTESIAN_POINT('',(-22.669930653,30.133428471,17.326626453));
#5356=CARTESIAN_POINT('',(-22.670530997,30.133488391,17.326311168));
#5357=CARTESIAN_POINT('',(-22.680655883,30.134498737,17.320986132));
#5358=CARTESIAN_POINT('',(-22.690018844,30.135430079,17.315945636));
#5359=CARTESIAN_POINT('',(-22.726415999,30.139027454,17.295948214));
#5360=CARTESIAN_POINT('',(-22.753444682,30.141626837,17.280221079));
#5361=CARTESIAN_POINT('',(-22.816726994,30.147433508,17.241553067));
#5362=CARTESIAN_POINT('',(-22.852815265,30.150524979,17.218047131));
#5363=CARTESIAN_POINT('',(-22.924255848,30.155970575,17.169078882));
#5364=CARTESIAN_POINT('',(-22.959607804,30.15832482,17.143616932));
#5365=CARTESIAN_POINT('',(-23.029559869,30.16206487,17.091249808));
#5366=CARTESIAN_POINT('',(-23.064159731,30.163450779,17.064344884));
#5367=CARTESIAN_POINT('',(-23.105145385,30.164392472,17.031559754));
#5368=CARTESIAN_POINT('',(-23.139284764,30.165057777,17.004100338));
#5369=CARTESIAN_POINT('',(-23.173045032,30.165122742,16.97620123));
#5370=CARTESIAN_POINT('',(-23.233372382,30.164312777,16.925403013));
#5371=CARTESIAN_POINT('',(-23.26649143,30.163219323,16.896859003));
#5372=CARTESIAN_POINT('',(-23.33207028,30.159621917,16.839281511));
#5373=CARTESIAN_POINT('',(-23.364530137,30.157117921,16.810247971));
#5374=CARTESIAN_POINT('',(-23.428843664,30.150576997,16.751914876));
#5375=CARTESIAN_POINT('',(-23.46069746,30.146539959,16.722615181));
#5376=CARTESIAN_POINT('',(-23.496439756,30.141033578,16.689426747));
#5377=CARTESIAN_POINT('',(-23.527980182,30.136058693,16.660104266));
#5378=CARTESIAN_POINT('',(-23.559253175,30.130262602,16.630754812));
#5379=CARTESIAN_POINT('',(-23.601756957,30.121270354,16.590636627));
#5380=CARTESIAN_POINT('',(-23.617231702,30.117759907,16.575982226));
#5381=CARTESIAN_POINT('',(-23.64807134,30.110268971,16.546706383));
#5382=CARTESIAN_POINT('',(-23.663436337,30.106288357,16.532084808));
#5383=CARTESIAN_POINT('',(-23.694065096,30.097834911,16.502892096));
#5384=CARTESIAN_POINT('',(-23.709328963,30.093361944,16.488320821));
#5385=CARTESIAN_POINT('',(-23.739764084,30.08390161,16.459246186));
#5386=CARTESIAN_POINT('',(-23.75493544,30.078914102,16.444742685));
#5387=CARTESIAN_POINT('',(-23.785194164,30.068402503,16.415821074));
#5388=CARTESIAN_POINT('',(-23.800281628,30.062878267,16.401402823));
#5389=CARTESIAN_POINT('',(-23.830381195,30.051271026,16.372669181));
#5390=CARTESIAN_POINT('',(-23.845393387,30.045187875,16.358353654));
#5391=CARTESIAN_POINT('',(-23.875351038,30.032440613,16.329842928));
#5392=CARTESIAN_POINT('',(-23.890297307,30.025779603,16.315643783));
#5393=CARTESIAN_POINT('',(-23.920131734,30.011845767,16.287378815));
#5394=CARTESIAN_POINT('',(-23.935019707,30.00457177,16.273314255));
#5395=CARTESIAN_POINT('',(-23.964742544,29.989365854,16.245350843));
#5396=CARTESIAN_POINT('',(-23.979577467,29.981433808,16.231451879));
#5397=CARTESIAN_POINT('',(-24.009199714,29.964867755,16.203849266));
#5398=CARTESIAN_POINT('',(-24.023987087,29.956233633,16.190145519));
#5399=CARTESIAN_POINT('',(-24.053519746,29.938219387,16.162962948));
#5400=CARTESIAN_POINT('',(-24.068265069,29.928839163,16.149484041));
#5401=CARTESIAN_POINT('',(-24.09771914,29.909288666,16.122780753));
#5402=CARTESIAN_POINT('',(-24.112427914,29.899118313,16.109556308));
#5403=CARTESIAN_POINT('',(-24.141814399,29.877943509,16.083391547));
#5404=CARTESIAN_POINT('',(-24.156492125,29.866939001,16.070451186));
#5405=CARTESIAN_POINT('',(-24.185822024,29.844051833,16.044884193));
#5406=CARTESIAN_POINT('',(-24.200473911,29.83216939,16.03225692));
#5407=CARTESIAN_POINT('',(-24.21511636,29.819825348,16.019802548));
#5408=CARTESIAN_POINT('',(-22.234567901,30.003279856,17.695833247));
#5409=CARTESIAN_POINT('',(-22.303811795,30.003279856,17.695833247));
#5410=CARTESIAN_POINT('',(-22.380320747,30.007263748,17.683570002));
#5411=CARTESIAN_POINT('',(-22.5338011,30.019074033,17.637275054));
#5412=CARTESIAN_POINT('',(-22.610763352,30.026646149,17.603512781));
#5413=CARTESIAN_POINT('',(-22.680189067,30.033204572,17.567241534));
#5414=CARTESIAN_POINT('',(-22.680802051,30.033262537,17.566920479));
#5415=CARTESIAN_POINT('',(-22.691138002,30.034239009,17.561501502));
#5416=CARTESIAN_POINT('',(-22.70069701,30.03513772,17.556368208));
#5417=CARTESIAN_POINT('',(-22.737864333,30.038602539,17.535982725));
#5418=CARTESIAN_POINT('',(-22.765446806,30.041095441,17.519924256));
#5419=CARTESIAN_POINT('',(-22.830016786,30.046631082,17.48034535));
#5420=CARTESIAN_POINT('',(-22.866803646,30.049558088,17.456243596));
#5421=CARTESIAN_POINT('',(-22.939616133,30.054650256,17.405886659));
#5422=CARTESIAN_POINT('',(-22.975618915,30.056823149,17.37965474));
#5423=CARTESIAN_POINT('',(-23.046849932,30.060183994,17.325556172));
#5424=CARTESIAN_POINT('',(-23.082062293,30.061378673,17.297705493));
#5425=CARTESIAN_POINT('',(-23.123769383,30.062086972,17.263676012));
#5426=CARTESIAN_POINT('',(-23.158507292,30.062557595,17.235161088));
#5427=CARTESIAN_POINT('',(-23.192849195,30.062428713,17.206121003));
#5428=CARTESIAN_POINT('',(-23.254211946,30.061270737,17.153134652));
#5429=CARTESIAN_POINT('',(-23.28789451,30.059986258,17.123287372));
#5430=CARTESIAN_POINT('',(-23.354586008,30.056018509,17.062923252));
#5431=CARTESIAN_POINT('',(-23.387598488,30.053332462,17.032402567));
#5432=CARTESIAN_POINT('',(-23.453007234,30.046449401,16.970916791));
#5433=CARTESIAN_POINT('',(-23.485411601,30.042245398,16.939942634));
#5434=CARTESIAN_POINT('',(-23.52177461,30.03656827,16.904758328));
#5435=CARTESIAN_POINT('',(-23.55386459,30.03144323,16.873659119));
#5436=CARTESIAN_POINT('',(-23.585695064,30.025504228,16.84243275));
#5437=CARTESIAN_POINT('',(-23.628963091,30.016341092,16.799639829));
#5438=CARTESIAN_POINT('',(-23.644722302,30.012767975,16.783979364));
#5439=CARTESIAN_POINT('',(-23.676129172,30.005167172,16.752650234));
#5440=CARTESIAN_POINT('',(-23.691783552,30.001131434,16.736972901));
#5441=CARTESIAN_POINT('',(-23.72299048,29.992584545,16.705627136));
#5442=CARTESIAN_POINT('',(-23.738549727,29.988064761,16.68994972));
#5443=CARTESIAN_POINT('',(-23.769576274,29.978528787,16.658620711));
#5444=CARTESIAN_POINT('',(-23.785050091,29.973503542,16.642959997));
#5445=CARTESIAN_POINT('',(-23.815915813,29.962935479,16.611681138));
#5446=CARTESIAN_POINT('',(-23.831313908,29.957383364,16.596053913));
#5447=CARTESIAN_POINT('',(-23.862038359,29.945740206,16.564858601));
#5448=CARTESIAN_POINT('',(-23.877370449,29.939639815,16.549281651));
#5449=CARTESIAN_POINT('',(-23.907973178,29.926878552,16.518203283));
#5450=CARTESIAN_POINT('',(-23.923249727,29.920211712,16.50268958));
#5451=CARTESIAN_POINT('',(-23.953751737,29.906287079,16.471749193));
#5452=CARTESIAN_POINT('',(-23.968981466,29.89901943,16.456315987));
#5453=CARTESIAN_POINT('',(-23.999396604,29.883847323,16.425567332));
#5454=CARTESIAN_POINT('',(-24.014585834,29.875934631,16.410244691));
#5455=CARTESIAN_POINT('',(-24.044927305,29.85942841,16.379744972));
#5456=CARTESIAN_POINT('',(-24.060082631,29.850827467,16.364561575));
#5457=CARTESIAN_POINT('',(-24.090363634,29.832900487,16.334368001));
#5458=CARTESIAN_POINT('',(-24.105491659,29.823568085,16.319352523));
#5459=CARTESIAN_POINT('',(-24.135725389,29.804133699,16.289522308));
#5460=CARTESIAN_POINT('',(-24.150832733,29.794026625,16.274703422));
#5461=CARTESIAN_POINT('',(-24.181032378,29.772998183,16.245293785));
#5462=CARTESIAN_POINT('',(-24.196125674,29.762073221,16.230700162));
#5463=CARTESIAN_POINT('',(-24.226304419,29.739364068,16.201768327));
#5464=CARTESIAN_POINT('',(-24.24137154,29.727593868,16.187388881));
#5465=CARTESIAN_POINT('',(-24.256475823,29.715339736,16.173230233));
#5466=CARTESIAN_POINT('',(-22.234567901,29.918252971,17.935048515));
#5467=CARTESIAN_POINT('',(-22.307673197,29.918252971,17.935048515));
#5468=CARTESIAN_POINT('',(-22.388763,29.921855144,17.923978649));
#5469=CARTESIAN_POINT('',(-22.550468736,29.932462862,17.881539186));
#5470=CARTESIAN_POINT('',(-22.631076085,29.93922983,17.850422385));
#5471=CARTESIAN_POINT('',(-22.702592776,29.944975951,17.816642263));
#5472=CARTESIAN_POINT('',(-22.703228218,29.945028277,17.81633614));
#5473=CARTESIAN_POINT('',(-22.713908562,29.945896384,17.811228398));
#5474=CARTESIAN_POINT('',(-22.723780442,29.946691334,17.806381689));
#5475=CARTESIAN_POINT('',(-22.762180765,29.949733618,17.787071948));
#5476=CARTESIAN_POINT('',(-22.790577151,29.951879742,17.77173382));
#5477=CARTESIAN_POINT('',(-22.857284249,29.956450252,17.733177544));
#5478=CARTESIAN_POINT('',(-22.89501845,29.958820206,17.709612264));
#5479=CARTESIAN_POINT('',(-22.969982692,29.962601181,17.659436665));
#5480=CARTESIAN_POINT('',(-23.006834396,29.964140243,17.633211589));
#5481=CARTESIAN_POINT('',(-23.079923141,29.966090932,17.578401011));
#5482=CARTESIAN_POINT('',(-23.115897308,29.966613966,17.550079959));
#5483=CARTESIAN_POINT('',(-23.158551425,29.966477161,17.515150189));
#5484=CARTESIAN_POINT('',(-23.194058413,29.966249421,17.485855284));
#5485=CARTESIAN_POINT('',(-23.229079123,29.965451524,17.455881825));
#5486=CARTESIAN_POINT('',(-23.291638612,29.963090557,17.400904609));
#5487=CARTESIAN_POINT('',(-23.32593253,29.961158786,17.369773307));
#5488=CARTESIAN_POINT('',(-23.393724473,29.955984235,17.306530504));
#5489=CARTESIAN_POINT('',(-23.427281227,29.952695467,17.274355322));
#5490=CARTESIAN_POINT('',(-23.493587334,29.94478497,17.20935486));
#5491=CARTESIAN_POINT('',(-23.526470817,29.940047504,17.176379435));
#5492=CARTESIAN_POINT('',(-23.563240435,29.933918442,17.138864248));
#5493=CARTESIAN_POINT('',(-23.595696915,29.928389245,17.105670969));
#5494=CARTESIAN_POINT('',(-23.627924802,29.922035284,17.072118172));
#5495=CARTESIAN_POINT('',(-23.671577997,29.912507853,17.026097323));
#5496=CARTESIAN_POINT('',(-23.687520908,29.908759081,17.009152517));
#5497=CARTESIAN_POINT('',(-23.719174008,29.900964267,16.975306429));
#5498=CARTESIAN_POINT('',(-23.734995489,29.896784881,16.958261585));
#5499=CARTESIAN_POINT('',(-23.766415597,29.888120115,16.924236262));
#5500=CARTESIAN_POINT('',(-23.782125161,29.883491777,16.90710701));
#5501=CARTESIAN_POINT('',(-23.81333404,29.873917863,16.872930789));
#5502=CARTESIAN_POINT('',(-23.828941282,29.868822357,16.855732777));
#5503=CARTESIAN_POINT('',(-23.859960639,29.858300034,16.821434017));
#5504=CARTESIAN_POINT('',(-23.875475261,29.852719247,16.804182905));
#5505=CARTESIAN_POINT('',(-23.906326745,29.841209195,16.769789995));
#5506=CARTESIAN_POINT('',(-23.921758574,29.835125105,16.752501441));
#5507=CARTESIAN_POINT('',(-23.952463768,29.822587945,16.718042819));
#5508=CARTESIAN_POINT('',(-23.967823651,29.815985566,16.700728684));
#5509=CARTESIAN_POINT('',(-23.998405594,29.802378413,16.666216344));
#5510=CARTESIAN_POINT('',(-24.013702294,29.795226543,16.648888545));
#5511=CARTESIAN_POINT('',(-24.044175367,29.780469502,16.614363322));
#5512=CARTESIAN_POINT('',(-24.059415006,29.772727972,16.597046804));
#5513=CARTESIAN_POINT('',(-24.08979277,29.756738798,16.562553158));
#5514=CARTESIAN_POINT('',(-24.104981973,29.748368371,16.545271402));
#5515=CARTESIAN_POINT('',(-24.135277906,29.73106477,16.510853876));
#5516=CARTESIAN_POINT('',(-24.150423507,29.72202618,16.493630329));
#5517=CARTESIAN_POINT('',(-24.180651005,29.703325804,16.459333547));
#5518=CARTESIAN_POINT('',(-24.195760062,29.693579731,16.442191615));
#5519=CARTESIAN_POINT('',(-24.225932432,29.673400179,16.408060286));
#5520=CARTESIAN_POINT('',(-24.241012228,29.662907219,16.391023335));
#5521=CARTESIAN_POINT('',(-24.271142683,29.641166038,16.357102253));
#5522=CARTESIAN_POINT('',(-24.285889851,29.630149529,16.339535272));
#5523=CARTESIAN_POINT('',(-24.301251563,29.618194013,16.323360627));
#5524=CARTESIAN_POINT('',(-22.234567901,29.768873514,18.428291945));
#5525=CARTESIAN_POINT('',(-22.31767888,29.768873514,18.428291945));
#5526=CARTESIAN_POINT('',(-22.410687067,29.771662022,18.420960534));
#5527=CARTESIAN_POINT('',(-22.593258484,29.779816462,18.390983096));
#5528=CARTESIAN_POINT('',(-22.682814826,29.784990933,18.368539942));
#5529=CARTESIAN_POINT('',(-22.758684841,29.789291879,18.343400692));
#5530=CARTESIAN_POINT('',(-22.759368793,29.789335315,18.343153057));
#5531=CARTESIAN_POINT('',(-22.770780634,29.790020163,18.33918157));
#5532=CARTESIAN_POINT('',(-22.781314373,29.790638437,18.335384187));
#5533=CARTESIAN_POINT('',(-22.822329987,29.792953733,18.320064579));
#5534=CARTESIAN_POINT('',(-22.852388586,29.794478694,18.30748248));
#5535=CARTESIAN_POINT('',(-22.923524514,29.797208926,18.27368573));
#5536=CARTESIAN_POINT('',(-22.963063648,29.798512837,18.252701449));
#5537=CARTESIAN_POINT('',(-23.042243628,29.7996495,18.205388438));
#5538=CARTESIAN_POINT('',(-23.080610073,29.799913554,18.180357371));
#5539=CARTESIAN_POINT('',(-23.157109398,29.798930511,18.126057511));
#5540=CARTESIAN_POINT('',(-23.194356802,29.798058682,18.097679494));
#5541=CARTESIAN_POINT('',(-23.238621993,29.796128619,18.061805934));
#5542=CARTESIAN_POINT('',(-23.275419486,29.794418593,18.031647132));
#5543=CARTESIAN_POINT('',(-23.311504671,29.792193958,18.000402005));
#5544=CARTESIAN_POINT('',(-23.375930492,29.787230566,17.942317712));
#5545=CARTESIAN_POINT('',(-23.411137481,29.783879565,17.908984682));
#5546=CARTESIAN_POINT('',(-23.480489713,29.776016533,17.84049233));
#5547=CARTESIAN_POINT('',(-23.514832781,29.771349601,17.805118504));
#5548=CARTESIAN_POINT('',(-23.582293627,29.761041267,17.733127466));
#5549=CARTESIAN_POINT('',(-23.61586321,29.755010019,17.696004501));
#5550=CARTESIAN_POINT('',(-23.653115887,29.747737638,17.653580264));
#5551=CARTESIAN_POINT('',(-23.686023111,29.741178878,17.615956553));
#5552=CARTESIAN_POINT('',(-23.71882415,29.733711698,17.57734347));
#5553=CARTESIAN_POINT('',(-23.762925384,29.723095134,17.524218487));
#5554=CARTESIAN_POINT('',(-23.779153625,29.718824556,17.50439942));
#5555=CARTESIAN_POINT('',(-23.811101268,29.710346625,17.464903206));
#5556=CARTESIAN_POINT('',(-23.827195546,29.705690107,17.444742488));
#5557=CARTESIAN_POINT('',(-23.85888808,29.696459282,17.404589636));
#5558=CARTESIAN_POINT('',(-23.874860019,29.691403431,17.384096371));
#5559=CARTESIAN_POINT('',(-23.906329913,29.681384443,17.343295249));
#5560=CARTESIAN_POINT('',(-23.922191414,29.675916277,17.32247861));
#5561=CARTESIAN_POINT('',(-23.953470948,29.665073638,17.281037656));
#5562=CARTESIAN_POINT('',(-23.969234266,29.65918053,17.259906851));
#5563=CARTESIAN_POINT('',(-24.000355519,29.64747855,17.217834617));
#5564=CARTESIAN_POINT('',(-24.016033342,29.641148167,17.19639885));
#5565=CARTESIAN_POINT('',(-24.047028176,29.62855096,17.153704044));
#5566=CARTESIAN_POINT('',(-24.062634955,29.621773399,17.131968778));
#5567=CARTESIAN_POINT('',(-24.093536727,29.608237849,17.088631389));
#5568=CARTESIAN_POINT('',(-24.109083724,29.600986876,17.066589479));
#5569=CARTESIAN_POINT('',(-24.139912655,29.586438352,17.022606684));
#5570=CARTESIAN_POINT('',(-24.155407691,29.578681488,17.000264645));
#5571=CARTESIAN_POINT('',(-24.186182677,29.563043614,16.955637728));
#5572=CARTESIAN_POINT('',(-24.201634677,29.554749019,16.933000421));
#5573=CARTESIAN_POINT('',(-24.232374345,29.537945244,16.887730939));
#5574=CARTESIAN_POINT('',(-24.247792945,29.52908098,16.8648031));
#5575=CARTESIAN_POINT('',(-24.278515639,29.511034577,16.81889289));
#5576=CARTESIAN_POINT('',(-24.293911219,29.501568526,16.795679122));
#5577=CARTESIAN_POINT('',(-24.324634983,29.482202589,16.749130307));
#5578=CARTESIAN_POINT('',(-24.340018691,29.472102346,16.725635078));
#5579=CARTESIAN_POINT('',(-24.370761258,29.451339791,16.678450061));
#5580=CARTESIAN_POINT('',(-24.385097834,29.441457979,16.65246015));
#5581=CARTESIAN_POINT('',(-24.401534409,29.429454345,16.630768429));
#5582=CARTESIAN_POINT('',(-22.234567901,29.705276333,18.682549019));
#5583=CARTESIAN_POINT('',(-22.323892785,29.705276333,18.682549019));
#5584=CARTESIAN_POINT('',(-22.424244141,29.707698125,18.67787122));
#5585=CARTESIAN_POINT('',(-22.619317964,29.714831528,18.656878597));
#5586=CARTESIAN_POINT('',(-22.714034693,29.719383589,18.640732832));
#5587=CARTESIAN_POINT('',(-22.791938952,29.723254174,18.622053821));
#5588=CARTESIAN_POINT('',(-22.792647002,29.723296174,18.621852375));
#5589=CARTESIAN_POINT('',(-22.804412345,29.723936619,18.618751334));
#5590=CARTESIAN_POINT('',(-22.815262619,29.724511256,18.615759813));
#5591=CARTESIAN_POINT('',(-22.85752938,29.726640321,18.603526288));
#5592=CARTESIAN_POINT('',(-22.888330003,29.727983757,18.593111348));
#5593=CARTESIAN_POINT('',(-22.96149912,29.730063874,18.563358195));
#5594=CARTESIAN_POINT('',(-23.001733626,29.730994922,18.544599972));
#5595=CARTESIAN_POINT('',(-23.082648011,29.731073751,18.500322153));
#5596=CARTESIAN_POINT('',(-23.121507317,29.730837676,18.476656363));
#5597=CARTESIAN_POINT('',(-23.199215418,29.728610092,18.423922442));
#5598=CARTESIAN_POINT('',(-23.236799248,29.727154682,18.396126848));
#5599=CARTESIAN_POINT('',(-23.28152409,29.724438439,18.360402101));
#5600=CARTESIAN_POINT('',(-23.318672807,29.722079057,18.33031868));
#5601=CARTESIAN_POINT('',(-23.35497681,29.719227138,18.298887483));
#5602=CARTESIAN_POINT('',(-23.419782985,29.713088563,18.23994565));
#5603=CARTESIAN_POINT('',(-23.455138573,29.709082866,18.205828157));
#5604=CARTESIAN_POINT('',(-23.524667461,29.699951747,18.135204599));
#5605=CARTESIAN_POINT('',(-23.559123369,29.694605035,18.098392098));
#5606=CARTESIAN_POINT('',(-23.626613722,29.68309089,18.023103938));
#5607=CARTESIAN_POINT('',(-23.660293603,29.676366533,17.983905774));
#5608=CARTESIAN_POINT('',(-23.697534977,29.668460405,17.938962441));
#5609=CARTESIAN_POINT('',(-23.730451807,29.661324659,17.899051636));
#5610=CARTESIAN_POINT('',(-23.763376058,29.653188565,17.85773187));
#5611=CARTESIAN_POINT('',(-23.807495875,29.641864254,17.800741351));
#5612=CARTESIAN_POINT('',(-23.823816568,29.637247576,17.779329186));
#5613=CARTESIAN_POINT('',(-23.855805982,29.628271135,17.736682465));
#5614=CARTESIAN_POINT('',(-23.872010242,29.623269708,17.714757093));
#5615=CARTESIAN_POINT('',(-23.903783479,29.61355762,17.671111814));
#5616=CARTESIAN_POINT('',(-23.91988629,29.608159039,17.648676006));
#5617=CARTESIAN_POINT('',(-23.951486487,29.59767437,17.604023658));
#5618=CARTESIAN_POINT('',(-23.967503225,29.591866813,17.581080287));
#5619=CARTESIAN_POINT('',(-23.998973251,29.580572321,17.535412456));
#5620=CARTESIAN_POINT('',(-24.014919801,29.574344477,17.51196444));
#5621=CARTESIAN_POINT('',(-24.046302233,29.562202628,17.465272877));
#5622=CARTESIAN_POINT('',(-24.062195098,29.555543604,17.441323133));
#5623=CARTESIAN_POINT('',(-24.093532207,29.542516584,17.39359981));
#5624=CARTESIAN_POINT('',(-24.109390132,29.535417497,17.36914755));
#5625=CARTESIAN_POINT('',(-24.140725721,29.521457749,17.3203474));
#5626=CARTESIAN_POINT('',(-24.156563488,29.513893296,17.295370658));
#5627=CARTESIAN_POINT('',(-24.187925202,29.498925481,17.245457894));
#5628=CARTESIAN_POINT('',(-24.20375358,29.490865958,17.219948795));
#5629=CARTESIAN_POINT('',(-24.23516741,29.474813407,17.168892057));
#5630=CARTESIAN_POINT('',(-24.250998648,29.466229544,17.142840946));
#5631=CARTESIAN_POINT('',(-24.282490202,29.44901534,17.09060926));
#5632=CARTESIAN_POINT('',(-24.298337564,29.439877735,17.064006305));
#5633=CARTESIAN_POINT('',(-24.329932043,29.421424705,17.010569099));
#5634=CARTESIAN_POINT('',(-24.345809856,29.411703693,16.983404279));
#5635=CARTESIAN_POINT('',(-24.377532038,29.391934414,16.928731387));
#5636=CARTESIAN_POINT('',(-24.393455726,29.381599923,16.900994484));
#5637=CARTESIAN_POINT('',(-24.42532994,29.360436713,16.845056144));
#5638=CARTESIAN_POINT('',(-24.43982006,29.350722996,16.813568816));
#5639=CARTESIAN_POINT('',(-24.457341095,29.338140578,16.788120164));
#5640=CARTESIAN_POINT('',(-22.234567901,29.603128542,19.196057041));
#5641=CARTESIAN_POINT('',(-22.336602301,29.603128542,19.196057041));
#5642=CARTESIAN_POINT('',(-22.451712872,29.604860507,19.196106995));
#5643=CARTESIAN_POINT('',(-22.671999534,29.610104403,19.191562945));
#5644=CARTESIAN_POINT('',(-22.777172181,29.613520604,19.187070376));
#5645=CARTESIAN_POINT('',(-22.859554787,29.616662344,19.180581169));
#5646=CARTESIAN_POINT('',(-22.860310594,29.616701039,19.180472808));
#5647=CARTESIAN_POINT('',(-22.872811508,29.61725847,19.179062542));
#5648=CARTESIAN_POINT('',(-22.884338545,29.617747429,19.177619965));
#5649=CARTESIAN_POINT('',(-22.929316416,29.619501349,19.171280709));
#5650=CARTESIAN_POINT('',(-22.961836034,29.620459752,19.164928151));
#5651=CARTESIAN_POINT('',(-23.039327302,29.621238215,19.142983376));
#5652=CARTESIAN_POINT('',(-23.081331343,29.62134531,19.128312242));
#5653=CARTESIAN_POINT('',(-23.166091398,29.619241265,19.089823482));
#5654=CARTESIAN_POINT('',(-23.206298609,29.617892728,19.068601182));
#5655=CARTESIAN_POINT('',(-23.286867985,29.613029572,19.018755761));
#5656=CARTESIAN_POINT('',(-23.325459201,29.610265492,18.99191419));
#5657=CARTESIAN_POINT('',(-23.371399058,29.605834899,18.956363594));
#5658=CARTESIAN_POINT('',(-23.409507553,29.602048762,18.926321137));
#5659=CARTESIAN_POINT('',(-23.446541674,29.597775371,18.89439123));
#5660=CARTESIAN_POINT('',(-23.512582632,29.588983107,18.833582635));
#5661=CARTESIAN_POINT('',(-23.548496854,29.583479302,18.797829616));
#5662=CARTESIAN_POINT('',(-23.618919698,29.571369001,18.72281513));
#5663=CARTESIAN_POINT('',(-23.653823971,29.5644527,18.683124654));
#5664=CARTESIAN_POINT('',(-23.721910819,29.549972575,18.601156858));
#5665=CARTESIAN_POINT('',(-23.755997006,29.541629058,18.557868034));
#5666=CARTESIAN_POINT('',(-23.793508406,29.532076782,18.507865081));
#5667=CARTESIAN_POINT('',(-23.82668891,29.523462358,18.463378617));
#5668=CARTESIAN_POINT('',(-23.860023064,29.513710871,18.41674492));
#5669=CARTESIAN_POINT('',(-23.904508364,29.500433587,18.352033513));
#5670=CARTESIAN_POINT('',(-23.921077812,29.494982503,18.32750982));
#5671=CARTESIAN_POINT('',(-23.953378448,29.484586837,18.278583768));
#5672=CARTESIAN_POINT('',(-23.969859388,29.478743927,18.253214265));
#5673=CARTESIAN_POINT('',(-24.002007458,29.467617742,18.202620771));
#5674=CARTESIAN_POINT('',(-24.018421955,29.46137138,18.176394517));
#5675=CARTESIAN_POINT('',(-24.050480032,29.449474457,18.124092019));
#5676=CARTESIAN_POINT('',(-24.066850703,29.442813839,18.09699821));
#5677=CARTESIAN_POINT('',(-24.098880981,29.430105528,18.042945282));
#5678=CARTESIAN_POINT('',(-24.115231155,29.423020562,18.014973182));
#5679=CARTESIAN_POINT('',(-24.147295423,29.409459804,17.959128627));
#5680=CARTESIAN_POINT('',(-24.163649293,29.401940985,17.930267495));
#5681=CARTESIAN_POINT('',(-24.195808909,29.387486328,17.872590427));
#5682=CARTESIAN_POINT('',(-24.212193729,29.379525249,17.842825907));
#5683=CARTESIAN_POINT('',(-24.244511724,29.364120527,17.783221702));
#5684=CARTESIAN_POINT('',(-24.260949075,29.355692147,17.752501133));
#5685=CARTESIAN_POINT('',(-24.293466347,29.339260926,17.690868571));
#5686=CARTESIAN_POINT('',(-24.309972474,29.33033946,17.659154273));
#5687=CARTESIAN_POINT('',(-24.342727687,29.312804864,17.595397126));
#5688=CARTESIAN_POINT('',(-24.359320874,29.303364563,17.562649418));
#5689=CARTESIAN_POINT('',(-24.39235215,29.284649362,17.496671994));
#5690=CARTESIAN_POINT('',(-24.409052104,29.274664293,17.462850947));
#5691=CARTESIAN_POINT('',(-24.442397,29.254690904,17.39455812));
#5692=CARTESIAN_POINT('',(-24.459224916,29.244134763,17.359623542));
#5693=CARTESIAN_POINT('',(-24.492920393,29.222825251,17.288920751));
#5694=CARTESIAN_POINT('',(-24.509899002,29.211671167,17.252832175));
#5695=CARTESIAN_POINT('',(-24.543981395,29.188947234,17.179625427));
#5696=CARTESIAN_POINT('',(-24.559040612,29.178938389,17.137907009));
#5697=CARTESIAN_POINT('',(-24.578387482,29.165059055,17.104440033));
#5698=CARTESIAN_POINT('',(-22.234567901,29.564577933,19.455307989));
#5699=CARTESIAN_POINT('',(-22.343097911,29.564577933,19.455307989));
#5700=CARTESIAN_POINT('',(-22.465712579,29.565912427,19.457357542));
#5701=CARTESIAN_POINT('',(-22.699014394,29.570030511,19.460019279));
#5702=CARTESIAN_POINT('',(-22.809699244,29.57275028,19.460699087));
#5703=CARTESIAN_POINT('',(-22.894785489,29.575374353,19.459719724));
#5704=CARTESIAN_POINT('',(-22.895567252,29.57540924,19.459656313));
#5705=CARTESIAN_POINT('',(-22.908489057,29.575895274,19.459033509));
#5706=CARTESIAN_POINT('',(-22.920413653,29.576310664,19.458302412));
#5707=CARTESIAN_POINT('',(-22.9670025,29.577748136,19.454643494));
#5708=CARTESIAN_POINT('',(-23.000618558,29.578402138,19.45008502));
#5709=CARTESIAN_POINT('',(-23.080691777,29.578281627,19.431656986));
#5710=CARTESIAN_POINT('',(-23.123947533,29.577787687,19.418696573));
#5711=CARTESIAN_POINT('',(-23.211182732,29.574251301,19.382653622));
#5712=CARTESIAN_POINT('',(-23.252431316,29.572133071,19.362351793));
#5713=CARTESIAN_POINT('',(-23.335025817,29.565564195,19.313513472));
#5714=CARTESIAN_POINT('',(-23.374474288,29.561917696,19.286885785));
#5715=CARTESIAN_POINT('',(-23.421387364,29.556374949,19.251176094));
#5716=CARTESIAN_POINT('',(-23.46028541,29.551658562,19.220945992));
#5717=CARTESIAN_POINT('',(-23.49800653,29.5464426,19.1885547));
#5718=CARTESIAN_POINT('',(-23.565205788,29.535915206,19.126479629));
#5719=CARTESIAN_POINT('',(-23.601689831,29.529433047,19.089740276));
#5720=CARTESIAN_POINT('',(-23.673123065,29.515364131,19.012217943));
#5721=CARTESIAN_POINT('',(-23.708496169,29.50744544,18.970975308));
#5722=CARTESIAN_POINT('',(-23.777381329,29.491009791,18.885429165));
#5723=CARTESIAN_POINT('',(-23.81186154,29.481657448,18.840041901));
#5724=CARTESIAN_POINT('',(-23.84974025,29.471020155,18.787425634));
#5725=CARTESIAN_POINT('',(-23.883247875,29.461442343,18.740588757));
#5726=CARTESIAN_POINT('',(-23.916919143,29.450701797,18.691305128));
#5727=CARTESIAN_POINT('',(-23.961788894,29.436147573,18.622706576));
#5728=CARTESIAN_POINT('',(-23.978521758,29.430202179,18.596658434));
#5729=CARTESIAN_POINT('',(-24.011091732,29.418885892,18.544603651));
#5730=CARTESIAN_POINT('',(-24.027732148,29.412552505,18.517560787));
#5731=CARTESIAN_POINT('',(-24.060144471,29.400518719,18.463536797));
#5732=CARTESIAN_POINT('',(-24.076717127,29.39378644,18.435481819));
#5733=CARTESIAN_POINT('',(-24.109040934,29.380995173,18.379432754));
#5734=CARTESIAN_POINT('',(-24.12557111,29.373853983,18.35034842));
#5735=CARTESIAN_POINT('',(-24.157875131,29.360264795,18.292218558));
#5736=CARTESIAN_POINT('',(-24.174388869,29.352705435,18.262087695));
#5737=CARTESIAN_POINT('',(-24.206741399,29.338277446,18.20182156));
#5738=CARTESIAN_POINT('',(-24.223265666,29.330291289,18.170626991));
#5739=CARTESIAN_POINT('',(-24.25573454,29.3149832,18.108169439));
#5740=CARTESIAN_POINT('',(-24.272299702,29.306562228,18.075890424));
#5741=CARTESIAN_POINT('',(-24.304954529,29.290315562,18.011124195));
#5742=CARTESIAN_POINT('',(-24.321584344,29.281434994,17.977693131));
#5743=CARTESIAN_POINT('',(-24.354469649,29.264174794,17.910486404));
#5744=CARTESIAN_POINT('',(-24.371181788,29.254810922,17.875851128));
#5745=CARTESIAN_POINT('',(-24.404339605,29.236462256,17.806077314));
#5746=CARTESIAN_POINT('',(-24.421153963,29.226591208,17.770183568));
#5747=CARTESIAN_POINT('',(-24.454625748,29.207078764,17.697716655));
#5748=CARTESIAN_POINT('',(-24.471563744,29.196676473,17.660509917));
#5749=CARTESIAN_POINT('',(-24.505390346,29.175924562,17.585224495));
#5750=CARTESIAN_POINT('',(-24.522474995,29.164966562,17.546649958));
#5751=CARTESIAN_POINT('',(-24.556696624,29.142899116,17.468421231));
#5752=CARTESIAN_POINT('',(-24.573952584,29.131360335,17.428423794));
#5753=CARTESIAN_POINT('',(-24.608608781,29.107900899,17.347127567));
#5754=CARTESIAN_POINT('',(-24.623818409,29.097652749,17.300899941));
#5755=CARTESIAN_POINT('',(-24.643627182,29.0832913,17.263408167));
#5756=CARTESIAN_POINT('',(-22.234567901,29.513013662,19.976356174));
#5757=CARTESIAN_POINT('',(-22.354389237,29.513013662,19.976356174));
#5758=CARTESIAN_POINT('',(-22.489670809,29.513440894,19.979637359));
#5759=CARTESIAN_POINT('',(-22.745928482,29.514794169,19.988015491));
#5760=CARTESIAN_POINT('',(-22.866904009,29.515704256,19.993129344));
#5761=CARTESIAN_POINT('',(-22.958841552,29.516635782,19.997273485));
#5762=CARTESIAN_POINT('',(-22.959677824,29.516653253,19.997265842));
#5763=CARTESIAN_POINT('',(-22.973575097,29.516863811,19.997487386));
#5764=CARTESIAN_POINT('',(-22.98646038,29.516997939,19.997465895));
#5765=CARTESIAN_POINT('',(-23.037000631,29.517248628,19.996323034));
#5766=CARTESIAN_POINT('',(-23.073608471,29.516837542,19.993139731));
#5767=CARTESIAN_POINT('',(-23.160095107,29.513992986,19.977605362));
#5768=CARTESIAN_POINT('',(-23.207239676,29.511588759,19.965306174));
#5769=CARTESIAN_POINT('',(-23.301371792,29.50404302,19.930019904));
#5770=CARTESIAN_POINT('',(-23.346174653,29.49964088,19.909257387));
#5771=CARTESIAN_POINT('',(-23.435142189,29.488426146,19.858913675));
#5772=CARTESIAN_POINT('',(-23.477788907,29.48225687,19.830859523));
#5773=CARTESIAN_POINT('',(-23.528184139,29.473693254,19.793082869));
#5774=CARTESIAN_POINT('',(-23.569973034,29.466434504,19.761025608));
#5775=CARTESIAN_POINT('',(-23.610479886,29.458592491,19.726340766));
#5776=CARTESIAN_POINT('',(-23.682395688,29.44332768,19.659645736));
#5777=CARTESIAN_POINT('',(-23.721339071,29.434185955,19.619952763));
#5778=CARTESIAN_POINT('',(-23.79741144,29.414764699,19.535757061));
#5779=CARTESIAN_POINT('',(-23.834879555,29.404219623,19.490886609));
#5780=CARTESIAN_POINT('',(-23.907791334,29.382460449,19.3972451));
#5781=CARTESIAN_POINT('',(-23.944009521,29.370578044,19.34760704));
#5782=CARTESIAN_POINT('',(-23.983811015,29.357015548,19.289675651));
#5783=CARTESIAN_POINT('',(-24.018976591,29.344881349,19.238126133));
#5784=CARTESIAN_POINT('',(-24.054037401,29.331753575,19.18395747));
#5785=CARTESIAN_POINT('',(-24.100789787,29.313834217,19.108076862));
#5786=CARTESIAN_POINT('',(-24.118089557,29.306769312,19.079387456));
#5787=CARTESIAN_POINT('',(-24.151869122,29.293070566,19.021679911));
#5788=CARTESIAN_POINT('',(-24.168991563,29.28566673,18.991832792));
#5789=CARTESIAN_POINT('',(-24.202443463,29.271338181,18.931814806));
#5790=CARTESIAN_POINT('',(-24.219413522,29.263587965,18.900784856));
#5791=CARTESIAN_POINT('',(-24.252603457,29.248600172,18.838389327));
#5792=CARTESIAN_POINT('',(-24.269446552,29.240496833,18.806151549));
#5793=CARTESIAN_POINT('',(-24.302439897,29.224819987,18.741311491));
#5794=CARTESIAN_POINT('',(-24.319182059,29.216357389,18.707840942));
#5795=CARTESIAN_POINT('',(-24.352043842,29.199961327,18.640489566));
#5796=CARTESIAN_POINT('',(-24.368711841,29.191133841,18.605761301));
#5797=CARTESIAN_POINT('',(-24.40150672,29.173988068,18.535832084));
#5798=CARTESIAN_POINT('',(-24.418130909,29.164789794,18.499817691));
#5799=CARTESIAN_POINT('',(-24.450925621,29.146843067,18.427169303));
#5800=CARTESIAN_POINT('',(-24.467527975,29.137251045,18.389780719));
#5801=CARTESIAN_POINT('',(-24.500359899,29.118441437,18.314245169));
#5802=CARTESIAN_POINT('',(-24.516954787,29.108436459,18.275410513));
#5803=CARTESIAN_POINT('',(-24.549858591,29.088702881,18.196825248));
#5804=CARTESIAN_POINT('',(-24.56646245,29.078265279,18.156470474));
#5805=CARTESIAN_POINT('',(-24.59947234,29.057546342,18.074673404));
#5806=CARTESIAN_POINT('',(-24.616102826,29.046656291,18.032724253));
#5807=CARTESIAN_POINT('',(-24.649252522,29.024890302,17.94755377));
#5808=CARTESIAN_POINT('',(-24.665928567,29.01352766,17.903935755));
#5809=CARTESIAN_POINT('',(-24.699251279,28.990652622,17.81523074));
#5810=CARTESIAN_POINT('',(-24.715993131,28.978796758,17.769869141));
#5811=CARTESIAN_POINT('',(-24.749521534,28.954750367,17.677468956));
#5812=CARTESIAN_POINT('',(-24.764555598,28.943897842,17.626487301));
#5813=CARTESIAN_POINT('',(-24.783233879,28.92973981,17.582161054));
#5814=CARTESIAN_POINT('',(-22.234567901,29.5,20.23815341));
#5815=CARTESIAN_POINT('',(-22.359184951,29.5,20.23815341));
#5816=CARTESIAN_POINT('',(-22.499531631,29.5,20.240748922));
#5817=CARTESIAN_POINT('',(-22.765391894,29.5,20.24792246));
#5818=CARTESIAN_POINT('',(-22.890905476,29.5,20.252500487));
#5819=CARTESIAN_POINT('',(-22.986702693,29.5,20.25650086));
#5820=CARTESIAN_POINT('',(-22.987564973,29.500006017,20.256506177));
#5821=CARTESIAN_POINT('',(-23.001973745,29.500048895,20.256820892));
#5822=CARTESIAN_POINT('',(-23.015380734,29.500010335,20.256832418));
#5823=CARTESIAN_POINT('',(-23.068093846,29.499532288,20.255666417));
#5824=CARTESIAN_POINT('',(-23.106464466,29.498472535,20.252175859));
#5825=CARTESIAN_POINT('',(-23.196457469,29.494077628,20.236292247));
#5826=CARTESIAN_POINT('',(-23.246042126,29.490530629,20.223109507));
#5827=CARTESIAN_POINT('',(-23.344192254,29.480749071,20.186474197));
#5828=CARTESIAN_POINT('',(-23.391301265,29.475007425,20.164504671));
#5829=CARTESIAN_POINT('',(-23.484203246,29.461201947,20.111996732));
#5830=CARTESIAN_POINT('',(-23.528984244,29.453566993,20.082476347));
#5831=CARTESIAN_POINT('',(-23.581646679,29.443298933,20.042995437));
#5832=CARTESIAN_POINT('',(-23.625336041,29.434597781,20.009467826));
#5833=CARTESIAN_POINT('',(-23.667746669,29.425237032,19.973115032));
#5834=CARTESIAN_POINT('',(-23.742883542,29.407254858,19.903350521));
#5835=CARTESIAN_POINT('',(-23.783539147,29.396581742,19.8618396));
#5836=CARTESIAN_POINT('',(-23.862915046,29.374041581,19.773752307));
#5837=CARTESIAN_POINT('',(-23.901861425,29.361997503,19.726930787));
#5838=CARTESIAN_POINT('',(-23.977744835,29.337087228,19.628988459));
#5839=CARTESIAN_POINT('',(-24.015198215,29.323775492,19.57728965));
#5840=CARTESIAN_POINT('',(-24.056459776,29.308453431,19.516736815));
#5841=CARTESIAN_POINT('',(-24.09287512,29.294794732,19.462893346));
#5842=CARTESIAN_POINT('',(-24.128932414,29.280316066,19.406536707));
#5843=CARTESIAN_POINT('',(-24.177141312,29.260343726,19.327296286));
#5844=CARTESIAN_POINT('',(-24.194836683,29.252660288,19.297496712));
#5845=CARTESIAN_POINT('',(-24.229556626,29.237499599,19.237265029));
#5846=CARTESIAN_POINT('',(-24.247009629,29.229509018,19.206280267));
#5847=CARTESIAN_POINT('',(-24.281270005,29.213765294,19.143670857));
#5848=CARTESIAN_POINT('',(-24.298504445,29.205461816,19.111473485));
#5849=CARTESIAN_POINT('',(-24.332363401,29.189113851,19.046420255));
#5850=CARTESIAN_POINT('',(-24.349403398,29.180492189,19.012982931));
#5851=CARTESIAN_POINT('',(-24.382918865,29.163518528,18.945419869));
#5852=CARTESIAN_POINT('',(-24.399788945,29.154573803,18.910715286));
#5853=CARTESIAN_POINT('',(-24.433018622,29.136952759,18.840576511));
#5854=CARTESIAN_POINT('',(-24.449743805,29.127680426,18.80457736));
#5855=CARTESIAN_POINT('',(-24.482745145,29.109390089,18.731797167));
#5856=CARTESIAN_POINT('',(-24.499353881,29.099784946,18.694472722));
#5857=CARTESIAN_POINT('',(-24.532186613,29.080781549,18.618906284));
#5858=CARTESIAN_POINT('',(-24.548698144,29.070821165,18.580161932));
#5859=CARTESIAN_POINT('',(-24.581391318,29.051052267,18.501633635));
#5860=CARTESIAN_POINT('',(-24.597816505,29.040718824,18.461391231));
#5861=CARTESIAN_POINT('',(-24.630396497,29.020133173,18.379730858));
#5862=CARTESIAN_POINT('',(-24.646747931,29.009408295,18.337910114));
#5863=CARTESIAN_POINT('',(-24.679240811,28.987954436,18.252947758));
#5864=CARTESIAN_POINT('',(-24.695531894,28.976819644,18.209468243));
#5865=CARTESIAN_POINT('',(-24.727963407,28.954445921,18.121034317));
#5866=CARTESIAN_POINT('',(-24.744208394,28.942882521,18.07581545));
#5867=CARTESIAN_POINT('',(-24.776603945,28.919537077,17.983740693));
#5868=CARTESIAN_POINT('',(-24.792817965,28.907526054,17.936701737));
#5869=CARTESIAN_POINT('',(-24.825202601,28.883156825,17.84081721));
#5870=CARTESIAN_POINT('',(-24.840204892,28.87169062,17.789342926));
#5871=CARTESIAN_POINT('',(-24.857600874,28.857956076,17.741945808));
#5872=CARTESIAN_POINT('',(-22.234567901,29.5,20.5));
#5873=CARTESIAN_POINT('',(-22.362139918,29.5,20.5));
#5874=CARTESIAN_POINT('',(-22.504491955,29.5,20.5));
#5875=CARTESIAN_POINT('',(-22.774416008,29.5,20.5));
#5876=CARTESIAN_POINT('',(-22.901988024,29.5,20.5));
#5877=CARTESIAN_POINT('',(-23.000873648,29.5,20.5));
#5878=CARTESIAN_POINT('',(-23.001746968,29.499999618,20.499998601));
#5879=CARTESIAN_POINT('',(-23.016485928,29.499986747,20.499951405));
#5880=CARTESIAN_POINT('',(-23.030269178,29.499878583,20.499554805));
#5881=CARTESIAN_POINT('',(-23.084610448,29.499082046,20.496634168));
#5882=CARTESIAN_POINT('',(-23.12449989,29.497689998,20.491529994));
#5883=CARTESIAN_POINT('',(-23.216851417,29.492687299,20.473186763));
#5884=CARTESIAN_POINT('',(-23.268696862,29.488460396,20.457688118));
#5885=CARTESIAN_POINT('',(-23.369804611,29.477651863,20.418056831));
#5886=CARTESIAN_POINT('',(-23.419066916,29.471070234,20.39392419));
#5887=CARTESIAN_POINT('',(-23.515117935,29.455888512,20.338257876));
#5888=CARTESIAN_POINT('',(-23.561906649,29.447288419,20.306724204));
#5889=CARTESIAN_POINT('',(-23.616536664,29.435979279,20.265257355));
#5890=CARTESIAN_POINT('',(-23.661907595,29.426371819,20.230030005));
#5891=CARTESIAN_POINT('',(-23.706126534,29.415955048,20.191835176));
#5892=CARTESIAN_POINT('',(-23.784293629,29.39607734,20.118950245));
#5893=CARTESIAN_POINT('',(-23.826612761,29.384283037,20.075704467));
#5894=CARTESIAN_POINT('',(-23.909369957,29.359278962,19.984022859));
#5895=CARTESIAN_POINT('',(-23.949808023,29.346069189,19.935587028));
#5896=CARTESIAN_POINT('',(-24.02903251,29.31834731,19.833940137));
#5897=CARTESIAN_POINT('',(-24.067818932,29.303835203,19.780729077));
#5898=CARTESIAN_POINT('',(-24.110916396,29.286735912,19.718031678));
#5899=CARTESIAN_POINT('',(-24.148897114,29.271551211,19.662354439));
#5900=CARTESIAN_POINT('',(-24.186193919,29.255772779,19.604500189));
#5901=CARTESIAN_POINT('',(-24.23651801,29.23344437,19.522629355));
#5902=CARTESIAN_POINT('',(-24.254762055,29.22512794,19.49213578));
#5903=CARTESIAN_POINT('',(-24.290980317,29.208174481,19.429973095));
#5904=CARTESIAN_POINT('',(-24.308954535,29.19953745,19.398303985));
#5905=CARTESIAN_POINT('',(-24.344659171,29.181934298,19.333759092));
#5906=CARTESIAN_POINT('',(-24.36238959,29.172968175,19.30088331));
#5907=CARTESIAN_POINT('',(-24.397632653,29.154698347,19.233893938));
#5908=CARTESIAN_POINT('',(-24.415145298,29.145394641,19.199780349));
#5909=CARTESIAN_POINT('',(-24.449978841,29.126441153,19.130284226));
#5910=CARTESIAN_POINT('',(-24.46729974,29.116791371,19.094901693));
#5911=CARTESIAN_POINT('',(-24.501775816,29.09713724,19.022836548));
#5912=CARTESIAN_POINT('',(-24.518930994,29.087132891,18.986153935));
#5913=CARTESIAN_POINT('',(-24.553101657,29.066761135,18.911457495));
#5914=CARTESIAN_POINT('',(-24.570119998,29.056392806,18.87344029));
#5915=CARTESIAN_POINT('',(-24.604039837,29.035264802,18.79597094));
#5916=CARTESIAN_POINT('',(-24.620940372,29.024505677,18.756520816));
#5917=CARTESIAN_POINT('',(-24.654633577,29.002574335,18.676105894));
#5918=CARTESIAN_POINT('',(-24.671426246,28.991402117,18.635141096));
#5919=CARTESIAN_POINT('',(-24.704914622,28.968621742,18.551613052));
#5920=CARTESIAN_POINT('',(-24.721610329,28.957013583,18.509049806));
#5921=CARTESIAN_POINT('',(-24.754915685,28.933338479,18.422241089));
#5922=CARTESIAN_POINT('',(-24.771525334,28.921271533,18.377995619));
#5923=CARTESIAN_POINT('',(-24.804669476,28.896656004,18.28773868));
#5924=CARTESIAN_POINT('',(-24.82120397,28.884107421,18.241727212));
#5925=CARTESIAN_POINT('',(-24.854208707,28.858505773,18.147854501));
#5926=CARTESIAN_POINT('',(-24.87067895,28.845452707,18.099993258));
#5927=CARTESIAN_POINT('',(-24.903566088,28.818819243,18.002337225));
#5928=CARTESIAN_POINT('',(-24.919982984,28.805238846,17.952542434));
#5929=CARTESIAN_POINT('',(-24.936378657,28.791383359,17.901738981));
#5930=B_SPLINE_SURFACE_WITH_KNOTS('',3,3,((#3726,#3727,#3728,#3729,#3730,#3731,#3732,#3733,#3734,#3735,#3736,#3737,#3738,#3739,#3740,#3741,#3742,#3743,#3744,#3745,#3746,#3747,#3748,#3749,#3750,#3751,
#3752,#3753,#3754,#3755,#3756,#3757,#3758,#3759,#3760,#3761,#3762,#3763,#3764,#3765,#3766,#3767,#3768,#3769,#3770,#3771,#3772,#3773,#3774,#3775,#3776,
#3777,#3778,#3779,#3780,#3781,#3782,#3783),(#3784,#3785,#3786,#3787,#3788,#3789,#3790,#3791,#3792,#3793,#3794,#3795,#3796,#3797,#3798,#3799,#3800,#3801,#3802,#3803,#3804,#3805,#3806,#3807,#3808,#3809,
#3810,#3811,#3812,#3813,#3814,#3815,#3816,#3817,#3818,#3819,#3820,#3821,#3822,#3823,#3824,#3825,#3826,#3827,#3828,#3829,#3830,#3831,#3832,#3833,#3834,
#3835,#3836,#3837,#3838,#3839,#3840,#3841),(#3842,#3843,#3844,#3845,#3846,#3847,#3848,#3849,#3850,#3851,#3852,#3853,#3854,#3855,#3856,#3857,#3858,#3859,#3860,#3861,#3862,#3863,#3864,#3865,#3866,#3867,
#3868,#3869,#3870,#3871,#3872,#3873,#3874,#3875,#3876,#3877,#3878,#3879,#3880,#3881,#3882,#3883,#3884,#3885,#3886,#3887,#3888,#3889,#3890,#3891,#3892,
#3893,#3894,#3895,#3896,#3897,#3898,#3899),(#3900,#3901,#3902,#3903,#3904,#3905,#3906,#3907,#3908,#3909,#3910,#3911,#3912,#3913,#3914,#3915,#3916,#3917,#3918,#3919,#3920,#3921,#3922,#3923,#3924,#3925,
#3926,#3927,#3928,#3929,#3930,#3931,#3932,#3933,#3934,#3935,#3936,#3937,#3938,#3939,#3940,#3941,#3942,#3943,#3944,#3945,#3946,#3947,#3948,#3949,#3950,
#3951,#3952,#3953,#3954,#3955,#3956,#3957),(#3958,#3959,#3960,#3961,#3962,#3963,#3964,#3965,#3966,#3967,#3968,#3969,#3970,#3971,#3972,#3973,#3974,#3975,#3976,#3977,#3978,#3979,#3980,#3981,#3982,#3983,
#3984,#3985,#3986,#3987,#3988,#3989,#3990,#3991,#3992,#3993,#3994,#3995,#3996,#3997,#3998,#3999,#4000,#4001,#4002,#4003,#4004,#4005,#4006,#4007,#4008,
#4009,#4010,#4011,#4012,#4013,#4014,#4015),(#4016,#4017,#4018,#4019,#4020,#4021,#4022,#4023,#4024,#4025,#4026,#4027,#4028,#4029,#4030,#4031,#4032,#4033,#4034,#4035,#4036,#4037,#4038,#4039,#4040,#4041,
#4042,#4043,#4044,#4045,#4046,#4047,#4048,#4049,#4050,#4051,#4052,#4053,#4054,#4055,#4056,#4057,#4058,#4059,#4060,#4061,#4062,#4063,#4064,#4065,#4066,
#4067,#4068,#4069,#4070,#4071,#4072,#4073),(#4074,#4075,#4076,#4077,#4078,#4079,#4080,#4081,#4082,#4083,#4084,#4085,#4086,#4087,#4088,#4089,#4090,#4091,#4092,#4093,#4094,#4095,#4096,#4097,#4098,#4099,
#4100,#4101,#4102,#4103,#4104,#4105,#4106,#4107,#4108,#4109,#4110,#4111,#4112,#4113,#4114,#4115,#4116,#4117,#4118,#4119,#4120,#4121,#4122,#4123,#4124,
#4125,#4126,#4127,#4128,#4129,#4130,#4131),(#4132,#4133,#4134,#4135,#4136,#4137,#4138,#4139,#4140,#4141,#4142,#4143,#4144,#4145,#4146,#4147,#4148,#4149,#4150,#4151,#4152,#4153,#4154,#4155,#4156,#4157,
#4158,#4159,#4160,#4161,#4162,#4163,#4164,#4165,#4166,#4167,#4168,#4169,#4170,#4171,#4172,#4173,#4174,#4175,#4176,#4177,#4178,#4179,#4180,#4181,#4182,
#4183,#4184,#4185,#4186,#4187,#4188,#4189),(#4190,#4191,#4192,#4193,#4194,#4195,#4196,#4197,#4198,#4199,#4200,#4201,#4202,#4203,#4204,#4205,#4206,#4207,#4208,#4209,#4210,#4211,#4212,#4213,#4214,#4215,
#4216,#4217,#4218,#4219,#4220,#4221,#4222,#4223,#4224,#4225,#4226,#4227,#4228,#4229,#4230,#4231,#4232,#4233,#4234,#4235,#4236,#4237,#4238,#4239,#4240,
#4241,#4242,#4243,#4244,#4245,#4246,#4247),(#4248,#4249,#4250,#4251,#4252,#4253,#4254,#4255,#4256,#4257,#4258,#4259,#4260,#4261,#4262,#4263,#4264,#4265,#4266,#4267,#4268,#4269,#4270,#4271,#4272,#4273,
#4274,#4275,#4276,#4277,#4278,#4279,#4280,#4281,#4282,#4283,#4284,#4285,#4286,#4287,#4288,#4289,#4290,#4291,#4292,#4293,#4294,#4295,#4296,#4297,#4298,
#4299,#4300,#4301,#4302,#4303,#4304,#4305),(#4306,#4307,#4308,#4309,#4310,#4311,#4312,#4313,#4314,#4315,#4316,#4317,#4318,#4319,#4320,#4321,#4322,#4323,#4324,#4325,#4326,#4327,#4328,#4329,#4330,#4331,
#4332,#4333,#4334,#4335,#4336,#4337,#4338,#4339,#4340,#4341,#4342,#4343,#4344,#4345,#4346,#4347,#4348,#4349,#4350,#4351,#4352,#4353,#4354,#4355,#4356,
#4357,#4358,#4359,#4360,#4361,#4362,#4363),(#4364,#4365,#4366,#4367,#4368,#4369,#4370,#4371,#4372,#4373,#4374,#4375,#4376,#4377,#4378,#4379,#4380,#4381,#4382,#4383,#4384,#4385,#4386,#4387,#4388,#4389,
#4390,#4391,#4392,#4393,#4394,#4395,#4396,#4397,#4398,#4399,#4400,#4401,#4402,#4403,#4404,#4405,#4406,#4407,#4408,#4409,#4410,#4411,#4412,#4413,#4414,
#4415,#4416,#4417,#4418,#4419,#4420,#4421),(#4422,#4423,#4424,#4425,#4426,#4427,#4428,#4429,#4430,#4431,#4432,#4433,#4434,#4435,#4436,#4437,#4438,#4439,#4440,#4441,#4442,#4443,#4444,#4445,#4446,#4447,
#4448,#4449,#4450,#4451,#4452,#4453,#4454,#4455,#4456,#4457,#4458,#4459,#4460,#4461,#4462,#4463,#4464,#4465,#4466,#4467,#4468,#4469,#4470,#4471,#4472,
#4473,#4474,#4475,#4476,#4477,#4478,#4479),(#4480,#4481,#4482,#4483,#4484,#4485,#4486,#4487,#4488,#4489,#4490,#4491,#4492,#4493,#4494,#4495,#4496,#4497,#4498,#4499,#4500,#4501,#4502,#4503,#4504,#4505,
#4506,#4507,#4508,#4509,#4510,#4511,#4512,#4513,#4514,#4515,#4516,#4517,#4518,#4519,#4520,#4521,#4522,#4523,#4524,#4525,#4526,#4527,#4528,#4529,#4530,
#4531,#4532,#4533,#4534,#4535,#4536,#4537),(#4538,#4539,#4540,#4541,#4542,#4543,#4544,#4545,#4546,#4547,#4548,#4549,#4550,#4551,#4552,#4553,#4554,#4555,#4556,#4557,#4558,#4559,#4560,#4561,#4562,#4563,
#4564,#4565,#4566,#4567,#4568,#4569,#4570,#4571,#4572,#4573,#4574,#4575,#4576,#4577,#4578,#4579,#4580,#4581,#4582,#4583,#4584,#4585,#4586,#4587,#4588,
#4589,#4590,#4591,#4592,#4593,#4594,#4595),(#4596,#4597,#4598,#4599,#4600,#4601,#4602,#4603,#4604,#4605,#4606,#4607,#4608,#4609,#4610,#4611,#4612,#4613,#4614,#4615,#4616,#4617,#4618,#4619,#4620,#4621,
#4622,#4623,#4624,#4625,#4626,#4627,#4628,#4629,#4630,#4631,#4632,#4633,#4634,#4635,#4636,#4637,#4638,#4639,#4640,#4641,#4642,#4643,#4644,#4645,#4646,
#4647,#4648,#4649,#4650,#4651,#4652,#4653),(#4654,#4655,#4656,#4657,#4658,#4659,#4660,#4661,#4662,#4663,#4664,#4665,#4666,#4667,#4668,#4669,#4670,#4671,#4672,#4673,#4674,#4675,#4676,#4677,#4678,#4679,
#4680,#4681,#4682,#4683,#4684,#4685,#4686,#4687,#4688,#4689,#4690,#4691,#4692,#4693,#4694,#4695,#4696,#4697,#4698,#4699,#4700,#4701,#4702,#4703,#4704,
#4705,#4706,#4707,#4708,#4709,#4710,#4711),(#4712,#4713,#4714,#4715,#4716,#4717,#4718,#4719,#4720,#4721,#4722,#4723,#4724,#4725,#4726,#4727,#4728,#4729,#4730,#4731,#4732,#4733,#4734,#4735,#4736,#4737,
#4738,#4739,#4740,#4741,#4742,#4743,#4744,#4745,#4746,#4747,#4748,#4749,#4750,#4751,#4752,#4753,#4754,#4755,#4756,#4757,#4758,#4759,#4760,#4761,#4762,
#4763,#4764,#4765,#4766,#4767,#4768,#4769),(#4770,#4771,#4772,#4773,#4774,#4775,#4776,#4777,#4778,#4779,#4780,#4781,#4782,#4783,#4784,#4785,#4786,#4787,#4788,#4789,#4790,#4791,#4792,#4793,#4794,#4795,
#4796,#4797,#4798,#4799,#4800,#4801,#4802,#4803,#4804,#4805,#4806,#4807,#4808,#4809,#4810,#4811,#4812,#4813,#4814,#4815,#4816,#4817,#4818,#4819,#4820,
#4821,#4822,#4823,#4824,#4825,#4826,#4827),(#4828,#4829,#4830,#4831,#4832,#4833,#4834,#4835,#4836,#4837,#4838,#4839,#4840,#4841,#4842,#4843,#4844,#4845,#4846,#4847,#4848,#4849,#4850,#4851,#4852,#4853,
#4854,#4855,#4856,#4857,#4858,#4859,#4860,#4861,#4862,#4863,#4864,#4865,#4866,#4867,#4868,#4869,#4870,#4871,#4872,#4873,#4874,#4875,#4876,#4877,#4878,
#4879,#4880,#4881,#4882,#4883,#4884,#4885),(#4886,#4887,#4888,#4889,#4890,#4891,#4892,#4893,#4894,#4895,#4896,#4897,#4898,#4899,#4900,#4901,#4902,#4903,#4904,#4905,#4906,#4907,#4908,#4909,#4910,#4911,
#4912,#4913,#4914,#4915,#4916,#4917,#4918,#4919,#4920,#4921,#4922,#4923,#4924,#4925,#4926,#4927,#4928,#4929,#4930,#4931,#4932,#4933,#4934,#4935,#4936,
#4937,#4938,#4939,#4940,#4941,#4942,#4943),(#4944,#4945,#4946,#4947,#4948,#4949,#4950,#4951,#4952,#4953,#4954,#4955,#4956,#4957,#4958,#4959,#4960,#4961,#4962,#4963,#4964,#4965,#4966,#4967,#4968,#4969,
#4970,#4971,#4972,#4973,#4974,#4975,#4976,#4977,#4978,#4979,#4980,#4981,#4982,#4983,#4984,#4985,#4986,#4987,#4988,#4989,#4990,#4991,#4992,#4993,#4994,
#4995,#4996,#4997,#4998,#4999,#5000,#5001),(#5002,#5003,#5004,#5005,#5006,#5007,#5008,#5009,#5010,#5011,#5012,#5013,#5014,#5015,#5016,#5017,#5018,#5019,#5020,#5021,#5022,#5023,#5024,#5025,#5026,#5027,
#5028,#5029,#5030,#5031,#5032,#5033,#5034,#5035,#5036,#5037,#5038,#5039,#5040,#5041,#5042,#5043,#5044,#5045,#5046,#5047,#5048,#5049,#5050,#5051,#5052,
#5053,#5054,#5055,#5056,#5057,#5058,#5059),(#5060,#5061,#5062,#5063,#5064,#5065,#5066,#5067,#5068,#5069,#5070,#5071,#5072,#5073,#5074,#5075,#5076,#5077,#5078,#5079,#5080,#5081,#5082,#5083,#5084,#5085,
#5086,#5087,#5088,#5089,#5090,#5091,#5092,#5093,#5094,#5095,#5096,#5097,#5098,#5099,#5100,#5101,#5102,#5103,#5104,#5105,#5106,#5107,#5108,#5109,#5110,
#5111,#5112,#5113,#5114,#5115,#5116,#5117),(#5118,#5119,#5120,#5121,#5122,#5123,#5124,#5125,#5126,#5127,#5128,#5129,#5130,#5131,#5132,#5133,#5134,#5135,#5136,#5137,#5138,#5139,#5140,#5141,#5142,#5143,
#5144,#5145,#5146,#5147,#5148,#5149,#5150,#5151,#5152,#5153,#5154,#5155,#5156,#5157,#5158,#5159,#5160,#5161,#5162,#5163,#5164,#5165,#5166,#5167,#5168,
#5169,#5170,#5171,#5172,#5173,#5174,#5175),(#5176,#5177,#5178,#5179,#5180,#5181,#5182,#5183,#5184,#5185,#5186,#5187,#5188,#5189,#5190,#5191,#5192,#5193,#5194,#5195,#5196,#5197,#5198,#5199,#5200,#5201,
#5202,#5203,#5204,#5205,#5206,#5207,#5208,#5209,#5210,#5211,#5212,#5213,#5214,#5215,#5216,#5217,#5218,#5219,#5220,#5221,#5222,#5223,#5224,#5225,#5226,
#5227,#5228,#5229,#5230,#5231,#5232,#5233),
(#5234,#5235,#5236,#5237,#5238,#5239,#5240,#5241,#5242,#5243,#5244,#5245,#5246,#5247,#5248,#5249,#5250,#5251,#5252,#5253,#5254,#5255,#5256,#5257,#5258,#5259,
#5260,#5261,#5262,#5263,#5264,#5265,#5266,#5267,#5268,#5269,#5270,#5271,#5272,#5273,#5274,#5275,#5276,#5277,#5278,#5279,#5280,#5281,#5282,#5283,#5284,
#5285,#5286,#5287,#5288,#5289,#5290,#5291),(#5292,#5293,#5294,#5295,#5296,#5297,#5298,#5299,#5300,#5301,#5302,#5303,#5304,#5305,#5306,#5307,#5308,#5309,#5310,#5311,#5312,#5313,#5314,#5315,#5316,#5317,
#5318,#5319,#5320,#5321,#5322,#5323,#5324,#5325,#5326,#5327,#5328,#5329,#5330,#5331,#5332,#5333,#5334,#5335,#5336,#5337,#5338,#5339,#5340,#5341,#5342,
#5343,#5344,#5345,#5346,#5347,#5348,#5349),(#5350,#5351,#5352,#5353,#5354,#5355,#5356,#5357,#5358,#5359,#5360,#5361,#5362,#5363,#5364,#5365,#5366,#5367,#5368,#5369,#5370,#5371,#5372,#5373,#5374,#5375,
#5376,#5377,#5378,#5379,#5380,#5381,#5382,#5383,#5384,#5385,#5386,#5387,#5388,#5389,#5390,#5391,#5392,#5393,#5394,#5395,#5396,#5397,#5398,#5399,#5400,
#5401,#5402,#5403,#5404,#5405,#5406,#5407),(#5408,#5409,#5410,#5411,#5412,#5413,#5414,#5415,#5416,#5417,#5418,#5419,#5420,#5421,#5422,#5423,#5424,#5425,#5426,#5427,#5428,#5429,#5430,#5431,#5432,#5433,
#5434,#5435,#5436,#5437,#5438,#5439,#5440,#5441,#5442,#5443,#5444,#5445,#5446,#5447,#5448,#5449,#5450,#5451,#5452,#5453,#5454,#5455,#5456,#5457,#5458,
#5459,#5460,#5461,#5462,#5463,#5464,#5465),(#5466,#5467,#5468,#5469,#5470,#5471,#5472,#5473,#5474,#5475,#5476,#5477,#5478,#5479,#5480,#5481,#5482,#5483,#5484,#5485,#5486,#5487,#5488,#5489,#5490,#5491,
#5492,#5493,#5494,#5495,#5496,#5497,#5498,#5499,#5500,#5501,#5502,#5503,#5504,#5505,#5506,#5507,#5508,#5509,#5510,#5511,#5512,#5513,#5514,#5515,#5516,
#5517,#5518,#5519,#5520,#5521,#5522,#5523),(#5524,#5525,#5526,#5527,#5528,#5529,#5530,#5531,#5532,#5533,#5534,#5535,#5536,#5537,#5538,#5539,#5540,#5541,#5542,#5543,#5544,#5545,#5546,#5547,#5548,#5549,
#5550,#5551,#5552,#5553,#5554,#5555,#5556,#5557,#5558,#5559,#5560,#5561,#5562,#5563,#5564,#5565,#5566,#5567,#5568,#5569,#5570,#5571,#5572,#5573,#5574,
#5575,#5576,#5577,#5578,#5579,#5580,#5581),(#5582,#5583,#5584,#5585,#5586,#5587,#5588,#5589,#5590,#5591,#5592,#5593,#5594,#5595,#5596,#5597,#5598,#5599,#5600,#5601,#5602,#5603,#5604,#5605,#5606,#5607,
#5608,#5609,#5610,#5611,#5612,#5613,#5614,#5615,#5616,#5617,#5618,#5619,#5620,#5621,#5622,#5623,#5624,#5625,#5626,#5627,#5628,#5629,#5630,#5631,#5632,
#5633,#5634,#5635,#5636,#5637,#5638,#5639),(#5640,#5641,#5642,#5643,#5644,#5645,#5646,#5647,#5648,#5649,#5650,#5651,#5652,#5653,#5654,#5655,#5656,#5657,#5658,#5659,#5660,#5661,#5662,#5663,#5664,#5665,
#5666,#5667,#5668,#5669,#5670,#5671,#5672,#5673,#5674,#5675,#5676,#5677,#5678,#5679,#5680,#5681,#5682,#5683,#5684,#5685,#5686,#5687,#5688,#5689,#5690,
#5691,#5692,#5693,#5694,#5695,#5696,#5697),(#5698,#5699,#5700,#5701,#5702,#5703,#5704,#5705,#5706,#5707,#5708,#5709,#5710,#5711,#5712,#5713,#5714,#5715,#5716,#5717,#5718,#5719,#5720,#5721,#5722,#5723,
#5724,#5725,#5726,#5727,#5728,#5729,#5730,#5731,#5732,#5733,#5734,#5735,#5736,#5737,#5738,#5739,#5740,#5741,#5742,#5743,#5744,#5745,#5746,#5747,#5748,
#5749,#5750,#5751,#5752,#5753,#5754,#5755),(#5756,#5757,#5758,#5759,#5760,#5761,#5762,#5763,#5764,#5765,#5766,#5767,#5768,#5769,#5770,#5771,#5772,#5773,#5774,#5775,#5776,#5777,#5778,#5779,#5780,#5781,
#5782,#5783,#5784,#5785,#5786,#5787,#5788,#5789,#5790,#5791,#5792,#5793,#5794,#5795,#5796,#5797,#5798,#5799,#5800,#5801,#5802,#5803,#5804,#5805,#5806,
#5807,#5808,#5809,#5810,#5811,#5812,#5813),(#5814,#5815,#5816,#5817,#5818,#5819,#5820,#5821,#5822,#5823,#5824,#5825,#5826,#5827,#5828,#5829,#5830,#5831,#5832,#5833,#5834,#5835,#5836,#5837,#5838,#5839,
#5840,#5841,#5842,#5843,#5844,#5845,#5846,#5847,#5848,#5849,#5850,#5851,#5852,#5853,#5854,#5855,#5856,#5857,#5858,#5859,#5860,#5861,#5862,#5863,#5864,
#5865,#5866,#5867,#5868,#5869,#5870,#5871),(#5872,#5873,#5874,#5875,#5876,#5877,#5878,#5879,#5880,#5881,#5882,#5883,#5884,#5885,#5886,#5887,#5888,#5889,#5890,#5891,#5892,#5893,#5894,#5895,#5896,#5897,
#5898,#5899,#5900,#5901,#5902,#5903,#5904,#5905,#5906,#5907,#5908,#5909,#5910,#5911,#5912,#5913,#5914,#5915,#5916,#5917,#5918,#5919,#5920,#5921,#5922,
#5923,#5924,#5925,#5926,#5927,#5928,#5929)),.UNSPECIFIED.,.F.,.F.,.U.,(4,2,2,2,2,2,2,2,2,2,2,2,2,2,2,2,2,2,4),(4,2,2,2,2,2,2,2,2,1,2,2,2,2,1,2,2,2,2,2,2,2,2,2,2,2,
2,2,2,4),(0.,0.0625,0.125,0.1875,0.25,0.251953125,0.3125,0.375,0.4375,0.5,0.5625,0.625,0.6875,0.75,0.751953125,0.8125,0.875,0.9375,1.),(0.,0.08986654,0.17973308,0.180534122,0.193257285,0.230999762,0.282266445,0.333533127,0.38479981,0.394942964,0.436066492,0.487333175,0.538599857,0.58986654,0.596628642,0.641133222,0.666766564,0.692399905,0.718033246,0.743666587,0.769299929,0.79493327,0.820566611,0.846199952,0.871833294,0.897466635,
0.923099976,0.948733317,0.974366659,1.),.UNSPECIFIED.);
#5931=ORIENTED_EDGE('',*,*,#3467,.F.);
#5932=ORIENTED_EDGE('',*,*,#3297,.F.);
#5933=CARTESIAN_POINT('',(-24.936378657,34.901738981,11.791383359));
#5934=CARTESIAN_POINT('',(-24.871346436,35.103247101,11.846340118));
#5935=CARTESIAN_POINT('',(-24.805138738,35.291215923,11.897543606));
#5936=CARTESIAN_POINT('',(-24.738220121,35.465645448,11.945115705));
#5937=CARTESIAN_POINT('',(-24.721490467,35.509252829,11.957008729));
#5938=CARTESIAN_POINT('',(-24.705296592,35.550537132,11.968272369));
#5939=CARTESIAN_POINT('',(-24.688663881,35.592047623,11.979599624));
#5940=CARTESIAN_POINT('',(-24.672031171,35.633558114,11.990926879));
#5941=CARTESIAN_POINT('',(-24.655285627,35.674445037,12.002085997));
#5942=CARTESIAN_POINT('',(-24.638430687,35.714708393,12.013074787));
#5943=CARTESIAN_POINT('',(-24.604720806,35.795235104,12.035052367));
#5944=CARTESIAN_POINT('',(-24.570573298,35.873267545,12.056348567));
#5945=CARTESIAN_POINT('',(-24.53601615,35.948805715,12.076946718));
#5946=CARTESIAN_POINT('',(-24.501459002,36.024343886,12.097544869));
#5947=CARTESIAN_POINT('',(-24.467077922,36.096139347,12.117102924));
#5948=CARTESIAN_POINT('',(-24.432538414,36.165032287,12.13587437));
#5949=CARTESIAN_POINT('',(-24.397998906,36.233925228,12.154645815));
#5950=CARTESIAN_POINT('',(-24.362206666,36.301969737,12.173191714));
#5951=CARTESIAN_POINT('',(-24.32677177,36.366031538,12.190664726));
#5952=CARTESIAN_POINT('',(-24.255901979,36.494155141,12.225610752));
#5953=CARTESIAN_POINT('',(-24.181631441,36.615161783,12.2586927));
#5954=CARTESIAN_POINT('',(-24.105893708,36.725337815,12.288727148));
#5955=CARTESIAN_POINT('',(-24.086959275,36.752881823,12.29623576));
#5956=CARTESIAN_POINT('',(-24.067046719,36.781006347,12.303897413));
#5957=CARTESIAN_POINT('',(-24.047629202,36.807577309,12.311133767));
#5958=CARTESIAN_POINT('',(-24.028211685,36.83414827,12.31837012));
#5959=CARTESIAN_POINT('',(-24.0088002,36.859877028,12.325375095));
#5960=CARTESIAN_POINT('',(-23.989400697,36.884763583,12.332152231));
#5961=CARTESIAN_POINT('',(-23.970001193,36.909650137,12.338929368));
#5962=CARTESIAN_POINT('',(-23.949028421,36.935660181,12.346014439));
#5963=CARTESIAN_POINT('',(-23.928787458,36.959843528,12.35260475));
#5964=CARTESIAN_POINT('',(-23.908546494,36.984026874,12.359195061));
#5965=CARTESIAN_POINT('',(-23.888270764,37.00736692,12.365558413));
#5966=CARTESIAN_POINT('',(-23.867965556,37.029863663,12.37169563));
#5967=CARTESIAN_POINT('',(-23.786744725,37.119850637,12.396244501));
#5968=CARTESIAN_POINT('',(-23.697186672,37.204040271,12.419300606));
#5969=CARTESIAN_POINT('',(-23.607512709,37.272106496,12.43784416));
#5970=CARTESIAN_POINT('',(-23.517838746,37.340172721,12.456387714));
#5971=CARTESIAN_POINT('',(-23.417938681,37.399181416,12.472403076));
#5972=CARTESIAN_POINT('',(-23.319241072,37.437872474,12.482965829));
#5973=CARTESIAN_POINT('',(-23.220543463,37.476563533,12.493528582));
#5974=CARTESIAN_POINT('',(-23.110022332,37.5,12.5));
#5975=CARTESIAN_POINT('',(-23.,37.5,12.5));
#5976=B_SPLINE_CURVE_WITH_KNOTS('',3,(#5933,#5934,#5935,#5936,#5937,#5938,#5939,#5940,#5941,#5942,#5943,#5944,#5945,#5946,#5947,#5948,#5949,#5950,#5951,#5952,#5953,#5954,#5955,#5956,#5957,#5958,
#5959,#5960,#5961,#5962,#5963,#5964,#5965,#5966,#5967,#5968,#5969,#5970,#5971,#5972,#5973,#5974,#5975),.UNSPECIFIED.,.F.,.F.,(4,3,3,3,3,3,3,3,3,3,3,3,3,3,4),(0.,0.125,0.15625,0.1875,0.25,0.3125,0.375,0.5,0.53125,0.5625,0.59375,0.625,0.75,0.875,1.),.UNSPECIFIED.);
#5977=EDGE_CURVE('',#3698,#3284,#5976,.T.);
#5978=ORIENTED_EDGE('',*,*,#5977,.F.);
#5979=ORIENTED_EDGE('',*,*,#3713,.T.);
#5980=ORIENTED_EDGE('',*,*,#1475,.F.);
#5981=ORIENTED_EDGE('',*,*,#1333,.F.);
#5982=EDGE_LOOP('',(#5931,#5932,#5978,#5979,#5980,#5981));
#5983=FACE_BOUND('',#5982,.T.);
#5984=ADVANCED_FACE('',(#5983),#5930,.F.);
#5985=CARTESIAN_POINT('',(-15.,26.5,20.5));
#5986=DIRECTION('',(0.,-0.,1.));
#5987=DIRECTION('',(0.,-1.,-0.));
#5988=AXIS2_PLACEMENT_3D('',#5985,#5986,#5987);
#5989=TOROIDAL_SURFACE('',#5988,11.,8.);
#5990=CARTESIAN_POINT('',(-14.422320739,37.484820739,20.5));
#5991=DIRECTION('',(0.998620067,-0.052516296,-0.));
#5992=DIRECTION('',(0.052516296,0.998620067,0.));
#5993=AXIS2_PLACEMENT_3D('',#5990,#5991,#5992);
#5994=CIRCLE('',#5993,8.);
#5995=EDGE_CURVE('',#1715,#2720,#5994,.T.);
#5996=ORIENTED_EDGE('',*,*,#5995,.T.);
#5997=ORIENTED_EDGE('',*,*,#3312,.F.);
#5998=ORIENTED_EDGE('',*,*,#3475,.F.);
#5999=ORIENTED_EDGE('',*,*,#1824,.F.);
#6000=EDGE_LOOP('',(#5996,#5997,#5998,#5999));
#6001=FACE_BOUND('',#6000,.T.);
#6002=ADVANCED_FACE('',(#6001),#5989,.F.);
#6003=CARTESIAN_POINT('',(-14.842451111,29.495860202,20.5));
#6004=CARTESIAN_POINT('',(-14.758879733,29.491465278,20.5));
#6005=CARTESIAN_POINT('',(-14.678256068,29.483703117,20.48842859));
#6006=CARTESIAN_POINT('',(-14.523731202,29.462966269,20.446011843));
#6007=CARTESIAN_POINT('',(-14.449830002,29.44999158,20.415166506));
#6008=CARTESIAN_POINT('',(-14.30957711,29.42035162,20.338070801));
#6009=CARTESIAN_POINT('',(-14.243523311,29.403754592,20.29201369));
#6010=CARTESIAN_POINT('',(-14.121097793,29.36907278,20.191123555));
#6011=CARTESIAN_POINT('',(-14.063742476,29.350722981,20.135536205));
#6012=CARTESIAN_POINT('',(-13.956944245,29.31340263,20.018639126));
#6013=CARTESIAN_POINT('',(-13.907775767,29.29455331,19.957740398));
#6014=CARTESIAN_POINT('',(-13.838635072,29.266198113,19.863686066));
#6015=CARTESIAN_POINT('',(-13.816367198,29.25673159,19.831877808));
#6016=CARTESIAN_POINT('',(-13.773193658,29.237791422,19.767457227));
#6017=CARTESIAN_POINT('',(-13.752288412,29.228317727,19.734844671));
#6018=CARTESIAN_POINT('',(-13.711684254,29.209380808,19.66890278));
#6019=CARTESIAN_POINT('',(-13.691985624,29.199917552,19.635573287));
#6020=CARTESIAN_POINT('',(-13.653667316,29.181015609,19.568268931));
#6021=CARTESIAN_POINT('',(-13.635047834,29.171576901,19.534293959));
#6022=CARTESIAN_POINT('',(-13.580648993,29.143314762,19.431490145));
#6023=CARTESIAN_POINT('',(-13.546323181,29.124546134,19.361785763));
#6024=CARTESIAN_POINT('',(-13.448170829,29.068560109,19.149727417));
#6025=CARTESIAN_POINT('',(-13.388994548,29.031578608,19.004061002));
#6026=CARTESIAN_POINT('',(-13.280808038,28.959391757,18.709562518));
#6027=CARTESIAN_POINT('',(-13.231724865,28.924142692,18.560557686));
#6028=CARTESIAN_POINT('',(-13.140700405,28.855051966,18.259998105));
#6029=CARTESIAN_POINT('',(-13.098844822,28.821276093,18.1084014));
#6030=CARTESIAN_POINT('',(-13.039261194,28.77072274,17.8799847));
#6031=CARTESIAN_POINT('',(-13.019948868,28.753900238,17.803666904));
#6032=CARTESIAN_POINT('',(-12.991028174,28.728048338,17.689330878));
#6033=CARTESIAN_POINT('',(-12.981507017,28.719439579,17.651181543));
#6034=CARTESIAN_POINT('',(-12.961877435,28.701427606,17.57522749));
#6035=CARTESIAN_POINT('',(-12.95176901,28.692024393,17.537422773));
#6036=CARTESIAN_POINT('',(-12.940954245,28.681818182,17.5));
#6037=CARTESIAN_POINT('',(-14.842451111,29.495860202,20.23815341));
#6038=CARTESIAN_POINT('',(-14.762301108,29.491645204,20.238228008));
#6039=CARTESIAN_POINT('',(-14.681595997,29.484015744,20.231305625));
#6040=CARTESIAN_POINT('',(-14.530656831,29.464032556,20.193610706));
#6041=CARTESIAN_POINT('',(-14.458616084,29.451581867,20.165125971));
#6042=CARTESIAN_POINT('',(-14.322145869,29.4232743,20.092752611));
#6043=CARTESIAN_POINT('',(-14.25800958,29.407481814,20.049057372));
#6044=CARTESIAN_POINT('',(-14.139421277,29.374641423,19.952892959));
#6045=CARTESIAN_POINT('',(-14.083985666,29.357328501,19.899669459));
#6046=CARTESIAN_POINT('',(-13.980978891,29.32226988,19.787502635));
#6047=CARTESIAN_POINT('',(-13.933680742,29.304637618,19.72897033));
#6048=CARTESIAN_POINT('',(-13.867299624,29.278220286,19.638466768));
#6049=CARTESIAN_POINT('',(-13.845943956,29.269418432,19.60784229));
#6050=CARTESIAN_POINT('',(-13.804578221,29.251842192,19.545789514));
#6051=CARTESIAN_POINT('',(-13.784568572,29.243067756,19.514360983));
#6052=CARTESIAN_POINT('',(-13.745737699,29.225561112,19.450787252));
#6053=CARTESIAN_POINT('',(-13.726916756,29.21682887,19.418641895));
#6054=CARTESIAN_POINT('',(-13.690334608,29.199417878,19.353705787));
#6055=CARTESIAN_POINT('',(-13.672573598,29.190739105,19.320914926));
#6056=CARTESIAN_POINT('',(-13.6207194,29.164795901,19.221663212));
#6057=CARTESIAN_POINT('',(-13.588048983,29.1476254,19.15432658));
#6058=CARTESIAN_POINT('',(-13.49472408,29.096556245,18.949368928));
#6059=CARTESIAN_POINT('',(-13.438591837,29.063018481,18.808431431));
#6060=CARTESIAN_POINT('',(-13.336170562,28.99796692,18.52338144));
#6061=CARTESIAN_POINT('',(-13.289808586,28.96640941,18.379096186));
#6062=CARTESIAN_POINT('',(-13.203929358,28.904865781,18.087966836));
#6063=CARTESIAN_POINT('',(-13.164500137,28.874952367,17.941081855));
#6064=CARTESIAN_POINT('',(-13.108322484,28.830331637,17.719735372));
#6065=CARTESIAN_POINT('',(-13.09126138,28.816557307,17.644505858));
#6066=CARTESIAN_POINT('',(-13.064761383,28.79455639,17.532755993));
#6067=CARTESIAN_POINT('',(-13.055887768,28.787111081,17.495627668));
#6068=CARTESIAN_POINT('',(-13.036796232,28.770797714,17.422509618));
#6069=CARTESIAN_POINT('',(-13.026578309,28.761929656,17.386519894));
#6070=CARTESIAN_POINT('',(-13.015056361,28.75175052,17.351547141));
#6071=CARTESIAN_POINT('',(-14.841767681,29.508855905,19.976356174));
#6072=CARTESIAN_POINT('',(-14.765668315,29.50484244,19.976523665));
#6073=CARTESIAN_POINT('',(-14.68723681,29.497633865,19.972338597));
#6074=CARTESIAN_POINT('',(-14.542582659,29.47910707,19.938374864));
#6075=CARTESIAN_POINT('',(-14.473649978,29.467643408,19.9120279));
#6076=CARTESIAN_POINT('',(-14.343205039,29.441707151,19.844305572));
#6077=CARTESIAN_POINT('',(-14.281964987,29.427292758,19.803111582));
#6078=CARTESIAN_POINT('',(-14.168781676,29.397421786,19.711983315));
#6079=CARTESIAN_POINT('',(-14.115916294,29.381716755,19.661341857));
#6080=CARTESIAN_POINT('',(-14.017714466,29.349990469,19.554254271));
#6081=CARTESIAN_POINT('',(-13.972633173,29.334071177,19.498193482));
#6082=CARTESIAN_POINT('',(-13.909378204,29.310257107,19.411288118));
#6083=CARTESIAN_POINT('',(-13.889030749,29.30232872,19.38184522));
#6084=CARTESIAN_POINT('',(-13.849621163,29.286505478,19.32212206));
#6085=CARTESIAN_POINT('',(-13.830559423,29.278610577,19.29184158));
#6086=CARTESIAN_POINT('',(-13.793568986,29.262864011,19.230533889));
#6087=CARTESIAN_POINT('',(-13.775640552,29.255012315,19.199506533));
#6088=CARTESIAN_POINT('',(-13.740791155,29.239358586,19.136780843));
#6089=CARTESIAN_POINT('',(-13.723870375,29.23155653,19.105082407));
#6090=CARTESIAN_POINT('',(-13.674461123,29.208230729,19.009077431));
#6091=CARTESIAN_POINT('',(-13.643320058,29.192788112,18.943864369));
#6092=CARTESIAN_POINT('',(-13.554285417,29.146797633,18.745226916));
#6093=CARTESIAN_POINT('',(-13.500632579,29.116512184,18.608457759));
#6094=CARTESIAN_POINT('',(-13.402299901,29.057425693,18.331891969));
#6095=CARTESIAN_POINT('',(-13.357551677,29.02858367,18.191933371));
#6096=CARTESIAN_POINT('',(-13.273963132,28.971750075,17.910143052));
#6097=CARTESIAN_POINT('',(-13.235206649,28.943830556,17.768273603));
#6098=CARTESIAN_POINT('',(-13.179263586,28.901605121,17.555346052));
#6099=CARTESIAN_POINT('',(-13.16272803,28.889053062,17.482438212));
#6100=CARTESIAN_POINT('',(-13.136395695,28.868383789,17.374900597));
#6101=CARTESIAN_POINT('',(-13.12746758,28.861291761,17.339301776));
#6102=CARTESIAN_POINT('',(-13.107874497,28.845358002,17.269714416));
#6103=CARTESIAN_POINT('',(-13.097209529,28.836516271,17.235725877));
#6104=CARTESIAN_POINT('',(-13.084958375,28.826127109,17.203100569));
#6105=CARTESIAN_POINT('',(-14.839059717,29.560349021,19.455307989));
#6106=CARTESIAN_POINT('',(-14.772795313,29.556820764,19.455634072));
#6107=CARTESIAN_POINT('',(-14.702574709,29.550751981,19.454376221));
#6108=CARTESIAN_POINT('',(-14.5749257,29.535705565,19.426161804));
#6109=CARTESIAN_POINT('',(-14.514109753,29.526546131,19.403494865));
#6110=CARTESIAN_POINT('',(-14.398897697,29.506015787,19.344248525));
#6111=CARTESIAN_POINT('',(-14.344716172,29.49468884,19.30781431));
#6112=CARTESIAN_POINT('',(-14.244180837,29.471316144,19.226308845));
#6113=CARTESIAN_POINT('',(-14.197089328,29.459071632,19.180671851));
#6114=CARTESIAN_POINT('',(-14.109232878,29.434369046,19.083354082));
#6115=CARTESIAN_POINT('',(-14.068671099,29.421987282,19.031981592));
#6116=CARTESIAN_POINT('',(-14.011503098,29.403442529,18.951804231));
#6117=CARTESIAN_POINT('',(-13.993067307,29.397264652,18.924554344));
#6118=CARTESIAN_POINT('',(-13.957276842,29.384920114,18.869126039));
#6119=CARTESIAN_POINT('',(-13.939922482,29.378753415,18.840947448));
#6120=CARTESIAN_POINT('',(-13.906165547,29.366431381,18.783764701));
#6121=CARTESIAN_POINT('',(-13.889763183,29.360276021,18.754760427));
#6122=CARTESIAN_POINT('',(-13.857802279,29.347974195,18.696017373));
#6123=CARTESIAN_POINT('',(-13.842243886,29.341827711,18.666278511));
#6124=CARTESIAN_POINT('',(-13.796696687,29.323394879,18.576083284));
#6125=CARTESIAN_POINT('',(-13.767831319,29.31111576,18.514650798));
#6126=CARTESIAN_POINT('',(-13.684838039,29.274226268,18.327316578));
#6127=CARTESIAN_POINT('',(-13.634201933,29.249505479,18.198099894));
#6128=CARTESIAN_POINT('',(-13.539961131,29.199974774,17.937496092));
#6129=CARTESIAN_POINT('',(-13.496301729,29.175132073,17.805979402));
#6130=CARTESIAN_POINT('',(-13.413155518,29.124429107,17.54365433));
#6131=CARTESIAN_POINT('',(-13.373737351,29.098631152,17.412816488));
#6132=CARTESIAN_POINT('',(-13.315622856,29.058121096,17.21958865));
#6133=CARTESIAN_POINT('',(-13.298597141,29.046287225,17.153298545));
#6134=CARTESIAN_POINT('',(-13.271004491,29.026134927,17.05693122));
#6135=CARTESIAN_POINT('',(-13.261547926,29.019100921,17.025274504));
#6136=CARTESIAN_POINT('',(-13.240665855,29.003056122,16.964137365));
#6137=CARTESIAN_POINT('',(-13.22924035,28.994045329,16.934656941));
#6138=CARTESIAN_POINT('',(-13.216104918,28.983374324,16.906887082));
#6139=CARTESIAN_POINT('',(-14.837035182,29.598846433,19.196057041));
#6140=CARTESIAN_POINT('',(-14.776555105,29.595601852,19.196448823));
#6141=CARTESIAN_POINT('',(-14.712260157,29.590240994,19.195369955));
#6142=CARTESIAN_POINT('',(-14.59528909,29.577178757,19.169134092));
#6143=CARTESIAN_POINT('',(-14.539451263,29.569307695,19.147980748));
#6144=CARTESIAN_POINT('',(-14.43337117,29.551740574,19.092488399));
#6145=CARTESIAN_POINT('',(-14.383306841,29.542080427,19.058270406));
#6146=CARTESIAN_POINT('',(-14.289914118,29.522141869,18.981257434));
#6147=CARTESIAN_POINT('',(-14.245970975,29.511697823,18.937991002));
#6148=CARTESIAN_POINT('',(-14.163538581,29.490576787,18.845254637));
#6149=CARTESIAN_POINT('',(-14.125218365,29.479961926,18.796041611));
#6150=CARTESIAN_POINT('',(-14.070918448,29.463995717,18.718907058));
#6151=CARTESIAN_POINT('',(-14.053355014,29.458665544,18.692639429));
#6152=CARTESIAN_POINT('',(-14.019165517,29.447988199,18.639118194));
#6153=CARTESIAN_POINT('',(-14.002539715,29.442640996,18.611864442));
#6154=CARTESIAN_POINT('',(-13.97011475,29.431925761,18.55648328));
#6155=CARTESIAN_POINT('',(-13.954315763,29.426557708,18.528355771));
#6156=CARTESIAN_POINT('',(-13.923451506,29.415794757,18.471329494));
#6157=CARTESIAN_POINT('',(-13.908386357,29.410399845,18.442430657));
#6158=CARTESIAN_POINT('',(-13.864172258,29.394163305,18.354719629));
#6159=CARTESIAN_POINT('',(-13.836000868,29.383270383,18.294895021));
#6160=CARTESIAN_POINT('',(-13.754619037,29.350271421,18.112412825));
#6161=CARTESIAN_POINT('',(-13.704450434,29.327797088,17.986514767));
#6162=CARTESIAN_POINT('',(-13.610154725,29.281802191,17.733334165));
#6163=CARTESIAN_POINT('',(-13.56598203,29.258254307,17.605943645));
#6164=CARTESIAN_POINT('',(-13.481127118,29.209103714,17.3538758));
#6165=CARTESIAN_POINT('',(-13.440502539,29.183554227,17.229174125));
#6166=CARTESIAN_POINT('',(-13.380287505,29.142652525,17.047513654));
#6167=CARTESIAN_POINT('',(-13.36236682,29.130428504,16.985632881));
#6168=CARTESIAN_POINT('',(-13.333558938,29.109662297,16.896423182));
#6169=CARTESIAN_POINT('',(-13.323704612,29.102404927,16.867250544));
#6170=CARTESIAN_POINT('',(-13.302198569,29.086023739,16.811186294));
#6171=CARTESIAN_POINT('',(-13.290546853,29.076899919,16.784294682));
#6172=CARTESIAN_POINT('',(-13.277349447,29.066244951,16.759120167));
#6173=CARTESIAN_POINT('',(-14.831670758,29.700853267,18.682549019));
#6174=CARTESIAN_POINT('',(-14.78496819,29.698297109,18.682981214));
#6175=CARTESIAN_POINT('',(-14.735239041,29.694455677,18.681076113));
#6176=CARTESIAN_POINT('',(-14.64344782,29.685395646,18.657668657));
#6177=CARTESIAN_POINT('',(-14.599127384,29.680055846,18.639026055));
#6178=CARTESIAN_POINT('',(-14.513822518,29.668209243,18.590099005));
#6179=CARTESIAN_POINT('',(-14.472943907,29.661723218,18.55988719));
#6180=CARTESIAN_POINT('',(-14.395215249,29.648239417,18.491091543));
#6181=CARTESIAN_POINT('',(-14.357996353,29.641142259,18.452224838));
#6182=CARTESIAN_POINT('',(-14.286828122,29.626600135,18.368048071));
#6183=CARTESIAN_POINT('',(-14.252979923,29.619190887,18.322892156));
#6184=CARTESIAN_POINT('',(-14.204126987,29.607845108,18.251506517));
#6185=CARTESIAN_POINT('',(-14.188166452,29.604024061,18.227100511));
#6186=CARTESIAN_POINT('',(-14.156813779,29.596295384,18.17720569));
#6187=CARTESIAN_POINT('',(-14.141421798,29.592387736,18.151716787));
#6188=CARTESIAN_POINT('',(-14.111142069,29.584475696,18.099786594));
#6189=CARTESIAN_POINT('',(-14.096254426,29.580471291,18.073345245));
#6190=CARTESIAN_POINT('',(-14.066929887,29.572354262,18.019634627));
#6191=CARTESIAN_POINT('',(-14.052493065,29.56824163,17.992365318));
#6192=CARTESIAN_POINT('',(-14.009790591,29.555722689,17.909495481));
#6193=CARTESIAN_POINT('',(-13.982130659,29.54713564,17.852834302));
#6194=CARTESIAN_POINT('',(-13.901134253,29.520488152,17.679989306));
#6195=CARTESIAN_POINT('',(-13.849729012,29.501513014,17.560804473));
#6196=CARTESIAN_POINT('',(-13.750992161,29.460600951,17.322822073));
#6197=CARTESIAN_POINT('',(-13.703633197,29.438647634,17.203959722));
#6198=CARTESIAN_POINT('',(-13.611625436,29.390690272,16.973116611));
#6199=CARTESIAN_POINT('',(-13.567011688,29.364719542,16.861121455));
#6200=CARTESIAN_POINT('',(-13.501105445,29.321756513,16.703332792));
#6201=CARTESIAN_POINT('',(-13.480755138,29.308080851,16.650847897));
#6202=CARTESIAN_POINT('',(-13.449054525,29.285299154,16.576598599));
#6203=CARTESIAN_POINT('',(-13.438333461,29.277369059,16.552572385));
#6204=CARTESIAN_POINT('',(-13.415721418,29.260034095,16.506817231));
#6205=CARTESIAN_POINT('',(-13.403830439,29.250629226,16.485088293));
#6206=CARTESIAN_POINT('',(-13.390923738,29.240085781,16.464933078));
#6207=CARTESIAN_POINT('',(-14.828330869,29.764362689,18.428291945));
#6208=CARTESIAN_POINT('',(-14.787890966,29.762129869,18.428685089));
#6209=CARTESIAN_POINT('',(-14.745298585,29.759038912,18.42577298));
#6210=CARTESIAN_POINT('',(-14.665412194,29.751909897,18.403231576));
#6211=CARTESIAN_POINT('',(-14.626537329,29.747786997,18.385604108));
#6212=CARTESIAN_POINT('',(-14.551053373,29.738675014,18.339539955));
#6213=CARTESIAN_POINT('',(-14.514514632,29.733699621,18.311151698));
#6214=CARTESIAN_POINT('',(-14.444170553,29.72326662,18.24615953));
#6215=CARTESIAN_POINT('',(-14.410119315,29.717742757,18.209367036));
#6216=CARTESIAN_POINT('',(-14.344250555,29.706269567,18.129265832));
#6217=CARTESIAN_POINT('',(-14.312500397,29.700343726,18.086059888));
#6218=CARTESIAN_POINT('',(-14.266201129,29.691115947,18.017461174));
#6219=CARTESIAN_POINT('',(-14.250991623,29.687983205,17.993961859));
#6220=CARTESIAN_POINT('',(-14.220968004,29.681592072,17.945841296));
#6221=CARTESIAN_POINT('',(-14.206153995,29.678333669,17.921219988));
#6222=CARTESIAN_POINT('',(-14.17687959,29.671677986,17.870994084));
#6223=CARTESIAN_POINT('',(-14.162419264,29.668280697,17.845389448));
#6224=CARTESIAN_POINT('',(-14.133817562,29.661333137,17.793331568));
#6225=CARTESIAN_POINT('',(-14.119676237,29.65778286,17.766878296));
#6226=CARTESIAN_POINT('',(-14.077686762,29.646880394,17.686443094));
#6227=CARTESIAN_POINT('',(-14.0502716,29.639276774,17.631386617));
#6228=CARTESIAN_POINT('',(-13.969477028,29.615273806,17.463460158));
#6229=CARTESIAN_POINT('',(-13.917514204,29.597663548,17.347740047));
#6230=CARTESIAN_POINT('',(-13.816716577,29.558456411,17.117601983));
#6231=CARTESIAN_POINT('',(-13.767863537,29.536848605,17.00314084));
#6232=CARTESIAN_POINT('',(-13.672444807,29.488511343,16.783159404));
#6233=CARTESIAN_POINT('',(-13.625902577,29.461804387,16.67762956));
#6234=CARTESIAN_POINT('',(-13.557175891,29.416953276,16.531884582));
#6235=CARTESIAN_POINT('',(-13.535462475,29.40212355,16.484282115));
#6236=CARTESIAN_POINT('',(-13.502180414,29.377767457,16.417650488));
#6237=CARTESIAN_POINT('',(-13.490995514,29.369324734,16.396220099));
#6238=CARTESIAN_POINT('',(-13.467852392,29.351233816,16.355557949));
#6239=CARTESIAN_POINT('',(-13.455894169,29.341585622,16.336326188));
#6240=CARTESIAN_POINT('',(-13.443253501,29.331055984,16.318512904));
#6241=CARTESIAN_POINT('',(-14.820361492,29.915903842,17.927219254));
#6242=CARTESIAN_POINT('',(-14.789851797,29.914216778,17.927460247));
#6243=CARTESIAN_POINT('',(-14.75873397,29.912351835,17.922829751));
#6244=CARTESIAN_POINT('',(-14.698026938,29.90834784,17.901765765));
#6245=CARTESIAN_POINT('',(-14.667986061,29.906184548,17.885904226));
#6246=CARTESIAN_POINT('',(-14.60856755,29.901468862,17.84489375));
#6247=CARTESIAN_POINT('',(-14.579207358,29.89891977,17.819756925));
#6248=CARTESIAN_POINT('',(-14.521273249,29.893397996,17.761739856));
#6249=CARTESIAN_POINT('',(-14.492637857,29.890408751,17.728812467));
#6250=CARTESIAN_POINT('',(-14.436034846,29.883890619,17.656534711));
#6251=CARTESIAN_POINT('',(-14.408084024,29.88036736,17.617210035));
#6252=CARTESIAN_POINT('',(-14.366576967,29.874575225,17.554351777));
#6253=CARTESIAN_POINT('',(-14.352811792,29.872559894,17.532753456));
#6254=CARTESIAN_POINT('',(-14.325410475,29.868340793,17.488413673));
#6255=CARTESIAN_POINT('',(-14.31177436,29.866137021,17.465672196));
#6256=CARTESIAN_POINT('',(-14.284621676,29.861521535,17.419192703));
#6257=CARTESIAN_POINT('',(-14.271105125,29.85910982,17.395454678));
#6258=CARTESIAN_POINT('',(-14.244183861,29.854058727,17.347127699));
#6259=CARTESIAN_POINT('',(-14.230779161,29.851419348,17.322538739));
#6260=CARTESIAN_POINT('',(-14.190723273,29.843129885,17.247712762));
#6261=CARTESIAN_POINT('',(-14.16422992,29.837108526,17.196416856));
#6262=CARTESIAN_POINT('',(-14.085322427,29.817318408,17.040022168));
#6263=CARTESIAN_POINT('',(-14.033472608,29.801818988,16.932393095));
#6264=CARTESIAN_POINT('',(-13.9311799,29.764982175,16.719777674));
#6265=CARTESIAN_POINT('',(-13.880732452,29.743642049,16.614780528));
#6266=CARTESIAN_POINT('',(-13.781099003,29.693806625,16.416503144));
#6267=CARTESIAN_POINT('',(-13.73191894,29.665317168,16.323220552));
#6268=CARTESIAN_POINT('',(-13.658985295,29.616206624,16.198919046));
#6269=CARTESIAN_POINT('',(-13.635103168,29.599036223,16.159771178));
#6270=CARTESIAN_POINT('',(-13.599221125,29.571337808,16.106065085));
#6271=CARTESIAN_POINT('',(-13.58725758,29.561788174,16.088995207));
#6272=CARTESIAN_POINT('',(-13.563164168,29.541887665,16.05680616));
#6273=CARTESIAN_POINT('',(-13.551034302,29.53153679,16.041686991));
#6274=CARTESIAN_POINT('',(-13.53874098,29.520701504,16.027686379));
#6275=CARTESIAN_POINT('',(-14.815732003,30.003935574,17.680403637));
#6276=CARTESIAN_POINT('',(-14.788889853,30.002470928,17.68053153));
#6277=CARTESIAN_POINT('',(-14.762099747,30.001072014,17.675180171));
#6278=CARTESIAN_POINT('',(-14.708630765,29.998227556,17.65469317));
#6279=CARTESIAN_POINT('',(-14.681951888,29.996782012,17.639557528));
#6280=CARTESIAN_POINT('',(-14.628712502,29.993666199,17.600676181));
#6281=CARTESIAN_POINT('',(-14.602151992,29.99199593,17.576930476));
#6282=CARTESIAN_POINT('',(-14.549156478,29.988252573,17.522003223));
#6283=CARTESIAN_POINT('',(-14.522721474,29.986179484,17.490821675));
#6284=CARTESIAN_POINT('',(-14.469984108,29.981452392,17.422196956));
#6285=CARTESIAN_POINT('',(-14.443681747,29.978798389,17.384753786));
#6286=CARTESIAN_POINT('',(-14.404333042,29.974248127,17.324773477));
#6287=CARTESIAN_POINT('',(-14.39123428,29.972636497,17.304144116));
#6288=CARTESIAN_POINT('',(-14.365072593,29.969201222,17.26176032));
#6289=CARTESIAN_POINT('',(-14.352009669,29.967377578,17.240005886));
#6290=CARTESIAN_POINT('',(-14.32592055,29.963496014,17.195518721));
#6291=CARTESIAN_POINT('',(-14.312894355,29.961438093,17.172785991));
#6292=CARTESIAN_POINT('',(-14.286879588,29.957065715,17.126489012));
#6293=CARTESIAN_POINT('',(-14.273891016,29.954751256,17.102924764));
#6294=CARTESIAN_POINT('',(-14.234983071,29.947389682,17.031204908));
#6295=CARTESIAN_POINT('',(-14.209121471,29.941924366,16.98202219));
#6296=CARTESIAN_POINT('',(-14.131778464,29.923588478,16.832126921));
#6297=CARTESIAN_POINT('',(-14.080538853,29.908777965,16.729067257));
#6298=CARTESIAN_POINT('',(-13.978761524,29.872559006,16.52608272));
#6299=CARTESIAN_POINT('',(-13.928223805,29.851150559,16.426157848));
#6300=CARTESIAN_POINT('',(-13.827907368,29.800310973,16.238836655));
#6301=CARTESIAN_POINT('',(-13.778128649,29.770879834,16.151440334));
#6302=CARTESIAN_POINT('',(-13.70407265,29.719647538,16.036787588));
#6303=CARTESIAN_POINT('',(-13.67948933,29.701389174,16.001310296));
#6304=CARTESIAN_POINT('',(-13.642772724,29.672096661,15.953085455));
#6305=CARTESIAN_POINT('',(-13.630560251,29.662014995,15.937842358));
#6306=CARTESIAN_POINT('',(-13.606188988,29.641194412,15.909166641));
#6307=CARTESIAN_POINT('',(-13.594030198,29.630455495,15.895734021));
#6308=CARTESIAN_POINT('',(-13.581898696,29.619376821,15.883280029));
#6309=CARTESIAN_POINT('',(-14.810306171,30.107110114,17.430974069));
#6310=CARTESIAN_POINT('',(-14.785215614,30.105792287,17.430970073));
#6311=CARTESIAN_POINT('',(-14.760092946,30.104539815,17.425732821));
#6312=CARTESIAN_POINT('',(-14.709803041,30.101985332,17.405926623));
#6313=CARTESIAN_POINT('',(-14.684635804,30.100683323,17.391357676));
#6314=CARTESIAN_POINT('',(-14.634276411,30.097849521,17.354022903));
#6315=CARTESIAN_POINT('',(-14.609084255,30.09631773,17.331257076));
#6316=CARTESIAN_POINT('',(-14.558694674,30.09284412,17.278663358));
#6317=CARTESIAN_POINT('',(-14.53349725,30.090902303,17.248835466));
#6318=CARTESIAN_POINT('',(-14.483116782,30.086428396,17.183252432));
#6319=CARTESIAN_POINT('',(-14.45793374,30.083896308,17.14749729));
#6320=CARTESIAN_POINT('',(-14.4201847,30.079520289,17.09027025));
#6321=CARTESIAN_POINT('',(-14.407605941,30.077965301,17.070595515));
#6322=CARTESIAN_POINT('',(-14.382459387,30.074640167,17.03018979));
#6323=CARTESIAN_POINT('',(-14.369891592,30.07287002,17.009458798));
#6324=CARTESIAN_POINT('',(-14.344769423,30.069092036,16.96708241));
#6325=CARTESIAN_POINT('',(-14.332215049,30.067084199,16.945437014));
#6326=CARTESIAN_POINT('',(-14.307122177,30.062808305,16.901373667));
#6327=CARTESIAN_POINT('',(-14.29458368,30.060540248,16.878955718));
#6328=CARTESIAN_POINT('',(-14.256995689,30.053311949,16.810755816));
#6329=CARTESIAN_POINT('',(-14.231973695,30.047927581,16.764027812));
#6330=CARTESIAN_POINT('',(-14.157047188,30.029807605,16.621761814));
#6331=CARTESIAN_POINT('',(-14.10728215,30.015105122,16.524141834));
#6332=CARTESIAN_POINT('',(-14.008281215,29.979013207,16.332428429));
#6333=CARTESIAN_POINT('',(-13.959045316,29.957623774,16.238335005));
#6334=CARTESIAN_POINT('',(-13.861259861,29.906716,16.062753231));
#6335=CARTESIAN_POINT('',(-13.812710305,29.877197659,15.981264882));
#6336=CARTESIAN_POINT('',(-13.740518631,29.825742001,15.875295053));
#6337=CARTESIAN_POINT('',(-13.716560182,29.807393757,15.842682226));
#6338=CARTESIAN_POINT('',(-13.680795413,29.77794167,15.798679771));
#6339=CARTESIAN_POINT('',(-13.66890264,29.767802688,15.78483175));
#6340=CARTESIAN_POINT('',(-13.645177185,29.746858953,15.758916488));
#6341=CARTESIAN_POINT('',(-13.633344503,29.7360542,15.746849248));
#6342=CARTESIAN_POINT('',(-13.621543094,29.724905297,15.735743323));
#6343=CARTESIAN_POINT('',(-14.810141136,30.11024833,17.423420484));
#6344=CARTESIAN_POINT('',(-14.785138745,30.108938,17.423409649));
#6345=CARTESIAN_POINT('',(-14.760097282,30.107692585,17.418173391));
#6346=CARTESIAN_POINT('',(-14.709957072,30.105151363,17.398383577));
#6347=CARTESIAN_POINT('',(-14.684858325,30.103855556,17.383830019));
#6348=CARTESIAN_POINT('',(-14.634624406,30.101033323,17.346539148));
#6349=CARTESIAN_POINT('',(-14.609489234,30.099506897,17.323801834));
#6350=CARTESIAN_POINT('',(-14.559203325,30.096043201,17.271276994));
#6351=CARTESIAN_POINT('',(-14.534052588,30.094105932,17.241489467));
#6352=CARTESIAN_POINT('',(-14.48375641,30.089640324,17.175997745));
#6353=CARTESIAN_POINT('',(-14.458610968,30.087111986,17.14029355));
#6354=CARTESIAN_POINT('',(-14.420912421,30.082741008,17.083149912));
#6355=CARTESIAN_POINT('',(-14.408349508,30.081187604,17.063504142));
#6356=CARTESIAN_POINT('',(-14.383232828,30.077865443,17.023158514));
#6357=CARTESIAN_POINT('',(-14.370679062,30.076096687,17.002458656));
#6358=CARTESIAN_POINT('',(-14.345583282,30.072321295,16.960146544));
#6359=CARTESIAN_POINT('',(-14.333041268,30.070314659,16.938534291));
#6360=CARTESIAN_POINT('',(-14.307971603,30.066040979,16.894539081));
#6361=CARTESIAN_POINT('',(-14.295443951,30.063773935,16.872156125));
#6362=CARTESIAN_POINT('',(-14.257886448,30.056548399,16.804063742));
#6363=CARTESIAN_POINT('',(-14.232882049,30.051165502,16.757410802));
#6364=CARTESIAN_POINT('',(-14.158001955,30.033048858,16.615378238));
#6365=CARTESIAN_POINT('',(-14.10825936,30.018347156,16.517924873));
#6366=CARTESIAN_POINT('',(-14.009295985,29.982254069,16.326556517));
#6367=CARTESIAN_POINT('',(-13.960075204,29.960862685,16.232641524));
#6368=CARTESIAN_POINT('',(-13.862322336,29.909948434,16.057418261));
#6369=CARTESIAN_POINT('',(-13.813790248,29.880425566,15.97610999));
#6370=CARTESIAN_POINT('',(-13.741633794,29.8289613,15.870403887));
#6371=CARTESIAN_POINT('',(-13.717688589,29.810609884,15.837877904));
#6372=CARTESIAN_POINT('',(-13.681946846,29.7811526,15.794003162));
#6373=CARTESIAN_POINT('',(-13.670062276,29.771011812,15.780197286));
#6374=CARTESIAN_POINT('',(-13.646354431,29.750064321,15.754365307));
#6375=CARTESIAN_POINT('',(-13.634531156,29.739257618,15.742339203));
#6376=CARTESIAN_POINT('',(-13.622739833,29.728106694,15.73127383));
#6377=CARTESIAN_POINT('',(-14.804840328,30.211045476,17.181863153));
#6378=CARTESIAN_POINT('',(-14.782007326,30.209923649,17.181676381));
#6379=CARTESIAN_POINT('',(-14.758993138,30.208857713,17.176510222));
#6380=CARTESIAN_POINT('',(-14.712646911,30.206657224,17.15731267));
#6381=CARTESIAN_POINT('',(-14.689314874,30.205522671,17.143281276));
#6382=CARTESIAN_POINT('',(-14.642377472,30.203004549,17.107446789));
#6383=CARTESIAN_POINT('',(-14.618772108,30.20162098,17.085643695));
#6384=CARTESIAN_POINT('',(-14.571332577,30.198424428,17.035359346));
#6385=CARTESIAN_POINT('',(-14.547498409,30.196611445,17.006878091));
#6386=CARTESIAN_POINT('',(-14.499645793,30.192375665,16.944330954));
#6387=CARTESIAN_POINT('',(-14.475627345,30.189952869,16.910265072));
#6388=CARTESIAN_POINT('',(-14.439494853,30.185726014,16.855797933));
#6389=CARTESIAN_POINT('',(-14.42743322,30.184218287,16.837080833));
#6390=CARTESIAN_POINT('',(-14.403280579,30.180982728,16.798660555));
#6391=CARTESIAN_POINT('',(-14.391189571,30.179254897,16.778957375));
#6392=CARTESIAN_POINT('',(-14.366983747,30.175556582,16.738701628));
#6393=CARTESIAN_POINT('',(-14.35486893,30.173586099,16.71814906));
#6394=CARTESIAN_POINT('',(-14.330621054,30.169379929,16.676331229));
#6395=CARTESIAN_POINT('',(-14.318487994,30.167144243,16.655065965));
#6396=CARTESIAN_POINT('',(-14.282069797,30.160005555,16.590406168));
#6397=CARTESIAN_POINT('',(-14.257765642,30.154670925,16.546147628));
#6398=CARTESIAN_POINT('',(-14.184843894,30.136669922,16.411556291));
#6399=CARTESIAN_POINT('',(-14.136217016,30.122006436,16.319407774));
#6400=CARTESIAN_POINT('',(-14.039294683,30.085910636,16.139017115));
#6401=CARTESIAN_POINT('',(-13.990999228,30.064478324,16.050774973));
#6402=CARTESIAN_POINT('',(-13.895095924,30.013401682,15.886945359));
#6403=CARTESIAN_POINT('',(-13.847488074,29.983757352,15.811357885));
#6404=CARTESIAN_POINT('',(-13.77685914,29.932049452,15.714028897));
#6405=CARTESIAN_POINT('',(-13.753446636,29.913606584,15.684261271));
#6406=CARTESIAN_POINT('',(-13.718556981,29.883996632,15.644443039));
#6407=CARTESIAN_POINT('',(-13.70696528,29.873802373,15.63197583));
#6408=CARTESIAN_POINT('',(-13.68386381,29.852742754,15.608789173));
#6409=CARTESIAN_POINT('',(-13.672354042,29.841877395,15.598069725));
#6410=CARTESIAN_POINT('',(-13.660888023,29.830665211,15.588292504));
#6411=CARTESIAN_POINT('',(-14.799114172,30.319930812,16.952581181));
#6412=CARTESIAN_POINT('',(-14.77658782,30.318939899,16.952173347));
#6413=CARTESIAN_POINT('',(-14.753942364,30.31795925,16.947053062));
#6414=CARTESIAN_POINT('',(-14.708445976,30.315849137,16.928431152));
#6415=CARTESIAN_POINT('',(-14.685595045,30.314719674,16.914929526));
#6416=CARTESIAN_POINT('',(-14.639720441,30.312142591,16.880588492));
#6417=CARTESIAN_POINT('',(-14.616696769,30.310694971,16.859749085));
#6418=CARTESIAN_POINT('',(-14.570509417,30.307312232,16.811776048));
#6419=CARTESIAN_POINT('',(-14.547345738,30.305377113,16.784642419));
#6420=CARTESIAN_POINT('',(-14.500911105,30.300850034,16.7251245));
#6421=CARTESIAN_POINT('',(-14.477640152,30.298258074,16.692740209));
#6422=CARTESIAN_POINT('',(-14.442677817,30.293750496,16.641008447));
#6423=CARTESIAN_POINT('',(-14.431014388,30.292144697,16.623238639));
#6424=CARTESIAN_POINT('',(-14.407672987,30.288705385,16.586777691));
#6425=CARTESIAN_POINT('',(-14.395995015,30.286871872,16.568086553));
#6426=CARTESIAN_POINT('',(-14.372628619,30.282955965,16.529913389));
#6427=CARTESIAN_POINT('',(-14.360940195,30.280873571,16.510431365));
#6428=CARTESIAN_POINT('',(-14.337556988,30.276438733,16.470806876));
#6429=CARTESIAN_POINT('',(-14.325862204,30.274086289,16.450664411));
#6430=CARTESIAN_POINT('',(-14.290774451,30.266592133,16.389442024));
#6431=CARTESIAN_POINT('',(-14.26737808,30.261013594,16.347567108));
#6432=CARTESIAN_POINT('',(-14.197224458,30.242276661,16.220327728));
#6433=CARTESIAN_POINT('',(-14.150502699,30.22711695,16.133348631));
#6434=CARTESIAN_POINT('',(-14.057415696,30.190105946,15.963433228));
#6435=CARTESIAN_POINT('',(-14.011050453,30.168254652,15.880496922));
#6436=CARTESIAN_POINT('',(-13.918938351,30.116505741,15.727015582));
#6437=CARTESIAN_POINT('',(-13.873191493,30.086608125,15.656470547));
#6438=CARTESIAN_POINT('',(-13.805231397,30.034710904,15.566207808));
#6439=CARTESIAN_POINT('',(-13.782688063,30.016236697,15.538712697));
#6440=CARTESIAN_POINT('',(-13.749062661,29.986635682,15.502141404));
#6441=CARTESIAN_POINT('',(-13.737885793,29.976453725,15.490729535));
#6442=CARTESIAN_POINT('',(-13.715599349,29.955438743,15.469593367));
#6443=CARTESIAN_POINT('',(-13.704489772,29.944605717,15.459869068));
#6444=CARTESIAN_POINT('',(-13.693415887,29.933436572,15.451053775));
#6445=CARTESIAN_POINT('',(-14.786343833,30.562764337,16.498157646));
#6446=CARTESIAN_POINT('',(-14.764140658,30.562051558,16.497355222));
#6447=CARTESIAN_POINT('',(-14.741951736,30.561175325,16.492410874));
#6448=CARTESIAN_POINT('',(-14.697611623,30.5589718,16.475164435));
#6449=CARTESIAN_POINT('',(-14.675460434,30.557644508,16.462862345));
#6450=CARTESIAN_POINT('',(-14.631205019,30.55441471,16.43182653));
#6451=CARTESIAN_POINT('',(-14.609100793,30.552512204,16.413092806));
#6452=CARTESIAN_POINT('',(-14.564948535,30.548007828,16.370119832));
#6453=CARTESIAN_POINT('',(-14.542900503,30.545405956,16.345880582));
#6454=CARTESIAN_POINT('',(-14.498869863,30.539378694,16.292822666));
#6455=CARTESIAN_POINT('',(-14.476887255,30.535953304,16.264004));
#6456=CARTESIAN_POINT('',(-14.443969333,30.530104464,16.218036019));
#6457=CARTESIAN_POINT('',(-14.433006025,30.528036392,16.202256695));
#6458=CARTESIAN_POINT('',(-14.411099224,30.52364781,16.169900483));
#6459=CARTESIAN_POINT('',(-14.400155733,30.521327301,16.153323596));
#6460=CARTESIAN_POINT('',(-14.378289721,30.516418326,16.119488021));
#6461=CARTESIAN_POINT('',(-14.367367201,30.51382986,16.102229333));
#6462=CARTESIAN_POINT('',(-14.345544285,30.508369453,16.067145922));
#6463=CARTESIAN_POINT('',(-14.33464389,30.505497512,16.049321198));
#6464=CARTESIAN_POINT('',(-14.301977621,30.496433196,15.995171617));
#6465=CARTESIAN_POINT('',(-14.280246666,30.48979233,15.95817135));
#6466=CARTESIAN_POINT('',(-14.215207318,30.467889535,15.845858075));
#6467=CARTESIAN_POINT('',(-14.172052442,30.450647409,15.769232591));
#6468=CARTESIAN_POINT('',(-14.086225911,30.409889407,15.619890559));
#6469=CARTESIAN_POINT('',(-14.043554256,30.38637353,15.54717401));
#6470=CARTESIAN_POINT('',(-13.958768007,30.332074803,15.413058714));
#6471=CARTESIAN_POINT('',(-13.916653414,30.301291952,15.351659966));
#6472=CARTESIAN_POINT('',(-13.853954702,30.248922526,15.273606846));
#6473=CARTESIAN_POINT('',(-13.833133994,30.230433526,15.249929974));
#6474=CARTESIAN_POINT('',(-13.80202815,30.201058123,15.218620496));
#6475=CARTESIAN_POINT('',(-13.791680405,30.190992672,15.208884975));
#6476=CARTESIAN_POINT('',(-13.771027807,30.17029895,15.190931642));
#6477=CARTESIAN_POINT('',(-13.760722954,30.159670679,15.182713828));
#6478=CARTESIAN_POINT('',(-13.750440125,30.148753238,15.175312751));
#6479=CARTESIAN_POINT('',(-14.779263091,30.697407701,16.27338823));
#6480=CARTESIAN_POINT('',(-14.75741324,30.696860476,16.272414536));
#6481=CARTESIAN_POINT('',(-14.735606477,30.69601746,16.267603913));
#6482=CARTESIAN_POINT('',(-14.692084538,30.693650753,16.251166729));
#6483=CARTESIAN_POINT('',(-14.670369362,30.692127062,16.239540168));
#6484=CARTESIAN_POINT('',(-14.627036008,30.688309907,16.21032903));
#6485=CARTESIAN_POINT('',(-14.60541783,30.686016445,16.192744453));
#6486=CARTESIAN_POINT('',(-14.562283884,30.680570653,16.152475205));
#6487=CARTESIAN_POINT('',(-14.540768115,30.677418324,16.129790533));
#6488=CARTESIAN_POINT('',(-14.497844397,30.670165704,16.080179018));
#6489=CARTESIAN_POINT('',(-14.476436448,30.666065414,16.053252174));
#6490=CARTESIAN_POINT('',(-14.444409449,30.659137185,16.010323719));
#6491=CARTESIAN_POINT('',(-14.433747936,30.656698143,15.995591203));
#6492=CARTESIAN_POINT('',(-14.412453894,30.651549659,15.965387348));
#6493=CARTESIAN_POINT('',(-14.401821366,30.648840216,15.949916009));
#6494=CARTESIAN_POINT('',(-14.380585969,30.643139793,15.91834175));
#6495=CARTESIAN_POINT('',(-14.369983101,30.640148812,15.902238828));
#6496=CARTESIAN_POINT('',(-14.348807702,30.633874176,15.869508644));
#6497=CARTESIAN_POINT('',(-14.33823517,30.63059052,15.852881381));
#6498=CARTESIAN_POINT('',(-14.306564097,30.620283835,15.802373938));
#6499=CARTESIAN_POINT('',(-14.285512074,30.612805089,15.767868106));
#6500=CARTESIAN_POINT('',(-14.222550202,30.588412335,15.66313488));
#6501=CARTESIAN_POINT('',(-14.180834549,30.569541814,15.591691757));
#6502=CARTESIAN_POINT('',(-14.097964387,30.525870641,15.45242694));
#6503=CARTESIAN_POINT('',(-14.056809877,30.501069989,15.384605246));
#6504=CARTESIAN_POINT('',(-13.975105291,30.444825791,15.25944666));
#6505=CARTESIAN_POINT('',(-13.934555214,30.413382245,15.202109769));
#6506=CARTESIAN_POINT('',(-13.874215889,30.360700186,15.129115563));
#6507=CARTESIAN_POINT('',(-13.854183745,30.342220042,15.106952683));
#6508=CARTESIAN_POINT('',(-13.824261036,30.31305382,15.077604587));
#6509=CARTESIAN_POINT('',(-13.814307717,30.303090745,15.068471259));
#6510=CARTESIAN_POINT('',(-13.794443591,30.282671456,15.051610585));
#6511=CARTESIAN_POINT('',(-13.784532783,30.272215242,15.043883238));
#6512=CARTESIAN_POINT('',(-13.77464357,30.261506889,15.036912503));
#6513=CARTESIAN_POINT('',(-14.763986505,30.987898586,15.838037141));
#6514=CARTESIAN_POINT('',(-14.743384076,30.987615466,15.836915233));
#6515=CARTESIAN_POINT('',(-14.722796805,30.986704524,15.832561977));
#6516=CARTESIAN_POINT('',(-14.681665627,30.983627546,15.818106412));
#6517=CARTESIAN_POINT('',(-14.661121721,30.98146151,15.808004103));
#6518=CARTESIAN_POINT('',(-14.620090325,30.975874887,15.782764074));
#6519=CARTESIAN_POINT('',(-14.599602836,30.9724543,15.767626354));
#6520=CARTESIAN_POINT('',(-14.558697325,30.964359123,15.733029147));
#6521=CARTESIAN_POINT('',(-14.538279304,30.959684532,15.713569658));
#6522=CARTESIAN_POINT('',(-14.49752578,30.949081891,15.671042556));
#6523=CARTESIAN_POINT('',(-14.477190278,30.943153841,15.647974943));
#6524=CARTESIAN_POINT('',(-14.446758703,30.933322081,15.611202659));
#6525=CARTESIAN_POINT('',(-14.436626791,30.929888213,15.598583421));
#6526=CARTESIAN_POINT('',(-14.416388492,30.922707318,15.572710529));
#6527=CARTESIAN_POINT('',(-14.406282104,30.91896029,15.559456875));
#6528=CARTESIAN_POINT('',(-14.386096484,30.911153143,15.532404358));
#6529=CARTESIAN_POINT('',(-14.376017252,30.907093023,15.518605494));
#6530=CARTESIAN_POINT('',(-14.355887574,30.89865976,15.490551761));
#6531=CARTESIAN_POINT('',(-14.345837129,30.894286616,15.476296892));
#6532=CARTESIAN_POINT('',(-14.31573142,30.880697752,15.432982086));
#6533=CARTESIAN_POINT('',(-14.295721785,30.871012598,15.40337195));
#6534=CARTESIAN_POINT('',(-14.235894966,30.84008022,15.313411207));
#6535=CARTESIAN_POINT('',(-14.19627987,30.816956081,15.251930266));
#6536=CARTESIAN_POINT('',(-14.117692987,30.765707057,15.131663301));
#6537=CARTESIAN_POINT('',(-14.078721202,30.737582173,15.072877276));
#6538=CARTESIAN_POINT('',(-14.001525351,30.676336024,14.963709283));
#6539=CARTESIAN_POINT('',(-13.963301287,30.643214759,14.913327314));
#6540=CARTESIAN_POINT('',(-13.906604289,30.589788848,14.848339257));
#6541=CARTESIAN_POINT('',(-13.887811807,30.571356209,14.828440721));
#6542=CARTESIAN_POINT('',(-13.859792646,30.542771656,14.801774373));
#6543=CARTESIAN_POINT('',(-13.850481186,30.53308754,14.793415833));
#6544=CARTESIAN_POINT('',(-13.831916419,30.51340751,14.777848443));
#6545=CARTESIAN_POINT('',(-13.822663112,30.503411597,14.770639594));
#6546=CARTESIAN_POINT('',(-13.813439697,30.493259819,14.764050193));
#6547=CARTESIAN_POINT('',(-14.75579066,31.143746108,15.627455469));
#6548=CARTESIAN_POINT('',(-14.735856021,31.143549268,15.626357048));
#6549=CARTESIAN_POINT('',(-14.715908107,31.142526496,15.622327834));
#6550=CARTESIAN_POINT('',(-14.67600492,31.138883914,15.609045369));
#6551=CARTESIAN_POINT('',(-14.656049648,31.136264103,15.599792119));
#6552=CARTESIAN_POINT('',(-14.616150932,31.129482265,15.576699136));
#6553=CARTESIAN_POINT('',(-14.596207489,31.125320237,15.562859402));
#6554=CARTESIAN_POINT('',(-14.556351621,31.115508787,15.531231004));
#6555=CARTESIAN_POINT('',(-14.536439197,31.109859365,15.513442339));
#6556=CARTESIAN_POINT('',(-14.496664556,31.097127948,15.474553629));
#6557=CARTESIAN_POINT('',(-14.476802339,31.090045954,15.453453584));
#6558=CARTESIAN_POINT('',(-14.447061061,31.078389649,15.419798147));
#6559=CARTESIAN_POINT('',(-14.437155977,31.074331996,15.408245439));
#6560=CARTESIAN_POINT('',(-14.417365555,31.065879105,15.384551261));
#6561=CARTESIAN_POINT('',(-14.407480218,31.061483866,15.37240979));
#6562=CARTESIAN_POINT('',(-14.387731691,31.052362658,15.34761778));
#6563=CARTESIAN_POINT('',(-14.3778685,31.047636688,15.334967241));
#6564=CARTESIAN_POINT('',(-14.358166664,31.03786087,15.309236787));
#6565=CARTESIAN_POINT('',(-14.348328018,31.032811021,15.296156873));
#6566=CARTESIAN_POINT('',(-14.318852496,31.017185934,15.256392608));
#6567=CARTESIAN_POINT('',(-14.299256036,31.006135157,15.229183737));
#6568=CARTESIAN_POINT('',(-14.240657099,30.971162903,15.146415365));
#6569=CARTESIAN_POINT('',(-14.201845067,30.945421501,15.089714107));
#6570=CARTESIAN_POINT('',(-14.124882367,30.889524147,14.97836732));
#6571=CARTESIAN_POINT('',(-14.086731699,30.859368194,14.923721791));
#6572=CARTESIAN_POINT('',(-14.011245238,30.795080315,14.821586879));
#6573=CARTESIAN_POINT('',(-13.973909445,30.760948389,14.774097495));
#6574=CARTESIAN_POINT('',(-13.918632045,30.707097455,14.71205584));
#6575=CARTESIAN_POINT('',(-13.900327293,30.68870497,14.692907358));
#6576=CARTESIAN_POINT('',(-13.873066129,30.660494097,14.666960905));
#6577=CARTESIAN_POINT('',(-13.864011735,30.650986782,14.658774798));
#6578=CARTESIAN_POINT('',(-13.845970668,30.631771624,14.643407703));
#6579=CARTESIAN_POINT('',(-13.836983994,30.62206378,14.636226714));
#6580=CARTESIAN_POINT('',(-13.828032379,30.612259099,14.62958813));
#6581=CARTESIAN_POINT('',(-14.738357207,31.475250765,15.222569835));
#6582=CARTESIAN_POINT('',(-14.719170485,31.474924652,15.221801169));
#6583=CARTESIAN_POINT('',(-14.69997426,31.473343207,15.218665143));
#6584=CARTESIAN_POINT('',(-14.661581076,31.467845664,15.208145517));
#6585=CARTESIAN_POINT('',(-14.642384117,31.463929567,15.200761917));
#6586=CARTESIAN_POINT('',(-14.604007739,31.453938732,15.182234295));
#6587=CARTESIAN_POINT('',(-14.58482832,31.447863994,15.171090272));
#6588=CARTESIAN_POINT('',(-14.546505293,31.433731892,15.145528953));
#6589=CARTESIAN_POINT('',(-14.527361685,31.425674527,15.131111656));
#6590=CARTESIAN_POINT('',(-14.489128554,31.407753184,15.09949094));
#6591=CARTESIAN_POINT('',(-14.470039031,31.397889205,15.08228752));
#6592=CARTESIAN_POINT('',(-14.441459015,31.381870285,15.054758159));
#6593=CARTESIAN_POINT('',(-14.431941387,31.37632682,15.045294333));
#6594=CARTESIAN_POINT('',(-14.412926506,31.364854241,15.025852832));
#6595=CARTESIAN_POINT('',(-14.403429252,31.358925127,15.015875157));
#6596=CARTESIAN_POINT('',(-14.384457401,31.346703253,14.995466851));
#6597=CARTESIAN_POINT('',(-14.374982805,31.340410491,14.985036219));
#6598=CARTESIAN_POINT('',(-14.356058553,31.327483324,14.963782894));
#6599=CARTESIAN_POINT('',(-14.346608899,31.320848917,14.9529602));
#6600=CARTESIAN_POINT('',(-14.318300773,31.300466231,14.919995366));
#6601=CARTESIAN_POINT('',(-14.29948314,31.286238486,14.897356473));
#6602=CARTESIAN_POINT('',(-14.243221006,31.241901405,14.828183505));
#6603=CARTESIAN_POINT('',(-14.205967268,31.210138224,14.780393143));
#6604=CARTESIAN_POINT('',(-14.132114676,31.143609712,14.685359517));
#6605=CARTESIAN_POINT('',(-14.095515823,31.10884438,14.638116253));
#6606=CARTESIAN_POINT('',(-14.023119183,31.037719668,14.54807402));
#6607=CARTESIAN_POINT('',(-13.987321396,31.001360288,14.505275052));
#6608=CARTESIAN_POINT('',(-13.934335153,30.946681757,14.447332719));
#6609=CARTESIAN_POINT('',(-13.916791477,30.928432336,14.429061295));
#6610=CARTESIAN_POINT('',(-13.890667279,30.90115535,14.403583551));
#6611=CARTESIAN_POINT('',(-13.881991098,30.892079213,14.395412535));
#6612=CARTESIAN_POINT('',(-13.864704792,30.87398132,14.379774528));
#6613=CARTESIAN_POINT('',(-13.856094667,30.864959565,14.372307536));
#6614=CARTESIAN_POINT('',(-13.847518711,30.855976003,14.365223004));
#6615=CARTESIAN_POINT('',(-14.729119597,31.650907899,15.028265873));
#6616=CARTESIAN_POINT('',(-14.710119123,31.650371618,15.02780358));
#6617=CARTESIAN_POINT('',(-14.691127371,31.648347386,15.025236086));
#6618=CARTESIAN_POINT('',(-14.653175282,31.64156632,15.016303801));
#6619=CARTESIAN_POINT('',(-14.634214945,31.636809485,15.009939011));
#6620=CARTESIAN_POINT('',(-14.596339661,31.62480651,14.993825237));
#6621=CARTESIAN_POINT('',(-14.577424713,31.617560369,14.984076254));
#6622=CARTESIAN_POINT('',(-14.539654181,31.600822079,14.961607201));
#6623=CARTESIAN_POINT('',(-14.520798597,31.591329931,14.948887131));
#6624=CARTESIAN_POINT('',(-14.483160764,31.570342922,14.920889007));
#6625=CARTESIAN_POINT('',(-14.464378515,31.558848062,14.905610954));
#6626=CARTESIAN_POINT('',(-14.436270625,31.540286211,14.881085215));
#6627=CARTESIAN_POINT('',(-14.426912242,31.533879001,14.872641859));
#6628=CARTESIAN_POINT('',(-14.40821905,31.52065514,14.855270566));
#6629=CARTESIAN_POINT('',(-14.398884241,31.513838489,14.846342628));
#6630=CARTESIAN_POINT('',(-14.380239943,31.499826157,14.82805381));
#6631=CARTESIAN_POINT('',(-14.370930455,31.492630476,14.818692929));
#6632=CARTESIAN_POINT('',(-14.352338546,31.477890499,14.799589862));
#6633=CARTESIAN_POINT('',(-14.343056125,31.470346201,14.789847676));
#6634=CARTESIAN_POINT('',(-14.315252084,31.447236003,14.760126616));
#6635=CARTESIAN_POINT('',(-14.296773685,31.431192794,14.739653242));
#6636=CARTESIAN_POINT('',(-14.241532333,31.381518886,14.676874773));
#6637=CARTESIAN_POINT('',(-14.204963224,31.346343904,14.633211332));
#6638=CARTESIAN_POINT('',(-14.132453715,31.273822233,14.545567028));
#6639=CARTESIAN_POINT('',(-14.096513314,31.236475545,14.501586167));
#6640=CARTESIAN_POINT('',(-14.025373008,31.16155684,14.41661186));
#6641=CARTESIAN_POINT('',(-13.990173102,31.123984824,14.375618415));
#6642=CARTESIAN_POINT('',(-13.938012455,31.068917588,14.318847437));
#6643=CARTESIAN_POINT('',(-13.920732108,31.050776974,14.30071031));
#6644=CARTESIAN_POINT('',(-13.894981871,31.024071223,14.274994245));
#6645=CARTESIAN_POINT('',(-13.886426839,31.015253501,14.266670494));
#6646=CARTESIAN_POINT('',(-13.869375283,30.99781686,14.250571173));
#6647=CARTESIAN_POINT('',(-13.860878758,30.98919794,14.242795602));
#6648=CARTESIAN_POINT('',(-13.852412361,30.980693628,14.23531994));
#6649=CARTESIAN_POINT('',(-14.709675951,32.020637238,14.658025628));
#6650=CARTESIAN_POINT('',(-14.691061378,32.019195386,14.658487921));
#6651=CARTESIAN_POINT('',(-14.672471108,32.015789129,14.65729819));
#6652=CARTESIAN_POINT('',(-14.635347757,32.005434795,14.651892623));
#6653=CARTESIAN_POINT('',(-14.616814675,31.998486717,14.647676788));
#6654=CARTESIAN_POINT('',(-14.579814276,31.981435729,14.63649696));
#6655=CARTESIAN_POINT('',(-14.561346961,31.971332819,14.629532968));
#6656=CARTESIAN_POINT('',(-14.524486675,31.948359159,14.61313477));
#6657=CARTESIAN_POINT('',(-14.506093704,31.935488407,14.603700565));
#6658=CARTESIAN_POINT('',(-14.469390689,31.907366052,14.582639889));
#6659=CARTESIAN_POINT('',(-14.451080645,31.892114449,14.571013418));
#6660=CARTESIAN_POINT('',(-14.423684206,31.867741647,14.55213797));
#6661=CARTESIAN_POINT('',(-14.414563497,31.859368147,14.545606864));
#6662=CARTESIAN_POINT('',(-14.396346029,31.842171055,14.532100816));
#6663=CARTESIAN_POINT('',(-14.38724927,31.833347463,14.525125873));
#6664=CARTESIAN_POINT('',(-14.369080771,31.815298561,14.510766894));
#6665=CARTESIAN_POINT('',(-14.360009033,31.806073251,14.503382857));
#6666=CARTESIAN_POINT('',(-14.341891649,31.787269287,14.488240433));
#6667=CARTESIAN_POINT('',(-14.332846004,31.777690632,14.480482046));
#6668=CARTESIAN_POINT('',(-14.305749816,31.748497213,14.456697474));
#6669=CARTESIAN_POINT('',(-14.287740023,31.728424992,14.440161878));
#6670=CARTESIAN_POINT('',(-14.233886509,31.666958989,14.388934365));
#6671=CARTESIAN_POINT('',(-14.198218651,31.624315867,14.352621723));
#6672=CARTESIAN_POINT('',(-14.127420541,31.53879397,14.27789807));
#6673=CARTESIAN_POINT('',(-14.09229029,31.495915195,14.239487059));
#6674=CARTESIAN_POINT('',(-14.022636028,31.413017907,14.162790236));
#6675=CARTESIAN_POINT('',(-13.988112017,31.372999395,14.124504423));
#6676=CARTESIAN_POINT('',(-13.936832159,31.317438763,14.068837277));
#6677=CARTESIAN_POINT('',(-13.919823233,31.299663075,14.050575157));
#6678=CARTESIAN_POINT('',(-13.894442817,31.274406569,14.023830829));
#6679=CARTESIAN_POINT('',(-13.886004841,31.266222238,14.015024195));
#6680=CARTESIAN_POINT('',(-13.869174285,31.250370959,13.997661955));
#6681=CARTESIAN_POINT('',(-13.860781706,31.242704011,13.989106349));
#6682=CARTESIAN_POINT('',(-13.852412361,31.23531994,13.980693628));
#6683=CARTESIAN_POINT('',(-14.699471826,32.214673073,14.482125763));
#6684=CARTESIAN_POINT('',(-14.681056215,32.212527542,14.483194906));
#6685=CARTESIAN_POINT('',(-14.662663271,32.208175324,14.482804574));
#6686=CARTESIAN_POINT('',(-14.62592984,32.195520537,14.479321472));
#6687=CARTESIAN_POINT('',(-14.607589353,32.187217969,14.476228701));
#6688=CARTESIAN_POINT('',(-14.570967961,32.167125504,14.467557226));
#6689=CARTESIAN_POINT('',(-14.552687055,32.155335607,14.461978522));
#6690=CARTESIAN_POINT('',(-14.516191947,32.12873151,14.44855169));
#6691=CARTESIAN_POINT('',(-14.497977744,32.113917309,14.440703561));
#6692=CARTESIAN_POINT('',(-14.461623166,32.081727624,14.422954386));
#6693=CARTESIAN_POINT('',(-14.44348279,32.064352141,14.41305334));
#6694=CARTESIAN_POINT('',(-14.416332938,32.036715221,14.396824462));
#6695=CARTESIAN_POINT('',(-14.407293106,32.027240633,14.391185285));
#6696=CARTESIAN_POINT('',(-14.389234569,32.007824768,14.379474892));
#6697=CARTESIAN_POINT('',(-14.380215865,31.997883492,14.373403676));
#6698=CARTESIAN_POINT('',(-14.362200474,31.977592132,14.360856267));
#6699=CARTESIAN_POINT('',(-14.353203788,31.967242047,14.354380076));
#6700=CARTESIAN_POINT('',(-14.335233323,31.946190946,14.341049779));
#6701=CARTESIAN_POINT('',(-14.326259545,31.93548993,14.334195675));
#6702=CARTESIAN_POINT('',(-14.29937391,31.902947302,14.313107089));
#6703=CARTESIAN_POINT('',(-14.28149775,31.88066611,14.298346334));
#6704=CARTESIAN_POINT('',(-14.228022748,31.812758748,14.252283737));
#6705=CARTESIAN_POINT('',(-14.192577382,31.766068793,14.219201563));
#6706=CARTESIAN_POINT('',(-14.122152906,31.673556303,14.150021722));
#6707=CARTESIAN_POINT('',(-14.087173795,31.627733769,14.113924054));
#6708=CARTESIAN_POINT('',(-14.017738811,31.540660305,14.040445287));
#6709=CARTESIAN_POINT('',(-13.983282938,31.499409375,14.003064186));
#6710=CARTESIAN_POINT('',(-13.932034294,31.443739821,13.947329004));
#6711=CARTESIAN_POINT('',(-13.915023941,31.426217777,13.928806688));
#6712=CARTESIAN_POINT('',(-13.889622544,31.401833687,13.901269713));
#6713=CARTESIAN_POINT('',(-13.881174434,31.394022153,13.892131804));
#6714=CARTESIAN_POINT('',(-13.864317149,31.379089956,13.873965215));
#6715=CARTESIAN_POINT('',(-13.855907974,31.371969293,13.864936536));
#6716=CARTESIAN_POINT('',(-13.847518711,31.365223004,13.855976003));
#6717=CARTESIAN_POINT('',(-14.678208732,32.618999992,14.150163021));
#6718=CARTESIAN_POINT('',(-14.659805654,32.615388648,14.152225055));
#6719=CARTESIAN_POINT('',(-14.641459051,32.609076092,14.15317347));
#6720=CARTESIAN_POINT('',(-14.604873811,32.591663039,14.152949693));
#6721=CARTESIAN_POINT('',(-14.586635175,32.580562543,14.151777501));
#6722=CARTESIAN_POINT('',(-14.55026089,32.554188093,14.147419139));
#6723=CARTESIAN_POINT('',(-14.532125241,32.53891414,14.144232969));
#6724=CARTESIAN_POINT('',(-14.495951949,32.504807261,14.135953281));
#6725=CARTESIAN_POINT('',(-14.477914306,32.485974336,14.130859762));
#6726=CARTESIAN_POINT('',(-14.441932045,32.445363998,14.118872008));
#6727=CARTESIAN_POINT('',(-14.423987426,32.423586584,14.111977771));
#6728=CARTESIAN_POINT('',(-14.397136532,32.389172962,14.100365849));
#6729=CARTESIAN_POINT('',(-14.38819724,32.377410504,14.096283447));
#6730=CARTESIAN_POINT('',(-14.370340043,32.353379898,14.08770845));
#6731=CARTESIAN_POINT('',(-14.361422139,32.34111175,14.083215855));
#6732=CARTESIAN_POINT('',(-14.343607097,32.316146574,14.0738338));
#6733=CARTESIAN_POINT('',(-14.334709958,32.303449546,14.06894434));
#6734=CARTESIAN_POINT('',(-14.316935825,32.277703421,14.058781883));
#6735=CARTESIAN_POINT('',(-14.30805883,32.264654323,14.053508887));
#6736=CARTESIAN_POINT('',(-14.281457125,32.225094143,14.037134588));
#6737=CARTESIAN_POINT('',(-14.263761697,32.198170172,14.025477973));
#6738=CARTESIAN_POINT('',(-14.210785064,32.116668434,13.988446829));
#6739=CARTESIAN_POINT('',(-14.175613511,32.06136084,13.961011));
#6740=CARTESIAN_POINT('',(-14.105522964,31.953715325,13.901495579));
#6741=CARTESIAN_POINT('',(-14.07060397,31.901377402,13.869415987));
#6742=CARTESIAN_POINT('',(-14.000978693,31.804587104,13.801466078));
#6743=CARTESIAN_POINT('',(-13.96627241,31.760134728,13.76559576));
#6744=CARTESIAN_POINT('',(-13.914342634,31.703057228,13.709587017));
#6745=CARTESIAN_POINT('',(-13.897054316,31.685631573,13.690550225));
#6746=CARTESIAN_POINT('',(-13.871150516,31.662354219,13.661524193));
#6747=CARTESIAN_POINT('',(-13.862520696,31.655071956,13.651770375));
#6748=CARTESIAN_POINT('',(-13.845269991,31.64153795,13.632119119));
#6749=CARTESIAN_POINT('',(-13.836649107,31.635286207,13.622221681));
#6750=CARTESIAN_POINT('',(-13.828032379,31.62958813,13.612259099));
#6751=CARTESIAN_POINT('',(-14.667149763,32.829291076,13.994100143));
#6752=CARTESIAN_POINT('',(-14.648449258,32.824913697,13.996546632));
#6753=CARTESIAN_POINT('',(-14.629854674,32.81758355,13.998033065));
#6754=CARTESIAN_POINT('',(-14.592859069,32.797707467,13.99914395));
#6755=CARTESIAN_POINT('',(-14.574458049,32.785161531,13.998768403));
#6756=CARTESIAN_POINT('',(-14.537831293,32.755543614,13.996213457));
#6757=CARTESIAN_POINT('',(-14.519605559,32.738471633,13.994034059));
#6758=CARTESIAN_POINT('',(-14.483311097,32.700491374,13.987929542));
#6759=CARTESIAN_POINT('',(-14.465242371,32.679583095,13.984004423));
#6760=CARTESIAN_POINT('',(-14.429243647,32.634619984,13.974466597));
#6761=CARTESIAN_POINT('',(-14.411313651,32.610565152,13.968853888));
#6762=CARTESIAN_POINT('',(-14.384508995,32.572640298,13.959212731));
#6763=CARTESIAN_POINT('',(-14.375589167,32.559691579,13.955795329));
#6764=CARTESIAN_POINT('',(-14.357777338,32.533266158,13.948560428));
#6765=CARTESIAN_POINT('',(-14.348885338,32.519789455,13.944742927));
#6766=CARTESIAN_POINT('',(-14.331126881,32.492394284,13.936715095));
#6767=CARTESIAN_POINT('',(-14.322260425,32.478475816,13.932504762));
#6768=CARTESIAN_POINT('',(-14.30455077,32.450283333,13.923698531));
#6769=CARTESIAN_POINT('',(-14.295707573,32.436009317,13.919102633));
#6770=CARTESIAN_POINT('',(-14.269209441,32.392783277,13.904747488));
#6771=CARTESIAN_POINT('',(-14.251585969,32.363427259,13.894420792));
#6772=CARTESIAN_POINT('',(-14.198813979,32.274777847,13.861258101));
#6773=CARTESIAN_POINT('',(-14.163763891,32.214903098,13.836239503));
#6774=CARTESIAN_POINT('',(-14.093779968,32.099121278,13.780847076));
#6775=CARTESIAN_POINT('',(-14.058846133,32.043214208,13.750473247));
#6776=CARTESIAN_POINT('',(-13.988948495,31.940885712,13.684835399));
#6777=CARTESIAN_POINT('',(-13.953984691,31.894464286,13.649571381));
#6778=CARTESIAN_POINT('',(-13.901406843,31.836084853,13.593356495));
#6779=CARTESIAN_POINT('',(-13.883858869,31.818500493,13.574065056));
#6780=CARTESIAN_POINT('',(-13.857490165,31.795454439,13.544341781));
#6781=CARTESIAN_POINT('',(-13.848692806,31.788327502,13.534303003));
#6782=CARTESIAN_POINT('',(-13.831080222,31.775270008,13.513970674));
#6783=CARTESIAN_POINT('',(-13.822264997,31.769339451,13.503677123));
#6784=CARTESIAN_POINT('',(-13.813439697,31.764050193,13.493259819));
#6785=CARTESIAN_POINT('',(-14.644286736,33.264041409,13.703207845));
#6786=CARTESIAN_POINT('',(-14.625085474,33.258731087,13.705895556));
#6787=CARTESIAN_POINT('',(-14.606059469,33.249930562,13.707900865));
#6788=CARTESIAN_POINT('',(-14.568317651,33.226183209,13.710523911));
#6789=CARTESIAN_POINT('',(-14.549601838,33.211236381,13.71114165));
#6790=CARTESIAN_POINT('',(-14.512440082,33.176030525,13.710966789));
#6791=CARTESIAN_POINT('',(-14.493994139,33.155771497,13.71017419));
#6792=CARTESIAN_POINT('',(-14.457331799,33.110775343,13.707155887));
#6793=CARTESIAN_POINT('',(-14.439115403,33.086038217,13.704930184));
#6794=CARTESIAN_POINT('',(-14.402871835,33.03291997,13.699022907));
#6795=CARTESIAN_POINT('',(-14.384844664,33.004538849,13.695341333));
#6796=CARTESIAN_POINT('',(-14.357915584,32.959859749,13.688709993));
#6797=CARTESIAN_POINT('',(-14.348957837,32.944615479,13.686314717));
#6798=CARTESIAN_POINT('',(-14.331074528,32.913528729,13.681151659));
#6799=CARTESIAN_POINT('',(-14.322148966,32.897686249,13.678383878));
#6800=CARTESIAN_POINT('',(-14.304324988,32.865507341,13.672472964));
#6801=CARTESIAN_POINT('',(-14.295426572,32.849170913,13.669329831));
#6802=CARTESIAN_POINT('',(-14.277651843,32.816108374,13.662665368));
#6803=CARTESIAN_POINT('',(-14.268775532,32.799382262,13.659144039));
#6804=CARTESIAN_POINT('',(-14.242172193,32.748775793,13.648008485));
#6805=CARTESIAN_POINT('',(-14.224470763,32.714467304,13.639822698));
#6806=CARTESIAN_POINT('',(-14.171408378,32.61108046,13.612944926));
#6807=CARTESIAN_POINT('',(-14.136089326,32.54154073,13.591932536));
#6808=CARTESIAN_POINT('',(-14.065240388,32.407903755,13.543537867));
#6809=CARTESIAN_POINT('',(-14.029710502,32.34380651,13.516155588));
#6810=CARTESIAN_POINT('',(-13.958117318,32.227727328,13.454839009));
#6811=CARTESIAN_POINT('',(-13.922054019,32.17574539,13.420904709));
#6812=CARTESIAN_POINT('',(-13.867317079,32.111863581,13.36495264));
#6813=CARTESIAN_POINT('',(-13.848964433,32.092918161,13.345460181));
#6814=CARTESIAN_POINT('',(-13.821244725,32.068648381,13.314941762));
#6815=CARTESIAN_POINT('',(-13.811973032,32.061249847,13.304555668));
#6816=CARTESIAN_POINT('',(-13.793361026,32.047939824,13.283354057));
#6817=CARTESIAN_POINT('',(-13.784020713,32.042028336,13.27253854));
#6818=CARTESIAN_POINT('',(-13.77464357,32.036912503,13.261506889));
#6819=CARTESIAN_POINT('',(-14.632482679,33.488500658,13.568378426));
#6820=CARTESIAN_POINT('',(-14.613350688,33.483039682,13.570921916));
#6821=CARTESIAN_POINT('',(-14.594379568,33.473800481,13.572906994));
#6822=CARTESIAN_POINT('',(-14.556716462,33.448669253,13.57570522));
#6823=CARTESIAN_POINT('',(-14.538024477,33.432777224,13.576518369));
#6824=CARTESIAN_POINT('',(-14.500877036,33.39524396,13.576917635));
#6825=CARTESIAN_POINT('',(-14.482421581,33.373602725,13.576503752));
#6826=CARTESIAN_POINT('',(-14.445704595,33.325474668,13.574393851));
#6827=CARTESIAN_POINT('',(-14.427443064,33.298987846,13.572697832));
#6828=CARTESIAN_POINT('',(-14.391071323,33.242072237,13.567968557));
#6829=CARTESIAN_POINT('',(-14.372961112,33.211643449,13.564935299));
#6830=CARTESIAN_POINT('',(-14.345877332,33.163721509,13.559341156));
#6831=CARTESIAN_POINT('',(-14.336862994,33.147367736,13.557302399));
#6832=CARTESIAN_POINT('',(-14.318856172,33.114013556,13.552869911));
#6833=CARTESIAN_POINT('',(-14.309863688,33.097013149,13.550476181));
#6834=CARTESIAN_POINT('',(-14.291895247,33.062478654,13.545326858));
#6835=CARTESIAN_POINT('',(-14.28291929,33.044944566,13.542571266));
#6836=CARTESIAN_POINT('',(-14.264978577,33.009455662,13.536691332));
#6837=CARTESIAN_POINT('',(-14.256013822,32.991500845,13.533566991));
#6838=CARTESIAN_POINT('',(-14.229128371,32.937174732,13.523630511));
#6839=CARTESIAN_POINT('',(-14.211216488,32.900341772,13.516254916));
#6840=CARTESIAN_POINT('',(-14.157452191,32.789351665,13.491791652));
#6841=CARTESIAN_POINT('',(-14.121571125,32.714703295,13.472367504));
#6842=CARTESIAN_POINT('',(-14.049391751,32.571325589,13.426847769));
#6843=CARTESIAN_POINT('',(-14.013093442,32.502596252,13.400752183));
#6844=CARTESIAN_POINT('',(-13.939738741,32.378285578,13.341448744));
#6845=CARTESIAN_POINT('',(-13.902682349,32.322704241,13.308240891));
#6846=CARTESIAN_POINT('',(-13.846273567,32.254614959,13.252764292));
#6847=CARTESIAN_POINT('',(-13.827333275,32.234465652,13.233327955));
#6848=CARTESIAN_POINT('',(-13.798684834,32.208740088,13.202715918));
#6849=CARTESIAN_POINT('',(-13.789095686,32.200914632,13.192268983));
#6850=CARTESIAN_POINT('',(-13.769832732,32.18687614,13.170882382));
#6851=CARTESIAN_POINT('',(-13.760158925,32.180663103,13.159942715));
#6852=CARTESIAN_POINT('',(-13.750440125,32.175312751,13.148753238));
#6853=CARTESIAN_POINT('',(-14.608239234,33.949500238,13.321349517));
#6854=CARTESIAN_POINT('',(-14.589447601,33.945083709,13.323013842));
#6855=CARTESIAN_POINT('',(-14.570726502,33.936245945,13.324326435));
#6856=CARTESIAN_POINT('',(-14.533392215,33.910759898,13.326149973));
#6857=CARTESIAN_POINT('',(-14.514779028,33.894111615,13.326660916));
#6858=CARTESIAN_POINT('',(-14.477627412,33.854036477,13.326782966));
#6859=CARTESIAN_POINT('',(-14.459088982,33.830609624,13.326394072));
#6860=CARTESIAN_POINT('',(-14.422053728,33.778009294,13.324618259));
#6861=CARTESIAN_POINT('',(-14.403556903,33.748835819,13.323231339));
#6862=CARTESIAN_POINT('',(-14.366571702,33.685774197,13.319361287));
#6863=CARTESIAN_POINT('',(-14.348083326,33.651886049,13.316878154));
#6864=CARTESIAN_POINT('',(-14.320332235,33.598291785,13.312257653));
#6865=CARTESIAN_POINT('',(-14.311078783,33.579966691,13.310568186));
#6866=CARTESIAN_POINT('',(-14.292561559,33.542524814,13.306878378));
#6867=CARTESIAN_POINT('',(-14.283297787,33.523408031,13.304878037));
#6868=CARTESIAN_POINT('',(-14.264755778,33.484511774,13.300554207));
#6869=CARTESIAN_POINT('',(-14.255477541,33.464732298,13.298230719));
#6870=CARTESIAN_POINT('',(-14.236902459,33.424639647,13.293248322));
#6871=CARTESIAN_POINT('',(-14.227605614,33.404326472,13.290589412));
#6872=CARTESIAN_POINT('',(-14.199680947,33.342779886,13.282091143));
#6873=CARTESIAN_POINT('',(-14.181018997,33.300939416,13.275730242));
#6874=CARTESIAN_POINT('',(-14.124846896,33.174537694,13.254414089));
#6875=CARTESIAN_POINT('',(-14.087150496,33.089096127,13.23722539));
#6876=CARTESIAN_POINT('',(-14.010995798,32.924121083,13.196106627));
#6877=CARTESIAN_POINT('',(-13.9725375,32.844587605,13.172176563));
#6878=CARTESIAN_POINT('',(-13.894593773,32.699684333,13.116789566));
#6879=CARTESIAN_POINT('',(-13.855108344,32.634314538,13.085332633));
#6880=CARTESIAN_POINT('',(-13.794910928,32.553074302,13.031912955));
#6881=CARTESIAN_POINT('',(-13.774683577,32.528796632,13.013067349));
#6882=CARTESIAN_POINT('',(-13.744075368,32.497357704,12.983166729));
#6883=CARTESIAN_POINT('',(-13.733828101,32.487707657,12.972927821));
#6884=CARTESIAN_POINT('',(-13.713240361,32.47019575,12.95189366));
#6885=CARTESIAN_POINT('',(-13.702899888,32.462333888,12.941098408));
#6886=CARTESIAN_POINT('',(-13.692510741,32.455430617,12.930018848));
#6887=CARTESIAN_POINT('',(-14.595799846,34.186040569,13.209150028));
#6888=CARTESIAN_POINT('',(-14.576845322,34.182797841,13.21007904));
#6889=CARTESIAN_POINT('',(-14.557939836,34.174781792,13.210739253));
#6890=CARTESIAN_POINT('',(-14.520195272,34.150293222,13.211413067));
#6891=CARTESIAN_POINT('',(-14.501356193,34.133820702,13.211426668));
#6892=CARTESIAN_POINT('',(-14.463712775,34.09350936,13.210698238));
#6893=CARTESIAN_POINT('',(-14.444908434,34.069670539,13.209956207));
#6894=CARTESIAN_POINT('',(-14.407302821,34.015716766,13.207607499));
#6895=CARTESIAN_POINT('',(-14.388501549,33.985601814,13.20600082));
#6896=CARTESIAN_POINT('',(-14.350870402,33.920185951,13.201813798));
#6897=CARTESIAN_POINT('',(-14.332040528,33.884885039,13.199233454));
#6898=CARTESIAN_POINT('',(-14.303750514,33.82886183,13.194550926));
#6899=CARTESIAN_POINT('',(-14.294312975,33.809675453,13.192854748));
#6900=CARTESIAN_POINT('',(-14.275418871,33.770415023,13.189178094));
#6901=CARTESIAN_POINT('',(-14.265962306,33.75034097,13.187197618));
#6902=CARTESIAN_POINT('',(-14.24702619,33.709441459,13.182938741));
#6903=CARTESIAN_POINT('',(-14.23754664,33.688616001,13.18066034));
#6904=CARTESIAN_POINT('',(-14.218560595,33.646349952,13.175791985));
#6905=CARTESIAN_POINT('',(-14.209054101,33.624909361,13.173202032));
#6906=CARTESIAN_POINT('',(-14.180488263,33.559869294,13.164944403));
#6907=CARTESIAN_POINT('',(-14.161382567,33.515551525,13.158788958));
#6908=CARTESIAN_POINT('',(-14.103832556,33.381360301,13.13820802));
#6909=CARTESIAN_POINT('',(-14.065155322,33.290248928,13.121667924));
#6910=CARTESIAN_POINT('',(-13.986926375,33.113446433,13.082076653));
#6911=CARTESIAN_POINT('',(-13.947374662,33.027755311,13.059025478));
#6912=CARTESIAN_POINT('',(-13.8671434,32.870514679,13.005539907));
#6913=CARTESIAN_POINT('',(-13.826463851,32.79896517,12.975105512));
#6914=CARTESIAN_POINT('',(-13.764408633,32.70878814,12.923262401));
#6915=CARTESIAN_POINT('',(-13.743550911,32.681587001,12.904949444));
#6916=CARTESIAN_POINT('',(-13.711981603,32.64588973,12.875850366));
#6917=CARTESIAN_POINT('',(-13.701411379,32.634841379,12.865879066));
#6918=CARTESIAN_POINT('',(-13.68017273,32.614582427,12.845379625));
#6919=CARTESIAN_POINT('',(-13.669504305,32.605371826,12.834851483));
#6920=CARTESIAN_POINT('',(-13.658784801,32.597148235,12.824038108));
#6921=CARTESIAN_POINT('',(-14.570395498,34.66911523,13.008777452));
#6922=CARTESIAN_POINT('',(-14.545658668,34.670060279,13.00784844));
#6923=CARTESIAN_POINT('',(-14.521547366,34.665464126,13.006743582));
#6924=CARTESIAN_POINT('',(-14.474438349,34.646373223,13.004079753));
#6925=CARTESIAN_POINT('',(-14.451440635,34.631878475,13.002520781));
#6926=CARTESIAN_POINT('',(-14.406421325,34.594174194,12.998846303));
#6927=CARTESIAN_POINT('',(-14.38439973,34.570964662,12.996730797));
#6928=CARTESIAN_POINT('',(-14.341195191,34.517014627,12.991840829));
#6929=CARTESIAN_POINT('',(-14.320012248,34.486274124,12.989066368));
#6930=CARTESIAN_POINT('',(-14.278347544,34.418445958,12.982756068));
#6931=CARTESIAN_POINT('',(-14.257865785,34.381358296,12.97922023));
#6932=CARTESIAN_POINT('',(-14.227565932,34.321854291,12.973268625));
#6933=CARTESIAN_POINT('',(-14.217536445,34.301374204,12.971176782));
#6934=CARTESIAN_POINT('',(-14.197601218,34.259271171,12.966764343));
#6935=CARTESIAN_POINT('',(-14.187695477,34.237648223,12.964443748));
#6936=CARTESIAN_POINT('',(-14.167990557,34.193407445,12.959561004));
#6937=CARTESIAN_POINT('',(-14.158191378,34.170789614,12.956998854));
#6938=CARTESIAN_POINT('',(-14.138682399,34.124707045,12.951620198));
#6939=CARTESIAN_POINT('',(-14.128972599,34.101242306,12.948803691));
#6940=CARTESIAN_POINT('',(-14.09995149,34.029799694,12.939953431));
#6941=CARTESIAN_POINT('',(-14.080748474,33.980773424,12.933518938));
#6942=CARTESIAN_POINT('',(-14.023366396,33.831276745,12.912458868));
#6943=CARTESIAN_POINT('',(-13.985414301,33.728388468,12.896076701));
#6944=CARTESIAN_POINT('',(-13.909015619,33.525634761,12.85780876));
#6945=CARTESIAN_POINT('',(-13.870569031,33.42576933,12.835922985));
#6946=CARTESIAN_POINT('',(-13.792081618,33.238531809,12.785828459));
#6947=CARTESIAN_POINT('',(-13.752040794,33.151159719,12.757619708));
#6948=CARTESIAN_POINT('',(-13.689959073,33.03657446,12.709949825));
#6949=CARTESIAN_POINT('',(-13.668928418,33.001124853,12.693167071));
#6950=CARTESIAN_POINT('',(-13.636774214,32.952956521,12.666576935));
#6951=CARTESIAN_POINT('',(-13.625954776,32.937734756,12.657477555));
#6952=CARTESIAN_POINT('',(-13.604095975,32.909107897,12.638793992));
#6953=CARTESIAN_POINT('',(-13.593056613,32.895702801,12.629209808));
#6954=CARTESIAN_POINT('',(-13.581898696,32.883280029,12.619376821));
#6955=CARTESIAN_POINT('',(-14.557433656,34.915590258,12.920624074));
#6956=CARTESIAN_POINT('',(-14.529490349,34.919681766,12.918591734));
#6957=CARTESIAN_POINT('',(-14.501197831,34.920265604,12.916174629));
#6958=CARTESIAN_POINT('',(-14.444924059,34.912264733,12.910477766));
#6959=CARTESIAN_POINT('',(-14.416942805,34.903680025,12.907198008));
#6960=CARTESIAN_POINT('',(-14.362301245,34.875188859,12.89968272));
#6961=CARTESIAN_POINT('',(-14.335275699,34.856378375,12.895436102));
#6962=CARTESIAN_POINT('',(-14.281728112,34.810666447,12.885844331));
#6963=CARTESIAN_POINT('',(-14.255145064,34.783780615,12.880485185));
#6964=CARTESIAN_POINT('',(-14.20281146,34.722654726,12.868533616));
#6965=CARTESIAN_POINT('',(-14.176974896,34.688477229,12.861937463));
#6966=CARTESIAN_POINT('',(-14.139100252,34.631751816,12.85093251));
#6967=CARTESIAN_POINT('',(-14.126642553,34.611918111,12.847070282));
#6968=CARTESIAN_POINT('',(-14.102485168,34.570173045,12.839128389));
#6969=CARTESIAN_POINT('',(-14.090759727,34.548226154,12.835021335));
#6970=CARTESIAN_POINT('',(-14.068848127,34.502041749,12.826990253));
#6971=CARTESIAN_POINT('',(-14.058718461,34.477793865,12.823123036));
#6972=CARTESIAN_POINT('',(-14.039873257,34.427884143,12.815993218));
#6973=CARTESIAN_POINT('',(-14.03107404,34.402278929,12.8126984));
#6974=CARTESIAN_POINT('',(-14.005189747,34.324195133,12.802930838));
#6975=CARTESIAN_POINT('',(-13.988470832,34.270362104,12.796414982));
#6976=CARTESIAN_POINT('',(-13.937686237,34.105499873,12.77499611));
#6977=CARTESIAN_POINT('',(-13.903570044,33.991091487,12.758641886));
#6978=CARTESIAN_POINT('',(-13.83465091,33.76535815,12.722473743));
#6979=CARTESIAN_POINT('',(-13.799883501,33.653949639,12.702671945));
#6980=CARTESIAN_POINT('',(-13.728944232,33.443488634,12.658964037));
#6981=CARTESIAN_POINT('',(-13.692738393,33.344401319,12.635015597));
#6982=CARTESIAN_POINT('',(-13.636554836,33.211848359,12.595208172));
#6983=CARTESIAN_POINT('',(-13.617515983,33.170344242,12.581293055));
#6984=CARTESIAN_POINT('',(-13.588407499,33.112970181,12.559373564));
#6985=CARTESIAN_POINT('',(-13.578613057,33.0946592,12.551892683));
#6986=CARTESIAN_POINT('',(-13.558827646,33.059808432,12.536570354));
#6987=CARTESIAN_POINT('',(-13.54955059,33.042564738,12.529402626));
#6988=CARTESIAN_POINT('',(-13.53874098,33.027686379,12.520701504));
#6989=CARTESIAN_POINT('',(-14.531119174,35.415971502,12.768873514));
#6990=CARTESIAN_POINT('',(-14.490046987,35.427739591,12.765002075));
#6991=CARTESIAN_POINT('',(-14.446703943,35.441660795,12.760267636));
#6992=CARTESIAN_POINT('',(-14.359211472,35.4631455,12.748917018));
#6993=CARTESIAN_POINT('',(-14.315062045,35.470709001,12.742300839));
#6994=CARTESIAN_POINT('',(-14.22969214,35.468814369,12.727031004));
#6995=CARTESIAN_POINT('',(-14.187192813,35.463191277,12.718337608));
#6996=CARTESIAN_POINT('',(-14.102445025,35.443050499,12.698544994));
#6997=CARTESIAN_POINT('',(-14.059952532,35.428595263,12.687389804));
#6998=CARTESIAN_POINT('',(-13.976761809,35.390038755,12.662328133));
#6999=CARTESIAN_POINT('',(-13.935722568,35.36618862,12.648408644));
#7000=CARTESIAN_POINT('',(-13.876640055,35.32062468,12.624794476));
#7001=CARTESIAN_POINT('',(-13.857438469,35.303743834,12.616435609));
#7002=CARTESIAN_POINT('',(-13.821724309,35.265228575,12.599371443));
#7003=CARTESIAN_POINT('',(-13.805108714,35.243452047,12.590556581));
#7004=CARTESIAN_POINT('',(-13.777700842,35.193834485,12.574129241));
#7005=CARTESIAN_POINT('',(-13.767135989,35.165951656,12.566729676));
#7006=CARTESIAN_POINT('',(-13.75151017,35.107178431,12.55489386));
#7007=CARTESIAN_POINT('',(-13.746124629,35.07651434,12.550342049));
#7008=CARTESIAN_POINT('',(-13.73203774,34.982813195,12.538319572));
#7009=CARTESIAN_POINT('',(-13.724837376,34.917764972,12.531894135));
#7010=CARTESIAN_POINT('',(-13.700732628,34.717359926,12.51052278));
#7011=CARTESIAN_POINT('',(-13.68344774,34.576500371,12.494927124));
#7012=CARTESIAN_POINT('',(-13.646148684,34.297664516,12.464201399));
#7013=CARTESIAN_POINT('',(-13.6263292,34.159400876,12.449149049));
#7014=CARTESIAN_POINT('',(-13.582983594,33.893355815,12.418679787));
#7015=CARTESIAN_POINT('',(-13.559347397,33.765453558,12.403120038));
#7016=CARTESIAN_POINT('',(-13.51942276,33.586666793,12.377804516));
#7017=CARTESIAN_POINT('',(-13.505375148,33.529250899,12.369042414));
#7018=CARTESIAN_POINT('',(-13.483050471,33.447083736,12.355283644));
#7019=CARTESIAN_POINT('',(-13.475400348,33.420354198,12.350595089));
#7020=CARTESIAN_POINT('',(-13.459661211,33.368329186,12.340995982));
#7021=CARTESIAN_POINT('',(-13.454070893,33.340570039,12.338443454));
#7022=CARTESIAN_POINT('',(-13.443253501,33.318512904,12.331055984));
#7023=CARTESIAN_POINT('',(-14.517766534,35.669877719,12.705276333));
#7024=CARTESIAN_POINT('',(-14.465236787,35.686093099,12.700670339));
#7025=CARTESIAN_POINT('',(-14.409733836,35.708148789,12.694981639));
#7026=CARTESIAN_POINT('',(-14.298039623,35.748082609,12.681192538));
#7027=CARTESIAN_POINT('',(-14.241848359,35.76596074,12.673092137));
#7028=CARTESIAN_POINT('',(-14.134035616,35.781681261,12.654233344));
#7029=CARTESIAN_POINT('',(-14.080586918,35.785001784,12.643417649));
#7030=CARTESIAN_POINT('',(-13.974344827,35.78256287,12.618556053));
#7031=CARTESIAN_POINT('',(-13.921185385,35.776897106,12.604426195));
#7032=CARTESIAN_POINT('',(-13.81775743,35.754672535,12.57239376));
#7033=CARTESIAN_POINT('',(-13.76697891,35.738490879,12.554472633));
#7034=CARTESIAN_POINT('',(-13.694584062,35.701699647,12.523699211));
#7035=CARTESIAN_POINT('',(-13.671200025,35.687257369,12.512747054));
#7036=CARTESIAN_POINT('',(-13.628463346,35.651879867,12.490355179));
#7037=CARTESIAN_POINT('',(-13.60895617,35.630731471,12.478751117));
#7038=CARTESIAN_POINT('',(-13.578655143,35.579891193,12.457337008));
#7039=CARTESIAN_POINT('',(-13.568203151,35.550136464,12.447839168));
#7040=CARTESIAN_POINT('',(-13.555599779,35.486589467,12.433301053));
#7041=CARTESIAN_POINT('',(-13.552966613,35.453136562,12.428094092));
#7042=CARTESIAN_POINT('',(-13.548325278,35.350839065,12.415092897));
#7043=CARTESIAN_POINT('',(-13.548732181,35.27962368,12.409062902));
#7044=CARTESIAN_POINT('',(-13.546493168,35.059698567,12.388694093));
#7045=CARTESIAN_POINT('',(-13.543479157,34.904257256,12.374126871));
#7046=CARTESIAN_POINT('',(-13.532598859,34.595655177,12.346990976));
#7047=CARTESIAN_POINT('',(-13.525050874,34.442086846,12.334553498));
#7048=CARTESIAN_POINT('',(-13.503037733,34.143189679,12.310337606));
#7049=CARTESIAN_POINT('',(-13.488420381,33.997688817,12.298358179));
#7050=CARTESIAN_POINT('',(-13.45840948,33.789384704,12.278365122));
#7051=CARTESIAN_POINT('',(-13.447066753,33.721610643,12.271371922));
#7052=CARTESIAN_POINT('',(-13.427778203,33.622963625,12.260193319));
#7053=CARTESIAN_POINT('',(-13.420970063,33.590583734,12.256352756));
#7054=CARTESIAN_POINT('',(-13.406555455,33.526916747,12.248416572));
#7055=CARTESIAN_POINT('',(-13.402518553,33.492110119,12.247689554));
#7056=CARTESIAN_POINT('',(-13.390923738,33.464933078,12.240085781));
#7057=CARTESIAN_POINT('',(-14.490798994,36.182677134,12.603128542));
#7058=CARTESIAN_POINT('',(-14.414854588,36.208937333,12.597955218));
#7059=CARTESIAN_POINT('',(-14.335166059,36.246300166,12.591268657));
#7060=CARTESIAN_POINT('',(-14.175509075,36.320241481,12.574414414));
#7061=CARTESIAN_POINT('',(-14.095540621,36.356819964,12.564246732));
#7062=CARTESIAN_POINT('',(-13.942532111,36.406202962,12.5399756));
#7063=CARTESIAN_POINT('',(-13.866932334,36.426674069,12.525788937));
#7064=CARTESIAN_POINT('',(-13.716968801,36.458222625,12.492444558));
#7065=CARTESIAN_POINT('',(-13.641994964,36.469456196,12.473146915));
#7066=CARTESIAN_POINT('',(-13.496869823,36.47855581,12.428570202));
#7067=CARTESIAN_POINT('',(-13.425876555,36.477052827,12.403265337));
#7068=CARTESIAN_POINT('',(-13.325404738,36.456793267,12.358775965));
#7069=CARTESIAN_POINT('',(-13.293109567,36.446885986,12.342790637));
#7070=CARTESIAN_POINT('',(-13.235068529,36.41709303,12.30979163));
#7071=CARTESIAN_POINT('',(-13.20906511,36.396852066,12.292504043));
#7072=CARTESIAN_POINT('',(-13.171342176,36.342863763,12.260483972));
#7073=CARTESIAN_POINT('',(-13.160196286,36.309010842,12.246233619));
#7074=CARTESIAN_POINT('',(-13.151890444,36.235223023,12.224848338));
#7075=CARTESIAN_POINT('',(-13.15395457,36.19585321,12.217471088));
#7076=CARTESIAN_POINT('',(-13.166318641,36.075531054,12.200046398));
#7077=CARTESIAN_POINT('',(-13.181438613,35.991760273,12.193419669));
#7078=CARTESIAN_POINT('',(-13.222725794,35.733388607,12.172114783));
#7079=CARTESIAN_POINT('',(-13.249476465,35.550498858,12.158802383));
#7080=CARTESIAN_POINT('',(-13.293430147,35.185427546,12.136675034));
#7081=CARTESIAN_POINT('',(-13.311303816,35.002691768,12.128156696));
#7082=CARTESIAN_POINT('',(-13.333142592,34.640498834,12.113070006));
#7083=CARTESIAN_POINT('',(-13.336922946,34.460804178,12.10623725));
#7084=CARTESIAN_POINT('',(-13.32711187,34.19469155,12.093583722));
#7085=CARTESIAN_POINT('',(-13.321274674,34.106562959,12.088978679));
#7086=CARTESIAN_POINT('',(-13.308174439,33.975427822,12.081180984));
#7087=CARTESIAN_POINT('',(-13.303084285,33.931892546,12.078434027));
#7088=CARTESIAN_POINT('',(-13.291379246,33.845208224,12.07260247));
#7089=CARTESIAN_POINT('',(-13.289761754,33.797131832,12.074233914));
#7090=CARTESIAN_POINT('',(-13.277349447,33.759120167,12.066244951));
#7091=CARTESIAN_POINT('',(-14.477184095,36.441570333,12.564577933));
#7092=CARTESIAN_POINT('',(-14.391044878,36.473519062,12.5595725));
#7093=CARTESIAN_POINT('',(-14.300813443,36.518078201,12.552787047));
#7094=CARTESIAN_POINT('',(-14.11986544,36.607513612,12.535104615));
#7095=CARTESIAN_POINT('',(-14.029148872,36.652389885,12.524207635));
#7096=CARTESIAN_POINT('',(-13.854929907,36.717555884,12.497750661));
#7097=CARTESIAN_POINT('',(-13.768683651,36.74605757,12.482099111));
#7098=CARTESIAN_POINT('',(-13.597234948,36.793473619,12.444859481));
#7099=CARTESIAN_POINT('',(-13.511300402,36.81257533,12.423103489));
#7100=CARTESIAN_POINT('',(-13.344783808,36.836141538,12.37239476));
#7101=CARTESIAN_POINT('',(-13.263196835,36.841364818,12.343414524));
#7102=CARTESIAN_POINT('',(-13.147601935,36.828424014,12.291923241));
#7103=CARTESIAN_POINT('',(-13.110428413,36.820464041,12.273348744));
#7104=CARTESIAN_POINT('',(-13.043753781,36.79281775,12.234772589));
#7105=CARTESIAN_POINT('',(-13.013943608,36.772705085,12.214442244));
#7106=CARTESIAN_POINT('',(-12.971243256,36.716490479,12.176509581));
#7107=CARTESIAN_POINT('',(-12.959044031,36.680261277,12.159460027));
#7108=CARTESIAN_POINT('',(-12.951483574,36.600710322,12.133646052));
#7109=CARTESIAN_POINT('',(-12.955209496,36.558066326,12.124614797));
#7110=CARTESIAN_POINT('',(-12.974241144,36.427887777,12.103341802));
#7111=CARTESIAN_POINT('',(-12.995814858,36.337456956,12.095471314));
#7112=CARTESIAN_POINT('',(-13.056729953,36.059418818,12.071556799));
#7113=CARTESIAN_POINT('',(-13.097517583,35.863269642,12.058135119));
#7114=CARTESIAN_POINT('',(-13.167277306,35.471095992,12.037146233));
#7115=CARTESIAN_POINT('',(-13.197148791,35.274490873,12.029987579));
#7116=CARTESIAN_POINT('',(-13.240014987,34.882412259,12.01844639));
#7117=CARTESIAN_POINT('',(-13.252834506,34.686686983,12.013794236));
#7118=CARTESIAN_POINT('',(-13.253790561,34.393697152,12.004624093));
#7119=CARTESIAN_POINT('',(-13.251079459,34.296138039,12.001217901));
#7120=CARTESIAN_POINT('',(-13.241914862,34.15000252,11.995242303));
#7121=CARTESIAN_POINT('',(-13.238011076,34.101324695,11.993106742));
#7122=CARTESIAN_POINT('',(-13.228418175,34.004045905,11.988501723));
#7123=CARTESIAN_POINT('',(-13.228083409,33.950165643,11.991085171));
#7124=CARTESIAN_POINT('',(-13.216104918,33.906887082,11.983374324));
#7125=CARTESIAN_POINT('',(-14.449820574,36.961899506,12.513013662));
#7126=CARTESIAN_POINT('',(-14.354025241,37.006303716,12.509568324));
#7127=CARTESIAN_POINT('',(-14.253887265,37.060324579,12.503738441));
#7128=CARTESIAN_POINT('',(-14.051165507,37.167286615,12.486652002));
#7129=CARTESIAN_POINT('',(-13.948581725,37.220227788,12.475395447));
#7130=CARTESIAN_POINT('',(-13.747207842,37.304717448,12.446798084));
#7131=CARTESIAN_POINT('',(-13.646217192,37.342826074,12.429373949));
#7132=CARTESIAN_POINT('',(-13.442973866,37.408687514,12.386786569));
#7133=CARTESIAN_POINT('',(-13.339806066,37.436674511,12.361413435));
#7134=CARTESIAN_POINT('',(-13.137792998,37.475677794,12.301227587));
#7135=CARTESIAN_POINT('',(-13.037711943,37.487648608,12.266393461));
#7136=CARTESIAN_POINT('',(-12.894018167,37.480359302,12.203193221));
#7137=CARTESIAN_POINT('',(-12.847461578,37.4734928,12.180232919));
#7138=CARTESIAN_POINT('',(-12.763121602,37.445328264,12.131731256));
#7139=CARTESIAN_POINT('',(-12.724951886,37.423497297,12.105779035));
#7140=CARTESIAN_POINT('',(-12.668840429,37.360059106,12.055950677));
#7141=CARTESIAN_POINT('',(-12.651772144,37.318290694,12.03266877));
#7142=CARTESIAN_POINT('',(-12.638816932,37.22614548,11.995451843));
#7143=CARTESIAN_POINT('',(-12.64185743,37.17661457,11.981273108));
#7144=CARTESIAN_POINT('',(-12.662401718,37.02611547,11.946580068));
#7145=CARTESIAN_POINT('',(-12.689481331,36.922718119,11.932449892));
#7146=CARTESIAN_POINT('',(-12.769991909,36.609169692,11.894720508));
#7147=CARTESIAN_POINT('',(-12.82800318,36.392214249,11.87785234));
#7148=CARTESIAN_POINT('',(-12.92928823,35.958037242,11.852955289));
#7149=CARTESIAN_POINT('',(-12.974041004,35.740406422,11.84563442));
#7150=CARTESIAN_POINT('',(-13.044570246,35.304363433,11.836335275));
#7151=CARTESIAN_POINT('',(-13.070302139,35.085761103,11.834198728));
#7152=CARTESIAN_POINT('',(-13.090397855,34.756164485,11.831355453));
#7153=CARTESIAN_POINT('',(-13.09403105,34.646020914,11.830486263));
#7154=CARTESIAN_POINT('',(-13.09447561,34.480312677,11.829022306));
#7155=CARTESIAN_POINT('',(-13.093790288,34.424994583,11.828508236));
#7156=CARTESIAN_POINT('',(-13.090688334,34.31418243,11.82739202));
#7157=CARTESIAN_POINT('',(-13.092555181,34.254464932,11.830832198));
#7158=CARTESIAN_POINT('',(-13.084958375,34.203100569,11.826127109));
#7159=CARTESIAN_POINT('',(-14.436071952,37.22333548,12.5));
#7160=CARTESIAN_POINT('',(-14.338827628,37.274399301,12.497946877));
#7161=CARTESIAN_POINT('',(-14.237652688,37.330653688,12.49323365));
#7162=CARTESIAN_POINT('',(-14.031658963,37.439709573,12.477796839));
#7163=CARTESIAN_POINT('',(-13.926840177,37.492511071,12.467073253));
#7164=CARTESIAN_POINT('',(-13.71777614,37.580827159,12.438925568));
#7165=CARTESIAN_POINT('',(-13.612057791,37.620704698,12.421434713));
#7166=CARTESIAN_POINT('',(-13.39766027,37.689602698,12.377931203));
#7167=CARTESIAN_POINT('',(-13.288004965,37.718872954,12.351694663));
#7168=CARTESIAN_POINT('',(-13.071800479,37.759426725,12.288785586));
#7169=CARTESIAN_POINT('',(-12.963947614,37.771732706,12.252099423));
#7170=CARTESIAN_POINT('',(-12.807675065,37.763263495,12.184687685));
#7171=CARTESIAN_POINT('',(-12.756780126,37.755708356,12.160096903));
#7172=CARTESIAN_POINT('',(-12.663800281,37.725211595,12.107578216));
#7173=CARTESIAN_POINT('',(-12.621303288,37.701701509,12.079212061));
#7174=CARTESIAN_POINT('',(-12.557259401,37.633600061,12.023727082));
#7175=CARTESIAN_POINT('',(-12.536651135,37.58883526,11.997173317));
#7176=CARTESIAN_POINT('',(-12.518148592,37.490187839,11.953297922));
#7177=CARTESIAN_POINT('',(-12.519158933,37.437206575,11.935780207));
#7178=CARTESIAN_POINT('',(-12.535548088,37.276719371,11.891964332));
#7179=CARTESIAN_POINT('',(-12.562411211,37.167318129,11.873098067));
#7180=CARTESIAN_POINT('',(-12.645170907,36.838750702,11.824909672));
#7181=CARTESIAN_POINT('',(-12.708006559,36.614687661,11.80507741));
#7182=CARTESIAN_POINT('',(-12.817949226,36.166060648,11.775444652));
#7183=CARTESIAN_POINT('',(-12.866886109,35.94128524,11.766539688));
#7184=CARTESIAN_POINT('',(-12.945744799,35.490553416,11.755190833));
#7185=CARTESIAN_POINT('',(-12.975743088,35.264482742,11.752705232));
#7186=CARTESIAN_POINT('',(-13.003692735,34.923593766,11.751073033));
#7187=CARTESIAN_POINT('',(-13.010186538,34.809670348,11.750896806));
#7188=CARTESIAN_POINT('',(-13.015437656,34.638274101,11.750985542));
#7189=CARTESIAN_POINT('',(-13.016440347,34.581056928,11.751074439));
#7190=CARTESIAN_POINT('',(-13.016909937,34.466440999,11.751346957));
#7191=CARTESIAN_POINT('',(-13.019232489,34.406226619,11.754225461));
#7192=CARTESIAN_POINT('',(-13.015056361,34.351547141,11.75175052));
#7193=CARTESIAN_POINT('',(-14.422320739,37.484820739,12.5));
#7194=CARTESIAN_POINT('',(-14.320917923,37.542303686,12.5));
#7195=CARTESIAN_POINT('',(-14.218296336,37.596118729,12.497427196));
#7196=CARTESIAN_POINT('',(-14.010423591,37.695670348,12.486352756));
#7197=CARTESIAN_POINT('',(-13.905172432,37.741406925,12.477851119));
#7198=CARTESIAN_POINT('',(-13.691848514,37.824058955,12.45413579));
#7199=CARTESIAN_POINT('',(-13.583759576,37.86094647,12.438892222));
#7200=CARTESIAN_POINT('',(-13.363977092,37.923461551,12.399666388));
#7201=CARTESIAN_POINT('',(-13.251307414,37.949338914,12.375460238));
#7202=CARTESIAN_POINT('',(-13.028267907,37.982617144,12.316115926));
#7203=CARTESIAN_POINT('',(-12.916618538,37.99104765,12.280979498));
#7204=CARTESIAN_POINT('',(-12.753418476,37.976281407,12.214722857));
#7205=CARTESIAN_POINT('',(-12.699992378,37.966547265,12.190350257));
#7206=CARTESIAN_POINT('',(-12.601332394,37.931547433,12.137281632));
#7207=CARTESIAN_POINT('',(-12.555686421,37.90571328,12.108147359));
#7208=CARTESIAN_POINT('',(-12.484552911,37.832833562,12.049487246));
#7209=CARTESIAN_POINT('',(-12.460015575,37.785612052,12.020411827));
#7210=CARTESIAN_POINT('',(-12.4340649,37.682010691,11.970222387));
#7211=CARTESIAN_POINT('',(-12.431637343,37.626530651,11.949018741));
#7212=CARTESIAN_POINT('',(-12.439917958,37.459148693,11.894681409));
#7213=CARTESIAN_POINT('',(-12.464476061,37.346295972,11.869934162));
#7214=CARTESIAN_POINT('',(-12.54570882,37.011928241,11.809336388));
#7215=CARTESIAN_POINT('',(-12.613221135,36.788645015,11.786328585));
#7216=CARTESIAN_POINT('',(-12.731004894,36.339353511,11.749129208));
#7217=CARTESIAN_POINT('',(-12.783526659,36.113508965,11.736067028));
#7218=CARTESIAN_POINT('',(-12.8673334,35.658485806,11.71455864));
#7219=CARTESIAN_POINT('',(-12.898901574,35.429340566,11.706282575));
#7220=CARTESIAN_POINT('',(-12.928410745,35.082914209,11.695807835));
#7221=CARTESIAN_POINT('',(-12.935290208,34.966989022,11.692656187));
#7222=CARTESIAN_POINT('',(-12.940957138,34.792400562,11.688319175));
#7223=CARTESIAN_POINT('',(-12.942071053,34.734087648,11.686938756));
#7224=CARTESIAN_POINT('',(-12.942712002,34.617223631,11.684294506));
#7225=CARTESIAN_POINT('',(-12.942239034,34.558672529,11.683030675));
#7226=CARTESIAN_POINT('',(-12.940954245,34.5,11.681818182));
#7227=B_SPLINE_SURFACE_WITH_KNOTS('',3,3,((#6003,#6004,#6005,#6006,#6007,#6008,#6009,#6010,#6011,#6012,#6013,#6014,#6015,#6016,#6017,#6018,#6019,#6020,#6021,#6022,#6023,#6024,#6025,#6026,#6027,#6028,
#6029,#6030,#6031,#6032,#6033,#6034,#6035,#6036),(#6037,#6038,#6039,#6040,#6041,#6042,#6043,#6044,#6045,#6046,#6047,#6048,#6049,#6050,#6051,#6052,#6053,#6054,#6055,#6056,#6057,#6058,#6059,#6060,#6061,#6062,
#6063,#6064,#6065,#6066,#6067,#6068,#6069,#6070),(#6071,#6072,#6073,#6074,#6075,#6076,#6077,#6078,#6079,#6080,#6081,#6082,#6083,#6084,#6085,#6086,#6087,#6088,#6089,#6090,#6091,#6092,#6093,#6094,#6095,#6096,
#6097,#6098,#6099,#6100,#6101,#6102,#6103,#6104),(#6105,#6106,#6107,#6108,#6109,#6110,#6111,#6112,#6113,#6114,#6115,#6116,#6117,#6118,#6119,#6120,#6121,#6122,#6123,#6124,#6125,#6126,#6127,#6128,#6129,#6130,
#6131,#6132,#6133,#6134,#6135,#6136,#6137,#6138),(#6139,#6140,#6141,#6142,#6143,#6144,#6145,#6146,#6147,#6148,#6149,#6150,#6151,#6152,#6153,#6154,#6155,#6156,#6157,#6158,#6159,#6160,#6161,#6162,#6163,#6164,
#6165,#6166,#6167,#6168,#6169,#6170,#6171,#6172),(#6173,#6174,#6175,#6176,#6177,#6178,#6179,#6180,#6181,#6182,#6183,#6184,#6185,#6186,#6187,#6188,#6189,#6190,#6191,#6192,#6193,#6194,#6195,#6196,#6197,#6198,
#6199,#6200,#6201,#6202,#6203,#6204,#6205,#6206),(#6207,#6208,#6209,#6210,#6211,#6212,#6213,#6214,#6215,#6216,#6217,#6218,#6219,#6220,#6221,#6222,#6223,#6224,#6225,#6226,#6227,#6228,#6229,#6230,#6231,#6232,
#6233,#6234,#6235,#6236,#6237,#6238,#6239,#6240),(#6241,#6242,#6243,#6244,#6245,#6246,#6247,#6248,#6249,#6250,#6251,#6252,#6253,#6254,#6255,#6256,#6257,#6258,#6259,#6260,#6261,#6262,#6263,#6264,#6265,#6266,
#6267,#6268,#6269,#6270,#6271,#6272,#6273,#6274),(#6275,#6276,#6277,#6278,#6279,#6280,#6281,#6282,#6283,#6284,#6285,#6286,#6287,#6288,#6289,#6290,#6291,#6292,#6293,#6294,#6295,#6296,#6297,#6298,#6299,#6300,
#6301,#6302,#6303,#6304,#6305,#6306,#6307,#6308),(#6309,#6310,#6311,#6312,#6313,#6314,#6315,#6316,#6317,#6318,#6319,#6320,#6321,#6322,#6323,#6324,#6325,#6326,#6327,#6328,#6329,#6330,#6331,#6332,#6333,#6334,
#6335,#6336,#6337,#6338,#6339,#6340,#6341,#6342),(#6343,#6344,#6345,#6346,#6347,#6348,#6349,#6350,#6351,#6352,#6353,#6354,#6355,#6356,#6357,#6358,#6359,#6360,#6361,#6362,#6363,#6364,#6365,#6366,#6367,#6368,
#6369,#6370,#6371,#6372,#6373,#6374,#6375,#6376),(#6377,#6378,#6379,#6380,#6381,#6382,#6383,#6384,#6385,#6386,#6387,#6388,#6389,#6390,#6391,#6392,#6393,#6394,#6395,#6396,#6397,#6398,#6399,#6400,#6401,#6402,
#6403,#6404,#6405,#6406,#6407,#6408,#6409,#6410),(#6411,#6412,#6413,#6414,#6415,#6416,#6417,#6418,#6419,#6420,#6421,#6422,#6423,#6424,#6425,#6426,#6427,#6428,#6429,#6430,#6431,#6432,#6433,#6434,#6435,#6436,
#6437,#6438,#6439,#6440,#6441,#6442,#6443,#6444),(#6445,#6446,#6447,#6448,#6449,#6450,#6451,#6452,#6453,#6454,#6455,#6456,#6457,#6458,#6459,#6460,#6461,#6462,#6463,#6464,#6465,#6466,#6467,#6468,#6469,#6470,
#6471,#6472,#6473,#6474,#6475,#6476,#6477,#6478),(#6479,#6480,#6481,#6482,#6483,#6484,#6485,#6486,#6487,#6488,#6489,#6490,#6491,#6492,#6493,#6494,#6495,#6496,#6497,#6498,#6499,#6500,#6501,#6502,#6503,#6504,
#6505,#6506,#6507,#6508,#6509,#6510,#6511,#6512),(#6513,#6514,#6515,#6516,#6517,#6518,#6519,#6520,#6521,#6522,#6523,#6524,#6525,#6526,#6527,#6528,#6529,#6530,#6531,#6532,#6533,#6534,#6535,#6536,#6537,#6538,
#6539,#6540,#6541,#6542,#6543,#6544,#6545,#6546),(#6547,#6548,#6549,#6550,#6551,#6552,#6553,#6554,#6555,#6556,#6557,#6558,#6559,#6560,#6561,#6562,#6563,#6564,#6565,#6566,#6567,#6568,#6569,#6570,#6571,#6572,
#6573,#6574,#6575,#6576,#6577,#6578,#6579,#6580),(#6581,#6582,#6583,#6584,#6585,#6586,#6587,#6588,#6589,#6590,#6591,#6592,#6593,#6594,#6595,#6596,#6597,#6598,#6599,#6600,#6601,#6602,#6603,#6604,#6605,#6606,
#6607,#6608,#6609,#6610,#6611,#6612,#6613,#6614),(#6615,#6616,#6617,#6618,#6619,#6620,#6621,#6622,#6623,#6624,#6625,#6626,#6627,#6628,#6629,#6630,#6631,#6632,#6633,#6634,#6635,#6636,#6637,#6638,#6639,#6640,
#6641,#6642,#6643,#6644,#6645,#6646,#6647,#6648),(#6649,#6650,#6651,#6652,#6653,#6654,#6655,#6656,#6657,#6658,#6659,#6660,#6661,#6662,#6663,#6664,#6665,#6666,#6667,#6668,#6669,#6670,#6671,#6672,#6673,#6674,
#6675,#6676,#6677,#6678,#6679,#6680,#6681,#6682),(#6683,#6684,#6685,#6686,#6687,#6688,#6689,#6690,#6691,#6692,#6693,#6694,#6695,#6696,#6697,#6698,#6699,#6700,#6701,#6702,#6703,#6704,#6705,#6706,#6707,#6708,
#6709,#6710,#6711,#6712,#6713,#6714,#6715,#6716),(#6717,#6718,#6719,#6720,#6721,#6722,#6723,#6724,#6725,#6726,#6727,#6728,#6729,#6730,#6731,#6732,#6733,#6734,#6735,#6736,#6737,#6738,#6739,#6740,#6741,#6742,
#6743,#6744,#6745,#6746,#6747,#6748,#6749,#6750),(#6751,#6752,#6753,#6754,#6755,#6756,#6757,#6758,#6759,#6760,#6761,#6762,#6763,#6764,#6765,#6766,#6767,#6768,#6769,#6770,#6771,#6772,#6773,#6774,#6775,#6776,
#6777,#6778,#6779,#6780,#6781,#6782,#6783,#6784),(#6785,#6786,#6787,#6788,#6789,#6790,#6791,#6792,#6793,#6794,#6795,#6796,#6797,#6798,#6799,#6800,#6801,#6802,#6803,#6804,#6805,#6806,#6807,#6808,#6809,#6810,
#6811,#6812,#6813,#6814,#6815,#6816,#6817,#6818),(#6819,#6820,#6821,#6822,#6823,#6824,#6825,#6826,#6827,#6828,#6829,#6830,#6831,#6832,#6833,#6834,#6835,#6836,#6837,#6838,#6839,#6840,#6841,#6842,#6843,#6844,
#6845,#6846,#6847,#6848,#6849,#6850,#6851,#6852),(#6853,#6854,#6855,#6856,#6857,#6858,#6859,#6860,#6861,#6862,#6863,#6864,#6865,#6866,#6867,#6868,#6869,#6870,#6871,#6872,#6873,#6874,#6875,#6876,#6877,#6878,
#6879,#6880,#6881,#6882,#6883,#6884,#6885,#6886),
(#6887,#6888,#6889,#6890,#6891,#6892,#6893,#6894,#6895,#6896,#6897,#6898,#6899,#6900,#6901,#6902,#6903,#6904,#6905,#6906,#6907,#6908,#6909,#6910,#6911,#6912,
#6913,#6914,#6915,#6916,#6917,#6918,#6919,#6920),(#6921,#6922,#6923,#6924,#6925,#6926,#6927,#6928,#6929,#6930,#6931,#6932,#6933,#6934,#6935,#6936,#6937,#6938,#6939,#6940,#6941,#6942,#6943,#6944,#6945,#6946,
#6947,#6948,#6949,#6950,#6951,#6952,#6953,#6954),(#6955,#6956,#6957,#6958,#6959,#6960,#6961,#6962,#6963,#6964,#6965,#6966,#6967,#6968,#6969,#6970,#6971,#6972,#6973,#6974,#6975,#6976,#6977,#6978,#6979,#6980,
#6981,#6982,#6983,#6984,#6985,#6986,#6987,#6988),(#6989,#6990,#6991,#6992,#6993,#6994,#6995,#6996,#6997,#6998,#6999,#7000,#7001,#7002,#7003,#7004,#7005,#7006,#7007,#7008,#7009,#7010,#7011,#7012,#7013,#7014,
#7015,#7016,#7017,#7018,#7019,#7020,#7021,#7022),(#7023,#7024,#7025,#7026,#7027,#7028,#7029,#7030,#7031,#7032,#7033,#7034,#7035,#7036,#7037,#7038,#7039,#7040,#7041,#7042,#7043,#7044,#7045,#7046,#7047,#7048,
#7049,#7050,#7051,#7052,#7053,#7054,#7055,#7056),(#7057,#7058,#7059,#7060,#7061,#7062,#7063,#7064,#7065,#7066,#7067,#7068,#7069,#7070,#7071,#7072,#7073,#7074,#7075,#7076,#7077,#7078,#7079,#7080,#7081,#7082,
#7083,#7084,#7085,#7086,#7087,#7088,#7089,#7090),(#7091,#7092,#7093,#7094,#7095,#7096,#7097,#7098,#7099,#7100,#7101,#7102,#7103,#7104,#7105,#7106,#7107,#7108,#7109,#7110,#7111,#7112,#7113,#7114,#7115,#7116,
#7117,#7118,#7119,#7120,#7121,#7122,#7123,#7124),(#7125,#7126,#7127,#7128,#7129,#7130,#7131,#7132,#7133,#7134,#7135,#7136,#7137,#7138,#7139,#7140,#7141,#7142,#7143,#7144,#7145,#7146,#7147,#7148,#7149,#7150,
#7151,#7152,#7153,#7154,#7155,#7156,#7157,#7158),(#7159,#7160,#7161,#7162,#7163,#7164,#7165,#7166,#7167,#7168,#7169,#7170,#7171,#7172,#7173,#7174,#7175,#7176,#7177,#7178,#7179,#7180,#7181,#7182,#7183,#7184,
#7185,#7186,#7187,#7188,#7189,#7190,#7191,#7192),(#7193,#7194,#7195,#7196,#7197,#7198,#7199,#7200,#7201,#7202,#7203,#7204,#7205,#7206,#7207,#7208,#7209,#7210,#7211,#7212,#7213,#7214,#7215,#7216,#7217,#7218,
#7219,#7220,#7221,#7222,#7223,#7224,#7225,#7226)),.UNSPECIFIED.,.F.,.F.,.U.,(4,2,2,2,2,2,2,2,2,2,2,2,2,2,2,2,2,4),(4,2,2,2,2,2,2,2,2,2,2,2,2,2,2,2,4),(0.,0.0625,0.125,0.1875,0.25,0.251953125,0.3125,0.375,0.4375,0.5,0.5625,0.625,0.6875,0.75,0.8125,0.875,0.9375,1.),(0.,0.0625,0.125,0.1875,0.25,0.3125,0.34375,0.375,0.40625,0.4375,0.5,0.625,0.75,0.875,0.9375,0.96875,1.),.UNSPECIFIED.);
#7228=CARTESIAN_POINT('',(-12.940954245,28.681818182,17.5));
#7229=CARTESIAN_POINT('',(-13.23736271,28.961547536,16.906188564));
#7230=CARTESIAN_POINT('',(-13.466569539,29.312384891,16.312477719));
#7231=CARTESIAN_POINT('',(-13.620341749,29.721707464,15.740214132));
#7232=CARTESIAN_POINT('',(-13.774113958,30.131030037,15.167950545));
#7233=CARTESIAN_POINT('',(-13.852412361,30.598754158,14.61725941));
#7234=CARTESIAN_POINT('',(-13.852412361,31.108006784,14.108006784));
#7235=CARTESIAN_POINT('',(-13.852412361,31.61725941,13.598754158));
#7236=CARTESIAN_POINT('',(-13.774113958,32.167950545,13.131030037));
#7237=CARTESIAN_POINT('',(-13.620341749,32.740214132,12.721707464));
#7238=CARTESIAN_POINT('',(-13.466569539,33.312477719,12.312384891));
#7239=CARTESIAN_POINT('',(-13.23736271,33.906188564,11.961547536));
#7240=CARTESIAN_POINT('',(-12.940954245,34.5,11.681818182));
#7241=B_SPLINE_CURVE_WITH_KNOTS('',3,(#7228,#7229,#7230,#7231,#7232,#7233,#7234,#7235,#7236,#7237,#7238,#7239,#7240),.UNSPECIFIED.,.F.,.F.,(4,3,3,3,4),(0.,0.25,0.5,0.75,1.),.UNSPECIFIED.);
#7242=EDGE_CURVE('',#1697,#2729,#7241,.T.);
#7243=ORIENTED_EDGE('',*,*,#7242,.T.);
#7244=ORIENTED_EDGE('',*,*,#2963,.F.);
#7245=ORIENTED_EDGE('',*,*,#5995,.F.);
#7246=ORIENTED_EDGE('',*,*,#1817,.F.);
#7247=EDGE_LOOP('',(#7243,#7244,#7245,#7246));
#7248=FACE_BOUND('',#7247,.T.);
#7249=ADVANCED_FACE('',(#7248),#7227,.F.);
#7250=CARTESIAN_POINT('',(-12.940970687,34.499915343,11.681795094));
#7251=CARTESIAN_POINT('',(-13.089162875,34.203009564,11.821627761));
#7252=CARTESIAN_POINT('',(-13.220643784,33.90610543,11.979171753));
#7253=CARTESIAN_POINT('',(-13.447790364,33.317701056,12.326817619));
#7254=CARTESIAN_POINT('',(-13.543454776,33.026204075,12.516917567));
#7255=CARTESIAN_POINT('',(-13.69722492,32.453922748,12.926214297));
#7256=CARTESIAN_POINT('',(-13.755329799,32.173141572,13.14540881));
#7257=CARTESIAN_POINT('',(-13.832921755,31.627405439,13.608903512));
#7258=CARTESIAN_POINT('',(-13.852408402,31.362453506,13.853201131));
#7259=CARTESIAN_POINT('',(-13.852408402,30.853201131,14.362453506));
#7260=CARTESIAN_POINT('',(-13.832921755,30.608903512,14.627405439));
#7261=CARTESIAN_POINT('',(-13.755329799,30.14540881,15.173141572));
#7262=CARTESIAN_POINT('',(-13.69722492,29.926214297,15.453922748));
#7263=CARTESIAN_POINT('',(-13.543454776,29.516917567,16.026204075));
#7264=CARTESIAN_POINT('',(-13.447790364,29.326817619,16.317701056));
#7265=CARTESIAN_POINT('',(-13.220643784,28.979171753,16.90610543));
#7266=CARTESIAN_POINT('',(-13.089162875,28.821627761,17.203009564));
#7267=CARTESIAN_POINT('',(-12.940970687,28.681795094,17.499915343));
#7268=CARTESIAN_POINT('',(-12.869823059,34.253710371,11.614648283));
#7269=CARTESIAN_POINT('',(-13.01187283,33.970232145,11.757819031));
#7270=CARTESIAN_POINT('',(-13.137777693,33.686755267,11.916944601));
#7271=CARTESIAN_POINT('',(-13.355169128,33.124592807,12.264407063));
#7272=CARTESIAN_POINT('',(-13.446654664,32.845909897,12.452742292));
#7273=CARTESIAN_POINT('',(-13.593658898,32.298048787,12.855431168));
#7274=CARTESIAN_POINT('',(-13.649176896,32.028873191,13.069782893));
#7275=CARTESIAN_POINT('',(-13.723306221,31.504580261,13.520873924));
#7276=CARTESIAN_POINT('',(-13.741917197,31.24946542,13.757611081));
#7277=CARTESIAN_POINT('',(-13.741917197,30.757611081,14.24946542));
#7278=CARTESIAN_POINT('',(-13.723306221,30.520873924,14.504580261));
#7279=CARTESIAN_POINT('',(-13.649176896,30.069782893,15.028873191));
#7280=CARTESIAN_POINT('',(-13.593658898,29.855431168,15.298048787));
#7281=CARTESIAN_POINT('',(-13.446654664,29.452742292,15.845909897));
#7282=CARTESIAN_POINT('',(-13.355169128,29.264407063,16.124592807));
#7283=CARTESIAN_POINT('',(-13.137777693,28.916944601,16.686755267));
#7284=CARTESIAN_POINT('',(-13.01187283,28.757819031,16.970232145));
#7285=CARTESIAN_POINT('',(-12.869823059,28.614648283,17.253710371));
#7286=CARTESIAN_POINT('',(-12.801777266,33.994216038,11.543877101));
#7287=CARTESIAN_POINT('',(-12.936714888,33.724082161,11.689215086));
#7288=CARTESIAN_POINT('',(-13.056200368,33.453949388,11.848848311));
#7289=CARTESIAN_POINT('',(-13.26239649,32.917917858,12.194196099));
#7290=CARTESIAN_POINT('',(-13.349106292,32.652021291,12.379909243));
#7291=CARTESIAN_POINT('',(-13.48839204,32.12863234,12.774498194));
#7292=CARTESIAN_POINT('',(-13.540967417,31.871142095,12.983372383));
#7293=CARTESIAN_POINT('',(-13.61116022,31.368604841,13.42100324));
#7294=CARTESIAN_POINT('',(-13.628777359,31.123559885,13.649758116));
#7295=CARTESIAN_POINT('',(-13.628777359,30.649758116,14.123559885));
#7296=CARTESIAN_POINT('',(-13.61116022,30.42100324,14.368604841));
#7297=CARTESIAN_POINT('',(-13.540967417,29.983372383,14.871142095));
#7298=CARTESIAN_POINT('',(-13.48839204,29.774498194,15.12863234));
#7299=CARTESIAN_POINT('',(-13.349106292,29.379909243,15.652021291));
#7300=CARTESIAN_POINT('',(-13.26239649,29.194196099,15.917917858));
#7301=CARTESIAN_POINT('',(-13.056200368,28.848848311,16.453949388));
#7302=CARTESIAN_POINT('',(-12.936714888,28.689215086,16.724082161));
#7303=CARTESIAN_POINT('',(-12.801777266,28.543877101,16.994216038));
#7304=CARTESIAN_POINT('',(-12.614486535,33.205445023,11.328757734));
#7305=CARTESIAN_POINT('',(-12.72714995,32.973496048,11.476577469));
#7306=CARTESIAN_POINT('',(-12.826630282,32.741547611,11.634265157));
#7307=CARTESIAN_POINT('',(-12.998032519,32.280444219,11.967442477));
#7308=CARTESIAN_POINT('',(-13.069954032,32.051290333,12.142931305));
#7309=CARTESIAN_POINT('',(-13.185376357,31.598538399,12.509568955));
#7310=CARTESIAN_POINT('',(-13.228876905,31.374941403,12.700716904));
#7311=CARTESIAN_POINT('',(-13.286935907,30.936001538,13.096349478));
#7312=CARTESIAN_POINT('',(-13.301494229,30.720659693,13.300833171));
#7313=CARTESIAN_POINT('',(-13.301494229,30.300833171,13.720659693));
#7314=CARTESIAN_POINT('',(-13.286935907,30.096349478,13.936001538));
#7315=CARTESIAN_POINT('',(-13.228876905,29.700716904,14.374941403));
#7316=CARTESIAN_POINT('',(-13.185376357,29.509568955,14.598538399));
#7317=CARTESIAN_POINT('',(-13.069954032,29.142931305,15.051290333));
#7318=CARTESIAN_POINT('',(-12.998032519,28.967442477,15.280444219));
#7319=CARTESIAN_POINT('',(-12.826630282,28.634265157,15.741547611));
#7320=CARTESIAN_POINT('',(-12.72714995,28.476577469,15.973496048));
#7321=CARTESIAN_POINT('',(-12.614486535,28.328757734,16.205445023));
#7322=CARTESIAN_POINT('',(-12.504930096,32.645414228,11.176022062));
#7323=CARTESIAN_POINT('',(-12.601060603,32.437754854,11.320712608));
#7324=CARTESIAN_POINT('',(-12.68580555,32.230095816,11.472867653));
#7325=CARTESIAN_POINT('',(-12.831687762,31.816848405,11.790575615));
#7326=CARTESIAN_POINT('',(-12.892824795,31.611260699,11.956128011));
#7327=CARTESIAN_POINT('',(-12.990887347,31.20420719,12.29896834));
#7328=CARTESIAN_POINT('',(-13.027812709,31.002742045,12.476255713));
#7329=CARTESIAN_POINT('',(-13.077087246,30.605944884,12.840789624));
#7330=CARTESIAN_POINT('',(-13.089436341,30.410613509,13.028035569));
#7331=CARTESIAN_POINT('',(-13.089436341,30.028035569,13.410613509));
#7332=CARTESIAN_POINT('',(-13.077087246,29.840789624,13.605944884));
#7333=CARTESIAN_POINT('',(-13.027812709,29.476255713,14.002742045));
#7334=CARTESIAN_POINT('',(-12.990887347,29.29896834,14.20420719));
#7335=CARTESIAN_POINT('',(-12.892824795,28.956128011,14.611260699));
#7336=CARTESIAN_POINT('',(-12.831687762,28.790575615,14.816848405));
#7337=CARTESIAN_POINT('',(-12.68580555,28.472867653,15.230095816));
#7338=CARTESIAN_POINT('',(-12.601060603,28.320712608,15.437754854));
#7339=CARTESIAN_POINT('',(-12.504930096,28.176022062,15.645414228));
#7340=CARTESIAN_POINT('',(-12.317425087,31.471296378,10.855808103));
#7341=CARTESIAN_POINT('',(-12.382122838,31.310124482,10.98577397));
#7342=CARTESIAN_POINT('',(-12.438991782,31.148952678,11.119526106));
#7343=CARTESIAN_POINT('',(-12.536728478,30.827612911,11.393751436));
#7344=CARTESIAN_POINT('',(-12.577596179,30.667445132,11.534224465));
#7345=CARTESIAN_POINT('',(-12.643083601,30.349111906,11.821002282));
#7346=CARTESIAN_POINT('',(-12.667703288,30.190946641,11.967306898));
#7347=CARTESIAN_POINT('',(-12.700546091,29.877605878,12.264826148));
#7348=CARTESIAN_POINT('',(-12.70876919,29.722430561,12.416040607));
#7349=CARTESIAN_POINT('',(-12.70876919,29.416040607,12.722430561));
#7350=CARTESIAN_POINT('',(-12.700546091,29.264826148,12.877605878));
#7351=CARTESIAN_POINT('',(-12.667703288,28.967306898,13.190946641));
#7352=CARTESIAN_POINT('',(-12.643083601,28.821002282,13.349111906));
#7353=CARTESIAN_POINT('',(-12.577596179,28.534224465,13.667445132));
#7354=CARTESIAN_POINT('',(-12.536728478,28.393751436,13.827612911));
#7355=CARTESIAN_POINT('',(-12.438991782,28.119526106,14.148952678));
#7356=CARTESIAN_POINT('',(-12.382122838,27.98577397,14.310124482));
#7357=CARTESIAN_POINT('',(-12.317425087,27.855808103,14.471296378));
#7358=CARTESIAN_POINT('',(-12.239485261,30.857408386,10.688384105));
#7359=CARTESIAN_POINT('',(-12.289310572,30.718452775,10.80679998));
#7360=CARTESIAN_POINT('',(-12.333059403,30.579497213,10.927722342));
#7361=CARTESIAN_POINT('',(-12.408202349,30.302243225,11.174004051));
#7362=CARTESIAN_POINT('',(-12.439596438,30.163944897,11.29936331));
#7363=CARTESIAN_POINT('',(-12.489885096,29.88865966,11.553922695));
#7364=CARTESIAN_POINT('',(-12.508779648,29.751672847,11.68312273));
#7365=CARTESIAN_POINT('',(-12.533982088,29.479659031,11.944750279));
#7366=CARTESIAN_POINT('',(-12.540289967,29.344632124,12.0771777));
#7367=CARTESIAN_POINT('',(-12.540289967,29.0771777,12.344632124));
#7368=CARTESIAN_POINT('',(-12.533982088,28.944750279,12.479659031));
#7369=CARTESIAN_POINT('',(-12.508779648,28.68312273,12.751672847));
#7370=CARTESIAN_POINT('',(-12.489885096,28.553922695,12.88865966));
#7371=CARTESIAN_POINT('',(-12.439596438,28.29936331,13.163944897));
#7372=CARTESIAN_POINT('',(-12.408202349,28.174004051,13.302243225));
#7373=CARTESIAN_POINT('',(-12.333059403,27.927722342,13.579497213));
#7374=CARTESIAN_POINT('',(-12.289310572,27.80679998,13.718452775));
#7375=CARTESIAN_POINT('',(-12.239485261,27.688384105,13.857408386));
#7376=CARTESIAN_POINT('',(-12.116728721,29.610070768,10.348201119));
#7377=CARTESIAN_POINT('',(-12.142061423,29.513627352,10.438063169));
#7378=CARTESIAN_POINT('',(-12.164257719,29.417183939,10.52874319));
#7379=CARTESIAN_POINT('',(-12.202337252,29.224503936,10.711538638));
#7380=CARTESIAN_POINT('',(-12.218220491,29.128267353,10.803654057));
#7381=CARTESIAN_POINT('',(-12.243645168,28.936207619,10.98911815));
#7382=CARTESIAN_POINT('',(-12.253186607,28.840384476,11.082466817));
#7383=CARTESIAN_POINT('',(-12.265910442,28.649357793,11.270193902));
#7384=CARTESIAN_POINT('',(-12.269092838,28.554154262,11.364572312));
#7385=CARTESIAN_POINT('',(-12.269092838,28.364572312,11.554154262));
#7386=CARTESIAN_POINT('',(-12.265910442,28.270193902,11.649357793));
#7387=CARTESIAN_POINT('',(-12.253186607,28.082466817,11.840384476));
#7388=CARTESIAN_POINT('',(-12.243645168,27.98911815,11.936207619));
#7389=CARTESIAN_POINT('',(-12.218220491,27.803654057,12.128267353));
#7390=CARTESIAN_POINT('',(-12.202337252,27.711538638,12.224503936));
#7391=CARTESIAN_POINT('',(-12.164257719,27.52874319,12.417183939));
#7392=CARTESIAN_POINT('',(-12.142061423,27.438063169,12.513627352));
#7393=CARTESIAN_POINT('',(-12.116728721,27.348201119,12.610070768));
#7394=CARTESIAN_POINT('',(-12.071892736,28.976794168,10.175489319));
#7395=CARTESIAN_POINT('',(-12.087600623,28.900657801,10.248387909));
#7396=CARTESIAN_POINT('',(-12.101357917,28.824521437,10.321688695));
#7397=CARTESIAN_POINT('',(-12.124954138,28.672350516,10.468996217));
#7398=CARTESIAN_POINT('',(-12.134793064,28.596315965,10.543002949));
#7399=CARTESIAN_POINT('',(-12.150540266,28.444450363,10.691623075));
#7400=CARTESIAN_POINT('',(-12.15644854,28.368619317,10.766236467));
#7401=CARTESIAN_POINT('',(-12.164327059,28.217262177,10.915969906));
#7402=CARTESIAN_POINT('',(-12.166297304,28.141736087,10.99108995));
#7403=CARTESIAN_POINT('',(-12.166297304,27.99108995,11.141736087));
#7404=CARTESIAN_POINT('',(-12.164327059,27.915969906,11.217262177));
#7405=CARTESIAN_POINT('',(-12.15644854,27.766236467,11.368619317));
#7406=CARTESIAN_POINT('',(-12.150540266,27.691623075,11.444450363));
#7407=CARTESIAN_POINT('',(-12.134793064,27.543002949,11.596315965));
#7408=CARTESIAN_POINT('',(-12.124954138,27.468996217,11.672350516));
#7409=CARTESIAN_POINT('',(-12.101357917,27.321688695,11.824521437));
#7410=CARTESIAN_POINT('',(-12.087600623,27.248387909,11.900657801));
#7411=CARTESIAN_POINT('',(-12.071892736,27.175489319,11.976794168));
#7412=CARTESIAN_POINT('',(-12.013546282,27.722667879,9.833454876));
#7413=CARTESIAN_POINT('',(-12.016598382,27.685630577,9.870529753));
#7414=CARTESIAN_POINT('',(-12.01926702,27.648593275,9.907600593));
#7415=CARTESIAN_POINT('',(-12.023839966,27.574517332,9.981734655));
#7416=CARTESIAN_POINT('',(-12.025744274,27.53747869,10.01879788));
#7417=CARTESIAN_POINT('',(-12.028790422,27.46339876,10.092917393));
#7418=CARTESIAN_POINT('',(-12.029932262,27.426357471,10.129973683));
#7419=CARTESIAN_POINT('',(-12.03145459,27.352271002,10.204080195));
#7420=CARTESIAN_POINT('',(-12.031835079,27.315225821,10.241130418));
#7421=CARTESIAN_POINT('',(-12.031835079,27.241130418,10.315225821));
#7422=CARTESIAN_POINT('',(-12.03145459,27.204080195,10.352271002));
#7423=CARTESIAN_POINT('',(-12.029932262,27.129973683,10.426357471));
#7424=CARTESIAN_POINT('',(-12.028790422,27.092917393,10.46339876));
#7425=CARTESIAN_POINT('',(-12.025744274,27.01879788,10.53747869));
#7426=CARTESIAN_POINT('',(-12.023839966,26.981734655,10.574517332));
#7427=CARTESIAN_POINT('',(-12.01926702,26.907600593,10.648593275));
#7428=CARTESIAN_POINT('',(-12.016598382,26.870529753,10.685630577));
#7429=CARTESIAN_POINT('',(-12.013546282,26.833454876,10.722667879));
#7430=CARTESIAN_POINT('',(-12.,27.101918708,9.664159648));
#7431=CARTESIAN_POINT('',(-12.,27.101918708,9.664159648));
#7432=CARTESIAN_POINT('',(-12.,27.047198826,9.71887953));
#7433=CARTESIAN_POINT('',(-12.,27.047198826,9.71887953));
#7434=CARTESIAN_POINT('',(-12.,26.992478943,9.773599413));
#7435=CARTESIAN_POINT('',(-12.,26.992478943,9.773599413));
#7436=CARTESIAN_POINT('',(-12.,26.937759061,9.828319295));
#7437=CARTESIAN_POINT('',(-12.,26.93775906,9.828319296));
#7438=CARTESIAN_POINT('',(-12.,26.883039178,9.883039178));
#7439=CARTESIAN_POINT('',(-12.,26.883039178,9.883039178));
#7440=CARTESIAN_POINT('',(-12.,26.828319296,9.93775906));
#7441=CARTESIAN_POINT('',(-12.,26.828319295,9.937759061));
#7442=CARTESIAN_POINT('',(-12.,26.773599413,9.992478943));
#7443=CARTESIAN_POINT('',(-12.,26.773599413,9.992478943));
#7444=CARTESIAN_POINT('',(-12.,26.71887953,10.047198826));
#7445=CARTESIAN_POINT('',(-12.,26.71887953,10.047198826));
#7446=CARTESIAN_POINT('',(-12.,26.664159648,10.101918708));
#7447=CARTESIAN_POINT('',(-12.,26.664159648,10.101918708));
#7448=CARTESIAN_POINT('',(-12.,26.500000003,9.500000001));
#7449=CARTESIAN_POINT('',(-12.,26.500000003,9.500000001));
#7450=CARTESIAN_POINT('',(-12.,26.500000003,9.500000001));
#7451=CARTESIAN_POINT('',(-12.,26.500000003,9.500000001));
#7452=CARTESIAN_POINT('',(-12.,26.500000002,9.500000001));
#7453=CARTESIAN_POINT('',(-12.,26.500000002,9.500000001));
#7454=CARTESIAN_POINT('',(-12.,26.500000002,9.500000002));
#7455=CARTESIAN_POINT('',(-12.,26.500000002,9.500000002));
#7456=CARTESIAN_POINT('',(-12.,26.500000002,9.500000002));
#7457=CARTESIAN_POINT('',(-12.,26.500000002,9.500000002));
#7458=CARTESIAN_POINT('',(-12.,26.500000002,9.500000002));
#7459=CARTESIAN_POINT('',(-12.,26.500000002,9.500000002));
#7460=CARTESIAN_POINT('',(-12.,26.500000001,9.500000002));
#7461=CARTESIAN_POINT('',(-12.,26.500000001,9.500000002));
#7462=CARTESIAN_POINT('',(-12.,26.500000001,9.500000003));
#7463=CARTESIAN_POINT('',(-12.,26.500000001,9.500000003));
#7464=CARTESIAN_POINT('',(-12.,26.500000001,9.500000003));
#7465=CARTESIAN_POINT('',(-12.,26.500000001,9.500000003));
#7466=B_SPLINE_SURFACE_WITH_KNOTS('',3,3,((#7250,#7251,#7252,#7253,#7254,#7255,#7256,#7257,#7258,#7259,#7260,#7261,#7262,#7263,#7264,#7265,#7266,#7267),(#7268,#7269,#7270,#7271,#7272,#7273,#7274,#7275,#7276,#7277,#7278,#7279,#7280,#7281,#7282,#7283,#7284,#7285),(#7286,#7287,#7288,#7289,#7290,#7291,#7292,#7293,#7294,#7295,#7296,#7297,#7298,#7299,#7300,#7301,#7302,#7303),(#7304,#7305,#7306,#7307,#7308,#7309,#7310,#7311,#7312,#7313,#7314,#7315,#7316,#7317,#7318,#7319,#7320,#7321),(#7322,#7323,#7324,#7325,#7326,#7327,#7328,#7329,#7330,#7331,#7332,#7333,#7334,#7335,#7336,#7337,#7338,#7339),(#7340,#7341,#7342,#7343,#7344,#7345,#7346,#7347,#7348,#7349,#7350,#7351,#7352,#7353,#7354,#7355,#7356,#7357),(#7358,#7359,#7360,#7361,#7362,#7363,#7364,#7365,#7366,#7367,#7368,#7369,#7370,#7371,#7372,#7373,#7374,#7375),(#7376,#7377,#7378,#7379,#7380,#7381,#7382,#7383,#7384,#7385,#7386,#7387,#7388,#7389,#7390,#7391,#7392,#7393),(#7394,#7395,#7396,#7397,#7398,#7399,#7400,#7401,#7402,#7403,#7404,#7405,#7406,#7407,#7408,#7409,#7410,#7411),(#7412,#7413,#7414,#7415,#7416,#7417,#7418,#7419,#7420,#7421,#7422,#7423,#7424,#7425,#7426,#7427,#7428,#7429),(#7430,#7431,#7432,#7433,#7434,#7435,#7436,#7437,#7438,#7439,#7440,#7441,#7442,#7443,#7444,#7445,#7446,#7447),(#7448,#7449,#7450,#7451,#7452,#7453,#7454,#7455,#7456,#7457,#7458,#7459,#7460,#7461,#7462,#7463,#7464,#7465)),.UNSPECIFIED.,.F.,.F.,.U.,(4,2,2,2,2,4),(4,2,2,2,2,2,2,2,4),(0.434504847,0.5,0.625,0.75,0.875,1.),(0.,0.125,0.25,0.375,0.5,0.625,0.75,0.875,1.),.UNSPECIFIED.);
#7467=ORIENTED_EDGE('',*,*,#1712,.F.);
#7468=CARTESIAN_POINT('',(-15.,26.5,9.5));
#7469=DIRECTION('',(-0.,0.263117406,-0.964763821));
#7470=DIRECTION('',(-0.,-0.964763821,-0.263117406));
#7471=AXIS2_PLACEMENT_3D('',#7468,#7469,#7470);
#7472=ELLIPSE('',#7471,11.401754251,3.);
#7473=EDGE_CURVE('',#2729,#1689,#7472,.T.);
#7474=ORIENTED_EDGE('',*,*,#7473,.F.);
#7475=ORIENTED_EDGE('',*,*,#7242,.F.);
#7476=EDGE_LOOP('',(#7467,#7474,#7475));
#7477=FACE_BOUND('',#7476,.T.);
#7478=ADVANCED_FACE('',(#7477),#7466,.F.);
#7479=CARTESIAN_POINT('',(-12.,45.5,12.5));
#7480=DIRECTION('',(-0.,0.,-1.));
#7481=DIRECTION('',(0.,1.,0.));
#7482=AXIS2_PLACEMENT_3D('',#7479,#7480,#7481);
#7483=CYLINDRICAL_SURFACE('',#7482,14.);
#7484=ORIENTED_EDGE('',*,*,#1851,.F.);
#7485=ORIENTED_EDGE('',*,*,#2709,.T.);
#7486=ORIENTED_EDGE('',*,*,#3416,.F.);
#7487=CARTESIAN_POINT('',(-12.,45.5,4.5));
#7488=DIRECTION('',(-0.,0.,-1.));
#7489=DIRECTION('',(0.,-1.,-0.));
#7490=AXIS2_PLACEMENT_3D('',#7487,#7488,#7489);
#7491=CIRCLE('',#7490,14.);
#7492=EDGE_CURVE('',#1846,#3405,#7491,.T.);
#7493=ORIENTED_EDGE('',*,*,#7492,.F.);
#7494=EDGE_LOOP('',(#7484,#7485,#7486,#7493));
#7495=FACE_BOUND('',#7494,.T.);
#7496=ADVANCED_FACE('',(#7495),#7483,.T.);
#7497=CARTESIAN_POINT('',(-23.,34.5,9.5));
#7498=DIRECTION('',(-0.,-1.,-0.));
#7499=DIRECTION('',(-0.,0.,-1.));
#7500=AXIS2_PLACEMENT_3D('',#7497,#7498,#7499);
#7501=CYLINDRICAL_SURFACE('',#7500,3.);
#7502=ORIENTED_EDGE('',*,*,#1843,.F.);
#7503=ORIENTED_EDGE('',*,*,#3720,.T.);
#7504=ORIENTED_EDGE('',*,*,#5977,.T.);
#7505=ORIENTED_EDGE('',*,*,#3289,.F.);
#7506=ORIENTED_EDGE('',*,*,#2694,.F.);
#7507=EDGE_LOOP('',(#7502,#7503,#7504,#7505,#7506));
#7508=FACE_BOUND('',#7507,.T.);
#7509=ADVANCED_FACE('',(#7508),#7501,.T.);
#7510=CARTESIAN_POINT('',(-15.,17.,9.5));
#7511=DIRECTION('',(-0.,-1.,-0.));
#7512=DIRECTION('',(-0.,0.,-1.));
#7513=AXIS2_PLACEMENT_3D('',#7510,#7511,#7512);
#7514=CYLINDRICAL_SURFACE('',#7513,3.);
#7515=ORIENTED_EDGE('',*,*,#2970,.T.);
#7516=ORIENTED_EDGE('',*,*,#7473,.T.);
#7517=ORIENTED_EDGE('',*,*,#2503,.F.);
#7518=EDGE_LOOP('',(#7515,#7516,#7517));
#7519=FACE_BOUND('',#7518,.T.);
#7520=ADVANCED_FACE('',(#7519),#7514,.T.);
#7521=CARTESIAN_POINT('',(-7.,34.5,-26.5));
#7522=DIRECTION('',(-0.,0.,-1.));
#7523=DIRECTION('',(-1.,0.,0.));
#7524=AXIS2_PLACEMENT_3D('',#7521,#7522,#7523);
#7525=CYLINDRICAL_SURFACE('',#7524,5.);
#7526=ORIENTED_EDGE('',*,*,#3385,.F.);
#7527=ORIENTED_EDGE('',*,*,#2977,.T.);
#7528=ORIENTED_EDGE('',*,*,#2497,.F.);
#7529=CARTESIAN_POINT('',(-7.,34.5,4.5));
#7530=DIRECTION('',(0.,-0.,1.));
#7531=DIRECTION('',(0.,-1.,-0.));
#7532=AXIS2_PLACEMENT_3D('',#7529,#7530,#7531);
#7533=CIRCLE('',#7532,5.);
#7534=EDGE_CURVE('',#3365,#2484,#7533,.T.);
#7535=ORIENTED_EDGE('',*,*,#7534,.F.);
#7536=EDGE_LOOP('',(#7526,#7527,#7528,#7535));
#7537=FACE_BOUND('',#7536,.T.);
#7538=ADVANCED_FACE('',(#7537),#7525,.F.);
#7539=CARTESIAN_POINT('',(45.,4.5,9.5));
#7540=DIRECTION('',(-0.,-1.,-0.));
#7541=DIRECTION('',(-0.,0.,-1.));
#7542=AXIS2_PLACEMENT_3D('',#7539,#7540,#7541);
#7543=CYLINDRICAL_SURFACE('',#7542,3.);
#7544=ORIENTED_EDGE('',*,*,#3278,.F.);
#7545=CARTESIAN_POINT('',(46.936378657,34.901738981,11.791383359));
#7546=VERTEX_POINT('',#7545);
#7547=CARTESIAN_POINT('',(45.,37.5,12.5));
#7548=CARTESIAN_POINT('',(45.027488995,37.5,12.5));
#7549=CARTESIAN_POINT('',(45.05511082,37.498607519,12.499622162));
#7550=CARTESIAN_POINT('',(45.082854785,37.495822557,12.498855629));
#7551=CARTESIAN_POINT('',(45.11059875,37.493037594,12.498089097));
#7552=CARTESIAN_POINT('',(45.13677871,37.489090123,12.497001197));
#7553=CARTESIAN_POINT('',(45.163656881,37.48375209,12.495532745));
#7554=CARTESIAN_POINT('',(45.190535052,37.478414058,12.494064292));
#7555=CARTESIAN_POINT('',(45.215646981,37.472179606,12.492352471));
#7556=CARTESIAN_POINT('',(45.241580343,37.464533091,12.490257336));
#7557=CARTESIAN_POINT('',(45.267513706,37.456886576,12.488162202));
#7558=CARTESIAN_POINT('',(45.293403039,37.447999879,12.485731039));
#7559=CARTESIAN_POINT('',(45.319239713,37.437872999,12.482965975));
#7560=CARTESIAN_POINT('',(45.422586413,37.39736548,12.471905717));
#7561=CARTESIAN_POINT('',(45.51374145,37.343277734,12.457234922));
#7562=CARTESIAN_POINT('',(45.607510723,37.272107999,12.437844571));
#7563=CARTESIAN_POINT('',(45.701279996,37.200938263,12.418454219));
#7564=CARTESIAN_POINT('',(45.783830276,37.123075307,12.397125323));
#7565=CARTESIAN_POINT('',(45.867963524,37.02986591,12.371696245));
#7566=CARTESIAN_POINT('',(45.952096772,36.936656512,12.346267166));
#7567=CARTESIAN_POINT('',(46.028151663,36.838425895,12.31955637));
#7568=CARTESIAN_POINT('',(46.105892023,36.725340264,12.288727816));
#7569=CARTESIAN_POINT('',(46.125327113,36.697068856,12.281020678));
#7570=CARTESIAN_POINT('',(46.143630072,36.669651506,12.273539595));
#7571=CARTESIAN_POINT('',(46.162333952,36.640853638,12.265678901));
#7572=CARTESIAN_POINT('',(46.181037832,36.61205577,12.257818207));
#7573=CARTESIAN_POINT('',(46.199630582,36.582622242,12.249780961));
#7574=CARTESIAN_POINT('',(46.21810921,36.552553054,12.241570709));
#7575=CARTESIAN_POINT('',(46.255066465,36.492414678,12.225150205));
#7576=CARTESIAN_POINT('',(46.290865018,36.430944713,12.208370393));
#7577=CARTESIAN_POINT('',(46.32677063,36.366033596,12.190665289));
#7578=CARTESIAN_POINT('',(46.398581853,36.236211363,12.155255079));
#7579=CARTESIAN_POINT('',(46.467116239,36.099410415,12.118015212));
#7580=CARTESIAN_POINT('',(46.536015571,35.948806981,12.076947063));
#7581=CARTESIAN_POINT('',(46.604914902,35.798203546,12.035878914));
#7582=CARTESIAN_POINT('',(46.672585512,35.636725046,11.991775003));
#7583=CARTESIAN_POINT('',(46.738219961,35.46564586,11.945115818));
#7584=CARTESIAN_POINT('',(46.754628574,35.422876063,11.933451022));
#7585=CARTESIAN_POINT('',(46.771630165,35.377597964,11.921106287));
#7586=CARTESIAN_POINT('',(46.788262294,35.332301891,11.908758595));
#7587=CARTESIAN_POINT('',(46.804894423,35.287005818,11.896410903));
#7588=CARTESIAN_POINT('',(46.821475561,35.240861662,11.883833854));
#7589=CARTESIAN_POINT('',(46.837998506,35.193869422,11.87102541));
#7590=CARTESIAN_POINT('',(46.871044394,35.099884942,11.845408521));
#7591=CARTESIAN_POINT('',(46.903857678,35.002508129,11.818865853));
#7592=CARTESIAN_POINT('',(46.936378657,34.901738981,11.791383359));
#7593=B_SPLINE_CURVE_WITH_KNOTS('',3,(#7547,#7548,#7549,#7550,#7551,#7552,#7553,#7554,#7555,#7556,#7557,#7558,#7559,#7560,#7561,#7562,#7563,#7564,#7565,#7566,#7567,#7568,#7569,#7570,#7571,#7572,
#7573,#7574,#7575,#7576,#7577,#7578,#7579,#7580,#7581,#7582,#7583,#7584,#7585,#7586,#7587,#7588,#7589,#7590,#7591,#7592),.UNSPECIFIED.,.F.,.F.,(4,3,3,3,3,3,3,3,3,3,3,3,3,3,3,4),(0.,0.03125,0.0625,0.09375,0.125,0.25,0.375,0.5,0.53125,0.5625,0.625,0.75,0.875,0.90625,0.9375,1.),.UNSPECIFIED.);
#7594=EDGE_CURVE('',#3267,#7546,#7593,.T.);
#7595=ORIENTED_EDGE('',*,*,#7594,.T.);
#7596=CARTESIAN_POINT('',(45.,26.5,9.5));
#7597=DIRECTION('',(-0.,0.263117406,-0.964763821));
#7598=DIRECTION('',(-0.,-0.964763821,-0.263117406));
#7599=AXIS2_PLACEMENT_3D('',#7596,#7597,#7598);
#7600=ELLIPSE('',#7599,11.401754251,3.);
#7601=EDGE_CURVE('',#7546,#826,#7600,.T.);
#7602=ORIENTED_EDGE('',*,*,#7601,.T.);
#7603=ORIENTED_EDGE('',*,*,#977,.F.);
#7604=ORIENTED_EDGE('',*,*,#3003,.T.);
#7605=EDGE_LOOP('',(#7544,#7595,#7602,#7603,#7604));
#7606=FACE_BOUND('',#7605,.T.);
#7607=ADVANCED_FACE('',(#7606),#7543,.T.);
#7608=CARTESIAN_POINT('',(34.,45.5,12.5));
#7609=DIRECTION('',(-0.,0.,-1.));
#7610=DIRECTION('',(0.,1.,0.));
#7611=AXIS2_PLACEMENT_3D('',#7608,#7609,#7610);
#7612=CYLINDRICAL_SURFACE('',#7611,14.);
#7613=ORIENTED_EDGE('',*,*,#3402,.F.);
#7614=ORIENTED_EDGE('',*,*,#3010,.T.);
#7615=ORIENTED_EDGE('',*,*,#971,.F.);
#7616=CARTESIAN_POINT('',(34.,45.5,4.5));
#7617=DIRECTION('',(-0.,0.,-1.));
#7618=DIRECTION('',(0.,-1.,-0.));
#7619=AXIS2_PLACEMENT_3D('',#7616,#7617,#7618);
#7620=CIRCLE('',#7619,14.);
#7621=EDGE_CURVE('',#3397,#958,#7620,.T.);
#7622=ORIENTED_EDGE('',*,*,#7621,.F.);
#7623=EDGE_LOOP('',(#7613,#7614,#7615,#7622));
#7624=FACE_BOUND('',#7623,.T.);
#7625=ADVANCED_FACE('',(#7624),#7612,.T.);
#7626=CARTESIAN_POINT('',(43.5,37.5,20.5));
#7627=DIRECTION('',(-1.,0.,0.));
#7628=DIRECTION('',(-0.,-1.,0.));
#7629=AXIS2_PLACEMENT_3D('',#7626,#7627,#7628);
#7630=CYLINDRICAL_SURFACE('',#7629,8.);
#7631=CARTESIAN_POINT('',(44.234567901,37.5,20.5));
#7632=DIRECTION('',(-1.,0.,0.));
#7633=DIRECTION('',(-0.,-1.,0.));
#7634=AXIS2_PLACEMENT_3D('',#7631,#7632,#7633);
#7635=CIRCLE('',#7634,8.);
#7636=EDGE_CURVE('',#3259,#901,#7635,.T.);
#7637=ORIENTED_EDGE('',*,*,#7636,.F.);
#7638=ORIENTED_EDGE('',*,*,#3264,.F.);
#7639=CARTESIAN_POINT('',(37.,37.5,20.5));
#7640=DIRECTION('',(-1.,-0.,0.));
#7641=DIRECTION('',(-0.,0.,-1.));
#7642=AXIS2_PLACEMENT_3D('',#7639,#7640,#7641);
#7643=CIRCLE('',#7642,8.);
#7644=EDGE_CURVE('',#3250,#637,#7643,.T.);
#7645=ORIENTED_EDGE('',*,*,#7644,.T.);
#7646=ORIENTED_EDGE('',*,*,#912,.F.);
#7647=EDGE_LOOP('',(#7637,#7638,#7645,#7646));
#7648=FACE_BOUND('',#7647,.T.);
#7649=ADVANCED_FACE('',(#7648),#7630,.F.);
#7650=CARTESIAN_POINT('',(29.,34.5,-26.5));
#7651=DIRECTION('',(-0.,0.,-1.));
#7652=DIRECTION('',(-1.,0.,0.));
#7653=AXIS2_PLACEMENT_3D('',#7650,#7651,#7652);
#7654=CYLINDRICAL_SURFACE('',#7653,5.);
#7655=ORIENTED_EDGE('',*,*,#803,.F.);
#7656=ORIENTED_EDGE('',*,*,#3237,.T.);
#7657=ORIENTED_EDGE('',*,*,#3378,.F.);
#7658=CARTESIAN_POINT('',(29.,34.5,4.5));
#7659=DIRECTION('',(0.,-0.,1.));
#7660=DIRECTION('',(0.,-1.,-0.));
#7661=AXIS2_PLACEMENT_3D('',#7658,#7659,#7660);
#7662=CIRCLE('',#7661,5.);
#7663=EDGE_CURVE('',#798,#3367,#7662,.T.);
#7664=ORIENTED_EDGE('',*,*,#7663,.F.);
#7665=EDGE_LOOP('',(#7655,#7656,#7657,#7664));
#7666=FACE_BOUND('',#7665,.T.);
#7667=ADVANCED_FACE('',(#7666),#7654,.F.);
#7668=CARTESIAN_POINT('',(37.,4.5,9.5));
#7669=DIRECTION('',(0.,1.,0.));
#7670=DIRECTION('',(0.,-0.,1.));
#7671=AXIS2_PLACEMENT_3D('',#7668,#7669,#7670);
#7672=CYLINDRICAL_SURFACE('',#7671,3.);
#7673=ORIENTED_EDGE('',*,*,#795,.F.);
#7674=CARTESIAN_POINT('',(37.,26.5,9.5));
#7675=DIRECTION('',(-0.,0.263117406,-0.964763821));
#7676=DIRECTION('',(-0.,-0.964763821,-0.263117406));
#7677=AXIS2_PLACEMENT_3D('',#7674,#7675,#7676);
#7678=ELLIPSE('',#7677,11.401754251,3.);
#7679=EDGE_CURVE('',#756,#3021,#7678,.T.);
#7680=ORIENTED_EDGE('',*,*,#7679,.T.);
#7681=ORIENTED_EDGE('',*,*,#3027,.F.);
#7682=EDGE_LOOP('',(#7673,#7680,#7681));
#7683=FACE_BOUND('',#7682,.T.);
#7684=ADVANCED_FACE('',(#7683),#7672,.T.);
#7685=CARTESIAN_POINT('',(34.,26.5,9.5));
#7686=CARTESIAN_POINT('',(34.,26.5,9.5));
#7687=CARTESIAN_POINT('',(34.,26.5,9.5));
#7688=CARTESIAN_POINT('',(34.,26.5,9.5));
#7689=CARTESIAN_POINT('',(34.,26.5,9.5));
#7690=CARTESIAN_POINT('',(34.,26.5,9.5));
#7691=CARTESIAN_POINT('',(34.,26.5,9.5));
#7692=CARTESIAN_POINT('',(34.,26.5,9.5));
#7693=CARTESIAN_POINT('',(34.,26.5,9.5));
#7694=CARTESIAN_POINT('',(34.,26.5,9.5));
#7695=CARTESIAN_POINT('',(34.,26.5,9.5));
#7696=CARTESIAN_POINT('',(34.,26.5,9.5));
#7697=CARTESIAN_POINT('',(34.,26.5,9.5));
#7698=CARTESIAN_POINT('',(34.,26.5,9.5));
#7699=CARTESIAN_POINT('',(34.,26.5,9.5));
#7700=CARTESIAN_POINT('',(34.,26.5,9.5));
#7701=CARTESIAN_POINT('',(34.,26.5,9.5));
#7702=CARTESIAN_POINT('',(34.,26.5,9.5));
#7703=CARTESIAN_POINT('',(34.,27.101918706,9.664159647));
#7704=CARTESIAN_POINT('',(34.,27.101918706,9.664159647));
#7705=CARTESIAN_POINT('',(34.,27.047198824,9.71887953));
#7706=CARTESIAN_POINT('',(34.,27.047198824,9.71887953));
#7707=CARTESIAN_POINT('',(34.,26.992478941,9.773599412));
#7708=CARTESIAN_POINT('',(34.,26.992478941,9.773599412));
#7709=CARTESIAN_POINT('',(34.,26.937759059,9.828319294));
#7710=CARTESIAN_POINT('',(34.,26.937759059,9.828319294));
#7711=CARTESIAN_POINT('',(34.,26.883039177,9.883039177));
#7712=CARTESIAN_POINT('',(34.,26.883039177,9.883039177));
#7713=CARTESIAN_POINT('',(34.,26.828319294,9.937759059));
#7714=CARTESIAN_POINT('',(34.,26.828319294,9.937759059));
#7715=CARTESIAN_POINT('',(34.,26.773599412,9.992478941));
#7716=CARTESIAN_POINT('',(34.,26.773599412,9.992478941));
#7717=CARTESIAN_POINT('',(34.,26.71887953,10.047198824));
#7718=CARTESIAN_POINT('',(34.,26.71887953,10.047198824));
#7719=CARTESIAN_POINT('',(34.,26.664159647,10.101918706));
#7720=CARTESIAN_POINT('',(34.,26.664159647,10.101918706));
#7721=CARTESIAN_POINT('',(34.013546281,27.722667878,9.833454876));
#7722=CARTESIAN_POINT('',(34.016598382,27.685630576,9.870529753));
#7723=CARTESIAN_POINT('',(34.01926702,27.648593274,9.907600592));
#7724=CARTESIAN_POINT('',(34.023839966,27.574517331,9.981734655));
#7725=CARTESIAN_POINT('',(34.025744274,27.537478689,10.018797879));
#7726=CARTESIAN_POINT('',(34.028790422,27.463398759,10.092917392));
#7727=CARTESIAN_POINT('',(34.029932262,27.42635747,10.129973682));
#7728=CARTESIAN_POINT('',(34.03145459,27.352271001,10.204080194));
#7729=CARTESIAN_POINT('',(34.031835079,27.31522582,10.241130417));
#7730=CARTESIAN_POINT('',(34.031835079,27.241130417,10.31522582));
#7731=CARTESIAN_POINT('',(34.03145459,27.204080194,10.352271001));
#7732=CARTESIAN_POINT('',(34.029932262,27.129973682,10.42635747));
#7733=CARTESIAN_POINT('',(34.028790422,27.092917392,10.463398759));
#7734=CARTESIAN_POINT('',(34.025744274,27.018797879,10.537478689));
#7735=CARTESIAN_POINT('',(34.023839966,26.981734655,10.574517331));
#7736=CARTESIAN_POINT('',(34.01926702,26.907600592,10.648593274));
#7737=CARTESIAN_POINT('',(34.016598382,26.870529753,10.685630576));
#7738=CARTESIAN_POINT('',(34.013546281,26.833454876,10.722667878));
#7739=CARTESIAN_POINT('',(34.071892736,28.976794168,10.175489319));
#7740=CARTESIAN_POINT('',(34.087600623,28.900657801,10.248387909));
#7741=CARTESIAN_POINT('',(34.101357917,28.824521437,10.321688695));
#7742=CARTESIAN_POINT('',(34.124954138,28.672350516,10.468996217));
#7743=CARTESIAN_POINT('',(34.134793064,28.596315965,10.543002949));
#7744=CARTESIAN_POINT('',(34.150540266,28.444450363,10.691623075));
#7745=CARTESIAN_POINT('',(34.15644854,28.368619317,10.766236467));
#7746=CARTESIAN_POINT('',(34.164327059,28.217262177,10.915969906));
#7747=CARTESIAN_POINT('',(34.166297304,28.141736087,10.99108995));
#7748=CARTESIAN_POINT('',(34.166297304,27.99108995,11.141736087));
#7749=CARTESIAN_POINT('',(34.164327059,27.915969906,11.217262177));
#7750=CARTESIAN_POINT('',(34.15644854,27.766236467,11.368619317));
#7751=CARTESIAN_POINT('',(34.150540266,27.691623075,11.444450363));
#7752=CARTESIAN_POINT('',(34.134793064,27.543002949,11.596315965));
#7753=CARTESIAN_POINT('',(34.124954138,27.468996217,11.672350516));
#7754=CARTESIAN_POINT('',(34.101357917,27.321688695,11.824521437));
#7755=CARTESIAN_POINT('',(34.087600623,27.248387909,11.900657801));
#7756=CARTESIAN_POINT('',(34.071892736,27.175489319,11.976794168));
#7757=CARTESIAN_POINT('',(34.116728721,29.610070768,10.348201119));
#7758=CARTESIAN_POINT('',(34.142061423,29.513627352,10.438063169));
#7759=CARTESIAN_POINT('',(34.164257719,29.417183939,10.52874319));
#7760=CARTESIAN_POINT('',(34.202337252,29.224503936,10.711538638));
#7761=CARTESIAN_POINT('',(34.218220491,29.128267353,10.803654057));
#7762=CARTESIAN_POINT('',(34.243645168,28.936207619,10.98911815));
#7763=CARTESIAN_POINT('',(34.253186607,28.840384476,11.082466817));
#7764=CARTESIAN_POINT('',(34.265910442,28.649357793,11.270193902));
#7765=CARTESIAN_POINT('',(34.269092838,28.554154262,11.364572312));
#7766=CARTESIAN_POINT('',(34.269092838,28.364572312,11.554154262));
#7767=CARTESIAN_POINT('',(34.265910442,28.270193902,11.649357793));
#7768=CARTESIAN_POINT('',(34.253186607,28.082466817,11.840384476));
#7769=CARTESIAN_POINT('',(34.243645168,27.98911815,11.936207619));
#7770=CARTESIAN_POINT('',(34.218220491,27.803654057,12.128267353));
#7771=CARTESIAN_POINT('',(34.202337252,27.711538638,12.224503936));
#7772=CARTESIAN_POINT('',(34.164257719,27.52874319,12.417183939));
#7773=CARTESIAN_POINT('',(34.142061423,27.438063169,12.513627352));
#7774=CARTESIAN_POINT('',(34.116728721,27.348201119,12.610070768));
#7775=CARTESIAN_POINT('',(34.239485261,30.857408386,10.688384105));
#7776=CARTESIAN_POINT('',(34.289310572,30.718452775,10.80679998));
#7777=CARTESIAN_POINT('',(34.333059403,30.579497213,10.927722342));
#7778=CARTESIAN_POINT('',(34.408202349,30.302243225,11.174004051));
#7779=CARTESIAN_POINT('',(34.439596438,30.163944897,11.29936331));
#7780=CARTESIAN_POINT('',(34.489885096,29.88865966,11.553922695));
#7781=CARTESIAN_POINT('',(34.508779648,29.751672847,11.68312273));
#7782=CARTESIAN_POINT('',(34.533982088,29.479659031,11.944750279));
#7783=CARTESIAN_POINT('',(34.540289967,29.344632124,12.0771777));
#7784=CARTESIAN_POINT('',(34.540289967,29.0771777,12.344632124));
#7785=CARTESIAN_POINT('',(34.533982088,28.944750279,12.479659031));
#7786=CARTESIAN_POINT('',(34.508779648,28.68312273,12.751672847));
#7787=CARTESIAN_POINT('',(34.489885096,28.553922695,12.88865966));
#7788=CARTESIAN_POINT('',(34.439596438,28.29936331,13.163944897));
#7789=CARTESIAN_POINT('',(34.408202349,28.174004051,13.302243225));
#7790=CARTESIAN_POINT('',(34.333059403,27.927722342,13.579497213));
#7791=CARTESIAN_POINT('',(34.289310572,27.80679998,13.718452775));
#7792=CARTESIAN_POINT('',(34.239485261,27.688384105,13.857408386));
#7793=CARTESIAN_POINT('',(34.317425087,31.471296378,10.855808103));
#7794=CARTESIAN_POINT('',(34.382122838,31.310124482,10.98577397));
#7795=CARTESIAN_POINT('',(34.438991782,31.148952678,11.119526106));
#7796=CARTESIAN_POINT('',(34.536728478,30.827612911,11.393751436));
#7797=CARTESIAN_POINT('',(34.577596179,30.667445132,11.534224465));
#7798=CARTESIAN_POINT('',(34.643083601,30.349111906,11.821002282));
#7799=CARTESIAN_POINT('',(34.667703288,30.190946641,11.967306898));
#7800=CARTESIAN_POINT('',(34.700546091,29.877605878,12.264826148));
#7801=CARTESIAN_POINT('',(34.70876919,29.722430561,12.416040607));
#7802=CARTESIAN_POINT('',(34.70876919,29.416040607,12.722430561));
#7803=CARTESIAN_POINT('',(34.700546091,29.264826148,12.877605878));
#7804=CARTESIAN_POINT('',(34.667703288,28.967306898,13.190946641));
#7805=CARTESIAN_POINT('',(34.643083601,28.821002282,13.349111906));
#7806=CARTESIAN_POINT('',(34.577596179,28.534224465,13.667445132));
#7807=CARTESIAN_POINT('',(34.536728478,28.393751436,13.827612911));
#7808=CARTESIAN_POINT('',(34.438991782,28.119526106,14.148952678));
#7809=CARTESIAN_POINT('',(34.382122838,27.98577397,14.310124482));
#7810=CARTESIAN_POINT('',(34.317425087,27.855808103,14.471296378));
#7811=CARTESIAN_POINT('',(34.504930096,32.645414228,11.176022062));
#7812=CARTESIAN_POINT('',(34.601060603,32.437754854,11.320712608));
#7813=CARTESIAN_POINT('',(34.68580555,32.230095816,11.472867653));
#7814=CARTESIAN_POINT('',(34.831687762,31.816848405,11.790575615));
#7815=CARTESIAN_POINT('',(34.892824795,31.611260699,11.956128011));
#7816=CARTESIAN_POINT('',(34.990887347,31.20420719,12.29896834));
#7817=CARTESIAN_POINT('',(35.027812709,31.002742045,12.476255713));
#7818=CARTESIAN_POINT('',(35.077087246,30.605944884,12.840789624));
#7819=CARTESIAN_POINT('',(35.089436341,30.410613509,13.028035569));
#7820=CARTESIAN_POINT('',(35.089436341,30.028035569,13.410613509));
#7821=CARTESIAN_POINT('',(35.077087246,29.840789624,13.605944884));
#7822=CARTESIAN_POINT('',(35.027812709,29.476255713,14.002742045));
#7823=CARTESIAN_POINT('',(34.990887347,29.29896834,14.20420719));
#7824=CARTESIAN_POINT('',(34.892824795,28.956128011,14.611260699));
#7825=CARTESIAN_POINT('',(34.831687762,28.790575615,14.816848405));
#7826=CARTESIAN_POINT('',(34.68580555,28.472867653,15.230095816));
#7827=CARTESIAN_POINT('',(34.601060603,28.320712608,15.437754854));
#7828=CARTESIAN_POINT('',(34.504930096,28.176022062,15.645414228));
#7829=CARTESIAN_POINT('',(34.614486535,33.205445023,11.328757734));
#7830=CARTESIAN_POINT('',(34.72714995,32.973496048,11.476577469));
#7831=CARTESIAN_POINT('',(34.826630282,32.741547611,11.634265157));
#7832=CARTESIAN_POINT('',(34.998032519,32.280444219,11.967442477));
#7833=CARTESIAN_POINT('',(35.069954032,32.051290333,12.142931305));
#7834=CARTESIAN_POINT('',(35.185376357,31.598538399,12.509568955));
#7835=CARTESIAN_POINT('',(35.228876905,31.374941403,12.700716904));
#7836=CARTESIAN_POINT('',(35.286935907,30.936001538,13.096349478));
#7837=CARTESIAN_POINT('',(35.301494229,30.720659693,13.300833171));
#7838=CARTESIAN_POINT('',(35.301494229,30.300833171,13.720659693));
#7839=CARTESIAN_POINT('',(35.286935907,30.096349478,13.936001538));
#7840=CARTESIAN_POINT('',(35.228876905,29.700716904,14.374941403));
#7841=CARTESIAN_POINT('',(35.185376357,29.509568955,14.598538399));
#7842=CARTESIAN_POINT('',(35.069954032,29.142931305,15.051290333));
#7843=CARTESIAN_POINT('',(34.998032519,28.967442477,15.280444219));
#7844=CARTESIAN_POINT('',(34.826630282,28.634265157,15.741547611));
#7845=CARTESIAN_POINT('',(34.72714995,28.476577469,15.973496048));
#7846=CARTESIAN_POINT('',(34.614486535,28.328757734,16.205445023));
#7847=CARTESIAN_POINT('',(34.801782217,33.994236887,11.543882787));
#7848=CARTESIAN_POINT('',(34.936720427,33.724102001,11.689220706));
#7849=CARTESIAN_POINT('',(35.056206436,33.453968219,11.848853983));
#7850=CARTESIAN_POINT('',(35.262403478,32.917934708,12.194202092));
#7851=CARTESIAN_POINT('',(35.349113671,32.652037169,12.379915506));
#7852=CARTESIAN_POINT('',(35.488400049,32.128646352,12.774505196));
#7853=CARTESIAN_POINT('',(35.540975666,31.871155211,12.983379855));
#7854=CARTESIAN_POINT('',(35.61116879,31.368616275,13.421011822));
#7855=CARTESIAN_POINT('',(35.628786009,31.123570535,13.649767339));
#7856=CARTESIAN_POINT('',(35.628786009,30.649767339,14.123570535));
#7857=CARTESIAN_POINT('',(35.61116879,30.421011822,14.368616275));
#7858=CARTESIAN_POINT('',(35.540975666,29.983379855,14.871155211));
#7859=CARTESIAN_POINT('',(35.488400049,29.774505196,15.128646352));
#7860=CARTESIAN_POINT('',(35.349113671,29.379915506,15.652037169));
#7861=CARTESIAN_POINT('',(35.262403478,29.194202092,15.917934708));
#7862=CARTESIAN_POINT('',(35.056206436,28.848853983,16.453968219));
#7863=CARTESIAN_POINT('',(34.936720427,28.689220706,16.724102001));
#7864=CARTESIAN_POINT('',(34.801782217,28.543882787,16.994236887));
#7865=CARTESIAN_POINT('',(34.869833522,34.25375027,11.614659165));
#7866=CARTESIAN_POINT('',(35.011884386,33.970269993,11.75782958));
#7867=CARTESIAN_POINT('',(35.137790236,33.686791062,11.916955072));
#7868=CARTESIAN_POINT('',(35.355183392,33.124624585,12.264417859));
#7869=CARTESIAN_POINT('',(35.446669663,32.845939709,12.452753491));
#7870=CARTESIAN_POINT('',(35.593675084,32.298074836,12.855443612));
#7871=CARTESIAN_POINT('',(35.649193534,32.028897443,13.069796179));
#7872=CARTESIAN_POINT('',(35.723323465,31.504601168,13.52088928));
#7873=CARTESIAN_POINT('',(35.741934593,31.249484779,13.757627665));
#7874=CARTESIAN_POINT('',(35.741934593,30.757627665,14.249484779));
#7875=CARTESIAN_POINT('',(35.723323465,30.52088928,14.504601168));
#7876=CARTESIAN_POINT('',(35.649193534,30.069796179,15.028897443));
#7877=CARTESIAN_POINT('',(35.593675084,29.855443612,15.298074836));
#7878=CARTESIAN_POINT('',(35.446669663,29.452753491,15.845939709));
#7879=CARTESIAN_POINT('',(35.355183392,29.264417859,16.124624585));
#7880=CARTESIAN_POINT('',(35.137790236,28.916955072,16.686791062));
#7881=CARTESIAN_POINT('',(35.011884386,28.75782958,16.970269993));
#7882=CARTESIAN_POINT('',(34.869833522,28.614659165,17.25375027));
#7883=CARTESIAN_POINT('',(34.940987096,34.499972127,11.68181058));
#7884=CARTESIAN_POINT('',(35.089180701,34.203063251,11.821642477));
#7885=CARTESIAN_POINT('',(35.220662896,33.90615602,11.979186104));
#7886=CARTESIAN_POINT('',(35.447811726,33.317745593,12.326832013));
#7887=CARTESIAN_POINT('',(35.543477101,33.026245658,12.516932368));
#7888=CARTESIAN_POINT('',(35.697248806,32.453958698,12.926230622));
#7889=CARTESIAN_POINT('',(35.755354282,32.173174845,13.145426252));
#7890=CARTESIAN_POINT('',(35.832947037,31.627433767,13.608923814));
#7891=CARTESIAN_POINT('',(35.852433885,31.362479565,13.853223178));
#7892=CARTESIAN_POINT('',(35.852433885,30.853223178,14.362479565));
#7893=CARTESIAN_POINT('',(35.832947037,30.608923814,14.627433767));
#7894=CARTESIAN_POINT('',(35.755354282,30.145426252,15.173174845));
#7895=CARTESIAN_POINT('',(35.697248806,29.926230622,15.453958698));
#7896=CARTESIAN_POINT('',(35.543477101,29.516932368,16.026245658));
#7897=CARTESIAN_POINT('',(35.447811726,29.326832013,16.317745593));
#7898=CARTESIAN_POINT('',(35.220662896,28.979186104,16.90615602));
#7899=CARTESIAN_POINT('',(35.089180701,28.821642477,17.203063251));
#7900=CARTESIAN_POINT('',(34.940987096,28.68181058,17.499972127));
#7901=B_SPLINE_SURFACE_WITH_KNOTS('',3,3,((#7685,#7686,#7687,#7688,#7689,#7690,#7691,#7692,#7693,#7694,#7695,#7696,#7697,#7698,#7699,#7700,#7701,#7702),(#7703,#7704,#7705,#7706,#7707,#7708,#7709,#7710,#7711,#7712,#7713,#7714,#7715,#7716,#7717,#7718,#7719,#7720),(#7721,#7722,#7723,#7724,#7725,#7726,#7727,#7728,#7729,#7730,#7731,#7732,#7733,#7734,#7735,#7736,#7737,#7738),(#7739,#7740,#7741,#7742,#7743,#7744,#7745,#7746,#7747,#7748,#7749,#7750,#7751,#7752,#7753,#7754,#7755,#7756),(#7757,#7758,#7759,#7760,#7761,#7762,#7763,#7764,#7765,#7766,#7767,#7768,#7769,#7770,#7771,#7772,#7773,#7774),(#7775,#7776,#7777,#7778,#7779,#7780,#7781,#7782,#7783,#7784,#7785,#7786,#7787,#7788,#7789,#7790,#7791,#7792),(#7793,#7794,#7795,#7796,#7797,#7798,#7799,#7800,#7801,#7802,#7803,#7804,#7805,#7806,#7807,#7808,#7809,#7810),(#7811,#7812,#7813,#7814,#7815,#7816,#7817,#7818,#7819,#7820,#7821,#7822,#7823,#7824,#7825,#7826,#7827,#7828),(#7829,#7830,#7831,#7832,#7833,#7834,#7835,#7836,#7837,#7838,#7839,#7840,#7841,#7842,#7843,#7844,#7845,#7846),(#7847,#7848,#7849,#7850,#7851,#7852,#7853,#7854,#7855,#7856,#7857,#7858,#7859,#7860,#7861,#7862,#7863,#7864),(#7865,#7866,#7867,#7868,#7869,#7870,#7871,#7872,#7873,#7874,#7875,#7876,#7877,#7878,#7879,#7880,#7881,#7882),(#7883,#7884,#7885,#7886,#7887,#7888,#7889,#7890,#7891,#7892,#7893,#7894,#7895,#7896,#7897,#7898,#7899,#7900)),.UNSPECIFIED.,.F.,.F.,.U.,(4,2,2,2,2,4),(4,2,2,2,2,2,2,2,4),(0.,0.125,0.25,0.375,0.5,0.565500189),(0.,0.125,0.25,0.375,0.5,0.625,0.75,0.875,1.),.UNSPECIFIED.);
#7902=ORIENTED_EDGE('',*,*,#7679,.F.);
#7903=ORIENTED_EDGE('',*,*,#771,.F.);
#7904=CARTESIAN_POINT('',(34.940970687,34.499915343,11.681795094));
#7905=CARTESIAN_POINT('',(35.237355064,33.906103785,11.961460428));
#7906=CARTESIAN_POINT('',(35.466569703,33.312344739,12.312269203));
#7907=CARTESIAN_POINT('',(35.620339848,32.740063411,12.721565932));
#7908=CARTESIAN_POINT('',(35.774109992,32.167782084,13.130862662));
#7909=CARTESIAN_POINT('',(35.852408402,31.617079693,13.598574944));
#7910=CARTESIAN_POINT('',(35.852408402,31.107827319,14.107827319));
#7911=CARTESIAN_POINT('',(35.852408402,30.598574944,14.617079693));
#7912=CARTESIAN_POINT('',(35.774109992,30.130862662,15.167782084));
#7913=CARTESIAN_POINT('',(35.620339848,29.721565932,15.740063411));
#7914=CARTESIAN_POINT('',(35.466569703,29.312269203,16.312344739));
#7915=CARTESIAN_POINT('',(35.237355064,28.961460428,16.906103785));
#7916=CARTESIAN_POINT('',(34.940970687,28.681795094,17.499915343));
#7917=B_SPLINE_CURVE_WITH_KNOTS('',3,(#7904,#7905,#7906,#7907,#7908,#7909,#7910,#7911,#7912,#7913,#7914,#7915,#7916),.UNSPECIFIED.,.F.,.F.,(4,3,3,3,4),(0.,0.25,0.5,0.75,1.),.UNSPECIFIED.);
#7918=EDGE_CURVE('',#3021,#654,#7917,.T.);
#7919=ORIENTED_EDGE('',*,*,#7918,.F.);
#7920=EDGE_LOOP('',(#7902,#7903,#7919));
#7921=FACE_BOUND('',#7920,.T.);
#7922=ADVANCED_FACE('',(#7921),#7901,.F.);
#7923=CARTESIAN_POINT('',(36.422320739,37.484820739,12.5));
#7924=CARTESIAN_POINT('',(36.320600729,37.542483496,12.5));
#7925=CARTESIAN_POINT('',(36.217334685,37.596606972,12.497393464));
#7926=CARTESIAN_POINT('',(36.00804868,37.696735928,12.486181861));
#7927=CARTESIAN_POINT('',(35.902028717,37.742741407,12.477576794));
#7928=CARTESIAN_POINT('',(35.687573017,37.825594936,12.453582672));
#7929=CARTESIAN_POINT('',(35.579013022,37.862486101,12.438169633));
#7930=CARTESIAN_POINT('',(35.358544086,37.924808449,12.39856629));
#7931=CARTESIAN_POINT('',(35.246160235,37.950367997,12.374255296));
#7932=CARTESIAN_POINT('',(35.02371631,37.983023527,12.314732979));
#7933=CARTESIAN_POINT('',(34.911380301,37.991092245,12.27913103));
#7934=CARTESIAN_POINT('',(34.74958161,37.975659187,12.213017589));
#7935=CARTESIAN_POINT('',(34.697027097,37.96588466,12.188937249));
#7936=CARTESIAN_POINT('',(34.598046227,37.92996703,12.135320193));
#7937=CARTESIAN_POINT('',(34.552793744,37.903624313,12.10611343));
#7938=CARTESIAN_POINT('',(34.482744778,37.83004603,12.047620418));
#7939=CARTESIAN_POINT('',(34.458833422,37.782557037,12.018728039));
#7940=CARTESIAN_POINT('',(34.433819336,37.679269491,11.969110011));
#7941=CARTESIAN_POINT('',(34.431639831,37.623420596,11.94791809));
#7942=CARTESIAN_POINT('',(34.440290337,37.457951943,11.89448124));
#7943=CARTESIAN_POINT('',(34.464701817,37.345230834,11.869704663));
#7944=CARTESIAN_POINT('',(34.5461638,37.010329525,11.80912019));
#7945=CARTESIAN_POINT('',(34.613572839,36.787389264,11.786202667));
#7946=CARTESIAN_POINT('',(34.73130301,36.338130015,11.749049977));
#7947=CARTESIAN_POINT('',(34.783776981,36.112331715,11.736002957));
#7948=CARTESIAN_POINT('',(34.867483728,35.657486882,11.714519886));
#7949=CARTESIAN_POINT('',(34.898999224,35.428472908,11.706253518));
#7950=CARTESIAN_POINT('',(34.928449802,35.082315715,11.695791156));
#7951=CARTESIAN_POINT('',(34.935313138,34.966492259,11.692643248));
#7952=CARTESIAN_POINT('',(34.94096427,34.792075479,11.688311401));
#7953=CARTESIAN_POINT('',(34.942074316,34.733822971,11.686932629));
#7954=CARTESIAN_POINT('',(34.942710928,34.617086326,11.684291539));
#7955=CARTESIAN_POINT('',(34.942237494,34.558602188,11.683029222));
#7956=CARTESIAN_POINT('',(34.940954245,34.5,11.681818182));
#7957=CARTESIAN_POINT('',(36.436071952,37.22333548,12.5));
#7958=CARTESIAN_POINT('',(36.338527274,37.274559234,12.497940454));
#7959=CARTESIAN_POINT('',(36.23670998,37.331122989,12.493178648));
#7960=CARTESIAN_POINT('',(36.029303473,37.440770776,12.477570764));
#7961=CARTESIAN_POINT('',(35.923714259,37.493854809,12.466724686));
#7962=CARTESIAN_POINT('',(35.713537225,37.582383431,12.438268505));
#7963=CARTESIAN_POINT('',(35.607359728,37.622272171,12.42059672));
#7964=CARTESIAN_POINT('',(35.392298521,37.690991797,12.376705929));
#7965=CARTESIAN_POINT('',(35.282939898,37.719951049,12.350366233));
#7966=CARTESIAN_POINT('',(35.067345563,37.759890188,12.287302036));
#7967=CARTESIAN_POINT('',(34.958840992,37.771853347,12.250145166));
#7968=CARTESIAN_POINT('',(34.80396801,37.762709976,12.182926563));
#7969=CARTESIAN_POINT('',(34.753913228,37.755101159,12.15868831));
#7970=CARTESIAN_POINT('',(34.660648638,37.723702808,12.105647309));
#7971=CARTESIAN_POINT('',(34.618598156,37.699692352,12.077205909));
#7972=CARTESIAN_POINT('',(34.555654778,37.630891081,12.021955143));
#7973=CARTESIAN_POINT('',(34.535673752,37.585858655,11.995621238));
#7974=CARTESIAN_POINT('',(34.518056107,37.487510541,11.952328635));
#7975=CARTESIAN_POINT('',(34.519310425,37.434165042,11.934843364));
#7976=CARTESIAN_POINT('',(34.535933458,37.275535341,11.891817564));
#7977=CARTESIAN_POINT('',(34.562651053,37.166260467,11.872908888));
#7978=CARTESIAN_POINT('',(34.645606237,36.837132748,11.82472081));
#7979=CARTESIAN_POINT('',(34.708332762,36.613409334,11.804962579));
#7980=CARTESIAN_POINT('',(34.818218962,36.16481708,11.775373734));
#7981=CARTESIAN_POINT('',(34.86711157,35.940092673,11.766486283));
#7982=CARTESIAN_POINT('',(34.945877238,35.489546414,11.755164024));
#7983=CARTESIAN_POINT('',(34.975826577,35.263610029,11.752687396));
#7984=CARTESIAN_POINT('',(35.003722969,34.92299323,11.751064432));
#7985=CARTESIAN_POINT('',(35.010202414,34.809172307,11.750890593));
#7986=CARTESIAN_POINT('',(35.015440384,34.637948506,11.750982161));
#7987=CARTESIAN_POINT('',(35.016440088,34.580791931,11.751071877));
#7988=CARTESIAN_POINT('',(35.016907106,34.46630363,11.751345824));
#7989=CARTESIAN_POINT('',(35.019227811,34.40616146,11.754222804));
#7990=CARTESIAN_POINT('',(35.015056361,34.351547141,11.75175052));
#7991=CARTESIAN_POINT('',(36.449820574,36.961899506,12.513013662));
#7992=CARTESIAN_POINT('',(36.353731475,37.006442925,12.509557547));
#7993=CARTESIAN_POINT('',(36.252973151,37.060754335,12.503672455));
#7994=CARTESIAN_POINT('',(36.048892838,37.168278688,12.486403689));
#7995=CARTESIAN_POINT('',(35.945570849,37.22149163,12.475020014));
#7996=CARTESIAN_POINT('',(35.743137994,37.306184597,12.446113451));
#7997=CARTESIAN_POINT('',(35.641712508,37.344306597,12.428511531));
#7998=CARTESIAN_POINT('',(35.437841181,37.4100057,12.385552078));
#7999=CARTESIAN_POINT('',(35.33495011,37.437703148,12.3600814));
#8000=CARTESIAN_POINT('',(35.133505415,37.476130853,12.299759454));
#8001=CARTESIAN_POINT('',(35.03282872,37.487788852,12.264479363));
#8002=CARTESIAN_POINT('',(34.890441667,37.479860178,12.201485716));
#8003=CARTESIAN_POINT('',(34.844653947,37.472934787,12.178888974));
#8004=CARTESIAN_POINT('',(34.760065818,37.443931951,12.129910693));
#8005=CARTESIAN_POINT('',(34.722344093,37.421635404,12.103885581));
#8006=CARTESIAN_POINT('',(34.667273086,37.35753825,12.054313003));
#8007=CARTESIAN_POINT('',(34.650793726,37.315517779,12.031257177));
#8008=CARTESIAN_POINT('',(34.638639955,37.223642879,11.994591584));
#8009=CARTESIAN_POINT('',(34.641907637,37.173772051,11.980454234));
#8010=CARTESIAN_POINT('',(34.662597709,37.024979915,11.946437838));
#8011=CARTESIAN_POINT('',(34.689544572,36.921696154,11.93225939));
#8012=CARTESIAN_POINT('',(34.770231228,36.607602204,11.894520117));
#8013=CARTESIAN_POINT('',(34.828148211,36.390960558,11.877711058));
#8014=CARTESIAN_POINT('',(34.929405271,35.956814916,11.85285356));
#8015=CARTESIAN_POINT('',(34.974133778,35.739234682,11.845551531));
#8016=CARTESIAN_POINT('',(35.044611264,35.30337405,11.836283208));
#8017=CARTESIAN_POINT('',(35.070315632,35.084903537,11.834158738));
#8018=CARTESIAN_POINT('',(35.090387372,34.755574187,11.831331232));
#8019=CARTESIAN_POINT('',(35.094015508,34.645531283,11.830466942));
#8020=CARTESIAN_POINT('',(35.094459702,34.479992509,11.829010222));
#8021=CARTESIAN_POINT('',(35.093775461,34.424733979,11.828498545));
#8022=CARTESIAN_POINT('',(35.090678594,34.314047309,11.82738714));
#8023=CARTESIAN_POINT('',(35.092546059,34.254403503,11.830826537));
#8024=CARTESIAN_POINT('',(35.084958375,34.203100569,11.826127109));
#8025=CARTESIAN_POINT('',(36.477184095,36.441570333,12.564577933));
#8026=CARTESIAN_POINT('',(36.390789871,36.47361976,12.559556843));
#8027=CARTESIAN_POINT('',(36.300035642,36.518413745,12.552714465));
#8028=CARTESIAN_POINT('',(36.117951554,36.608310759,12.534857814));
#8029=CARTESIAN_POINT('',(36.026621695,36.653413789,12.52384354));
#8030=CARTESIAN_POINT('',(35.851530727,36.718748821,12.497113777));
#8031=CARTESIAN_POINT('',(35.764928766,36.747265101,12.481309615));
#8032=CARTESIAN_POINT('',(35.592966481,36.794557533,12.443760592));
#8033=CARTESIAN_POINT('',(35.507249975,36.813429959,12.421925215));
#8034=CARTESIAN_POINT('',(35.341181225,36.836535926,12.371118308));
#8035=CARTESIAN_POINT('',(35.259135303,36.841518773,12.341775544));
#8036=CARTESIAN_POINT('',(35.144578615,36.82805671,12.290480094));
#8037=CARTESIAN_POINT('',(35.107997505,36.820038994,12.272236116));
#8038=CARTESIAN_POINT('',(35.041146763,36.791729614,12.233294363));
#8039=CARTESIAN_POINT('',(35.01173026,36.771248285,12.212902922));
#8040=CARTESIAN_POINT('',(34.969872908,36.71450216,12.175218434));
#8041=CARTESIAN_POINT('',(34.958146048,36.678069448,12.158373774));
#8042=CARTESIAN_POINT('',(34.951193423,36.598721418,12.133007003));
#8043=CARTESIAN_POINT('',(34.955099537,36.55580684,12.124022122));
#8044=CARTESIAN_POINT('',(34.974160717,36.426950955,12.103213936));
#8045=CARTESIAN_POINT('',(34.995633611,36.33660405,12.095294911));
#8046=CARTESIAN_POINT('',(35.056684405,36.058101896,12.071361267));
#8047=CARTESIAN_POINT('',(35.097409299,35.862196034,12.057975355));
#8048=CARTESIAN_POINT('',(35.167183385,35.470042431,12.037017917));
#8049=CARTESIAN_POINT('',(35.197059887,35.273479728,12.029878154));
#8050=CARTESIAN_POINT('',(35.239934499,34.881555959,12.01837034));
#8051=CARTESIAN_POINT('',(35.252757576,34.685943513,12.013732983));
#8052=CARTESIAN_POINT('',(35.253730101,34.393184275,12.004584778));
#8053=CARTESIAN_POINT('',(35.251026403,34.295712253,12.001185909));
#8054=CARTESIAN_POINT('',(35.24187764,34.149723789,11.995221808));
#8055=CARTESIAN_POINT('',(35.237979919,34.101097719,11.993090164));
#8056=CARTESIAN_POINT('',(35.228401069,34.003928113,11.98849323));
#8057=CARTESIAN_POINT('',(35.228070051,33.950114993,11.991076844));
#8058=CARTESIAN_POINT('',(35.216104918,33.906887082,11.983374324));
#8059=CARTESIAN_POINT('',(36.490798994,36.182677134,12.603128542));
#8060=CARTESIAN_POINT('',(36.414639212,36.209020644,12.597939035));
#8061=CARTESIAN_POINT('',(36.3345101,36.246581925,12.591200592));
#8062=CARTESIAN_POINT('',(36.173897141,36.320914801,12.57419197));
#8063=CARTESIAN_POINT('',(36.093413293,36.357686396,12.563921791));
#8064=CARTESIAN_POINT('',(35.939674785,36.407214668,12.539415835));
#8065=CARTESIAN_POINT('',(35.86377798,36.427700105,12.525099097));
#8066=CARTESIAN_POINT('',(35.713386102,36.459149137,12.491493928));
#8067=CARTESIAN_POINT('',(35.638594209,36.47019296,12.472130066));
#8068=CARTESIAN_POINT('',(35.493842344,36.478910075,12.427475387));
#8069=CARTESIAN_POINT('',(35.422472301,36.477209763,12.401867379));
#8070=CARTESIAN_POINT('',(35.322864616,36.45651333,12.357550663));
#8071=CARTESIAN_POINT('',(35.291057093,36.446555013,12.341852134));
#8072=CARTESIAN_POINT('',(35.232875985,36.41621158,12.308553547));
#8073=CARTESIAN_POINT('',(35.207210613,36.395664415,12.291214655));
#8074=CARTESIAN_POINT('',(35.170193434,36.341231834,12.259414278));
#8075=CARTESIAN_POINT('',(35.159441632,36.307208703,12.245341748));
#8076=CARTESIAN_POINT('',(35.151633205,36.233586025,12.224331664));
#8077=CARTESIAN_POINT('',(35.153847093,36.193990943,12.216997163));
#8078=CARTESIAN_POINT('',(35.166211573,36.07475853,12.199939823));
#8079=CARTESIAN_POINT('',(35.181248874,35.991055272,12.193270744));
#8080=CARTESIAN_POINT('',(35.222646854,35.732287596,12.171949266));
#8081=CARTESIAN_POINT('',(35.249347677,35.549597041,12.158665002));
#8082=CARTESIAN_POINT('',(35.293320501,35.184537982,12.136566014));
#8083=CARTESIAN_POINT('',(35.311203195,35.00183646,12.128065158));
#8084=CARTESIAN_POINT('',(35.333058305,34.639771996,12.113008596));
#8085=CARTESIAN_POINT('',(35.336846152,34.460171988,12.106188813));
#8086=CARTESIAN_POINT('',(35.32705452,34.19425451,12.093553417));
#8087=CARTESIAN_POINT('',(35.321225228,34.106199836,12.088954248));
#8088=CARTESIAN_POINT('',(35.308140438,33.975189872,12.081165511));
#8089=CARTESIAN_POINT('',(35.30305603,33.931698704,12.078421566));
#8090=CARTESIAN_POINT('',(35.291363949,33.845107545,12.072596141));
#8091=CARTESIAN_POINT('',(35.289749715,33.797089277,12.074226974));
#8092=CARTESIAN_POINT('',(35.277349447,33.759120167,12.066244951));
#8093=CARTESIAN_POINT('',(36.517766534,35.669877719,12.705276333));
#8094=CARTESIAN_POINT('',(36.465112645,35.686145934,12.700655931));
#8095=CARTESIAN_POINT('',(36.40934744,35.708326764,12.694930425));
#8096=CARTESIAN_POINT('',(36.297082979,35.748508511,12.681037726));
#8097=CARTESIAN_POINT('',(36.240583722,35.766509428,12.672870534));
#8098=CARTESIAN_POINT('',(36.132339739,35.782326211,12.653862989));
#8099=CARTESIAN_POINT('',(36.078716642,35.785659539,12.642966519));
#8100=CARTESIAN_POINT('',(35.972224811,35.783167873,12.617946478));
#8101=CARTESIAN_POINT('',(35.919177985,35.777391016,12.603777648));
#8102=CARTESIAN_POINT('',(35.815979284,35.754940236,12.571704524));
#8103=CARTESIAN_POINT('',(35.764982783,35.738644257,12.553601568));
#8104=CARTESIAN_POINT('',(35.693107544,35.701589169,12.522943734));
#8105=CARTESIAN_POINT('',(35.670010282,35.687113407,12.51217644));
#8106=CARTESIAN_POINT('',(35.627197676,35.65140825,12.489611599));
#8107=CARTESIAN_POINT('',(35.607904349,35.630077364,12.477977031));
#8108=CARTESIAN_POINT('',(35.578030743,35.578969271,12.456709895));
#8109=CARTESIAN_POINT('',(35.567815815,35.549111798,12.447327018));
#8110=CARTESIAN_POINT('',(35.555501211,35.48565965,12.43301816));
#8111=CARTESIAN_POINT('',(35.552957385,35.45207176,12.427841949));
#8112=CARTESIAN_POINT('',(35.548289891,35.350414512,12.415042001));
#8113=CARTESIAN_POINT('',(35.548647813,35.279236701,12.408985984));
#8114=CARTESIAN_POINT('',(35.546469323,35.05906246,12.388610537));
#8115=CARTESIAN_POINT('',(35.543424201,34.903735203,12.374060757));
#8116=CARTESIAN_POINT('',(35.532553425,34.595131577,12.346947202));
#8117=CARTESIAN_POINT('',(35.525010207,34.441580147,12.334522752));
#8118=CARTESIAN_POINT('',(35.503004037,34.142754038,12.310326106));
#8119=CARTESIAN_POINT('',(35.488389056,33.997307703,12.298353164));
#8120=CARTESIAN_POINT('',(35.458385298,33.789119444,12.278365102));
#8121=CARTESIAN_POINT('',(35.447045588,33.721389682,12.271372818));
#8122=CARTESIAN_POINT('',(35.427763378,33.622818377,12.260194595));
#8123=CARTESIAN_POINT('',(35.420957652,33.590465267,12.256353992));
#8124=CARTESIAN_POINT('',(35.406548636,33.526855064,12.248417419));
#8125=CARTESIAN_POINT('',(35.402512088,33.492084915,12.247687385));
#8126=CARTESIAN_POINT('',(35.390923738,33.464933078,12.240085781));
#8127=CARTESIAN_POINT('',(36.531119174,35.415971502,12.768873514));
#8128=CARTESIAN_POINT('',(36.489967984,35.427779005,12.764989965));
#8129=CARTESIAN_POINT('',(36.446453023,35.441788029,12.760228636));
#8130=CARTESIAN_POINT('',(36.358585633,35.463446143,12.748804944));
#8131=CARTESIAN_POINT('',(36.314233204,35.471095233,12.742142582));
#8132=CARTESIAN_POINT('',(36.228580953,35.469270496,12.726771351));
#8133=CARTESIAN_POINT('',(36.185967826,35.463658354,12.7180235));
#8134=CARTESIAN_POINT('',(36.101058021,35.443486273,12.698125191));
#8135=CARTESIAN_POINT('',(36.058642616,35.428958425,12.686944561));
#8136=CARTESIAN_POINT('',(35.975608054,35.390252981,12.66185812));
#8137=CARTESIAN_POINT('',(35.934426107,35.366327786,12.647818128));
#8138=CARTESIAN_POINT('',(35.875691373,35.320587682,12.624284741));
#8139=CARTESIAN_POINT('',(35.856680095,35.30368389,12.616052215));
#8140=CARTESIAN_POINT('',(35.820917598,35.264950581,12.598875068));
#8141=CARTESIAN_POINT('',(35.804447117,35.243052515,12.590040406));
#8142=CARTESIAN_POINT('',(35.777325444,35.193255782,12.573715195));
#8143=CARTESIAN_POINT('',(35.766918933,35.165304097,12.566394506));
#8144=CARTESIAN_POINT('',(35.751483872,35.10659267,12.554713431));
#8145=CARTESIAN_POINT('',(35.746157876,35.075838308,12.550183714));
#8146=CARTESIAN_POINT('',(35.732048208,34.982560096,12.538293009));
#8147=CARTESIAN_POINT('',(35.724815275,34.917535449,12.531851177));
#8148=CARTESIAN_POINT('',(35.700749063,34.716959024,12.510479223));
#8149=CARTESIAN_POINT('',(35.683442222,34.576172019,12.494897262));
#8150=CARTESIAN_POINT('',(35.646146168,34.297328477,12.464190372));
#8151=CARTESIAN_POINT('',(35.626327749,34.159072888,12.449148119));
#8152=CARTESIAN_POINT('',(35.582981376,33.893069647,12.418691848));
#8153=CARTESIAN_POINT('',(35.559343466,33.765201429,12.403135185));
#8154=CARTESIAN_POINT('',(35.519417827,33.586489883,12.377818341));
#8155=CARTESIAN_POINT('',(35.50537017,33.529103092,12.369054834));
#8156=CARTESIAN_POINT('',(35.483046438,33.446986221,12.355292502));
#8157=CARTESIAN_POINT('',(35.475396799,33.420274554,12.350602517));
#8158=CARTESIAN_POINT('',(35.459659075,33.3682876,12.341000063));
#8159=CARTESIAN_POINT('',(35.454067709,33.340553174,12.338443751));
#8160=CARTESIAN_POINT('',(35.443253501,33.318512904,12.331055984));
#8161=CARTESIAN_POINT('',(36.557433656,34.915590258,12.920624074));
#8162=CARTESIAN_POINT('',(36.529465177,34.919697837,12.918585377));
#8163=CARTESIAN_POINT('',(36.501124574,34.920309403,12.916158483));
#8164=CARTESIAN_POINT('',(36.444748142,34.912361887,12.910438016));
#8165=CARTESIAN_POINT('',(36.416712313,34.903802805,12.907144445));
#8166=CARTESIAN_POINT('',(36.361994455,34.875335373,12.899600339));
#8167=CARTESIAN_POINT('',(36.334938304,34.856529977,12.895338882));
#8168=CARTESIAN_POINT('',(36.281346969,34.810813458,12.885719328));
#8169=CARTESIAN_POINT('',(36.254782102,34.783910358,12.880353688));
#8170=CARTESIAN_POINT('',(36.202486078,34.722747645,12.868396826));
#8171=CARTESIAN_POINT('',(36.176614445,34.68855146,12.861770755));
#8172=CARTESIAN_POINT('',(36.138826558,34.6317803,12.850788438));
#8173=CARTESIAN_POINT('',(36.126415508,34.611939833,12.846960025));
#8174=CARTESIAN_POINT('',(36.102247459,34.570139338,12.838991491));
#8175=CARTESIAN_POINT('',(36.090560189,34.548161506,12.834879841));
#8176=CARTESIAN_POINT('',(36.068721267,34.501930471,12.826877345));
#8177=CARTESIAN_POINT('',(36.058631621,34.477664383,12.823031514));
#8178=CARTESIAN_POINT('',(36.039833424,34.427767546,12.815941833));
#8179=CARTESIAN_POINT('',(36.031049502,34.402138784,12.812653765));
#8180=CARTESIAN_POINT('',(36.00515706,34.324155436,12.8029175));
#8181=CARTESIAN_POINT('',(35.98843148,34.270325557,12.796398432));
#8182=CARTESIAN_POINT('',(35.937660303,34.105411629,12.77498298));
#8183=CARTESIAN_POINT('',(35.903542346,33.991015558,12.758634442));
#8184=CARTESIAN_POINT('',(35.834631836,33.765270197,12.722475707));
#8185=CARTESIAN_POINT('',(35.79986886,33.653859385,12.702678523));
#8186=CARTESIAN_POINT('',(35.728936672,33.443403402,12.658976184));
#8187=CARTESIAN_POINT('',(35.69273352,33.344323491,12.63502876));
#8188=CARTESIAN_POINT('',(35.636552675,33.211791581,12.59521925));
#8189=CARTESIAN_POINT('',(35.617514514,33.170296139,12.581302845));
#8190=CARTESIAN_POINT('',(35.588406783,33.112937913,12.559380441));
#8191=CARTESIAN_POINT('',(35.578612544,33.094632681,12.551898426));
#8192=CARTESIAN_POINT('',(35.558827453,33.059794409,12.536573486));
#8193=CARTESIAN_POINT('',(35.549549948,33.042558758,12.529403749));
#8194=CARTESIAN_POINT('',(35.53874098,33.027686379,12.520701504));
#8195=CARTESIAN_POINT('',(36.570395498,34.66911523,13.008777452));
#8196=CARTESIAN_POINT('',(36.545649162,34.670065635,13.007846018));
#8197=CARTESIAN_POINT('',(36.521529462,34.665473727,13.0067391));
#8198=CARTESIAN_POINT('',(36.474405675,34.64638939,13.004071796));
#8199=CARTESIAN_POINT('',(36.451401588,34.631896961,13.00251141));
#8200=CARTESIAN_POINT('',(36.406371364,34.594195681,12.998834669));
#8201=CARTESIAN_POINT('',(36.384345228,34.570986832,12.996718314));
#8202=CARTESIAN_POINT('',(36.341133246,34.517036814,12.991827136));
#8203=CARTESIAN_POINT('',(36.3199474,34.486295646,12.989052313));
#8204=CARTESIAN_POINT('',(36.278278338,34.418465095,12.982741698));
#8205=CARTESIAN_POINT('',(36.257795122,34.381375711,12.979205907));
#8206=CARTESIAN_POINT('',(36.227494024,34.32186855,12.973254618));
#8207=CARTESIAN_POINT('',(36.217464279,34.301387315,12.971162922));
#8208=CARTESIAN_POINT('',(36.197528824,34.259281831,12.966750849));
#8209=CARTESIAN_POINT('',(36.187623113,34.23765758,12.964430473));
#8210=CARTESIAN_POINT('',(36.167918519,34.193414077,12.959548229));
#8211=CARTESIAN_POINT('',(36.158119636,34.170794824,12.956986361));
#8212=CARTESIAN_POINT('',(36.138611488,34.124709327,12.951608321));
#8213=CARTESIAN_POINT('',(36.128902224,34.101243084,12.948792148));
#8214=CARTESIAN_POINT('',(36.099883049,34.029795888,12.939942955));
#8215=CARTESIAN_POINT('',(36.080681756,33.980766469,12.933509258));
#8216=CARTESIAN_POINT('',(36.023305854,33.831260501,12.912451717));
#8217=CARTESIAN_POINT('',(35.985359225,33.728366241,12.89607142));
#8218=CARTESIAN_POINT('',(35.908972623,33.525603308,12.857806954));
#8219=CARTESIAN_POINT('',(35.87053265,33.425734635,12.835922784));
#8220=CARTESIAN_POINT('',(35.792058074,33.238495693,12.785830574));
#8221=CARTESIAN_POINT('',(35.75202347,33.151125424,12.757622533));
#8222=CARTESIAN_POINT('',(35.689949625,33.036548436,12.709952569));
#8223=CARTESIAN_POINT('',(35.668921354,33.001102509,12.693169597));
#8224=CARTESIAN_POINT('',(35.636770216,32.952941299,12.666578788));
#8225=CARTESIAN_POINT('',(35.625951716,32.937722176,12.657479126));
#8226=CARTESIAN_POINT('',(35.604094596,32.90910117,12.638794874));
#8227=CARTESIAN_POINT('',(35.593055978,32.895699286,12.629210283));
#8228=CARTESIAN_POINT('',(35.581898696,32.883280029,12.619376821));
#8229=CARTESIAN_POINT('',(36.595799846,34.186040569,13.209150028));
#8230=CARTESIAN_POINT('',(36.576854828,34.182792486,13.210081462));
#8231=CARTESIAN_POINT('',(36.55795774,34.17477219,13.210743735));
#8232=CARTESIAN_POINT('',(36.520227946,34.150277055,13.211421024));
#8233=CARTESIAN_POINT('',(36.501395241,34.133802216,13.211436039));
#8234=CARTESIAN_POINT('',(36.463762736,34.093487873,13.210709872));
#8235=CARTESIAN_POINT('',(36.444962936,34.069648369,13.209968691));
#8236=CARTESIAN_POINT('',(36.407364766,34.015694579,13.207621192));
#8237=CARTESIAN_POINT('',(36.388566396,33.985580292,13.206014875));
#8238=CARTESIAN_POINT('',(36.350939608,33.920166815,13.201828168));
#8239=CARTESIAN_POINT('',(36.332111191,33.884867624,13.199247777));
#8240=CARTESIAN_POINT('',(36.303822422,33.828847571,13.194564932));
#8241=CARTESIAN_POINT('',(36.294385142,33.809662342,13.192868608));
#8242=CARTESIAN_POINT('',(36.275491266,33.770404363,13.189191588));
#8243=CARTESIAN_POINT('',(36.26603467,33.750331613,13.187210893));
#8244=CARTESIAN_POINT('',(36.247098228,33.709434828,13.182951515));
#8245=CARTESIAN_POINT('',(36.237618382,33.688610792,13.180672833));
#8246=CARTESIAN_POINT('',(36.218631506,33.64634767,13.175803862));
#8247=CARTESIAN_POINT('',(36.209124475,33.624908583,13.173213575));
#8248=CARTESIAN_POINT('',(36.180556704,33.5598731,13.164954879));
#8249=CARTESIAN_POINT('',(36.161449285,33.51555848,13.158798637));
#8250=CARTESIAN_POINT('',(36.103893097,33.381376545,13.138215171));
#8251=CARTESIAN_POINT('',(36.065210398,33.290271155,13.121673206));
#8252=CARTESIAN_POINT('',(35.98696937,33.113477886,13.082078459));
#8253=CARTESIAN_POINT('',(35.947411042,33.027790006,13.059025678));
#8254=CARTESIAN_POINT('',(35.867166945,32.870550795,13.005537792));
#8255=CARTESIAN_POINT('',(35.826481176,32.798999465,12.975102687));
#8256=CARTESIAN_POINT('',(35.764418081,32.708814164,12.923259657));
#8257=CARTESIAN_POINT('',(35.743557976,32.681609346,12.904946918));
#8258=CARTESIAN_POINT('',(35.7119856,32.645904952,12.875848513));
#8259=CARTESIAN_POINT('',(35.701414439,32.634853959,12.865877495));
#8260=CARTESIAN_POINT('',(35.680174109,32.614589154,12.845378743));
#8261=CARTESIAN_POINT('',(35.66950494,32.605375341,12.834851009));
#8262=CARTESIAN_POINT('',(35.658784801,32.597148235,12.824038108));
#8263=CARTESIAN_POINT('',(36.608239234,33.949500238,13.321349517));
#8264=CARTESIAN_POINT('',(36.589457375,33.945073499,13.323019048));
#8265=CARTESIAN_POINT('',(36.570744878,33.936227244,13.324336069));
#8266=CARTESIAN_POINT('',(36.533425661,33.910727245,13.326167077));
#8267=CARTESIAN_POINT('',(36.514818942,33.894073501,13.326681062));
#8268=CARTESIAN_POINT('',(36.477678339,33.85399007,13.326807979));
#8269=CARTESIAN_POINT('',(36.459144455,33.830560383,13.32642091));
#8270=CARTESIAN_POINT('',(36.422116578,33.777956608,13.3246477));
#8271=CARTESIAN_POINT('',(36.403622585,33.74878252,13.323261559));
#8272=CARTESIAN_POINT('',(36.366641547,33.685721489,13.319392186));
#8273=CARTESIAN_POINT('',(36.348154502,33.651834546,13.316908955));
#8274=CARTESIAN_POINT('',(36.320404437,33.598243147,13.312287775));
#8275=CARTESIAN_POINT('',(36.311151165,33.579919183,13.310597994));
#8276=CARTESIAN_POINT('',(36.292634006,33.542479871,13.306907401));
#8277=CARTESIAN_POINT('',(36.283370118,33.523364522,13.304906589));
#8278=CARTESIAN_POINT('',(36.264827606,33.484471383,13.300581685));
#8279=CARTESIAN_POINT('',(36.255548983,33.464693592,13.298257592));
#8280=CARTESIAN_POINT('',(36.236972884,33.424604512,13.293273872));
#8281=CARTESIAN_POINT('',(36.227675408,33.404293222,13.290614245));
#8282=CARTESIAN_POINT('',(36.199748524,33.34275252,13.282113685));
#8283=CARTESIAN_POINT('',(36.181084659,33.300916273,13.275751072));
#8284=CARTESIAN_POINT('',(36.124905825,33.174527512,13.254429488));
#8285=CARTESIAN_POINT('',(36.087203615,33.089094979,13.237236771));
#8286=CARTESIAN_POINT('',(36.011036337,32.924135546,13.196110539));
#8287=CARTESIAN_POINT('',(35.97257127,32.844608646,13.172177023));
#8288=CARTESIAN_POINT('',(35.894614729,32.699712831,13.116785045));
#8289=CARTESIAN_POINT('',(35.855123255,32.634343917,13.085326584));
#8290=CARTESIAN_POINT('',(35.794918577,32.553098298,13.031907074));
#8291=CARTESIAN_POINT('',(35.774689107,32.528817718,13.013061934));
#8292=CARTESIAN_POINT('',(35.744078327,32.497372443,12.983162756));
#8293=CARTESIAN_POINT('',(35.733830305,32.487719951,12.972924452));
#8294=CARTESIAN_POINT('',(35.713241284,32.470202442,12.951891769));
#8295=CARTESIAN_POINT('',(35.702900286,32.462337425,12.94109739));
#8296=CARTESIAN_POINT('',(35.692510741,32.455430617,12.930018848));
#8297=CARTESIAN_POINT('',(36.632482679,33.488500658,13.568378426));
#8298=CARTESIAN_POINT('',(36.613355294,33.483025989,13.570929872));
#8299=CARTESIAN_POINT('',(36.59438821,33.473775307,13.572921655));
#8300=CARTESIAN_POINT('',(36.556732142,33.44862503,13.575731073));
#8301=CARTESIAN_POINT('',(36.538043157,33.432725435,13.576548708));
#8302=CARTESIAN_POINT('',(36.500900791,33.395180444,13.57695501));
#8303=CARTESIAN_POINT('',(36.482447408,33.373535048,13.576543677));
#8304=CARTESIAN_POINT('',(36.445733744,33.325401568,13.57443722));
#8305=CARTESIAN_POINT('',(36.427473463,33.298913483,13.572742097));
#8306=CARTESIAN_POINT('',(36.391103504,33.241997738,13.568013241));
#8307=CARTESIAN_POINT('',(36.372993826,33.211570077,13.564979508));
#8308=CARTESIAN_POINT('',(36.345910386,33.163651237,13.559383835));
#8309=CARTESIAN_POINT('',(36.336896086,33.147298733,13.557344432));
#8310=CARTESIAN_POINT('',(36.318889199,33.113947497,13.552910415));
#8311=CARTESIAN_POINT('',(36.309896613,33.096948766,13.550515801));
#8312=CARTESIAN_POINT('',(36.29192784,33.062417965,13.545364511));
#8313=CARTESIAN_POINT('',(36.282951655,33.044885896,13.542607834));
#8314=CARTESIAN_POINT('',(36.265010372,33.009401308,13.536725565));
#8315=CARTESIAN_POINT('',(36.256045275,32.99144879,13.533599973));
#8316=CARTESIAN_POINT('',(36.229158649,32.937129896,13.523659544));
#8317=CARTESIAN_POINT('',(36.211245784,32.90030218,13.516281055));
#8318=CARTESIAN_POINT('',(36.157478099,32.789328342,13.491808748));
#8319=CARTESIAN_POINT('',(36.121594187,32.714691529,13.472378089));
#8320=CARTESIAN_POINT('',(36.049408794,32.571334294,13.42684663));
#8321=CARTESIAN_POINT('',(36.013107313,32.502613871,13.40074583));
#8322=CARTESIAN_POINT('',(35.939746789,32.378314315,13.341435522));
#8323=CARTESIAN_POINT('',(35.902687745,32.322735181,13.308226014));
#8324=CARTESIAN_POINT('',(35.846276012,32.254641121,13.252751296));
#8325=CARTESIAN_POINT('',(35.827334906,32.234488874,13.233316314));
#8326=CARTESIAN_POINT('',(35.798685581,32.208756499,13.202707612));
#8327=CARTESIAN_POINT('',(35.789096195,32.200928373,13.192262006));
#8328=CARTESIAN_POINT('',(35.769832889,32.186883674,13.170878532));
#8329=CARTESIAN_POINT('',(35.760158969,32.180667102,13.159940664));
#8330=CARTESIAN_POINT('',(35.750440125,32.175312751,13.148753238));
#8331=CARTESIAN_POINT('',(36.644286736,33.264041409,13.703207845));
#8332=CARTESIAN_POINT('',(36.625088102,33.258717773,13.705903963));
#8333=CARTESIAN_POINT('',(36.606064394,33.249906061,13.707916353));
#8334=CARTESIAN_POINT('',(36.568326571,33.226140105,13.710551211));
#8335=CARTESIAN_POINT('',(36.549612456,33.21118586,13.711173679));
#8336=CARTESIAN_POINT('',(36.512453559,33.175968453,13.711006225));
#8337=CARTESIAN_POINT('',(36.494008776,33.155705292,13.710216304));
#8338=CARTESIAN_POINT('',(36.457348285,33.110703669,13.707201606));
#8339=CARTESIAN_POINT('',(36.439132576,33.085965207,13.70497683));
#8340=CARTESIAN_POINT('',(36.40288997,33.032846602,13.699069954));
#8341=CARTESIAN_POINT('',(36.384863074,33.004466458,13.695387855));
#8342=CARTESIAN_POINT('',(36.357934145,32.959790192,13.688754866));
#8343=CARTESIAN_POINT('',(36.348976405,32.944547095,13.686358895));
#8344=CARTESIAN_POINT('',(36.33109303,32.913463087,13.6811942));
#8345=CARTESIAN_POINT('',(36.322167395,32.897622176,13.678425474));
#8346=CARTESIAN_POINT('',(36.304343199,32.865446741,13.672512459));
#8347=CARTESIAN_POINT('',(36.295444638,32.849112218,13.669368169));
#8348=CARTESIAN_POINT('',(36.277669557,32.81605376,13.662701218));
#8349=CARTESIAN_POINT('',(36.268793036,32.799329827,13.659178556));
#8350=CARTESIAN_POINT('',(36.242188988,32.748730214,13.6480388));
#8351=CARTESIAN_POINT('',(36.224486973,32.714426722,13.639849935));
#8352=CARTESIAN_POINT('',(36.171422589,32.611055425,13.612962557));
#8353=CARTESIAN_POINT('',(36.136101881,32.541526797,13.591943262));
#8354=CARTESIAN_POINT('',(36.065249482,32.407909613,13.543536183));
#8355=CARTESIAN_POINT('',(36.029717792,32.343821058,13.516148399));
#8356=CARTESIAN_POINT('',(35.95812135,32.227752958,13.454824612));
#8357=CARTESIAN_POINT('',(35.922056599,32.175773413,13.420888608));
#8358=CARTESIAN_POINT('',(35.867318119,32.111887553,13.364938637));
#8359=CARTESIAN_POINT('',(35.848965066,32.092939509,13.345447653));
#8360=CARTESIAN_POINT('',(35.821244954,32.068663521,13.314932835));
#8361=CARTESIAN_POINT('',(35.811973161,32.061262537,13.304548172));
#8362=CARTESIAN_POINT('',(35.793361031,32.047946799,13.283349924));
#8363=CARTESIAN_POINT('',(35.784020695,32.042032043,13.272536339));
#8364=CARTESIAN_POINT('',(35.77464357,32.036912503,13.261506889));
#8365=CARTESIAN_POINT('',(36.667149763,32.829291076,13.994100143));
#8366=CARTESIAN_POINT('',(36.648451421,32.824903194,13.996554284));
#8367=CARTESIAN_POINT('',(36.629858741,32.817564216,13.998047184));
#8368=CARTESIAN_POINT('',(36.592866471,32.797673434,13.999168893));
#8369=CARTESIAN_POINT('',(36.574466882,32.785121629,13.998797703));
#8370=CARTESIAN_POINT('',(36.537842563,32.755494557,13.996249631));
#8371=CARTESIAN_POINT('',(36.519617834,32.73841929,13.994072748));
#8372=CARTESIAN_POINT('',(36.483325004,32.700434659,13.987971686));
#8373=CARTESIAN_POINT('',(36.465256903,32.679525294,13.984047506));
#8374=CARTESIAN_POINT('',(36.429259099,32.634561833,13.974510246));
#8375=CARTESIAN_POINT('',(36.411329396,32.610507736,13.968897166));
#8376=CARTESIAN_POINT('',(36.384524966,32.572585065,13.959254666));
#8377=CARTESIAN_POINT('',(36.375605177,32.559637253,13.955836687));
#8378=CARTESIAN_POINT('',(36.357793362,32.533213959,13.948600401));
#8379=CARTESIAN_POINT('',(36.348901335,32.519738476,13.944782095));
#8380=CARTESIAN_POINT('',(36.331142767,32.49234601,13.936752456));
#8381=CARTESIAN_POINT('',(36.322276224,32.478429026,13.932541122));
#8382=CARTESIAN_POINT('',(36.304566344,32.450239729,13.923732728));
#8383=CARTESIAN_POINT('',(36.295723006,32.435967415,13.919135667));
#8384=CARTESIAN_POINT('',(36.269224382,32.392746735,13.904776842));
#8385=CARTESIAN_POINT('',(36.251600485,32.363394628,13.894447435));
#8386=CARTESIAN_POINT('',(36.198827003,32.2747574,13.861276241));
#8387=CARTESIAN_POINT('',(36.163775628,32.214891367,13.836251479));
#8388=CARTESIAN_POINT('',(36.093788919,32.099125127,13.780847856));
#8389=CARTESIAN_POINT('',(36.058853587,32.043224918,13.750468996));
#8390=CARTESIAN_POINT('',(35.988953114,31.940905245,13.684824346));
#8391=CARTESIAN_POINT('',(35.953987975,31.89448578,13.649558556));
#8392=CARTESIAN_POINT('',(35.901408524,31.836103328,13.593345051));
#8393=CARTESIAN_POINT('',(35.883860083,31.818516968,13.574054746));
#8394=CARTESIAN_POINT('',(35.857490813,31.795466139,13.54433438));
#8395=CARTESIAN_POINT('',(35.848693289,31.788337314,13.534296774));
#8396=CARTESIAN_POINT('',(35.831080424,31.775275405,13.513967224));
#8397=CARTESIAN_POINT('',(35.822265084,31.769342321,13.503675281));
#8398=CARTESIAN_POINT('',(35.813439697,31.764050193,13.493259819));
#8399=CARTESIAN_POINT('',(36.678208732,32.618999992,14.150163021));
#8400=CARTESIAN_POINT('',(36.659808105,32.615380508,14.152231505));
#8401=CARTESIAN_POINT('',(36.641463666,32.609061109,14.153185387));
#8402=CARTESIAN_POINT('',(36.604882235,32.591636671,14.152970793));
#8403=CARTESIAN_POINT('',(36.586645242,32.580531632,14.151802318));
#8404=CARTESIAN_POINT('',(36.550273772,32.554150101,14.147449858));
#8405=CARTESIAN_POINT('',(36.532139294,32.538873609,14.144265873));
#8406=CARTESIAN_POINT('',(36.495967922,32.504763361,14.135989241));
#8407=CARTESIAN_POINT('',(36.477931028,32.485929605,14.130896594));
#8408=CARTESIAN_POINT('',(36.441949893,32.445319017,14.118909484));
#8409=CARTESIAN_POINT('',(36.424005651,32.423542186,14.112015021));
#8410=CARTESIAN_POINT('',(36.39715508,32.389130272,14.100402102));
#8411=CARTESIAN_POINT('',(36.388215854,32.377368524,14.096319258));
#8412=CARTESIAN_POINT('',(36.370358717,32.353339578,14.087743184));
#8413=CARTESIAN_POINT('',(36.361440806,32.341072381,14.083249954));
#8414=CARTESIAN_POINT('',(36.343625681,32.316109313,14.073866463));
#8415=CARTESIAN_POINT('',(36.334728467,32.303413441,14.068976203));
#8416=CARTESIAN_POINT('',(36.31695412,32.277669797,14.058812008));
#8417=CARTESIAN_POINT('',(36.308076987,32.264622024,14.053538074));
#8418=CARTESIAN_POINT('',(36.281474786,32.225066014,14.037160793));
#8419=CARTESIAN_POINT('',(36.263778914,32.198145085,14.025501969));
#8420=CARTESIAN_POINT('',(36.210800691,32.116652816,13.98846386));
#8421=CARTESIAN_POINT('',(36.17562773,32.061351992,13.961022935));
#8422=CARTESIAN_POINT('',(36.10553407,31.953718562,13.901498161));
#8423=CARTESIAN_POINT('',(36.070613371,31.901385956,13.869414312));
#8424=CARTESIAN_POINT('',(36.000984783,31.804602469,13.801458468));
#8425=CARTESIAN_POINT('',(35.966276894,31.760151588,13.765586474));
#8426=CARTESIAN_POINT('',(35.914345082,31.70307169,13.709578456));
#8427=CARTESIAN_POINT('',(35.897056148,31.685644462,13.690542446));
#8428=CARTESIAN_POINT('',(35.871151554,31.662363367,13.66151856));
#8429=CARTESIAN_POINT('',(35.862521491,31.655079626,13.651765619));
#8430=CARTESIAN_POINT('',(35.84527035,31.641542168,13.632116471));
#8431=CARTESIAN_POINT('',(35.836649272,31.63528845,13.622220263));
#8432=CARTESIAN_POINT('',(35.828032379,31.62958813,13.612259099));
#8433=CARTESIAN_POINT('',(36.699471826,32.214673073,14.482125763));
#8434=CARTESIAN_POINT('',(36.681057469,32.212523926,14.48319825));
#8435=CARTESIAN_POINT('',(36.662665637,32.208168662,14.482810766));
#8436=CARTESIAN_POINT('',(36.625934174,32.195508796,14.479332473));
#8437=CARTESIAN_POINT('',(36.607594542,32.187204193,14.476241663));
#8438=CARTESIAN_POINT('',(36.570974623,32.167108542,14.467573333));
#8439=CARTESIAN_POINT('',(36.552694336,32.155317494,14.461995813));
#8440=CARTESIAN_POINT('',(36.516200254,32.128711847,14.448570677));
#8441=CARTESIAN_POINT('',(36.497986459,32.113897247,14.440723062));
#8442=CARTESIAN_POINT('',(36.461632507,32.08170739,14.422974351));
#8443=CARTESIAN_POINT('',(36.44349235,32.064332132,14.413073256));
#8444=CARTESIAN_POINT('',(36.416342703,32.036695923,14.396843966));
#8445=CARTESIAN_POINT('',(36.407302919,32.027221633,14.391204594));
#8446=CARTESIAN_POINT('',(36.38924444,32.007806473,14.379493712));
#8447=CARTESIAN_POINT('',(36.380225745,31.997865603,14.373422201));
#8448=CARTESIAN_POINT('',(36.362210339,31.977575146,14.360874117));
#8449=CARTESIAN_POINT('',(36.353213627,31.967225559,14.354397544));
#8450=CARTESIAN_POINT('',(36.335243079,31.946175529,14.341066413));
#8451=CARTESIAN_POINT('',(36.326269243,31.935475086,14.334211854));
#8452=CARTESIAN_POINT('',(36.29938339,31.902934266,14.313121817));
#8453=CARTESIAN_POINT('',(36.281507026,31.880654397,14.298359975));
#8454=CARTESIAN_POINT('',(36.228031271,31.812751168,14.252293922));
#8455=CARTESIAN_POINT('',(36.192585215,31.766064182,14.219209185));
#8456=CARTESIAN_POINT('',(36.122159171,31.67355703,14.150024559));
#8457=CARTESIAN_POINT('',(36.087179183,31.627736864,14.113924672));
#8458=CARTESIAN_POINT('',(36.017742444,31.5406665,14.040442671));
#8459=CARTESIAN_POINT('',(35.983285693,31.499416302,14.003060557));
#8460=CARTESIAN_POINT('',(35.932035875,31.443745845,13.947325409));
#8461=CARTESIAN_POINT('',(35.915025153,31.426223166,13.928803363));
#8462=CARTESIAN_POINT('',(35.889623258,31.401837528,13.901267262));
#8463=CARTESIAN_POINT('',(35.88117499,31.394025378,13.892129723));
#8464=CARTESIAN_POINT('',(35.864317411,31.379091734,13.873964044));
#8465=CARTESIAN_POINT('',(35.855908099,31.37197024,13.864935904));
#8466=CARTESIAN_POINT('',(35.847518711,31.365223004,13.855976003));
#8467=CARTESIAN_POINT('',(36.709675951,32.020637238,14.658025628));
#8468=CARTESIAN_POINT('',(36.691061542,32.019194208,14.658489107));
#8469=CARTESIAN_POINT('',(36.672471421,32.015786966,14.657300377));
#8470=CARTESIAN_POINT('',(36.63534834,32.005431002,14.651896488));
#8471=CARTESIAN_POINT('',(36.616815379,31.998482281,14.647681328));
#8472=CARTESIAN_POINT('',(36.579815196,31.981430302,14.636502566));
#8473=CARTESIAN_POINT('',(36.561347974,31.971327046,14.629538964));
#8474=CARTESIAN_POINT('',(36.524487853,31.948352943,14.613141303));
#8475=CARTESIAN_POINT('',(36.506094952,31.935482097,14.603707245));
#8476=CARTESIAN_POINT('',(36.469392054,31.907359759,14.582646658));
#8477=CARTESIAN_POINT('',(36.451082056,31.892108267,14.571020131));
#8478=CARTESIAN_POINT('',(36.423685672,31.867735755,14.552144477));
#8479=CARTESIAN_POINT('',(36.414564979,31.859362372,14.545613282));
#8480=CARTESIAN_POINT('',(36.396347537,31.842165549,14.53210702));
#8481=CARTESIAN_POINT('',(36.387250788,31.833342109,14.525131953));
#8482=CARTESIAN_POINT('',(36.369082306,31.81529354,14.510772695));
#8483=CARTESIAN_POINT('',(36.360010573,31.806068411,14.503388504));
#8484=CARTESIAN_POINT('',(36.341893196,31.787264832,14.488245746));
#8485=CARTESIAN_POINT('',(36.332847552,31.777686383,14.48048718));
#8486=CARTESIAN_POINT('',(36.305751361,31.748493605,14.456702039));
#8487=CARTESIAN_POINT('',(36.287741557,31.728421848,14.440166024));
#8488=CARTESIAN_POINT('',(36.233887985,31.66695728,14.388937196));
#8489=CARTESIAN_POINT('',(36.198220058,31.62431517,14.3526236));
#8490=CARTESIAN_POINT('',(36.127421761,31.538795049,14.277898214));
#8491=CARTESIAN_POINT('',(36.092291391,31.495917038,14.239486424));
#8492=CARTESIAN_POINT('',(36.022636858,31.413020672,14.162788545));
#8493=CARTESIAN_POINT('',(35.988112694,31.373002318,14.124502455));
#8494=CARTESIAN_POINT('',(35.936832591,31.3174412,14.068835518));
#8495=CARTESIAN_POINT('',(35.919823581,31.299665229,14.050573571));
#8496=CARTESIAN_POINT('',(35.894443036,31.274408085,14.02382969));
#8497=CARTESIAN_POINT('',(35.886005016,31.266223505,14.015023237));
#8498=CARTESIAN_POINT('',(35.869174373,31.250371652,13.997661424));
#8499=CARTESIAN_POINT('',(35.86078175,31.242704378,13.989106065));
#8500=CARTESIAN_POINT('',(35.852412361,31.23531994,13.980693628));
#8501=CARTESIAN_POINT('',(36.729119597,31.650907899,15.028265873));
#8502=CARTESIAN_POINT('',(36.710118959,31.650372796,15.027802394));
#8503=CARTESIAN_POINT('',(36.691127058,31.64834955,15.025233899));
#8504=CARTESIAN_POINT('',(36.653174698,31.641570112,15.016299937));
#8505=CARTESIAN_POINT('',(36.634214241,31.636813921,15.009934471));
#8506=CARTESIAN_POINT('',(36.596338741,31.624811936,14.993819631));
#8507=CARTESIAN_POINT('',(36.5774237,31.617566143,14.984070258));
#8508=CARTESIAN_POINT('',(36.539653003,31.600828295,14.961600668));
#8509=CARTESIAN_POINT('',(36.520797349,31.591336241,14.948880451));
#8510=CARTESIAN_POINT('',(36.483159399,31.570349215,14.920882238));
#8511=CARTESIAN_POINT('',(36.464377104,31.558854243,14.905604241));
#8512=CARTESIAN_POINT('',(36.436269159,31.540292103,14.881078709));
#8513=CARTESIAN_POINT('',(36.42691076,31.533884776,14.872635442));
#8514=CARTESIAN_POINT('',(36.408217542,31.520660646,14.855264361));
#8515=CARTESIAN_POINT('',(36.398882722,31.513843843,14.846336548));
#8516=CARTESIAN_POINT('',(36.380238409,31.499831178,14.828048009));
#8517=CARTESIAN_POINT('',(36.370928915,31.492635317,14.818687282));
#8518=CARTESIAN_POINT('',(36.352336999,31.477894953,14.799584549));
#8519=CARTESIAN_POINT('',(36.343054577,31.470350451,14.789842543));
#8520=CARTESIAN_POINT('',(36.31525054,31.44723961,14.760122052));
#8521=CARTESIAN_POINT('',(36.296772152,31.431195937,14.739649096));
#8522=CARTESIAN_POINT('',(36.241530856,31.381520594,14.676871942));
#8523=CARTESIAN_POINT('',(36.204961817,31.346344601,14.633209454));
#8524=CARTESIAN_POINT('',(36.132452495,31.273821154,14.545566884));
#8525=CARTESIAN_POINT('',(36.096512213,31.236473701,14.501586802));
#8526=CARTESIAN_POINT('',(36.025372178,31.161554074,14.416613551));
#8527=CARTESIAN_POINT('',(35.990172425,31.1239819,14.375620382));
#8528=CARTESIAN_POINT('',(35.938012023,31.06891515,14.318849196));
#8529=CARTESIAN_POINT('',(35.92073176,31.050774819,14.300711895));
#8530=CARTESIAN_POINT('',(35.894981652,31.024069707,14.274995383));
#8531=CARTESIAN_POINT('',(35.886426663,31.015252234,14.266671453));
#8532=CARTESIAN_POINT('',(35.869375194,30.997816167,14.250571704));
#8533=CARTESIAN_POINT('',(35.860878714,30.989197573,14.242795886));
#8534=CARTESIAN_POINT('',(35.852412361,30.980693628,14.23531994));
#8535=CARTESIAN_POINT('',(36.738357207,31.475250765,15.222569835));
#8536=CARTESIAN_POINT('',(36.719166575,31.474926583,15.221798765));
#8537=CARTESIAN_POINT('',(36.699966922,31.473346785,15.218660669));
#8538=CARTESIAN_POINT('',(36.661567757,31.467852032,15.208137506));
#8539=CARTESIAN_POINT('',(36.642368244,31.463937076,15.200752438));
#8540=CARTESIAN_POINT('',(36.603987542,31.45394808,15.182222411));
#8541=CARTESIAN_POINT('',(36.584806354,31.44787404,15.171077452));
#8542=CARTESIAN_POINT('',(36.546480485,31.433742949,15.145514722));
#8543=CARTESIAN_POINT('',(36.527335804,31.425685898,15.131096951));
#8544=CARTESIAN_POINT('',(36.489101135,31.40776486,15.099475679));
#8545=CARTESIAN_POINT('',(36.470011146,31.397900872,15.082272178));
#8546=CARTESIAN_POINT('',(36.441430819,31.381881744,15.054742938));
#8547=CARTESIAN_POINT('',(36.431913153,31.376338176,15.045279193));
#8548=CARTESIAN_POINT('',(36.412898313,31.364865334,15.025837926));
#8549=CARTESIAN_POINT('',(36.403401139,31.35893606,15.015860404));
#8550=CARTESIAN_POINT('',(36.384429556,31.346713815,14.995452467));
#8551=CARTESIAN_POINT('',(36.374955147,31.340420843,14.985022052));
#8552=CARTESIAN_POINT('',(36.356031366,31.327493212,14.963769216));
#8553=CARTESIAN_POINT('',(36.346581995,31.320858552,14.952946793));
#8554=CARTESIAN_POINT('',(36.318274847,31.300475055,14.919982843));
#8555=CARTESIAN_POINT('',(36.299458037,31.286246699,14.897344631));
#8556=CARTESIAN_POINT('',(36.243198747,31.241907668,14.828173882));
#8557=CARTESIAN_POINT('',(36.205947409,31.210143029,14.780385231));
#8558=CARTESIAN_POINT('',(36.132099912,31.143611774,14.685354934));
#8559=CARTESIAN_POINT('',(36.095503754,31.108845157,14.638113288));
#8560=CARTESIAN_POINT('',(36.023112088,31.037718534,14.548073646));
#8561=CARTESIAN_POINT('',(35.98731658,31.001358528,14.505275649));
#8562=CARTESIAN_POINT('',(35.93433291,30.94667992,14.447333872));
#8563=CARTESIAN_POINT('',(35.916789952,30.928430617,14.429062483));
#8564=CARTESIAN_POINT('',(35.89066655,30.901154069,14.403584515));
#8565=CARTESIAN_POINT('',(35.881990589,30.89207812,14.395413378));
#8566=CARTESIAN_POINT('',(35.864704618,30.873980701,14.379775027));
#8567=CARTESIAN_POINT('',(35.856094609,30.86495923,14.372307813));
#8568=CARTESIAN_POINT('',(35.847518711,30.855976003,14.365223004));
#8569=CARTESIAN_POINT('',(36.75579066,31.143746108,15.627455469));
#8570=CARTESIAN_POINT('',(36.735854289,31.14355184,15.626353612));
#8571=CARTESIAN_POINT('',(36.715904858,31.142531303,15.622321412));
#8572=CARTESIAN_POINT('',(36.675999029,31.13889258,15.609033787));
#8573=CARTESIAN_POINT('',(36.65604263,31.136274394,15.599778362));
#8574=CARTESIAN_POINT('',(36.616142011,31.129495262,15.576681753));
#8575=CARTESIAN_POINT('',(36.596197792,31.125334316,15.562840569));
#8576=CARTESIAN_POINT('',(36.556340682,31.115524552,15.531209903));
#8577=CARTESIAN_POINT('',(36.536427792,31.109875735,15.513420422));
#8578=CARTESIAN_POINT('',(36.496652488,31.097145117,15.474530628));
#8579=CARTESIAN_POINT('',(36.476790075,31.090063318,15.453430314));
#8580=CARTESIAN_POINT('',(36.447048676,31.078407048,15.419774818));
#8581=CARTESIAN_POINT('',(36.437143579,31.074349363,15.408222148));
#8582=CARTESIAN_POINT('',(36.417353186,31.06589633,15.384528149));
#8583=CARTESIAN_POINT('',(36.40746789,31.061500983,15.37238682));
#8584=CARTESIAN_POINT('',(36.387719491,31.052379487,15.347595185));
#8585=CARTESIAN_POINT('',(36.377856388,31.047653339,15.33494488));
#8586=CARTESIAN_POINT('',(36.35815477,31.037877102,15.309214976));
#8587=CARTESIAN_POINT('',(36.348316255,31.032827014,15.296135377));
#8588=CARTESIAN_POINT('',(36.318841181,31.01720113,15.256372165));
#8589=CARTESIAN_POINT('',(36.299245093,31.006149716,15.229164137));
#8590=CARTESIAN_POINT('',(36.240647439,30.971175334,15.146398587));
#8591=CARTESIAN_POINT('',(36.201836482,30.945432225,15.089699599));
#8592=CARTESIAN_POINT('',(36.124876049,30.889531412,14.978357424));
#8593=CARTESIAN_POINT('',(36.086726573,30.859373707,14.923714237));
#8594=CARTESIAN_POINT('',(36.011242292,30.79508281,14.821583374));
#8595=CARTESIAN_POINT('',(35.973907487,30.760949619,14.774095699));
#8596=CARTESIAN_POINT('',(35.918631176,30.707097552,14.712055602));
#8597=CARTESIAN_POINT('',(35.900326722,30.688704815,14.692907473));
#8598=CARTESIAN_POINT('',(35.873065876,30.660493808,14.666961231));
#8599=CARTESIAN_POINT('',(35.864011567,30.650986488,14.658775142));
#8600=CARTESIAN_POINT('',(35.84597062,30.631771408,14.643407965));
#8601=CARTESIAN_POINT('',(35.836983983,30.622063648,14.636226877));
#8602=CARTESIAN_POINT('',(35.828032379,30.612259099,14.62958813));
#8603=CARTESIAN_POINT('',(36.763986505,30.987898586,15.838037141));
#8604=CARTESIAN_POINT('',(36.743393123,30.987618445,15.836911724));
#8605=CARTESIAN_POINT('',(36.722813777,30.986710125,15.832555401));
#8606=CARTESIAN_POINT('',(36.681696416,30.983637736,15.818094502));
#8607=CARTESIAN_POINT('',(36.661158401,30.981473669,15.807989926));
#8608=CARTESIAN_POINT('',(36.620136962,30.975890396,15.782746081));
#8609=CARTESIAN_POINT('',(36.599653538,30.972471191,15.767606812));
#8610=CARTESIAN_POINT('',(36.55875454,30.964378253,15.733007138));
#8611=CARTESIAN_POINT('',(36.538338967,30.95970452,15.713546734));
#8612=CARTESIAN_POINT('',(36.497588931,30.949103138,15.671018351));
#8613=CARTESIAN_POINT('',(36.477254469,30.943175488,15.647950371));
#8614=CARTESIAN_POINT('',(36.446823553,30.933344032,15.611177889));
#8615=CARTESIAN_POINT('',(36.43669171,30.929910217,15.598558643));
#8616=CARTESIAN_POINT('',(36.416453276,30.922729336,15.572685841));
#8617=CARTESIAN_POINT('',(36.406346683,30.91898227,15.559432285));
#8618=CARTESIAN_POINT('',(36.386160406,30.911174963,15.53238006));
#8619=CARTESIAN_POINT('',(36.376080721,30.907114723,15.51858139));
#8620=CARTESIAN_POINT('',(36.355949917,30.898681145,15.49052813));
#8621=CARTESIAN_POINT('',(36.345898797,30.894307806,15.476273541));
#8622=CARTESIAN_POINT('',(36.315790772,30.880718258,15.432959685));
#8623=CARTESIAN_POINT('',(36.2957792,30.871032516,15.403350332));
#8624=CARTESIAN_POINT('',(36.23594571,30.840098073,15.313392262));
#8625=CARTESIAN_POINT('',(36.196325017,30.816972156,15.251913535));
#8626=CARTESIAN_POINT('',(36.117726308,30.765719293,15.131651193));
#8627=CARTESIAN_POINT('',(36.078748293,30.737592346,15.072867577));
#8628=CARTESIAN_POINT('',(36.00154102,30.676342304,14.96370393));
#8629=CARTESIAN_POINT('',(35.963311763,30.643219208,14.913323897));
#8630=CARTESIAN_POINT('',(35.906609003,30.589791111,14.848337889));
#8631=CARTESIAN_POINT('',(35.887814938,30.571357837,14.828439893));
#8632=CARTESIAN_POINT('',(35.859794066,30.54277252,14.801774079));
#8633=CARTESIAN_POINT('',(35.850482147,30.53308818,14.79341567));
#8634=CARTESIAN_POINT('',(35.831916708,30.513407775,14.777848442));
#8635=CARTESIAN_POINT('',(35.822663188,30.50341171,14.770639621));
#8636=CARTESIAN_POINT('',(35.813439697,30.493259819,14.764050193));
#8637=CARTESIAN_POINT('',(36.779263091,30.697407701,16.27338823));
#8638=CARTESIAN_POINT('',(36.757429766,30.696863227,16.27241149));
#8639=CARTESIAN_POINT('',(36.735637482,30.696022673,16.267598159));
#8640=CARTESIAN_POINT('',(36.692140786,30.69366035,16.25115618));
#8641=CARTESIAN_POINT('',(36.670436373,30.692138582,16.239527531));
#8642=CARTESIAN_POINT('',(36.627121212,30.688324782,16.210312783));
#8643=CARTESIAN_POINT('',(36.605510464,30.68603275,16.192726683));
#8644=CARTESIAN_POINT('',(36.562388421,30.680589372,16.1524549));
#8645=CARTESIAN_POINT('',(36.540877128,30.677438026,16.129769215));
#8646=CARTESIAN_POINT('',(36.497959787,30.670186969,16.080156129));
#8647=CARTESIAN_POINT('',(36.476553741,30.666087258,16.053228726));
#8648=CARTESIAN_POINT('',(36.444527949,30.659159629,16.010299734));
#8649=CARTESIAN_POINT('',(36.433866565,30.656720743,15.995567088));
#8650=CARTESIAN_POINT('',(36.412572281,30.651572485,15.965363067));
#8651=CARTESIAN_POINT('',(36.40193938,30.648863113,15.949891692));
#8652=CARTESIAN_POINT('',(36.380702787,30.643162753,15.918317444));
#8653=CARTESIAN_POINT('',(36.370099094,30.640171765,15.902214573));
#8654=CARTESIAN_POINT('',(36.348921639,30.633897041,15.869484566));
#8655=CARTESIAN_POINT('',(36.338347878,30.630613304,15.852857431));
#8656=CARTESIAN_POINT('',(36.306672576,30.620306277,15.802350482));
#8657=CARTESIAN_POINT('',(36.285617019,30.612827167,15.767845123));
#8658=CARTESIAN_POINT('',(36.222642968,30.588432986,15.663113666));
#8659=CARTESIAN_POINT('',(36.180917093,30.569561064,15.591672189));
#8660=CARTESIAN_POINT('',(36.09802533,30.525886545,15.452411156));
#8661=CARTESIAN_POINT('',(36.05685944,30.501083948,15.384591599));
#8662=CARTESIAN_POINT('',(35.97513398,30.444835673,15.259437335));
#8663=CARTESIAN_POINT('',(35.934574409,30.413389996,15.202102628));
#8664=CARTESIAN_POINT('',(35.874224541,30.360704867,15.129111405));
#8665=CARTESIAN_POINT('',(35.8541895,30.342223722,15.10694947));
#8666=CARTESIAN_POINT('',(35.824263653,30.313056063,15.077602676));
#8667=CARTESIAN_POINT('',(35.814309491,30.303092519,15.068469762));
#8668=CARTESIAN_POINT('',(35.794444127,30.282672321,15.051609872));
#8669=CARTESIAN_POINT('',(35.784532927,30.272215666,15.043882895));
#8670=CARTESIAN_POINT('',(35.77464357,30.261506889,15.036912503));
#8671=CARTESIAN_POINT('',(36.786343833,30.562764337,16.498157646));
#8672=CARTESIAN_POINT('',(36.764142581,30.562053082,16.497352712));
#8673=CARTESIAN_POINT('',(36.741955348,30.561178236,16.492406087));
#8674=CARTESIAN_POINT('',(36.69761819,30.558977224,16.475155532));
#8675=CARTESIAN_POINT('',(36.675468266,30.557651058,16.462851602));
#8676=CARTESIAN_POINT('',(36.631214998,30.554423271,16.431812518));
#8677=CARTESIAN_POINT('',(36.609111655,30.55252165,16.413077363));
#8678=CARTESIAN_POINT('',(36.564960822,30.548018813,16.37010191));
#8679=CARTESIAN_POINT('',(36.542913333,30.545417597,16.34586161));
#8680=CARTESIAN_POINT('',(36.498883481,30.539391436,16.292801946));
#8681=CARTESIAN_POINT('',(36.476901119,30.53596649,16.263982582));
#8682=CARTESIAN_POINT('',(36.443983375,30.53011817,16.218013796));
#8683=CARTESIAN_POINT('',(36.433020094,30.528050247,16.202234245));
#8684=CARTESIAN_POINT('',(36.41111329,30.523661916,16.169877655));
#8685=CARTESIAN_POINT('',(36.400169768,30.521341508,16.153300617));
#8686=CARTESIAN_POINT('',(36.378303641,30.516432692,16.119464815));
#8687=CARTESIAN_POINT('',(36.367381037,30.513844283,16.10220605));
#8688=CARTESIAN_POINT('',(36.345557906,30.508383947,16.067122555));
#8689=CARTESIAN_POINT('',(36.334657379,30.505512019,16.049297825));
#8690=CARTESIAN_POINT('',(36.301990652,30.496447684,15.995148323));
#8691=CARTESIAN_POINT('',(36.280259306,30.489806723,15.958148242));
#8692=CARTESIAN_POINT('',(36.215218597,30.467903419,15.845835882));
#8693=CARTESIAN_POINT('',(36.172062559,30.450660658,15.769211483));
#8694=CARTESIAN_POINT('',(36.086233538,30.40990092,15.619872342));
#8695=CARTESIAN_POINT('',(36.043560554,30.386383943,15.5471576));
#8696=CARTESIAN_POINT('',(35.95877182,30.332082676,15.413046408));
#8697=CARTESIAN_POINT('',(35.916656071,30.301298386,15.35164996));
#8698=CARTESIAN_POINT('',(35.85395601,30.248926642,15.273600487));
#8699=CARTESIAN_POINT('',(35.833134917,30.230436843,15.249924863));
#8700=CARTESIAN_POINT('',(35.802028622,30.201060215,15.218617286));
#8701=CARTESIAN_POINT('',(35.791680748,30.19099435,15.208882404));
#8702=CARTESIAN_POINT('',(35.771027941,30.170299794,15.190930352));
#8703=CARTESIAN_POINT('',(35.760723008,30.159671102,15.182713183));
#8704=CARTESIAN_POINT('',(35.750440125,30.148753238,15.175312751));
#8705=CARTESIAN_POINT('',(36.799316876,30.316076312,16.959794253));
#8706=CARTESIAN_POINT('',(36.776732356,30.315078788,16.959391426));
#8707=CARTESIAN_POINT('',(36.754033205,30.314094564,16.954267119));
#8708=CARTESIAN_POINT('',(36.708437521,30.311982605,16.935620985));
#8709=CARTESIAN_POINT('',(36.685540987,30.31085487,16.92209916));
#8710=CARTESIAN_POINT('',(36.639582414,30.308285775,16.887703435));
#8711=CARTESIAN_POINT('',(36.616520375,30.306844415,16.866829536));
#8712=CARTESIAN_POINT('',(36.570262672,30.303477959,16.818775108));
#8713=CARTESIAN_POINT('',(36.547067007,30.301552862,16.791594579));
#8714=CARTESIAN_POINT('',(36.50057393,30.297048818,16.731972336));
#8715=CARTESIAN_POINT('',(36.477276517,30.29446987,16.699530621));
#8716=CARTESIAN_POINT('',(36.442277997,30.289983477,16.647706243));
#8717=CARTESIAN_POINT('',(36.43060309,30.288385017,16.629904483));
#8718=CARTESIAN_POINT('',(36.407239794,30.284960843,16.593377707));
#8719=CARTESIAN_POINT('',(36.395551404,30.283135128,16.574652692));
#8720=CARTESIAN_POINT('',(36.372165128,30.27923518,16.536410087));
#8721=CARTESIAN_POINT('',(36.360467241,30.277160946,16.516892498));
#8722=CARTESIAN_POINT('',(36.337065954,30.272742696,16.477195424));
#8723=CARTESIAN_POINT('',(36.325362554,30.270398679,16.457015941));
#8724=CARTESIAN_POINT('',(36.290250063,30.262930058,16.39568067));
#8725=CARTESIAN_POINT('',(36.26683868,30.257368882,16.353728063));
#8726=CARTESIAN_POINT('',(36.196643181,30.238683903,16.226251127));
#8727=CARTESIAN_POINT('',(36.149897716,30.223558647,16.139107684));
#8728=CARTESIAN_POINT('',(36.056764882,30.186610024,15.968866711));
#8729=CARTESIAN_POINT('',(36.010377513,30.164786658,15.885769182));
#8730=CARTESIAN_POINT('',(35.918215901,30.113080911,15.73198359));
#8731=CARTESIAN_POINT('',(35.872441658,30.08319853,15.661295528));
#8732=CARTESIAN_POINT('',(35.804431409,30.031310022,15.570843197));
#8733=CARTESIAN_POINT('',(35.781869845,30.012836363,15.543289048));
#8734=CARTESIAN_POINT('',(35.748214188,29.983232055,15.506636847));
#8735=CARTESIAN_POINT('',(35.73702675,29.973048316,15.495199285));
#8736=CARTESIAN_POINT('',(35.714718088,29.952028301,15.474014514));
#8737=CARTESIAN_POINT('',(35.703596865,29.941192024,15.464267307));
#8738=CARTESIAN_POINT('',(35.692510741,29.930018848,15.455430617));
#8739=CARTESIAN_POINT('',(36.805209178,30.20403165,17.196661445));
#8740=CARTESIAN_POINT('',(36.782280487,30.202897624,17.196488423));
#8741=CARTESIAN_POINT('',(36.759176008,30.201822833,17.191318705));
#8742=CARTESIAN_POINT('',(36.712659008,30.199610546,17.172082677));
#8743=CARTESIAN_POINT('',(36.689246487,30.198473049,17.158016367));
#8744=CARTESIAN_POINT('',(36.642156936,30.195954171,17.122083963));
#8745=CARTESIAN_POINT('',(36.618479906,30.19457279,17.100217868));
#8746=CARTESIAN_POINT('',(36.570904873,30.191384965,17.049782697));
#8747=CARTESIAN_POINT('',(36.54700687,30.189578521,17.02121362));
#8748=CARTESIAN_POINT('',(36.499033423,30.18535939,16.95846929));
#8749=CARTESIAN_POINT('',(36.47495798,30.182946704,16.924294037));
#8750=CARTESIAN_POINT('',(36.438744386,30.17873711,16.869649127));
#8751=CARTESIAN_POINT('',(36.42665645,30.177235484,16.850870485));
#8752=CARTESIAN_POINT('',(36.402452544,30.174012731,16.81232296));
#8753=CARTESIAN_POINT('',(36.390336573,30.172291603,16.792554075));
#8754=CARTESIAN_POINT('',(36.366082039,30.168607197,16.752163165));
#8755=CARTESIAN_POINT('',(36.353943476,30.166643919,16.731541139));
#8756=CARTESIAN_POINT('',(36.329649198,30.162452567,16.689581044));
#8757=CARTESIAN_POINT('',(36.317493484,30.160224492,16.668242977));
#8758=CARTESIAN_POINT('',(36.281008777,30.153109101,16.603360362));
#8759=CARTESIAN_POINT('',(36.256662221,30.147790619,16.558947403));
#8760=CARTESIAN_POINT('',(36.1836176,30.129838737,16.423880087));
#8761=CARTESIAN_POINT('',(36.134914581,30.115208903,16.331397291));
#8762=CARTESIAN_POINT('',(36.037843608,30.079175984,16.150330295));
#8763=CARTESIAN_POINT('',(35.989475654,30.057772898,16.061746095));
#8764=CARTESIAN_POINT('',(35.893423086,30.006744044,15.897250727));
#8765=CARTESIAN_POINT('',(35.845738472,29.977118277,15.821339559));
#8766=CARTESIAN_POINT('',(35.774985261,29.925425543,15.723558406));
#8767=CARTESIAN_POINT('',(35.751529809,29.906985618,15.693645622));
#8768=CARTESIAN_POINT('',(35.716572709,29.877376326,15.653620449));
#8769=CARTESIAN_POINT('',(35.704958023,29.867181661,15.641086058));
#8770=CARTESIAN_POINT('',(35.681809451,29.846119883,15.617769046));
#8771=CARTESIAN_POINT('',(35.670275565,29.835252769,15.606986423));
#8772=CARTESIAN_POINT('',(35.658784801,29.824038108,15.597148235));
#8773=CARTESIAN_POINT('',(36.81063501,30.100857111,17.446091013));
#8774=CARTESIAN_POINT('',(36.785422156,30.099528953,17.44609642));
#8775=CARTESIAN_POINT('',(36.760184313,30.098266352,17.440853492));
#8776=CARTESIAN_POINT('',(36.709677159,30.095692114,17.421008201));
#8777=CARTESIAN_POINT('',(36.684407848,30.094380478,17.406405838));
#8778=CARTESIAN_POINT('',(36.633856273,30.091528022,17.36897891));
#8779=CARTESIAN_POINT('',(36.608574008,30.089987203,17.346154345));
#8780=CARTESIAN_POINT('',(36.558015037,30.086496233,17.293420249));
#8781=CARTESIAN_POINT('',(36.532738331,30.084546083,17.263510718));
#8782=CARTESIAN_POINT('',(36.482208991,30.080056303,17.197743922));
#8783=CARTESIAN_POINT('',(36.456956357,30.077516673,17.161886657));
#8784=CARTESIAN_POINT('',(36.419109345,30.073130008,17.104492886));
#8785=CARTESIAN_POINT('',(36.406498998,30.071571583,17.084760316));
#8786=CARTESIAN_POINT('',(36.381291263,30.068239807,17.044234707));
#8787=CARTESIAN_POINT('',(36.368693876,30.066466457,17.023441667));
#8788=CARTESIAN_POINT('',(36.343514376,30.062682312,16.980937271));
#8789=CARTESIAN_POINT('',(36.330932264,30.060671517,16.959225915));
#8790=CARTESIAN_POINT('',(36.305785627,30.056389966,16.915027041));
#8791=CARTESIAN_POINT('',(36.293221103,30.054119209,16.892539523));
#8792=CARTESIAN_POINT('',(36.255557386,30.046883217,16.824125958));
#8793=CARTESIAN_POINT('',(36.230488046,30.041494261,16.777248899));
#8794=CARTESIAN_POINT('',(36.155427215,30.023362284,16.634519528));
#8795=CARTESIAN_POINT('',(36.105582909,30.008654156,16.53656902));
#8796=CARTESIAN_POINT('',(36.006434899,29.972556426,16.344170693));
#8797=CARTESIAN_POINT('',(35.957131196,29.951166826,16.249722872));
#8798=CARTESIAN_POINT('',(35.859212495,29.900264966,16.073427791));
#8799=CARTESIAN_POINT('',(35.810597498,29.870752708,15.991580531));
#8800=CARTESIAN_POINT('',(35.738302612,29.819311438,15.885083465));
#8801=CARTESIAN_POINT('',(35.714308918,29.800968868,15.852296747));
#8802=CARTESIAN_POINT('',(35.678489163,29.771526681,15.808038052));
#8803=CARTESIAN_POINT('',(35.66657771,29.76139123,15.794105384));
#8804=CARTESIAN_POINT('',(35.642814046,29.740455032,15.768022663));
#8805=CARTESIAN_POINT('',(35.630961835,29.729654285,15.75587261));
#8806=CARTESIAN_POINT('',(35.619140403,29.718509632,15.744684941));
#8807=CARTESIAN_POINT('',(36.810798812,30.097742345,17.453654313));
#8808=CARTESIAN_POINT('',(36.785549875,30.096411203,17.453662381));
#8809=CARTESIAN_POINT('',(36.760275359,30.095145197,17.448415664));
#8810=CARTESIAN_POINT('',(36.709696443,30.092563664,17.428547854));
#8811=CARTESIAN_POINT('',(36.684391627,30.091248115,17.413927318));
#8812=CARTESIAN_POINT('',(36.633770062,30.088387511,17.376451525));
#8813=CARTESIAN_POINT('',(36.608453354,30.086842478,17.353596337));
#8814=CARTESIAN_POINT('',(36.55782649,30.083342973,17.300789902));
#8815=CARTESIAN_POINT('',(36.532516314,30.081388492,17.27083863));
#8816=CARTESIAN_POINT('',(36.481921104,30.076890131,17.204978602));
#8817=CARTESIAN_POINT('',(36.456636063,30.074346249,17.169069847));
#8818=CARTESIAN_POINT('',(36.418741192,30.06995336,17.111592403));
#8819=CARTESIAN_POINT('',(36.406115017,30.068392886,17.091830869));
#8820=CARTESIAN_POINT('',(36.380875877,30.065057081,17.051245325));
#8821=CARTESIAN_POINT('',(36.368262911,30.063281749,17.030421315));
#8822=CARTESIAN_POINT('',(36.343052504,30.059493723,16.987853116));
#8823=CARTESIAN_POINT('',(36.330455062,30.057481029,16.966108926));
#8824=CARTESIAN_POINT('',(36.305278017,30.053195777,16.921842659));
#8825=CARTESIAN_POINT('',(36.292698413,30.050923218,16.899320583));
#8826=CARTESIAN_POINT('',(36.254989837,30.043681988,16.830800964));
#8827=CARTESIAN_POINT('',(36.229891112,30.038289771,16.78385006));
#8828=CARTESIAN_POINT('',(36.154743705,30.020148878,16.640891372));
#8829=CARTESIAN_POINT('',(36.104843794,30.00543596,16.542777614));
#8830=CARTESIAN_POINT('',(36.005589112,29.969331887,16.350040781));
#8831=CARTESIAN_POINT('',(35.956234342,29.94794073,16.255417697));
#8832=CARTESIAN_POINT('',(35.858218466,29.897039913,16.078768841));
#8833=CARTESIAN_POINT('',(35.809557367,29.867530258,15.996743069));
#8834=CARTESIAN_POINT('',(35.737197331,29.816096657,15.889982339));
#8835=CARTESIAN_POINT('',(35.713182871,29.797757527,15.857108106));
#8836=CARTESIAN_POINT('',(35.677332754,29.768321305,15.812720228));
#8837=CARTESIAN_POINT('',(35.665411318,29.758187983,15.798744844));
#8838=CARTESIAN_POINT('',(35.641627817,29.737256195,15.772577658));
#8839=CARTESIAN_POINT('',(35.629765751,29.72645773,15.760385855));
#8840=CARTESIAN_POINT('',(35.617934454,29.715315369,15.74915706));
#8841=CARTESIAN_POINT('',(36.816020717,29.998445565,17.695833247));
#8842=CARTESIAN_POINT('',(36.789000015,29.996969098,17.69596963));
#8843=CARTESIAN_POINT('',(36.761980188,29.995542747,17.69066545));
#8844=CARTESIAN_POINT('',(36.708123219,29.992628493,17.670146624));
#8845=CARTESIAN_POINT('',(36.681259384,29.991139187,17.654967856));
#8846=CARTESIAN_POINT('',(36.62768175,29.987925332,17.61595753));
#8847=CARTESIAN_POINT('',(36.600970729,29.986202119,17.592130392));
#8848=CARTESIAN_POINT('',(36.547700327,29.982349685,17.537017109));
#8849=CARTESIAN_POINT('',(36.52113976,29.980219947,17.505729303));
#8850=CARTESIAN_POINT('',(36.468178835,29.975382198,17.436882851));
#8851=CARTESIAN_POINT('',(36.441778063,29.97267408,17.399324313));
#8852=CARTESIAN_POINT('',(36.40229635,29.968046003,17.339165983));
#8853=CARTESIAN_POINT('',(36.38915572,29.966408988,17.31847643));
#8854=CARTESIAN_POINT('',(36.362914627,29.962924261,17.275970647));
#8855=CARTESIAN_POINT('',(36.349814166,29.961076548,17.254154416));
#8856=CARTESIAN_POINT('',(36.323653833,29.95714835,17.20954206));
#8857=CARTESIAN_POINT('',(36.310593962,29.955067863,17.186745936));
#8858=CARTESIAN_POINT('',(36.284515327,29.950652027,17.140320515));
#8859=CARTESIAN_POINT('',(36.271496556,29.948316673,17.116691206));
#8860=CARTESIAN_POINT('',(36.232502832,29.940895184,17.044773609));
#8861=CARTESIAN_POINT('',(36.206591315,29.935394082,16.995457339));
#8862=CARTESIAN_POINT('',(36.129116555,29.916964751,16.845153817));
#8863=CARTESIAN_POINT('',(36.077813104,29.902110565,16.741811917));
#8864=CARTESIAN_POINT('',(35.975946944,29.865850426,16.53822628));
#8865=CARTESIAN_POINT('',(35.925384269,29.844444372,16.437981897));
#8866=CARTESIAN_POINT('',(35.825054573,29.793664241,16.249969399));
#8867=CARTESIAN_POINT('',(35.775287962,29.764290472,16.162201327));
#8868=CARTESIAN_POINT('',(35.701273931,29.713188885,16.046938132));
#8869=CARTESIAN_POINT('',(35.676726748,29.694998008,16.011228581));
#8870=CARTESIAN_POINT('',(35.64005385,29.665804367,15.962656381));
#8871=CARTESIAN_POINT('',(35.627854635,29.655755707,15.947297433));
#8872=CARTESIAN_POINT('',(35.603497249,29.634992102,15.918398674));
#8873=CARTESIAN_POINT('',(35.591339076,29.624277158,15.904858865));
#8874=CARTESIAN_POINT('',(35.579196861,29.613213376,15.892306409));
#8875=CARTESIAN_POINT('',(36.820486014,29.913536012,17.935048515));
#8876=CARTESIAN_POINT('',(36.790014142,29.911849883,17.935293675));
#8877=CARTESIAN_POINT('',(36.758829641,29.909973131,17.930700784));
#8878=CARTESIAN_POINT('',(36.697906158,29.905930266,17.909642868));
#8879=CARTESIAN_POINT('',(36.667725125,29.903740929,17.893771976));
#8880=CARTESIAN_POINT('',(36.608142343,29.898967576,17.852715076));
#8881=CARTESIAN_POINT('',(36.578786764,29.896405763,17.827602501));
#8882=CARTESIAN_POINT('',(36.520754708,29.890830676,17.769561611));
#8883=CARTESIAN_POINT('',(36.492058515,29.88780881,17.736605675));
#8884=CARTESIAN_POINT('',(36.435360802,29.881231796,17.664284112));
#8885=CARTESIAN_POINT('',(36.407352427,29.877674909,17.624920267));
#8886=CARTESIAN_POINT('',(36.365753876,29.871828505,17.561980174));
#8887=CARTESIAN_POINT('',(36.351957245,29.869794438,17.540350725));
#8888=CARTESIAN_POINT('',(36.324492006,29.865536895,17.495941368));
#8889=CARTESIAN_POINT('',(36.31082342,29.863313416,17.473161446));
#8890=CARTESIAN_POINT('',(36.283605402,29.858657818,17.426598056));
#8891=CARTESIAN_POINT('',(36.270055986,29.856225698,17.402814578));
#8892=CARTESIAN_POINT('',(36.243069053,29.851133331,17.354389926));
#8893=CARTESIAN_POINT('',(36.229631434,29.848473025,17.329748533));
#8894=CARTESIAN_POINT('',(36.189478062,29.840120737,17.254756642));
#8895=CARTESIAN_POINT('',(36.162935891,29.83406508,17.203366525));
#8896=CARTESIAN_POINT('',(36.083913889,29.814191705,17.046730599));
#8897=CARTESIAN_POINT('',(36.032038585,29.798668691,16.939020288));
#8898=CARTESIAN_POINT('',(35.929682072,29.761793401,16.726146844));
#8899=CARTESIAN_POINT('',(35.879201432,29.740439433,16.620972963));
#8900=CARTESIAN_POINT('',(35.779531857,29.690614072,16.422306167));
#8901=CARTESIAN_POINT('',(35.730349715,29.662147798,16.328813956));
#8902=CARTESIAN_POINT('',(35.657434573,29.613098923,16.204155672));
#8903=CARTESIAN_POINT('',(35.633573593,29.59596387,16.164868839));
#8904=CARTESIAN_POINT('',(35.597717924,29.568315899,16.110949961));
#8905=CARTESIAN_POINT('',(35.585762634,29.558783002,16.093808296));
#8906=CARTESIAN_POINT('',(35.561678083,29.5389097,16.061480017));
#8907=CARTESIAN_POINT('',(35.549548821,29.528569297,16.046293402));
#8908=CARTESIAN_POINT('',(35.537248988,29.517738292,16.032230544));
#8909=CARTESIAN_POINT('',(36.828330869,29.764362689,18.428291945));
#8910=CARTESIAN_POINT('',(36.788494784,29.762161076,18.428686837));
#8911=CARTESIAN_POINT('',(36.746192947,29.759093035,18.42581114));
#8912=CARTESIAN_POINT('',(36.66640222,29.751994094,18.40337216));
#8913=CARTESIAN_POINT('',(36.627424318,29.747884965,18.385810166));
#8914=CARTESIAN_POINT('',(36.552111774,29.738809583,18.339862471));
#8915=CARTESIAN_POINT('',(36.515954001,29.733928643,18.311757332));
#8916=CARTESIAN_POINT('',(36.445872151,29.723582781,18.247083839));
#8917=CARTESIAN_POINT('',(36.411872741,29.718085029,18.210409951));
#8918=CARTESIAN_POINT('',(36.346139399,29.706682044,18.130602884));
#8919=CARTESIAN_POINT('',(36.314379578,29.700770867,18.087476513));
#8920=CARTESIAN_POINT('',(36.268006475,29.691540588,18.018904579));
#8921=CARTESIAN_POINT('',(36.252761984,29.688402911,17.995398811));
#8922=CARTESIAN_POINT('',(36.222653053,29.681994525,17.947236274));
#8923=CARTESIAN_POINT('',(36.207788696,29.678723803,17.92257945));
#8924=CARTESIAN_POINT('',(36.178402132,29.672036786,17.872255109));
#8925=CARTESIAN_POINT('',(36.163879984,29.668620482,17.846587554));
#8926=CARTESIAN_POINT('',(36.135146087,29.66162877,17.794377993));
#8927=CARTESIAN_POINT('',(36.120933953,29.658053136,17.767835156));
#8928=CARTESIAN_POINT('',(36.078725166,29.647067481,17.687099561));
#8929=CARTESIAN_POINT('',(36.051209995,29.63942811,17.631907066));
#8930=CARTESIAN_POINT('',(35.970198978,29.615362055,17.463746676));
#8931=CARTESIAN_POINT('',(35.918235973,29.59779135,17.348200135));
#8932=CARTESIAN_POINT('',(35.817295992,29.558586407,17.118127062));
#8933=CARTESIAN_POINT('',(35.768321187,29.536945704,17.00355946));
#8934=CARTESIAN_POINT('',(35.672696569,29.488563466,16.783396577));
#8935=CARTESIAN_POINT('',(35.626072122,29.461841333,16.677803852));
#8936=CARTESIAN_POINT('',(35.557256472,29.416974115,16.531988574));
#8937=CARTESIAN_POINT('',(35.535519321,29.402140315,16.48436483));
#8938=CARTESIAN_POINT('',(35.502209385,29.377777841,16.417699648));
#8939=CARTESIAN_POINT('',(35.491016595,29.369333043,16.396257963));
#8940=CARTESIAN_POINT('',(35.467860662,29.351237988,16.355575023));
#8941=CARTESIAN_POINT('',(35.455897519,29.341587729,16.336333769));
#8942=CARTESIAN_POINT('',(35.443253501,29.331055984,16.318512904));
#8943=CARTESIAN_POINT('',(36.831670758,29.700853267,18.682549019));
#8944=CARTESIAN_POINT('',(36.785845806,29.698342949,18.682982566));
#8945=CARTESIAN_POINT('',(36.736515795,29.694534665,18.681131016));
#8946=CARTESIAN_POINT('',(36.644815559,29.68551827,18.657875214));
#8947=CARTESIAN_POINT('',(36.600318171,29.680198406,18.639329948));
#8948=CARTESIAN_POINT('',(36.515232874,29.668406009,18.590576048));
#8949=CARTESIAN_POINT('',(36.474910514,29.662061702,18.560788249));
#8950=CARTESIAN_POINT('',(36.39755102,29.648709096,18.49246949));
#8951=CARTESIAN_POINT('',(36.360400888,29.641651554,18.453780227));
#8952=CARTESIAN_POINT('',(36.289423122,29.627215676,18.370043912));
#8953=CARTESIAN_POINT('',(36.255556814,29.6198288,18.325007068));
#8954=CARTESIAN_POINT('',(36.206591171,29.608479761,18.253661283));
#8955=CARTESIAN_POINT('',(36.190578084,29.604651465,18.229245511));
#8956=CARTESIAN_POINT('',(36.159098347,29.596897201,18.179287598));
#8957=CARTESIAN_POINT('',(36.143631822,29.592971215,18.153745373));
#8958=CARTESIAN_POINT('',(36.113186765,29.585012454,18.101667464));
#8959=CARTESIAN_POINT('',(36.098208319,29.580979666,18.075131723));
#8960=CARTESIAN_POINT('',(36.068690195,29.572796703,18.021193594));
#8961=CARTESIAN_POINT('',(36.054149939,29.568646187,17.993789957));
#8962=CARTESIAN_POINT('',(36.011127953,29.556002955,17.91046964));
#8963=CARTESIAN_POINT('',(35.983325805,29.547362656,17.853604569));
#8964=CARTESIAN_POINT('',(35.902031386,29.520621947,17.680409248));
#8965=CARTESIAN_POINT('',(35.850647744,29.501707453,17.56148536));
#8966=CARTESIAN_POINT('',(35.751742946,29.46080092,17.323601913));
#8967=CARTESIAN_POINT('',(35.704225047,29.438799185,17.204580749));
#8968=CARTESIAN_POINT('',(35.611951372,29.390774695,16.973467363));
#8969=CARTESIAN_POINT('',(35.567233333,29.364780962,16.861378904));
#8970=CARTESIAN_POINT('',(35.501213579,29.321792402,16.703486316));
#8971=CARTESIAN_POINT('',(35.48083288,29.308109998,16.650970176));
#8972=CARTESIAN_POINT('',(35.449095503,29.285317475,16.576671414));
#8973=CARTESIAN_POINT('',(35.438363825,29.277383799,16.552628522));
#8974=CARTESIAN_POINT('',(35.415733987,29.260041576,16.50684261));
#8975=CARTESIAN_POINT('',(35.403835828,29.250633029,16.48509959));
#8976=CARTESIAN_POINT('',(35.390923738,29.240085781,16.464933078));
#8977=CARTESIAN_POINT('',(36.837035182,29.598846433,19.196057041));
#8978=CARTESIAN_POINT('',(36.778039472,29.595679713,19.196450049));
#8979=CARTESIAN_POINT('',(36.71436409,29.590373056,19.195459845));
#8980=CARTESIAN_POINT('',(36.597525231,29.577384629,19.169475209));
#8981=CARTESIAN_POINT('',(36.541383728,29.569546401,19.148483356));
#8982=CARTESIAN_POINT('',(36.435655592,29.552071065,19.093278192));
#8983=CARTESIAN_POINT('',(36.386512847,29.542649028,19.059766232));
#8984=CARTESIAN_POINT('',(36.293726552,29.52293366,18.983546835));
#8985=CARTESIAN_POINT('',(36.249894669,29.512558256,18.940575561));
#8986=CARTESIAN_POINT('',(36.167774341,29.491618553,18.848572204));
#8987=CARTESIAN_POINT('',(36.129422289,29.481042003,18.799557126));
#8988=CARTESIAN_POINT('',(36.07493341,29.465070829,18.722488313));
#8989=CARTESIAN_POINT('',(36.057282248,29.459728552,18.696204191));
#8990=CARTESIAN_POINT('',(36.022881112,29.449008261,18.642577394));
#8991=CARTESIAN_POINT('',(36.00613135,29.443630214,18.61523458));
#8992=CARTESIAN_POINT('',(35.973431791,29.43283639,18.559606869));
#8993=CARTESIAN_POINT('',(35.95748214,29.42742059,18.531321875));
#8994=CARTESIAN_POINT('',(35.92629695,29.416546803,18.473916112));
#8995=CARTESIAN_POINT('',(35.911060447,29.411088246,18.44479326));
#8996=CARTESIAN_POINT('',(35.866317433,29.39464309,18.356331073));
#8997=CARTESIAN_POINT('',(35.837912082,29.383660511,18.296166466));
#8998=CARTESIAN_POINT('',(35.756044378,29.350504836,18.113100072));
#8999=CARTESIAN_POINT('',(35.705919843,29.328132484,17.987636954));
#9000=CARTESIAN_POINT('',(35.61136101,29.282148416,17.734621941));
#9001=CARTESIAN_POINT('',(35.566932139,29.258520539,17.606967372));
#9002=CARTESIAN_POINT('',(35.481651044,29.20925545,17.354451059));
#9003=CARTESIAN_POINT('',(35.440860057,29.183666177,17.229595211));
#9004=CARTESIAN_POINT('',(35.380463352,29.142719068,17.047764091));
#9005=CARTESIAN_POINT('',(35.362493918,29.130482723,16.985833054));
#9006=CARTESIAN_POINT('',(35.333626541,29.109696573,16.896543133));
#9007=CARTESIAN_POINT('',(35.323754938,29.102432558,16.867343356));
#9008=CARTESIAN_POINT('',(35.302219676,29.086037816,16.811228664));
#9009=CARTESIAN_POINT('',(35.290556017,29.07690709,16.784313749));
#9010=CARTESIAN_POINT('',(35.277349447,29.066244951,16.759120167));
#9011=CARTESIAN_POINT('',(36.839059717,29.560349021,19.455307989));
#9012=CARTESIAN_POINT('',(36.774517214,29.556911181,19.455635287));
#9013=CARTESIAN_POINT('',(36.704944465,29.550903146,19.454483784));
#9014=CARTESIAN_POINT('',(36.577328031,29.535939629,19.426570351));
#9015=CARTESIAN_POINT('',(36.516093604,29.526816514,19.404096898));
#9016=CARTESIAN_POINT('',(36.401213066,29.506392361,19.345194494));
#9017=CARTESIAN_POINT('',(36.348100505,29.495350327,19.309607138));
#9018=CARTESIAN_POINT('',(36.248233687,29.472244944,19.229053145));
#9019=CARTESIAN_POINT('',(36.201253432,29.460083105,19.183769904));
#9020=CARTESIAN_POINT('',(36.113739354,29.435598649,19.087330841));
#9021=CARTESIAN_POINT('',(36.073129777,29.423262669,19.036195419));
#9022=CARTESIAN_POINT('',(36.015728914,29.404711345,18.956096242));
#9023=CARTESIAN_POINT('',(35.997187193,29.398518684,18.928826327));
#9024=CARTESIAN_POINT('',(35.961143978,29.386122039,18.873270884));
#9025=CARTESIAN_POINT('',(35.943642736,29.379918016,18.844985187));
#9026=CARTESIAN_POINT('',(35.909562323,29.367501057,18.787506128));
#9027=CARTESIAN_POINT('',(35.892983326,29.361288097,18.758312651));
#9028=CARTESIAN_POINT('',(35.86064769,29.34885272,18.699113781));
#9029=CARTESIAN_POINT('',(35.844889894,29.342629621,18.669105892));
#9030=CARTESIAN_POINT('',(35.798729401,29.32394591,18.57800867));
#9031=CARTESIAN_POINT('',(35.769601199,29.311559086,18.516167817));
#9032=CARTESIAN_POINT('',(35.686086765,29.274482621,18.328131605));
#9033=CARTESIAN_POINT('',(35.635554775,29.249886819,18.199436394));
#9034=CARTESIAN_POINT('',(35.541106273,29.20037503,17.939031007));
#9035=CARTESIAN_POINT('',(35.497196272,29.175439648,17.80719762));
#9036=CARTESIAN_POINT('',(35.41364347,29.124603537,17.544335592));
#9037=CARTESIAN_POINT('',(35.374073036,29.09876004,17.413313768));
#9038=CARTESIAN_POINT('',(35.315792623,29.05819822,17.219883505));
#9039=CARTESIAN_POINT('',(35.298722594,29.046350357,17.153534587));
#9040=CARTESIAN_POINT('',(35.271073669,29.026175067,17.057073038));
#9041=CARTESIAN_POINT('',(35.261600386,29.019133355,17.025384401));
#9042=CARTESIAN_POINT('',(35.240688992,29.003072732,16.964187738));
#9043=CARTESIAN_POINT('',(35.229250881,28.994053821,16.934679712));
#9044=CARTESIAN_POINT('',(35.216104918,28.983374324,16.906887082));
#9045=CARTESIAN_POINT('',(36.841767681,29.508855905,19.976356174));
#9046=CARTESIAN_POINT('',(36.767765861,29.504952712,19.976524577));
#9047=CARTESIAN_POINT('',(36.689932225,29.497811318,19.972472583));
#9048=CARTESIAN_POINT('',(36.545101128,29.479379381,19.938883813));
#9049=CARTESIAN_POINT('',(36.475551073,29.467954732,19.912777818));
#9050=CARTESIAN_POINT('',(36.345362695,29.4421448,19.845483266));
#9051=CARTESIAN_POINT('',(36.285394623,29.428086725,19.805346599));
#9052=CARTESIAN_POINT('',(36.172943344,29.398552784,19.715404911));
#9053=CARTESIAN_POINT('',(36.120177639,29.382953804,19.665204133));
#9054=CARTESIAN_POINT('',(36.02234528,29.351503904,19.559211734));
#9055=CARTESIAN_POINT('',(35.977186084,29.335641301,19.503445593));
#9056=CARTESIAN_POINT('',(35.913627153,29.3118161,19.41663539));
#9057=CARTESIAN_POINT('',(35.893145381,29.303867908,19.387166596));
#9058=CARTESIAN_POINT('',(35.85342045,29.287976433,19.327282792));
#9059=CARTESIAN_POINT('',(35.834177606,29.2800331,19.296867573));
#9060=CARTESIAN_POINT('',(35.796791835,29.264164125,19.2351878));
#9061=CARTESIAN_POINT('',(35.778649124,29.25623845,19.203923101));
#9062=CARTESIAN_POINT('',(35.74334798,29.240413873,19.140626008));
#9063=CARTESIAN_POINT('',(35.726188099,29.232514118,19.10859049));
#9064=CARTESIAN_POINT('',(35.676047567,29.208869371,19.011455708));
#9065=CARTESIAN_POINT('',(35.644608027,29.193289153,18.945730755));
#9066=CARTESIAN_POINT('',(35.555027088,29.147060833,18.746212042));
#9067=CARTESIAN_POINT('',(35.50159113,29.116935171,18.610092834));
#9068=CARTESIAN_POINT('',(35.403183412,29.057882555,18.33377353));
#9069=CARTESIAN_POINT('',(35.358219794,29.028931357,18.193419422));
#9070=CARTESIAN_POINT('',(35.274307683,28.971938326,17.910961904));
#9071=CARTESIAN_POINT('',(35.235445454,28.943966941,17.768866061));
#9072=CARTESIAN_POINT('',(35.179390712,28.901685655,17.555693923));
#9073=CARTESIAN_POINT('',(35.162826473,28.889119215,17.48271808));
#9074=CARTESIAN_POINT('',(35.136453797,28.868425954,17.375070174));
#9075=CARTESIAN_POINT('',(35.127513108,28.861325894,17.339433817));
#9076=CARTESIAN_POINT('',(35.107896287,28.845375561,17.269775718));
#9077=CARTESIAN_POINT('',(35.097220155,28.836525288,17.235753976));
#9078=CARTESIAN_POINT('',(35.084958375,28.826127109,17.203100569));
#9079=CARTESIAN_POINT('',(36.842451111,29.495860202,20.23815341));
#9080=CARTESIAN_POINT('',(36.764536765,29.491762775,20.23822863));
#9081=CARTESIAN_POINT('',(36.684351302,29.484200433,20.231448411));
#9082=CARTESIAN_POINT('',(36.533125499,29.464315161,20.194152861));
#9083=CARTESIAN_POINT('',(36.46038343,29.451902826,20.165924718));
#9084=CARTESIAN_POINT('',(36.32411561,29.423727646,20.094006554));
#9085=CARTESIAN_POINT('',(36.261307148,29.408316278,20.051438478));
#9086=CARTESIAN_POINT('',(36.14345277,29.375838952,19.956538295));
#9087=CARTESIAN_POINT('',(36.088105524,29.358641673,19.903784048));
#9088=CARTESIAN_POINT('',(35.985465548,29.323881409,19.792783706));
#9089=CARTESIAN_POINT('',(35.938075639,29.306309536,19.734564776));
#9090=CARTESIAN_POINT('',(35.871363792,29.279878526,19.644161317));
#9091=CARTESIAN_POINT('',(35.849863767,29.271054664,19.613508744));
#9092=CARTESIAN_POINT('',(35.808161494,29.253403497,19.551283669));
#9093=CARTESIAN_POINT('',(35.787959583,29.244576138,19.519710945));
#9094=CARTESIAN_POINT('',(35.748710687,29.226936203,19.455739389));
#9095=CARTESIAN_POINT('',(35.729663934,29.21812359,19.423340405));
#9096=CARTESIAN_POINT('',(35.692607099,29.200527429,19.357793894));
#9097=CARTESIAN_POINT('',(35.674595473,29.191742969,19.324643036));
#9098=CARTESIAN_POINT('',(35.62197678,29.165455387,19.224184908));
#9099=CARTESIAN_POINT('',(35.589001365,29.148135666,19.15630146));
#9100=CARTESIAN_POINT('',(35.495140951,29.096808674,18.950401689));
#9101=CARTESIAN_POINT('',(35.439278627,29.063442799,18.810156389));
#9102=CARTESIAN_POINT('',(35.336859823,28.998432242,18.525368387));
#9103=CARTESIAN_POINT('',(35.290312025,28.966761701,18.380661406));
#9104=CARTESIAN_POINT('',(35.204172013,28.905050379,18.08882249));
#9105=CARTESIAN_POINT('',(35.164668829,28.875083967,17.941697946));
#9106=CARTESIAN_POINT('',(35.108416561,28.830408316,17.72009515));
#9107=CARTESIAN_POINT('',(35.091337406,28.81662035,17.644796463));
#9108=CARTESIAN_POINT('',(35.06480879,28.794596565,17.532933307));
#9109=CARTESIAN_POINT('',(35.055925833,28.787143621,17.495766279));
#9110=CARTESIAN_POINT('',(35.036815487,28.770814482,17.422574639));
#9111=CARTESIAN_POINT('',(35.026588098,28.761938287,17.386550027));
#9112=CARTESIAN_POINT('',(35.015056361,28.75175052,17.351547141));
#9113=CARTESIAN_POINT('',(36.842451111,29.495860202,20.5));
#9114=CARTESIAN_POINT('',(36.761219924,29.491588346,20.5));
#9115=CARTESIAN_POINT('',(36.681013368,29.483890863,20.488571378));
#9116=CARTESIAN_POINT('',(36.526203356,29.463255873,20.446554013));
#9117=CARTESIAN_POINT('',(36.451599899,29.450318364,20.415965268));
#9118=CARTESIAN_POINT('',(36.311549921,29.420814545,20.339324777));
#9119=CARTESIAN_POINT('',(36.246824615,29.404603803,20.294394854));
#9120=CARTESIAN_POINT('',(36.125133621,29.370297063,20.194769003));
#9121=CARTESIAN_POINT('',(36.067866602,29.352069746,20.139650934));
#9122=CARTESIAN_POINT('',(35.961432754,29.315058184,20.023920365));
#9123=CARTESIAN_POINT('',(35.912171296,29.296271005,19.963335006));
#9124=CARTESIAN_POINT('',(35.842698194,29.267901413,19.869380747));
#9125=CARTESIAN_POINT('',(35.820285428,29.258412088,19.837544383));
#9126=CARTESIAN_POINT('',(35.776774361,29.239394597,19.772951476));
#9127=CARTESIAN_POINT('',(35.755676396,29.229866378,19.740194711));
#9128=CARTESIAN_POINT('',(35.71465341,29.210792471,19.673854964));
#9129=CARTESIAN_POINT('',(35.694728621,29.201246746,19.640271828));
#9130=CARTESIAN_POINT('',(35.655935062,29.182155253,19.572357037));
#9131=CARTESIAN_POINT('',(35.637064749,29.172608573,19.538022053));
#9132=CARTESIAN_POINT('',(35.581901013,29.143995385,19.434011786));
#9133=CARTESIAN_POINT('',(35.547270263,29.125073334,19.36376057));
#9134=CARTESIAN_POINT('',(35.448583894,29.068821298,19.1507601));
#9135=CARTESIAN_POINT('',(35.389676387,29.032012066,19.005785845));
#9136=CARTESIAN_POINT('',(35.281490299,28.959868218,18.711549297));
#9137=CARTESIAN_POINT('',(35.232220402,28.924507743,18.562122724));
#9138=CARTESIAN_POINT('',(35.140938117,28.855243388,18.260853661));
#9139=CARTESIAN_POINT('',(35.09900979,28.821412582,18.109017428));
#9140=CARTESIAN_POINT('',(35.039352909,28.770802286,17.88034445));
#9141=CARTESIAN_POINT('',(35.020022906,28.753965558,17.803960081));
#9142=CARTESIAN_POINT('',(34.991074229,28.728089935,17.689512718));
#9143=CARTESIAN_POINT('',(34.981543955,28.719473262,17.651325006));
#9144=CARTESIAN_POINT('',(34.961896073,28.701444953,17.575296395));
#9145=CARTESIAN_POINT('',(34.951778467,28.692033317,17.537455496));
#9146=CARTESIAN_POINT('',(34.940954245,28.681818182,17.5));
#9147=B_SPLINE_SURFACE_WITH_KNOTS('',3,3,((#7923,#7924,#7925,#7926,#7927,#7928,#7929,#7930,#7931,#7932,#7933,#7934,#7935,#7936,#7937,#7938,#7939,#7940,#7941,#7942,#7943,#7944,#7945,#7946,#7947,#7948,
#7949,#7950,#7951,#7952,#7953,#7954,#7955,#7956),(#7957,#7958,#7959,#7960,#7961,#7962,#7963,#7964,#7965,#7966,#7967,#7968,#7969,#7970,#7971,#7972,#7973,#7974,#7975,#7976,#7977,#7978,#7979,#7980,#7981,#7982,
#7983,#7984,#7985,#7986,#7987,#7988,#7989,#7990),(#7991,#7992,#7993,#7994,#7995,#7996,#7997,#7998,#7999,#8000,#8001,#8002,#8003,#8004,#8005,#8006,#8007,#8008,#8009,#8010,#8011,#8012,#8013,#8014,#8015,#8016,
#8017,#8018,#8019,#8020,#8021,#8022,#8023,#8024),(#8025,#8026,#8027,#8028,#8029,#8030,#8031,#8032,#8033,#8034,#8035,#8036,#8037,#8038,#8039,#8040,#8041,#8042,#8043,#8044,#8045,#8046,#8047,#8048,#8049,#8050,
#8051,#8052,#8053,#8054,#8055,#8056,#8057,#8058),(#8059,#8060,#8061,#8062,#8063,#8064,#8065,#8066,#8067,#8068,#8069,#8070,#8071,#8072,#8073,#8074,#8075,#8076,#8077,#8078,#8079,#8080,#8081,#8082,#8083,#8084,
#8085,#8086,#8087,#8088,#8089,#8090,#8091,#8092),(#8093,#8094,#8095,#8096,#8097,#8098,#8099,#8100,#8101,#8102,#8103,#8104,#8105,#8106,#8107,#8108,#8109,#8110,#8111,#8112,#8113,#8114,#8115,#8116,#8117,#8118,
#8119,#8120,#8121,#8122,#8123,#8124,#8125,#8126),(#8127,#8128,#8129,#8130,#8131,#8132,#8133,#8134,#8135,#8136,#8137,#8138,#8139,#8140,#8141,#8142,#8143,#8144,#8145,#8146,#8147,#8148,#8149,#8150,#8151,#8152,
#8153,#8154,#8155,#8156,#8157,#8158,#8159,#8160),(#8161,#8162,#8163,#8164,#8165,#8166,#8167,#8168,#8169,#8170,#8171,#8172,#8173,#8174,#8175,#8176,#8177,#8178,#8179,#8180,#8181,#8182,#8183,#8184,#8185,#8186,
#8187,#8188,#8189,#8190,#8191,#8192,#8193,#8194),(#8195,#8196,#8197,#8198,#8199,#8200,#8201,#8202,#8203,#8204,#8205,#8206,#8207,#8208,#8209,#8210,#8211,#8212,#8213,#8214,#8215,#8216,#8217,#8218,#8219,#8220,
#8221,#8222,#8223,#8224,#8225,#8226,#8227,#8228),(#8229,#8230,#8231,#8232,#8233,#8234,#8235,#8236,#8237,#8238,#8239,#8240,#8241,#8242,#8243,#8244,#8245,#8246,#8247,#8248,#8249,#8250,#8251,#8252,#8253,#8254,
#8255,#8256,#8257,#8258,#8259,#8260,#8261,#8262),(#8263,#8264,#8265,#8266,#8267,#8268,#8269,#8270,#8271,#8272,#8273,#8274,#8275,#8276,#8277,#8278,#8279,#8280,#8281,#8282,#8283,#8284,#8285,#8286,#8287,#8288,
#8289,#8290,#8291,#8292,#8293,#8294,#8295,#8296),(#8297,#8298,#8299,#8300,#8301,#8302,#8303,#8304,#8305,#8306,#8307,#8308,#8309,#8310,#8311,#8312,#8313,#8314,#8315,#8316,#8317,#8318,#8319,#8320,#8321,#8322,
#8323,#8324,#8325,#8326,#8327,#8328,#8329,#8330),(#8331,#8332,#8333,#8334,#8335,#8336,#8337,#8338,#8339,#8340,#8341,#8342,#8343,#8344,#8345,#8346,#8347,#8348,#8349,#8350,#8351,#8352,#8353,#8354,#8355,#8356,
#8357,#8358,#8359,#8360,#8361,#8362,#8363,#8364),(#8365,#8366,#8367,#8368,#8369,#8370,#8371,#8372,#8373,#8374,#8375,#8376,#8377,#8378,#8379,#8380,#8381,#8382,#8383,#8384,#8385,#8386,#8387,#8388,#8389,#8390,
#8391,#8392,#8393,#8394,#8395,#8396,#8397,#8398),(#8399,#8400,#8401,#8402,#8403,#8404,#8405,#8406,#8407,#8408,#8409,#8410,#8411,#8412,#8413,#8414,#8415,#8416,#8417,#8418,#8419,#8420,#8421,#8422,#8423,#8424,
#8425,#8426,#8427,#8428,#8429,#8430,#8431,#8432),(#8433,#8434,#8435,#8436,#8437,#8438,#8439,#8440,#8441,#8442,#8443,#8444,#8445,#8446,#8447,#8448,#8449,#8450,#8451,#8452,#8453,#8454,#8455,#8456,#8457,#8458,
#8459,#8460,#8461,#8462,#8463,#8464,#8465,#8466),(#8467,#8468,#8469,#8470,#8471,#8472,#8473,#8474,#8475,#8476,#8477,#8478,#8479,#8480,#8481,#8482,#8483,#8484,#8485,#8486,#8487,#8488,#8489,#8490,#8491,#8492,
#8493,#8494,#8495,#8496,#8497,#8498,#8499,#8500),(#8501,#8502,#8503,#8504,#8505,#8506,#8507,#8508,#8509,#8510,#8511,#8512,#8513,#8514,#8515,#8516,#8517,#8518,#8519,#8520,#8521,#8522,#8523,#8524,#8525,#8526,
#8527,#8528,#8529,#8530,#8531,#8532,#8533,#8534),(#8535,#8536,#8537,#8538,#8539,#8540,#8541,#8542,#8543,#8544,#8545,#8546,#8547,#8548,#8549,#8550,#8551,#8552,#8553,#8554,#8555,#8556,#8557,#8558,#8559,#8560,
#8561,#8562,#8563,#8564,#8565,#8566,#8567,#8568),(#8569,#8570,#8571,#8572,#8573,#8574,#8575,#8576,#8577,#8578,#8579,#8580,#8581,#8582,#8583,#8584,#8585,#8586,#8587,#8588,#8589,#8590,#8591,#8592,#8593,#8594,
#8595,#8596,#8597,#8598,#8599,#8600,#8601,#8602),(#8603,#8604,#8605,#8606,#8607,#8608,#8609,#8610,#8611,#8612,#8613,#8614,#8615,#8616,#8617,#8618,#8619,#8620,#8621,#8622,#8623,#8624,#8625,#8626,#8627,#8628,
#8629,#8630,#8631,#8632,#8633,#8634,#8635,#8636),(#8637,#8638,#8639,#8640,#8641,#8642,#8643,#8644,#8645,#8646,#8647,#8648,#8649,#8650,#8651,#8652,#8653,#8654,#8655,#8656,#8657,#8658,#8659,#8660,#8661,#8662,
#8663,#8664,#8665,#8666,#8667,#8668,#8669,#8670),(#8671,#8672,#8673,#8674,#8675,#8676,#8677,#8678,#8679,#8680,#8681,#8682,#8683,#8684,#8685,#8686,#8687,#8688,#8689,#8690,#8691,#8692,#8693,#8694,#8695,#8696,
#8697,#8698,#8699,#8700,#8701,#8702,#8703,#8704),(#8705,#8706,#8707,#8708,#8709,#8710,#8711,#8712,#8713,#8714,#8715,#8716,#8717,#8718,#8719,#8720,#8721,#8722,#8723,#8724,#8725,#8726,#8727,#8728,#8729,#8730,
#8731,#8732,#8733,#8734,#8735,#8736,#8737,#8738),(#8739,#8740,#8741,#8742,#8743,#8744,#8745,#8746,#8747,#8748,#8749,#8750,#8751,#8752,#8753,#8754,#8755,#8756,#8757,#8758,#8759,#8760,#8761,#8762,#8763,#8764,
#8765,#8766,#8767,#8768,#8769,#8770,#8771,#8772),(#8773,#8774,#8775,#8776,#8777,#8778,#8779,#8780,#8781,#8782,#8783,#8784,#8785,#8786,#8787,#8788,#8789,#8790,#8791,#8792,#8793,#8794,#8795,#8796,#8797,#8798,
#8799,#8800,#8801,#8802,#8803,#8804,#8805,#8806),
(#8807,#8808,#8809,#8810,#8811,#8812,#8813,#8814,#8815,#8816,#8817,#8818,#8819,#8820,#8821,#8822,#8823,#8824,#8825,#8826,#8827,#8828,#8829,#8830,#8831,#8832,
#8833,#8834,#8835,#8836,#8837,#8838,#8839,#8840),(#8841,#8842,#8843,#8844,#8845,#8846,#8847,#8848,#8849,#8850,#8851,#8852,#8853,#8854,#8855,#8856,#8857,#8858,#8859,#8860,#8861,#8862,#8863,#8864,#8865,#8866,
#8867,#8868,#8869,#8870,#8871,#8872,#8873,#8874),(#8875,#8876,#8877,#8878,#8879,#8880,#8881,#8882,#8883,#8884,#8885,#8886,#8887,#8888,#8889,#8890,#8891,#8892,#8893,#8894,#8895,#8896,#8897,#8898,#8899,#8900,
#8901,#8902,#8903,#8904,#8905,#8906,#8907,#8908),(#8909,#8910,#8911,#8912,#8913,#8914,#8915,#8916,#8917,#8918,#8919,#8920,#8921,#8922,#8923,#8924,#8925,#8926,#8927,#8928,#8929,#8930,#8931,#8932,#8933,#8934,
#8935,#8936,#8937,#8938,#8939,#8940,#8941,#8942),(#8943,#8944,#8945,#8946,#8947,#8948,#8949,#8950,#8951,#8952,#8953,#8954,#8955,#8956,#8957,#8958,#8959,#8960,#8961,#8962,#8963,#8964,#8965,#8966,#8967,#8968,
#8969,#8970,#8971,#8972,#8973,#8974,#8975,#8976),(#8977,#8978,#8979,#8980,#8981,#8982,#8983,#8984,#8985,#8986,#8987,#8988,#8989,#8990,#8991,#8992,#8993,#8994,#8995,#8996,#8997,#8998,#8999,#9000,#9001,#9002,
#9003,#9004,#9005,#9006,#9007,#9008,#9009,#9010),(#9011,#9012,#9013,#9014,#9015,#9016,#9017,#9018,#9019,#9020,#9021,#9022,#9023,#9024,#9025,#9026,#9027,#9028,#9029,#9030,#9031,#9032,#9033,#9034,#9035,#9036,
#9037,#9038,#9039,#9040,#9041,#9042,#9043,#9044),(#9045,#9046,#9047,#9048,#9049,#9050,#9051,#9052,#9053,#9054,#9055,#9056,#9057,#9058,#9059,#9060,#9061,#9062,#9063,#9064,#9065,#9066,#9067,#9068,#9069,#9070,
#9071,#9072,#9073,#9074,#9075,#9076,#9077,#9078),(#9079,#9080,#9081,#9082,#9083,#9084,#9085,#9086,#9087,#9088,#9089,#9090,#9091,#9092,#9093,#9094,#9095,#9096,#9097,#9098,#9099,#9100,#9101,#9102,#9103,#9104,
#9105,#9106,#9107,#9108,#9109,#9110,#9111,#9112),(#9113,#9114,#9115,#9116,#9117,#9118,#9119,#9120,#9121,#9122,#9123,#9124,#9125,#9126,#9127,#9128,#9129,#9130,#9131,#9132,#9133,#9134,#9135,#9136,#9137,#9138,
#9139,#9140,#9141,#9142,#9143,#9144,#9145,#9146)),.UNSPECIFIED.,.F.,.F.,.U.,(4,2,2,2,2,2,2,2,2,2,2,2,2,2,2,2,2,4),(4,2,2,2,2,2,2,2,2,2,2,2,2,2,2,2,4),(0.,0.0625,0.125,0.1875,0.25,0.3125,0.375,0.4375,0.5,0.5625,0.625,0.6875,0.75,0.751953125,0.8125,0.875,0.9375,1.),(0.,0.0625,0.125,0.1875,0.25,0.3125,0.34375,0.375,0.40625,0.4375,0.5,0.625,0.75,0.875,0.9375,0.96875,1.),.UNSPECIFIED.);
#9148=ORIENTED_EDGE('',*,*,#7918,.T.);
#9149=ORIENTED_EDGE('',*,*,#753,.F.);
#9150=CARTESIAN_POINT('',(36.422320739,37.484820739,20.5));
#9151=DIRECTION('',(-0.998620067,-0.052516296,0.));
#9152=DIRECTION('',(-0.052516296,0.998620067,0.));
#9153=AXIS2_PLACEMENT_3D('',#9150,#9151,#9152);
#9154=CIRCLE('',#9153,8.);
#9155=EDGE_CURVE('',#3030,#645,#9154,.T.);
#9156=ORIENTED_EDGE('',*,*,#9155,.F.);
#9157=ORIENTED_EDGE('',*,*,#3222,.F.);
#9158=EDGE_LOOP('',(#9148,#9149,#9156,#9157));
#9159=FACE_BOUND('',#9158,.T.);
#9160=ADVANCED_FACE('',(#9159),#9147,.F.);
#9161=CARTESIAN_POINT('',(37.,26.5,20.5));
#9162=DIRECTION('',(0.,-0.,1.));
#9163=DIRECTION('',(0.,-1.,-0.));
#9164=AXIS2_PLACEMENT_3D('',#9161,#9162,#9163);
#9165=TOROIDAL_SURFACE('',#9164,11.,8.);
#9166=ORIENTED_EDGE('',*,*,#9155,.T.);
#9167=ORIENTED_EDGE('',*,*,#651,.F.);
#9168=ORIENTED_EDGE('',*,*,#7644,.F.);
#9169=ORIENTED_EDGE('',*,*,#3256,.F.);
#9170=EDGE_LOOP('',(#9166,#9167,#9168,#9169));
#9171=FACE_BOUND('',#9170,.T.);
#9172=ADVANCED_FACE('',(#9171),#9165,.F.);
#9173=CARTESIAN_POINT('',(46.936378657,34.901738981,11.791383359));
#9174=CARTESIAN_POINT('',(46.919982983,34.952542435,11.805238846));
#9175=CARTESIAN_POINT('',(46.903566084,35.002337237,11.818819246));
#9176=CARTESIAN_POINT('',(46.870678931,35.09999331,11.845452721));
#9177=CARTESIAN_POINT('',(46.854208678,35.147854581,11.858505795));
#9178=CARTESIAN_POINT('',(46.821203914,35.241727365,11.884107463));
#9179=CARTESIAN_POINT('',(46.804669403,35.287738877,11.896656057));
#9180=CARTESIAN_POINT('',(46.771525221,35.377995915,11.921271613));
#9181=CARTESIAN_POINT('',(46.754915549,35.422241441,11.933338575));
#9182=CARTESIAN_POINT('',(46.721610143,35.509050278,11.957013712));
#9183=CARTESIAN_POINT('',(46.704914408,35.55161359,11.968621888));
#9184=CARTESIAN_POINT('',(46.671425971,35.63514177,11.991402301));
#9185=CARTESIAN_POINT('',(46.654633269,35.676106639,12.002574538));
#9186=CARTESIAN_POINT('',(46.620939994,35.756521707,12.02450592));
#9187=CARTESIAN_POINT('',(46.604039422,35.795971906,12.035265065));
#9188=CARTESIAN_POINT('',(46.570119503,35.873441406,12.056393111));
#9189=CARTESIAN_POINT('',(46.553101121,35.911458687,12.06676146));
#9190=CARTESIAN_POINT('',(46.518930372,35.986155274,12.087133257));
#9191=CARTESIAN_POINT('',(46.501775149,36.02283796,12.097137625));
#9192=CARTESIAN_POINT('',(46.467298982,36.094903248,12.116791795));
#9193=CARTESIAN_POINT('',(46.449978037,36.13028585,12.126441596));
#9194=CARTESIAN_POINT('',(46.415144399,36.199782107,12.14539512));
#9195=CARTESIAN_POINT('',(46.397631706,36.233895762,12.154698844));
#9196=CARTESIAN_POINT('',(46.362388546,36.300885256,12.172968706));
#9197=CARTESIAN_POINT('',(46.344658079,36.333761096,12.181934844));
#9198=CARTESIAN_POINT('',(46.308953346,36.398306096,12.199538026));
#9199=CARTESIAN_POINT('',(46.290979079,36.429975256,12.20817507));
#9200=CARTESIAN_POINT('',(46.254760722,36.492138031,12.225128554));
#9201=CARTESIAN_POINT('',(46.23651663,36.522631645,12.233444994));
#9202=CARTESIAN_POINT('',(46.18619183,36.604503522,12.255773688));
#9203=CARTESIAN_POINT('',(46.148894927,36.662357783,12.271552123));
#9204=CARTESIAN_POINT('',(46.110914116,36.718035005,12.28673682));
#9205=CARTESIAN_POINT('',(46.067817167,36.780731541,12.303835875));
#9206=CARTESIAN_POINT('',(46.029030673,36.83394259,12.318347979));
#9207=CARTESIAN_POINT('',(45.949806068,36.935589413,12.34606984));
#9208=CARTESIAN_POINT('',(45.909367955,36.984025186,12.359279596));
#9209=CARTESIAN_POINT('',(45.826610697,37.075706633,12.384283627));
#9210=CARTESIAN_POINT('',(45.784291551,37.118952308,12.396077902));
#9211=CARTESIAN_POINT('',(45.706123434,37.191837978,12.415955812));
#9212=CARTESIAN_POINT('',(45.661904493,37.230032599,12.426372527));
#9213=CARTESIAN_POINT('',(45.616533581,37.265259715,12.435979922));
#9214=CARTESIAN_POINT('',(45.561904715,37.306725544,12.447288785));
#9215=CARTESIAN_POINT('',(45.515116077,37.338259044,12.45588883));
#9216=CARTESIAN_POINT('',(45.419065265,37.393925023,12.471070461));
#9217=CARTESIAN_POINT('',(45.369803091,37.4180575,12.477652046));
#9218=CARTESIAN_POINT('',(45.268695664,37.457688498,12.488460499));
#9219=CARTESIAN_POINT('',(45.216850411,37.473187017,12.492687368));
#9220=CARTESIAN_POINT('',(45.124497587,37.491530422,12.497690115));
#9221=CARTESIAN_POINT('',(45.084606577,37.496634649,12.499082177));
#9222=CARTESIAN_POINT('',(45.029402936,37.499601265,12.499891254));
#9223=CARTESIAN_POINT('',(45.014748176,37.5,12.5));
#9224=CARTESIAN_POINT('',(44.999234277,37.5,12.5));
#9225=CARTESIAN_POINT('',(44.998466751,37.5,12.5));
#9226=CARTESIAN_POINT('',(44.899993747,37.5,12.5));
#9227=CARTESIAN_POINT('',(44.773361104,37.5,12.5));
#9228=CARTESIAN_POINT('',(44.504491698,37.5,12.5));
#9229=CARTESIAN_POINT('',(44.362139918,37.5,12.5));
#9230=CARTESIAN_POINT('',(44.234567901,37.5,12.5));
#9231=CARTESIAN_POINT('',(46.857600874,34.741945808,11.857956076));
#9232=CARTESIAN_POINT('',(46.840204893,34.789342926,11.871690619));
#9233=CARTESIAN_POINT('',(46.825202594,34.840817225,11.883156829));
#9234=CARTESIAN_POINT('',(46.792817941,34.936701796,11.907526072));
#9235=CARTESIAN_POINT('',(46.776603909,34.983740781,11.919537102));
#9236=CARTESIAN_POINT('',(46.744208326,35.075815615,11.942882569));
#9237=CARTESIAN_POINT('',(46.727963322,35.121034525,11.954445979));
#9238=CARTESIAN_POINT('',(46.695531765,35.209468556,11.976819732));
#9239=CARTESIAN_POINT('',(46.679240659,35.252948126,11.987954537));
#9240=CARTESIAN_POINT('',(46.646747723,35.337910609,12.009408432));
#9241=CARTESIAN_POINT('',(46.630396261,35.379731417,12.020133324));
#9242=CARTESIAN_POINT('',(46.597816202,35.461391933,12.040719016));
#9243=CARTESIAN_POINT('',(46.581390982,35.501634406,12.051052474));
#9244=CARTESIAN_POINT('',(46.548697732,35.580162856,12.070821416));
#9245=CARTESIAN_POINT('',(46.532186164,35.618907281,12.080781815));
#9246=CARTESIAN_POINT('',(46.499353347,35.694473876,12.099785257));
#9247=CARTESIAN_POINT('',(46.48274457,35.731798394,12.109390416));
#9248=CARTESIAN_POINT('',(46.449743138,35.804578743,12.127680797));
#9249=CARTESIAN_POINT('',(46.433017912,35.840577963,12.136953144));
#9250=CARTESIAN_POINT('',(46.399788137,35.91071689,12.15457423));
#9251=CARTESIAN_POINT('',(46.382918012,35.945421539,12.16351897));
#9252=CARTESIAN_POINT('',(46.349402444,36.012984744,12.180492671));
#9253=CARTESIAN_POINT('',(46.332362401,36.046422129,12.189114345));
#9254=CARTESIAN_POINT('',(46.298503341,36.111475491,12.205462347));
#9255=CARTESIAN_POINT('',(46.281268855,36.143672916,12.213765836));
#9256=CARTESIAN_POINT('',(46.247008376,36.206282443,12.229509592));
#9257=CARTESIAN_POINT('',(46.229555327,36.23726725,12.237500182));
#9258=CARTESIAN_POINT('',(46.194835282,36.297499031,12.252660898));
#9259=CARTESIAN_POINT('',(46.177139867,36.327298642,12.260344343));
#9260=CARTESIAN_POINT('',(46.128930276,36.406540085,12.280316944));
#9261=CARTESIAN_POINT('',(46.092872881,36.46289674,12.294795614));
#9262=CARTESIAN_POINT('',(46.056457448,36.516740191,12.308454304));
#9263=CARTESIAN_POINT('',(46.01519637,36.5772922,12.323776158));
#9264=CARTESIAN_POINT('',(45.977742922,36.628990996,12.337087886));
#9265=CARTESIAN_POINT('',(45.901859385,36.726933266,12.361998146));
#9266=CARTESIAN_POINT('',(45.86291296,36.773754729,12.374042206));
#9267=CARTESIAN_POINT('',(45.783536995,36.861841869,12.396582326));
#9268=CARTESIAN_POINT('',(45.742881374,36.90335269,12.407255413));
#9269=CARTESIAN_POINT('',(45.667743517,36.973117903,12.425237764));
#9270=CARTESIAN_POINT('',(45.625332886,37.009470492,12.434598458));
#9271=CARTESIAN_POINT('',(45.581643538,37.042997875,12.443299552));
#9272=CARTESIAN_POINT('',(45.528982213,37.082477806,12.453567354));
#9273=CARTESIAN_POINT('',(45.484201284,37.111998028,12.461202265));
#9274=CARTESIAN_POINT('',(45.391299513,37.164505631,12.47500765));
#9275=CARTESIAN_POINT('',(45.344190621,37.186475006,12.480749255));
#9276=CARTESIAN_POINT('',(45.246040822,37.223110023,12.490530732));
#9277=CARTESIAN_POINT('',(45.196456343,37.236292652,12.4940777));
#9278=CARTESIAN_POINT('',(45.106462093,37.252176386,12.498472641));
#9279=CARTESIAN_POINT('',(45.068089985,37.255666912,12.499532391));
#9280=CARTESIAN_POINT('',(45.014540309,37.25685108,12.500017933));
#9281=CARTESIAN_POINT('',(45.000283152,37.256818348,12.500053421));
#9282=CARTESIAN_POINT('',(44.985107166,37.256447363,12.499997226));
#9283=CARTESIAN_POINT('',(44.98437073,37.256403682,12.5));
#9284=CARTESIAN_POINT('',(44.88894325,37.252429159,12.5));
#9285=CARTESIAN_POINT('',(44.764352781,37.247894543,12.5));
#9286=CARTESIAN_POINT('',(44.499531344,37.240748955,12.5));
#9287=CARTESIAN_POINT('',(44.359184946,37.23815341,12.5));
#9288=CARTESIAN_POINT('',(44.234567901,37.23815341,12.5));
#9289=CARTESIAN_POINT('',(46.783233879,34.582161054,11.92973981));
#9290=CARTESIAN_POINT('',(46.7645556,34.6264873,11.943897841));
#9291=CARTESIAN_POINT('',(46.749521525,34.677468972,11.954750373));
#9292=CARTESIAN_POINT('',(46.715993103,34.769869201,11.97879678));
#9293=CARTESIAN_POINT('',(46.69925124,34.815230827,11.990652649));
#9294=CARTESIAN_POINT('',(46.665928495,34.903935918,12.013527712));
#9295=CARTESIAN_POINT('',(46.649252432,34.947553973,12.024890363));
#9296=CARTESIAN_POINT('',(46.616102692,35.032724558,12.046656384));
#9297=CARTESIAN_POINT('',(46.599472183,35.07467376,12.057546446));
#9298=CARTESIAN_POINT('',(46.566462238,35.156470951,12.07826542));
#9299=CARTESIAN_POINT('',(46.549858352,35.196825783,12.088703035));
#9300=CARTESIAN_POINT('',(46.516954483,35.275411185,12.108436654));
#9301=CARTESIAN_POINT('',(46.500359564,35.314245904,12.118441645));
#9302=CARTESIAN_POINT('',(46.467527565,35.389781601,12.137251298));
#9303=CARTESIAN_POINT('',(46.450925177,35.427170251,12.146843333));
#9304=CARTESIAN_POINT('',(46.418130382,35.499818789,12.164790105));
#9305=CARTESIAN_POINT('',(46.401506156,35.535833248,12.173988392));
#9306=CARTESIAN_POINT('',(46.368711187,35.605762614,12.19113421));
#9307=CARTESIAN_POINT('',(46.352043148,35.640490941,12.199961708));
#9308=CARTESIAN_POINT('',(46.319181271,35.707842462,12.216357814));
#9309=CARTESIAN_POINT('',(46.302439068,35.741313069,12.224820422));
#9310=CARTESIAN_POINT('',(46.269445625,35.806153264,12.240497311));
#9311=CARTESIAN_POINT('',(46.252602488,35.838391096,12.248600659));
#9312=CARTESIAN_POINT('',(46.219412454,35.90078675,12.263588491));
#9313=CARTESIAN_POINT('',(46.202442354,35.931816748,12.271338715));
#9314=CARTESIAN_POINT('',(46.168990355,35.991834844,12.285667298));
#9315=CARTESIAN_POINT('',(46.151867873,36.021682003,12.293071141));
#9316=CARTESIAN_POINT('',(46.118088211,36.079389642,12.306769916));
#9317=CARTESIAN_POINT('',(46.100788402,36.108079079,12.313834825));
#9318=CARTESIAN_POINT('',(46.054035346,36.183960666,12.331754424));
#9319=CARTESIAN_POINT('',(46.018974444,36.238129341,12.344882204));
#9320=CARTESIAN_POINT('',(45.98380879,36.289678837,12.357016392));
#9321=CARTESIAN_POINT('',(45.944007765,36.347609436,12.370578708));
#9322=CARTESIAN_POINT('',(45.907789519,36.397247479,12.382461105));
#9323=CARTESIAN_POINT('',(45.834877625,36.490888934,12.40422027));
#9324=CARTESIAN_POINT('',(45.797409472,36.535759328,12.41476533));
#9325=CARTESIAN_POINT('',(45.721337046,36.619954886,12.434186551));
#9326=CARTESIAN_POINT('',(45.682393653,36.659647763,12.443328251));
#9327=CARTESIAN_POINT('',(45.610476918,36.726343467,12.45859321));
#9328=CARTESIAN_POINT('',(45.569970069,36.761028112,12.466435173));
#9329=CARTESIAN_POINT('',(45.52818119,36.793085159,12.47369387));
#9330=CARTESIAN_POINT('',(45.477787028,36.830860878,12.482257267));
#9331=CARTESIAN_POINT('',(45.435140376,36.858914879,12.488426505));
#9332=CARTESIAN_POINT('',(45.346173054,36.909258272,12.499641152));
#9333=CARTESIAN_POINT('',(45.301370307,36.930020653,12.504043257));
#9334=CARTESIAN_POINT('',(45.207238519,36.965306644,12.511588919));
#9335=CARTESIAN_POINT('',(45.160094118,36.977605736,12.513993118));
#9336=CARTESIAN_POINT('',(45.073606294,36.993140229,12.516837679));
#9337=CARTESIAN_POINT('',(45.036997047,36.996323488,12.517248735));
#9338=CARTESIAN_POINT('',(44.985654698,36.997484188,12.516993985));
#9339=CARTESIAN_POINT('',(44.971950274,36.997489155,12.516846674));
#9340=CARTESIAN_POINT('',(44.957306514,36.997223927,12.516616237));
#9341=CARTESIAN_POINT('',(44.956603628,36.997172776,12.516613185));
#9342=CARTESIAN_POINT('',(44.865012858,36.993049637,12.515690098));
#9343=CARTESIAN_POINT('',(44.744927018,36.987982872,12.514788915));
#9344=CARTESIAN_POINT('',(44.489670601,36.979637397,12.513440903));
#9345=CARTESIAN_POINT('',(44.354389266,36.976356174,12.513013662));
#9346=CARTESIAN_POINT('',(44.234567901,36.976356174,12.513013662));
#9347=CARTESIAN_POINT('',(46.643627182,34.263408167,12.0832913));
#9348=CARTESIAN_POINT('',(46.623818413,34.300899938,12.097652745));
#9349=CARTESIAN_POINT('',(46.608608777,34.347127577,12.107900901));
#9350=CARTESIAN_POINT('',(46.573952569,34.428423837,12.131360347));
#9351=CARTESIAN_POINT('',(46.556696601,34.468421293,12.142899132));
#9352=CARTESIAN_POINT('',(46.522474949,34.546650077,12.164966597));
#9353=CARTESIAN_POINT('',(46.505390288,34.585224643,12.175924601));
#9354=CARTESIAN_POINT('',(46.471563654,34.660510142,12.196676538));
#9355=CARTESIAN_POINT('',(46.454625642,34.697716916,12.207078835));
#9356=CARTESIAN_POINT('',(46.421153816,34.770183923,12.22659131));
#9357=CARTESIAN_POINT('',(46.404339439,34.806077709,12.236462365));
#9358=CARTESIAN_POINT('',(46.371181572,34.875851629,12.254811067));
#9359=CARTESIAN_POINT('',(46.354469412,34.910486949,12.264174947));
#9360=CARTESIAN_POINT('',(46.32158405,34.977693789,12.281435185));
#9361=CARTESIAN_POINT('',(46.304954212,35.011124899,12.290315761));
#9362=CARTESIAN_POINT('',(46.272299321,35.075891243,12.306562467));
#9363=CARTESIAN_POINT('',(46.255734134,35.108170304,12.314983445));
#9364=CARTESIAN_POINT('',(46.223265191,35.170627969,12.330291575));
#9365=CARTESIAN_POINT('',(46.206740898,35.20182258,12.338277738));
#9366=CARTESIAN_POINT('',(46.174388295,35.262088826,12.352705767));
#9367=CARTESIAN_POINT('',(46.157874531,35.292219728,12.360265133));
#9368=CARTESIAN_POINT('',(46.125570435,35.350349693,12.373854359));
#9369=CARTESIAN_POINT('',(46.109040232,35.379434063,12.380995555));
#9370=CARTESIAN_POINT('',(46.07671635,35.435483222,12.393786857));
#9371=CARTESIAN_POINT('',(46.060143666,35.46353823,12.40051914));
#9372=CARTESIAN_POINT('',(46.02773127,35.517562301,12.41255296));
#9373=CARTESIAN_POINT('',(46.011090828,35.544605189,12.418886351));
#9374=CARTESIAN_POINT('',(45.978520783,35.59666004,12.430202666));
#9375=CARTESIAN_POINT('',(45.961787894,35.622708199,12.436148063));
#9376=CARTESIAN_POINT('',(45.916917529,35.691307616,12.450702489));
#9377=CARTESIAN_POINT('',(45.883246199,35.740591245,12.461443041));
#9378=CARTESIAN_POINT('',(45.849738526,35.787428088,12.471020843));
#9379=CARTESIAN_POINT('',(45.811860286,35.840043627,12.481658001));
#9380=CARTESIAN_POINT('',(45.777380043,35.885430863,12.491010339));
#9381=CARTESIAN_POINT('',(45.708494812,35.970976948,12.507445992));
#9382=CARTESIAN_POINT('',(45.673121695,36.012219525,12.515364673));
#9383=CARTESIAN_POINT('',(45.601688442,36.089741728,12.529433573));
#9384=CARTESIAN_POINT('',(45.565204407,36.126480996,12.535915717));
#9385=CARTESIAN_POINT('',(45.498004304,36.188556707,12.546443216));
#9386=CARTESIAN_POINT('',(45.460283204,36.220947832,12.55165914));
#9387=CARTESIAN_POINT('',(45.421385185,36.251177756,12.55637549));
#9388=CARTESIAN_POINT('',(45.374473118,36.286886582,12.561918093));
#9389=CARTESIAN_POINT('',(45.335024716,36.313514149,12.565564569));
#9390=CARTESIAN_POINT('',(45.25243043,36.362352206,12.572133383));
#9391=CARTESIAN_POINT('',(45.211181951,36.382653933,12.57425159));
#9392=CARTESIAN_POINT('',(45.123947063,36.418696659,12.577787919));
#9393=CARTESIAN_POINT('',(45.080691457,36.431657008,12.578281842));
#9394=CARTESIAN_POINT('',(45.000617135,36.450085256,12.578402318));
#9395=CARTESIAN_POINT('',(44.966999792,36.454643769,12.577748248));
#9396=CARTESIAN_POINT('',(44.919671532,36.458360541,12.576287901));
#9397=CARTESIAN_POINT('',(44.906985774,36.459124745,12.575842859));
#9398=CARTESIAN_POINT('',(44.893361918,36.459759569,12.575325809));
#9399=CARTESIAN_POINT('',(44.892715012,36.459743303,12.575310683));
#9400=CARTESIAN_POINT('',(44.807969607,36.460688343,12.572707958));
#9401=CARTESIAN_POINT('',(44.698103157,36.460008847,12.57001452));
#9402=CARTESIAN_POINT('',(44.465712659,36.457357551,12.565912454));
#9403=CARTESIAN_POINT('',(44.343098053,36.455307989,12.564577933));
#9404=CARTESIAN_POINT('',(44.234567901,36.455307989,12.564577933));
#9405=CARTESIAN_POINT('',(46.578387482,34.104440033,12.165059055));
#9406=CARTESIAN_POINT('',(46.559040621,34.137907002,12.178938382));
#9407=CARTESIAN_POINT('',(46.543981401,34.179625428,12.188947229));
#9408=CARTESIAN_POINT('',(46.509899006,34.252832196,12.211671164));
#9409=CARTESIAN_POINT('',(46.492920395,34.288920784,12.222825247));
#9410=CARTESIAN_POINT('',(46.459224907,34.359623614,12.244134771));
#9411=CARTESIAN_POINT('',(46.442396985,34.394558211,12.254690913));
#9412=CARTESIAN_POINT('',(46.40905207,34.462851095,12.274664319));
#9413=CARTESIAN_POINT('',(46.392352107,34.496672167,12.28464939));
#9414=CARTESIAN_POINT('',(46.359320805,34.562649659,12.303364614));
#9415=CARTESIAN_POINT('',(46.342727607,34.595397397,12.312804918));
#9416=CARTESIAN_POINT('',(46.309972361,34.659154622,12.330339542));
#9417=CARTESIAN_POINT('',(46.293466221,34.690868952,12.339261011));
#9418=CARTESIAN_POINT('',(46.260948909,34.752501597,12.355692263));
#9419=CARTESIAN_POINT('',(46.244511544,34.783222198,12.364120647));
#9420=CARTESIAN_POINT('',(46.212193504,34.842826491,12.379525401));
#9421=CARTESIAN_POINT('',(46.195808667,34.872591042,12.387486484));
#9422=CARTESIAN_POINT('',(46.163649003,34.930268195,12.401941173));
#9423=CARTESIAN_POINT('',(46.147295116,34.959129356,12.409459996));
#9424=CARTESIAN_POINT('',(46.115230796,35.014973993,12.423020787));
#9425=CARTESIAN_POINT('',(46.098880604,35.042946118,12.430105757));
#9426=CARTESIAN_POINT('',(46.066850273,35.096999123,12.442814101));
#9427=CARTESIAN_POINT('',(46.050479585,35.124092954,12.449474721));
#9428=CARTESIAN_POINT('',(46.018421454,35.176395521,12.461371676));
#9429=CARTESIAN_POINT('',(46.00200694,35.202621793,12.46761804));
#9430=CARTESIAN_POINT('',(45.969858818,35.253215345,12.478744254));
#9431=CARTESIAN_POINT('',(45.953377862,35.278584861,12.484587167));
#9432=CARTESIAN_POINT('',(45.921077176,35.32751096,12.494982859));
#9433=CARTESIAN_POINT('',(45.904507714,35.352034661,12.500433944));
#9434=CARTESIAN_POINT('',(45.860021834,35.416746862,12.513711414));
#9435=CARTESIAN_POINT('',(45.826687638,35.463380548,12.523462905));
#9436=CARTESIAN_POINT('',(45.793507105,35.507866971,12.532077321));
#9437=CARTESIAN_POINT('',(45.755996193,35.55786922,12.541629479));
#9438=CARTESIAN_POINT('',(45.721909992,35.601158009,12.549972993));
#9439=CARTESIAN_POINT('',(45.653823109,35.683125738,12.564453128));
#9440=CARTESIAN_POINT('',(45.618918838,35.722816157,12.571369424));
#9441=CARTESIAN_POINT('',(45.548496005,35.797830517,12.583479719));
#9442=CARTESIAN_POINT('',(45.512581802,35.833583458,12.588983516));
#9443=CARTESIAN_POINT('',(45.446540032,35.894392695,12.597775876));
#9444=CARTESIAN_POINT('',(45.40950594,35.926322454,12.602049238));
#9445=CARTESIAN_POINT('',(45.37139748,35.956364756,12.605835346));
#9446=CARTESIAN_POINT('',(45.325458618,35.991914509,12.61026583));
#9447=CARTESIAN_POINT('',(45.286867474,36.018755979,12.613029896));
#9448=CARTESIAN_POINT('',(45.206298309,36.068601176,12.617893009));
#9449=CARTESIAN_POINT('',(45.1660912,36.089823392,12.619241533));
#9450=CARTESIAN_POINT('',(45.081331439,36.128311969,12.621345537));
#9451=CARTESIAN_POINT('',(45.039327536,36.142983056,12.621238433));
#9452=CARTESIAN_POINT('',(44.961835185,36.16492814,12.620459931));
#9453=CARTESIAN_POINT('',(44.929314314,36.171280839,12.619501455));
#9454=CARTESIAN_POINT('',(44.883622593,36.177720531,12.617719649));
#9455=CARTESIAN_POINT('',(44.871358797,36.179243311,12.617196832));
#9456=CARTESIAN_POINT('',(44.858177436,36.180710486,12.616605592));
#9457=CARTESIAN_POINT('',(44.857550734,36.180738452,12.616586099));
#9458=CARTESIAN_POINT('',(44.775529245,36.187140122,12.613467437));
#9459=CARTESIAN_POINT('',(44.671139564,36.191580507,12.610084037));
#9460=CARTESIAN_POINT('',(44.45171316,36.196106968,12.604860541));
#9461=CARTESIAN_POINT('',(44.336602519,36.196057041,12.603128542));
#9462=CARTESIAN_POINT('',(44.234567901,36.196057041,12.603128542));
#9463=CARTESIAN_POINT('',(46.457341095,33.788120164,12.338140578));
#9464=CARTESIAN_POINT('',(46.439820077,33.813568801,12.350722981));
#9465=CARTESIAN_POINT('',(46.425329967,33.845056124,12.36043669));
#9466=CARTESIAN_POINT('',(46.393455777,33.900994454,12.381599883));
#9467=CARTESIAN_POINT('',(46.377532099,33.928731353,12.391934365));
#9468=CARTESIAN_POINT('',(46.345809935,33.983404245,12.411703636));
#9469=CARTESIAN_POINT('',(46.329932131,34.010569065,12.42142464));
#9470=CARTESIAN_POINT('',(46.298337664,34.064006281,12.439877667));
#9471=CARTESIAN_POINT('',(46.282490309,34.090609237,12.449015266));
#9472=CARTESIAN_POINT('',(46.250998764,34.14284094,12.466229473));
#9473=CARTESIAN_POINT('',(46.235167532,34.168892054,12.474813332));
#9474=CARTESIAN_POINT('',(46.203753705,34.219948813,12.49086589));
#9475=CARTESIAN_POINT('',(46.187925332,34.245457916,12.49892541));
#9476=CARTESIAN_POINT('',(46.156563619,34.295370705,12.513893236));
#9477=CARTESIAN_POINT('',(46.140725856,34.320347451,12.521457687));
#9478=CARTESIAN_POINT('',(46.109390264,34.369147627,12.535417448));
#9479=CARTESIAN_POINT('',(46.093532342,34.393599891,12.542516533));
#9480=CARTESIAN_POINT('',(46.062195229,34.441323237,12.555543569));
#9481=CARTESIAN_POINT('',(46.046302367,34.465272984,12.562202591));
#9482=CARTESIAN_POINT('',(46.014919928,34.511964569,12.574344457));
#9483=CARTESIAN_POINT('',(45.998973381,34.535412584,12.580572301));
#9484=CARTESIAN_POINT('',(45.967503348,34.581080433,12.591866812));
#9485=CARTESIAN_POINT('',(45.951486614,34.604023803,12.597674368));
#9486=CARTESIAN_POINT('',(45.91988641,34.648676164,12.608159056));
#9487=CARTESIAN_POINT('',(45.903783603,34.671111968,12.613557639));
#9488=CARTESIAN_POINT('',(45.872010361,34.714757254,12.623269745));
#9489=CARTESIAN_POINT('',(45.855806105,34.736682619,12.628271173));
#9490=CARTESIAN_POINT('',(45.823816688,34.779329341,12.637247633));
#9491=CARTESIAN_POINT('',(45.807496001,34.800741495,12.641864312));
#9492=CARTESIAN_POINT('',(45.76337567,34.857732666,12.653188778));
#9493=CARTESIAN_POINT('',(45.730451421,34.899052398,12.661324875));
#9494=CARTESIAN_POINT('',(45.697534601,34.93896315,12.668460616));
#9495=CARTESIAN_POINT('',(45.660293758,34.983905822,12.676366649));
#9496=CARTESIAN_POINT('',(45.6266139,35.023103938,12.683091009));
#9497=CARTESIAN_POINT('',(45.559123587,35.098392012,12.694605177));
#9498=CARTESIAN_POINT('',(45.524667711,35.135204454,12.699951894));
#9499=CARTESIAN_POINT('',(45.455138892,35.205827897,12.709083028));
#9500=CARTESIAN_POINT('',(45.419783349,35.239945325,12.71308873));
#9501=CARTESIAN_POINT('',(45.354976414,35.29888781,12.719227394));
#9502=CARTESIAN_POINT('',(45.318672458,35.330318899,12.722079301));
#9503=CARTESIAN_POINT('',(45.281523792,35.36040221,12.724438675));
#9504=CARTESIAN_POINT('',(45.236799931,35.39612615,12.727154865));
#9505=CARTESIAN_POINT('',(45.199216178,35.423921677,12.72861028));
#9506=CARTESIAN_POINT('',(45.121508276,35.476655456,12.730837862));
#9507=CARTESIAN_POINT('',(45.082649065,35.5003212,12.731073942));
#9508=CARTESIAN_POINT('',(45.001734932,35.54459892,12.730995111));
#9509=CARTESIAN_POINT('',(44.961500545,35.56335713,12.730064069));
#9510=CARTESIAN_POINT('',(44.888330357,35.5931108,12.727983916));
#9511=CARTESIAN_POINT('',(44.857528524,35.603526109,12.726640406));
#9512=CARTESIAN_POINT('',(44.814590934,35.615953696,12.724477524));
#9513=CARTESIAN_POINT('',(44.803045971,35.619126957,12.723864243));
#9514=CARTESIAN_POINT('',(44.790640515,35.622378256,12.723186756));
#9515=CARTESIAN_POINT('',(44.79004524,35.622506921,12.723160208));
#9516=CARTESIAN_POINT('',(44.712556338,35.640983937,12.719312728));
#9517=CARTESIAN_POINT('',(44.618557372,35.656960069,12.714803816));
#9518=CARTESIAN_POINT('',(44.424244858,35.67787111,12.707698172));
#9519=CARTESIAN_POINT('',(44.323893158,35.682549019,12.705276333));
#9520=CARTESIAN_POINT('',(44.234567901,35.682549019,12.705276333));
#9521=CARTESIAN_POINT('',(46.401534409,33.630768429,12.429454345));
#9522=CARTESIAN_POINT('',(46.385097856,33.652460131,12.44145796));
#9523=CARTESIAN_POINT('',(46.370761297,33.67845003,12.451339758));
#9524=CARTESIAN_POINT('',(46.340018766,33.725635022,12.472102287));
#9525=CARTESIAN_POINT('',(46.324635076,33.749130238,12.482202516));
#9526=CARTESIAN_POINT('',(46.293911345,33.795679033,12.501568434));
#9527=CARTESIAN_POINT('',(46.278515781,33.81889279,12.511034474));
#9528=CARTESIAN_POINT('',(46.247793117,33.864802985,12.529080864));
#9529=CARTESIAN_POINT('',(46.232374532,33.887730815,12.537945118));
#9530=CARTESIAN_POINT('',(46.20163489,33.933000286,12.554748885));
#9531=CARTESIAN_POINT('',(46.186182905,33.955637584,12.563043473));
#9532=CARTESIAN_POINT('',(46.155407942,34.000264493,12.578681343));
#9533=CARTESIAN_POINT('',(46.13991292,34.022606523,12.5864382));
#9534=CARTESIAN_POINT('',(46.109084011,34.066589312,12.600986725));
#9535=CARTESIAN_POINT('',(46.093537028,34.088631213,12.608237694));
#9536=CARTESIAN_POINT('',(46.062635275,34.131968595,12.621773247));
#9537=CARTESIAN_POINT('',(46.047028509,34.153703852,12.628550804));
#9538=CARTESIAN_POINT('',(46.016033694,34.19639865,12.641148017));
#9539=CARTESIAN_POINT('',(46.000355884,34.217834407,12.647478398));
#9540=CARTESIAN_POINT('',(45.969234649,34.259906631,12.659180386));
#9541=CARTESIAN_POINT('',(45.953471344,34.281037424,12.665073493));
#9542=CARTESIAN_POINT('',(45.922191827,34.322478366,12.675916142));
#9543=CARTESIAN_POINT('',(45.906330341,34.343294991,12.681384308));
#9544=CARTESIAN_POINT('',(45.874860465,34.384096098,12.691403308));
#9545=CARTESIAN_POINT('',(45.85888854,34.404589349,12.696459159));
#9546=CARTESIAN_POINT('',(45.827196025,34.444742182,12.705689998));
#9547=CARTESIAN_POINT('',(45.811101762,34.464902884,12.710346517));
#9548=CARTESIAN_POINT('',(45.77915414,34.504399074,12.718824462));
#9549=CARTESIAN_POINT('',(45.762925914,34.524218122,12.723095042));
#9550=CARTESIAN_POINT('',(45.718824201,34.577343684,12.733711749));
#9551=CARTESIAN_POINT('',(45.686023184,34.615956721,12.74117893));
#9552=CARTESIAN_POINT('',(45.65311599,34.653580375,12.747737688));
#9553=CARTESIAN_POINT('',(45.61586387,34.696003971,12.755009983));
#9554=CARTESIAN_POINT('',(45.582294327,34.733126882,12.761041239));
#9555=CARTESIAN_POINT('',(45.514833558,34.805117823,12.771349601));
#9556=CARTESIAN_POINT('',(45.480490538,34.840491592,12.776016544));
#9557=CARTESIAN_POINT('',(45.411138406,34.908983833,12.783879602));
#9558=CARTESIAN_POINT('',(45.375931473,34.942316804,12.787230615));
#9559=CARTESIAN_POINT('',(45.311504915,35.000401756,12.792194095));
#9560=CARTESIAN_POINT('',(45.275419787,35.031646793,12.794418727));
#9561=CARTESIAN_POINT('',(45.238622353,35.061805507,12.796128753));
#9562=CARTESIAN_POINT('',(45.194358138,35.097678278,12.798058791));
#9563=CARTESIAN_POINT('',(45.157110813,35.126056244,12.798930634));
#9564=CARTESIAN_POINT('',(45.080611681,35.180356004,12.799913696));
#9565=CARTESIAN_POINT('',(45.04224533,35.205387042,12.799649656));
#9566=CARTESIAN_POINT('',(44.963065578,35.252699997,12.79851301));
#9567=CARTESIAN_POINT('',(44.923526554,35.273684279,12.797209113));
#9568=CARTESIAN_POINT('',(44.852389557,35.307481654,12.794478847));
#9569=CARTESIAN_POINT('',(44.82232976,35.320064243,12.792953813));
#9570=CARTESIAN_POINT('',(44.780663175,35.335626927,12.790601753));
#9571=CARTESIAN_POINT('',(44.769454711,35.339658546,12.789942317));
#9572=CARTESIAN_POINT('',(44.757423384,35.343827145,12.789218386));
#9573=CARTESIAN_POINT('',(44.75684134,35.344010578,12.789187453));
#9574=CARTESIAN_POINT('',(44.681417722,35.368889063,12.784910377));
#9575=CARTESIAN_POINT('',(44.592547186,35.391099484,12.779784781));
#9576=CARTESIAN_POINT('',(44.410688003,35.420960378,12.771662076));
#9577=CARTESIAN_POINT('',(44.317679331,35.428291945,12.768873514));
#9578=CARTESIAN_POINT('',(44.234567901,35.428291945,12.768873514));
#9579=CARTESIAN_POINT('',(46.299659772,33.318481138,12.621189881));
#9580=CARTESIAN_POINT('',(46.284315149,33.334568187,12.633144609));
#9581=CARTESIAN_POINT('',(46.26956149,33.352001448,12.644179109));
#9582=CARTESIAN_POINT('',(46.239440804,33.385711945,12.665935785));
#9583=CARTESIAN_POINT('',(46.224365859,33.40264636,12.67643496));
#9584=CARTESIAN_POINT('',(46.194202294,33.436580539,12.696627393));
#9585=CARTESIAN_POINT('',(46.179097812,33.453626067,12.706377895));
#9586=CARTESIAN_POINT('',(46.148878227,33.487738461,12.725088625));
#9587=CARTESIAN_POINT('',(46.133736985,33.504871439,12.734129969));
#9588=CARTESIAN_POINT('',(46.103448148,33.539116663,12.751441482));
#9589=CARTESIAN_POINT('',(46.088263143,33.556313383,12.759813102));
#9590=CARTESIAN_POINT('',(46.057891737,33.590646134,12.775807835));
#9591=CARTESIAN_POINT('',(46.042656178,33.607882855,12.783549112));
#9592=CARTESIAN_POINT('',(46.012188805,33.642257908,12.798309451));
#9593=CARTESIAN_POINT('',(45.996896106,33.659510852,12.805459741));
#9594=CARTESIAN_POINT('',(45.966319291,33.693883062,12.819068021));
#9595=CARTESIAN_POINT('',(45.950963354,33.711126992,12.825667614));
#9596=CARTESIAN_POINT('',(45.92026281,33.745454828,12.838203816));
#9597=CARTESIAN_POINT('',(45.904834913,33.762677525,12.844283993));
#9598=CARTESIAN_POINT('',(45.873987764,33.796948488,12.855790998));
#9599=CARTESIAN_POINT('',(45.858477118,33.814137989,12.861366825));
#9600=CARTESIAN_POINT('',(45.827461944,33.848323327,12.871884065));
#9601=CARTESIAN_POINT('',(45.811858766,33.865463871,12.876973656));
#9602=CARTESIAN_POINT('',(45.780654085,33.899534879,12.886540511));
#9603=CARTESIAN_POINT('',(45.764948715,33.916610705,12.891162064));
#9604=CARTESIAN_POINT('',(45.733532987,33.95053871,12.899817852));
#9605=CARTESIAN_POINT('',(45.717715866,33.967534066,12.903989668));
#9606=CARTESIAN_POINT('',(45.686067498,34.001290414,12.911773648));
#9607=CARTESIAN_POINT('',(45.670129146,34.018189567,12.915514142));
#9608=CARTESIAN_POINT('',(45.626482637,34.064098107,12.925024411));
#9609=CARTESIAN_POINT('',(45.594263904,34.097570521,12.931360702));
#9610=CARTESIAN_POINT('',(45.561814638,34.130693412,12.936873559));
#9611=CARTESIAN_POINT('',(45.525053274,34.168130087,12.942984406));
#9612=CARTESIAN_POINT('',(45.492180749,34.201039619,12.947701352));
#9613=CARTESIAN_POINT('',(45.425893105,34.265929009,12.955573828));
#9614=CARTESIAN_POINT('',(45.392348902,34.298053364,12.95884074));
#9615=CARTESIAN_POINT('',(45.32458187,34.361212738,12.963972661));
#9616=CARTESIAN_POINT('',(45.29030252,34.392309042,12.965881927));
#9617=CARTESIAN_POINT('',(45.22777197,34.447237584,12.96820166));
#9618=CARTESIAN_POINT('',(45.192768227,34.477190801,12.968976921));
#9619=CARTESIAN_POINT('',(45.157281795,34.506471937,12.969181145));
#9620=CARTESIAN_POINT('',(45.114654201,34.541385987,12.969289515));
#9621=CARTESIAN_POINT('',(45.078700329,34.569706107,12.968744367));
#9622=CARTESIAN_POINT('',(45.0056659,34.624524752,12.96674716));
#9623=CARTESIAN_POINT('',(44.96883833,34.650768774,12.965187884));
#9624=CARTESIAN_POINT('',(44.893941197,34.700989817,12.961364981));
#9625=CARTESIAN_POINT('',(44.85623574,34.724596085,12.958978126));
#9626=CARTESIAN_POINT('',(44.7895979,34.763228668,12.954378355));
#9627=CARTESIAN_POINT('',(44.761226745,34.778611196,12.952222283));
#9628=CARTESIAN_POINT('',(44.722259132,34.798291731,12.949119987));
#9629=CARTESIAN_POINT('',(44.711765449,34.803459257,12.948270244));
#9630=CARTESIAN_POINT('',(44.700519583,34.808844633,12.947351106));
#9631=CARTESIAN_POINT('',(44.699967548,34.809103963,12.947307061));
#9632=CARTESIAN_POINT('',(44.629000675,34.84268457,12.941572326));
#9633=CARTESIAN_POINT('',(44.549161705,34.873618363,12.934844457));
#9634=CARTESIAN_POINT('',(44.388416262,34.916089829,12.924239232));
#9635=CARTESIAN_POINT('',(44.307514947,34.927219254,12.920624074));
#9636=CARTESIAN_POINT('',(44.234567901,34.927219254,12.920624074));
#9637=CARTESIAN_POINT('',(46.253591821,33.163545581,12.721611649));
#9638=CARTESIAN_POINT('',(46.238504041,33.177574343,12.733885382));
#9639=CARTESIAN_POINT('',(46.223416324,33.191748615,12.74570441));
#9640=CARTESIAN_POINT('',(46.193234426,33.220359168,12.768476518));
#9641=CARTESIAN_POINT('',(46.178140245,33.234795449,12.779429599));
#9642=CARTESIAN_POINT('',(46.147938826,33.263901008,12.800513277));
#9643=CARTESIAN_POINT('',(46.132831589,33.278570287,12.810643874));
#9644=CARTESIAN_POINT('',(46.102597467,33.308112833,12.830126047));
#9645=CARTESIAN_POINT('',(46.087470583,33.322986099,12.839477623));
#9646=CARTESIAN_POINT('',(46.057190576,33.35290761,12.857445218));
#9647=CARTESIAN_POINT('',(46.042037453,33.367955853,12.866061236));
#9648=CARTESIAN_POINT('',(46.011698378,33.398198307,12.882601178));
#9649=CARTESIAN_POINT('',(45.996512426,33.413392518,12.890525101));
#9650=CARTESIAN_POINT('',(45.966101101,33.443897894,12.905724317));
#9651=CARTESIAN_POINT('',(45.950875727,33.459209061,12.912999609));
#9652=CARTESIAN_POINT('',(45.920378969,33.489919339,12.926945024));
#9653=CARTESIAN_POINT('',(45.905107839,33.505317064,12.933616183));
#9654=CARTESIAN_POINT('',(45.874511833,33.536177663,12.946392174));
#9655=CARTESIAN_POINT('',(45.859186228,33.551644354,12.952493763));
#9656=CARTESIAN_POINT('',(45.828470102,33.58263366,12.964145752));
#9657=CARTESIAN_POINT('',(45.813079581,33.598156274,12.969696152));
#9658=CARTESIAN_POINT('',(45.782223915,33.629240568,12.980267385));
#9659=CARTESIAN_POINT('',(45.766758769,33.644802247,12.985288219));
#9660=CARTESIAN_POINT('',(45.735744142,33.675947812,12.994821942));
#9661=CARTESIAN_POINT('',(45.72019466,33.691531697,12.999334832));
#9662=CARTESIAN_POINT('',(45.689001652,33.722704814,13.007874293));
#9663=CARTESIAN_POINT('',(45.673358126,33.738294046,13.011900863));
#9664=CARTESIAN_POINT('',(45.641967317,33.769460998,13.019489306));
#9665=CARTESIAN_POINT('',(45.626220034,33.785038718,13.02305118));
#9666=CARTESIAN_POINT('',(45.582976602,33.827624141,13.032191111));
#9667=CARTESIAN_POINT('',(45.55117193,33.858700617,13.038103475));
#9668=CARTESIAN_POINT('',(45.519105777,33.889664887,13.043202544));
#9669=CARTESIAN_POINT('',(45.482769724,33.9246985,13.048850564));
#9670=CARTESIAN_POINT('',(45.450396439,33.955543708,13.05302027));
#9671=CARTESIAN_POINT('',(45.38504596,34.016802972,13.059837228));
#9672=CARTESIAN_POINT('',(45.352068766,34.047217028,13.06248448));
#9673=CARTESIAN_POINT('',(45.285448616,34.10739557,13.066374518));
#9674=CARTESIAN_POINT('',(45.251805659,34.137160056,13.067617304));
#9675=CARTESIAN_POINT('',(45.190519584,34.19001868,13.068697788));
#9676=CARTESIAN_POINT('',(45.156221618,34.218998509,13.068783541));
#9677=CARTESIAN_POINT('',(45.121533447,34.247463038,13.068267897));
#9678=CARTESIAN_POINT('',(45.079888433,34.281433679,13.067505148));
#9679=CARTESIAN_POINT('',(45.044725349,34.309253881,13.066267167));
#9680=CARTESIAN_POINT('',(44.97361435,34.363306189,13.062815406));
#9681=CARTESIAN_POINT('',(44.937666435,34.389538296,13.060601626));
#9682=CARTESIAN_POINT('',(44.864992836,34.439906362,13.055424877));
#9683=CARTESIAN_POINT('',(44.828267152,34.464042321,13.052461907));
#9684=CARTESIAN_POINT('',(44.76383383,34.50368717,13.046863847));
#9685=CARTESIAN_POINT('',(44.73630267,34.519792375,13.044348419));
#9686=CARTESIAN_POINT('',(44.69862613,34.540571253,13.040800834));
#9687=CARTESIAN_POINT('',(44.688475371,34.546046187,13.039836845));
#9688=CARTESIAN_POINT('',(44.677604501,34.55176172,13.038799671));
#9689=CARTESIAN_POINT('',(44.677067454,34.552043689,13.038748414));
#9690=CARTESIAN_POINT('',(44.608263057,34.5881183,13.032179265));
#9691=CARTESIAN_POINT('',(44.532135834,34.621702781,13.024627664));
#9692=CARTESIAN_POINT('',(44.379779946,34.668063669,13.012786037));
#9693=CARTESIAN_POINT('',(44.303564389,34.680403637,13.008777452));
#9694=CARTESIAN_POINT('',(44.234567901,34.680403637,13.008777452));
#9695=CARTESIAN_POINT('',(46.211263419,33.005426517,12.829642061));
#9696=CARTESIAN_POINT('',(46.196665311,33.017722981,12.84199337));
#9697=CARTESIAN_POINT('',(46.182056192,33.030193767,12.8538829));
#9698=CARTESIAN_POINT('',(46.152810535,33.055454293,12.876782487));
#9699=CARTESIAN_POINT('',(46.138173999,33.068244034,12.887792546));
#9700=CARTESIAN_POINT('',(46.108868117,33.094112783,12.908977277));
#9701=CARTESIAN_POINT('',(46.094198771,33.107191791,12.91915195));
#9702=CARTESIAN_POINT('',(46.064821878,33.133609385,12.938709997));
#9703=CARTESIAN_POINT('',(46.050114331,33.146947971,12.948093371));
#9704=CARTESIAN_POINT('',(46.020655641,33.173855034,12.966112907));
#9705=CARTESIAN_POINT('',(46.0059045,33.18742351,12.974749069));
#9706=CARTESIAN_POINT('',(45.97635323,33.214760665,12.991318267));
#9707=CARTESIAN_POINT('',(45.961553101,33.228529344,12.999251303));
#9708=CARTESIAN_POINT('',(45.931898466,33.256237215,13.014458336));
#9709=CARTESIAN_POINT('',(45.917043958,33.270176407,13.021732333));
#9710=CARTESIAN_POINT('',(45.887275171,33.298195617,13.035665373));
#9711=CARTESIAN_POINT('',(45.872361148,33.312274248,13.042325452));
#9712=CARTESIAN_POINT('',(45.842466793,33.340548861,13.055070123));
#9713=CARTESIAN_POINT('',(45.827485733,33.35474866,13.061151472));
#9714=CARTESIAN_POINT('',(45.797447336,33.383255707,13.072754442));
#9715=CARTESIAN_POINT('',(45.782389999,33.397562954,13.078276063));
#9716=CARTESIAN_POINT('',(45.752190536,33.42626736,13.088781826));
#9717=CARTESIAN_POINT('',(45.73704841,33.440664519,13.093765966));
#9718=CARTESIAN_POINT('',(45.706670859,33.469531211,13.103219014));
#9719=CARTESIAN_POINT('',(45.691435433,33.484000745,13.107687921));
#9720=CARTESIAN_POINT('',(45.660862771,33.512994651,13.116132747));
#9721=CARTESIAN_POINT('',(45.645525535,33.527519023,13.120108666));
#9722=CARTESIAN_POINT('',(45.614740739,33.556605069,13.127589764));
#9723=CARTESIAN_POINT('',(45.59929318,33.571166743,13.131094942));
#9724=CARTESIAN_POINT('',(45.556862516,33.611037883,13.140072327));
#9725=CARTESIAN_POINT('',(45.525642602,33.640213979,13.145856469));
#9726=CARTESIAN_POINT('',(45.494154634,33.669371785,13.150818638));
#9727=CARTESIAN_POINT('',(45.458472133,33.702374657,13.156310457));
#9728=CARTESIAN_POINT('',(45.426670309,33.731519303,13.160333815));
#9729=CARTESIAN_POINT('',(45.362460458,33.789559141,13.166846367));
#9730=CARTESIAN_POINT('',(45.330052433,33.818454334,13.169335562));
#9731=CARTESIAN_POINT('',(45.264577918,33.87577143,13.172902764));
#9732=CARTESIAN_POINT('',(45.231511428,33.904193332,13.17398077));
#9733=CARTESIAN_POINT('',(45.171279464,33.954786344,13.17476273));
#9734=CARTESIAN_POINT('',(45.137573184,33.982577546,13.174682141));
#9735=CARTESIAN_POINT('',(45.103488989,34.009936702,13.174001286));
#9736=CARTESIAN_POINT('',(45.06257057,34.042602898,13.173041029));
#9737=CARTESIAN_POINT('',(45.028027321,34.069416807,13.171639786));
#9738=CARTESIAN_POINT('',(44.95819206,34.121616544,13.167869739));
#9739=CARTESIAN_POINT('',(44.922900048,34.147002372,13.165500936));
#9740=CARTESIAN_POINT('',(44.851583916,34.195832472,13.160027366));
#9741=CARTESIAN_POINT('',(44.815559795,34.219276744,13.156922599));
#9742=CARTESIAN_POINT('',(44.752392511,34.25785016,13.151094157));
#9743=CARTESIAN_POINT('',(44.725413175,34.273541463,13.148485974));
#9744=CARTESIAN_POINT('',(44.688509098,34.293811593,13.144820458));
#9745=CARTESIAN_POINT('',(44.678564259,34.299157385,13.143826124));
#9746=CARTESIAN_POINT('',(44.667912372,34.30474233,13.142757878));
#9747=CARTESIAN_POINT('',(44.66738614,34.305017868,13.14270509));
#9748=CARTESIAN_POINT('',(44.599966779,34.340270918,13.135940196));
#9749=CARTESIAN_POINT('',(44.52531204,34.373257562,13.128229573));
#9750=CARTESIAN_POINT('',(44.376160678,34.418825751,13.116165653));
#9751=CARTESIAN_POINT('',(44.301679116,34.430974069,13.112094561));
#9752=CARTESIAN_POINT('',(44.234567901,34.430974069,13.112094561));
#9753=CARTESIAN_POINT('',(46.209985647,33.000636611,12.832919937));
#9754=CARTESIAN_POINT('',(46.195402227,33.012881253,12.84527366));
#9755=CARTESIAN_POINT('',(46.180807714,33.025301067,12.857165393));
#9756=CARTESIAN_POINT('',(46.151591108,33.05046133,12.880068983));
#9757=CARTESIAN_POINT('',(46.136969016,33.063201779,12.89108084));
#9758=CARTESIAN_POINT('',(46.107691856,33.088973605,12.912268783));
#9759=CARTESIAN_POINT('',(46.093036789,33.102004982,12.922444868));
#9760=CARTESIAN_POINT('',(46.063688285,33.128328955,12.94200537));
#9761=CARTESIAN_POINT('',(46.048994848,33.141621552,12.951389788));
#9762=CARTESIAN_POINT('',(46.019564209,33.168438257,12.969411058));
#9763=CARTESIAN_POINT('',(46.004827006,33.181962366,12.978047912));
#9764=CARTESIAN_POINT('',(45.975303441,33.209212388,12.994618158));
#9765=CARTESIAN_POINT('',(45.960517078,33.222938301,13.002551552));
#9766=CARTESIAN_POINT('',(45.930889796,33.250562224,13.017758983));
#9767=CARTESIAN_POINT('',(45.916048878,33.264460234,13.02503302));
#9768=CARTESIAN_POINT('',(45.886307089,33.292398643,13.038965843));
#9769=CARTESIAN_POINT('',(45.871406474,33.306437655,13.045625664));
#9770=CARTESIAN_POINT('',(45.841538756,33.334634575,13.058369537));
#9771=CARTESIAN_POINT('',(45.826570923,33.348796299,13.064450346));
#9772=CARTESIAN_POINT('',(45.796558795,33.377228719,13.076051976));
#9773=CARTESIAN_POINT('',(45.7815145,33.391499415,13.081572796));
#9774=CARTESIAN_POINT('',(45.751340934,33.42013222,13.092076713));
#9775=CARTESIAN_POINT('',(45.736211664,33.434494331,13.09705981));
#9776=CARTESIAN_POINT('',(45.705859633,33.463292409,13.106510545));
#9777=CARTESIAN_POINT('',(45.690636874,33.477728377,13.110978184));
#9778=CARTESIAN_POINT('',(45.660089351,33.506656615,13.119420269));
#9779=CARTESIAN_POINT('',(45.644764588,33.521148885,13.123394715));
#9780=CARTESIAN_POINT('',(45.614004545,33.550172169,13.13087268));
#9781=CARTESIAN_POINT('',(45.598569266,33.564703184,13.134376199));
#9782=CARTESIAN_POINT('',(45.556171932,33.604492379,13.143348815));
#9783=CARTESIAN_POINT('',(45.524976038,33.633611049,13.149129181));
#9784=CARTESIAN_POINT('',(45.493511688,33.662714206,13.154087307));
#9785=CARTESIAN_POINT('',(45.45785586,33.695655633,13.15957451));
#9786=CARTESIAN_POINT('',(45.426077197,33.724748758,13.163593532));
#9787=CARTESIAN_POINT('',(45.361912845,33.782690929,13.170097055));
#9788=CARTESIAN_POINT('',(45.329527157,33.811539975,13.172581557));
#9789=CARTESIAN_POINT('',(45.264096471,33.868769997,13.176139168));
#9790=CARTESIAN_POINT('',(45.231051474,33.897150972,13.177212278));
#9791=CARTESIAN_POINT('',(45.170857465,33.94767479,13.177985372));
#9792=CARTESIAN_POINT('',(45.137171899,33.975429629,13.177899844));
#9793=CARTESIAN_POINT('',(45.103107979,34.002754892,13.17721409));
#9794=CARTESIAN_POINT('',(45.062213741,34.035381071,13.176247979));
#9795=CARTESIAN_POINT('',(45.027690239,34.062164029,13.174841904));
#9796=CARTESIAN_POINT('',(44.957893566,34.114306636,13.171062456));
#9797=CARTESIAN_POINT('',(44.922620395,34.139666286,13.168689083));
#9798=CARTESIAN_POINT('',(44.851341018,34.18844867,13.163206785));
#9799=CARTESIAN_POINT('',(44.81533481,34.211871403,13.160097861));
#9800=CARTESIAN_POINT('',(44.752197802,34.250411334,13.154262691));
#9801=CARTESIAN_POINT('',(44.725231047,34.266089657,13.151651807));
#9802=CARTESIAN_POINT('',(44.688343701,34.286343779,13.147982872));
#9803=CARTESIAN_POINT('',(44.678403253,34.291685496,13.14698766));
#9804=CARTESIAN_POINT('',(44.667755959,34.297266311,13.145918518));
#9805=CARTESIAN_POINT('',(44.667229953,34.297541645,13.145865685));
#9806=CARTESIAN_POINT('',(44.59983959,34.332768698,13.139095148));
#9807=CARTESIAN_POINT('',(44.525212535,34.365736002,13.131380047));
#9808=CARTESIAN_POINT('',(44.376113516,34.411278449,13.119309924));
#9809=CARTESIAN_POINT('',(44.301656586,34.423420484,13.115237115));
#9810=CARTESIAN_POINT('',(44.234567901,34.423420484,13.115237115));
#9811=CARTESIAN_POINT('',(46.169254068,32.847410545,12.937946926));
#9812=CARTESIAN_POINT('',(46.155135948,32.858018058,12.950379701));
#9813=CARTESIAN_POINT('',(46.141000236,32.868827203,12.962343858));
#9814=CARTESIAN_POINT('',(46.112688756,32.890818461,12.98537956));
#9815=CARTESIAN_POINT('',(46.098512988,32.902000575,12.996451104));
#9816=CARTESIAN_POINT('',(46.07011652,32.924707479,13.017746201));
#9817=CARTESIAN_POINT('',(46.05589582,32.936232268,13.027969754));
#9818=CARTESIAN_POINT('',(46.027404616,32.959594229,13.047613489));
#9819=CARTESIAN_POINT('',(46.013134111,32.9714314,13.057033672));
#9820=CARTESIAN_POINT('',(45.984538423,32.99538783,13.07511529));
#9821=CARTESIAN_POINT('',(45.970213238,33.007507089,13.083776726));
#9822=CARTESIAN_POINT('',(45.941503317,33.031997402,13.10038547));
#9823=CARTESIAN_POINT('',(45.927118579,33.044368455,13.108332778));
#9824=CARTESIAN_POINT('',(45.898284677,33.069332062,13.123557892));
#9825=CARTESIAN_POINT('',(45.883835512,33.081924616,13.130835697));
#9826=CARTESIAN_POINT('',(45.85486788,33.107300931,13.144766423));
#9827=CARTESIAN_POINT('',(45.840349668,33.12008331,13.151420376));
#9828=CARTESIAN_POINT('',(45.811237929,33.145815171,13.164143419));
#9829=CARTESIAN_POINT('',(45.796643677,33.158768454,13.170209278));
#9830=CARTESIAN_POINT('',(45.767370438,33.184831541,13.181772544));
#9831=CARTESIAN_POINT('',(45.752691451,33.197941343,13.18726995));
#9832=CARTESIAN_POINT('',(45.723240775,33.224299284,13.197719182));
#9833=CARTESIAN_POINT('',(45.708469086,33.237547421,13.202671008));
#9834=CARTESIAN_POINT('',(45.678825037,33.264163845,13.212051952));
#9835=CARTESIAN_POINT('',(45.663952677,33.277532132,13.216481071));
#9836=CARTESIAN_POINT('',(45.634099318,33.304370669,13.224839472));
#9837=CARTESIAN_POINT('',(45.619118319,33.31784092,13.228768755));
#9838=CARTESIAN_POINT('',(45.589039714,33.3448652,13.236150358));
#9839=CARTESIAN_POINT('',(45.573942108,33.358419229,13.239602679));
#9840=CARTESIAN_POINT('',(45.532461141,33.39559592,13.248427776));
#9841=CARTESIAN_POINT('',(45.501925421,33.422882128,13.254090886));
#9842=CARTESIAN_POINT('',(45.471112055,33.450239438,13.258923015));
#9843=CARTESIAN_POINT('',(45.436191742,33.481217636,13.264266363));
#9844=CARTESIAN_POINT('',(45.405054019,33.508662512,13.268149945));
#9845=CARTESIAN_POINT('',(45.342158181,33.563476004,13.274371027));
#9846=CARTESIAN_POINT('',(45.310400066,33.590844621,13.276708527));
#9847=CARTESIAN_POINT('',(45.246215542,33.645276962,13.27996571));
#9848=CARTESIAN_POINT('',(45.213789134,33.672340686,13.280885393));
#9849=CARTESIAN_POINT('',(45.154705784,33.720633446,13.281380818));
#9850=CARTESIAN_POINT('',(45.121634657,33.747213902,13.281140689));
#9851=CARTESIAN_POINT('',(45.088184641,33.773442163,13.280301768));
#9852=CARTESIAN_POINT('',(45.048025736,33.804772544,13.279152669));
#9853=CARTESIAN_POINT('',(45.014116026,33.830550651,13.277595818));
#9854=CARTESIAN_POINT('',(44.945550904,33.880834005,13.273523595));
#9855=CARTESIAN_POINT('',(44.910895491,33.905339251,13.271008222));
#9856=CARTESIAN_POINT('',(44.840859745,33.952559838,13.265255497));
#9857=CARTESIAN_POINT('',(44.805479413,33.975275179,13.262018144));
#9858=CARTESIAN_POINT('',(44.743439724,34.012711551,13.255975936));
#9859=CARTESIAN_POINT('',(44.716941601,34.027960834,13.253282238));
#9860=CARTESIAN_POINT('',(44.680696428,34.047684123,13.249508878));
#9861=CARTESIAN_POINT('',(44.670926619,34.052890352,13.248486947));
#9862=CARTESIAN_POINT('',(44.660460017,34.058333507,13.247390601));
#9863=CARTESIAN_POINT('',(44.659942932,34.05860206,13.247336428));
#9864=CARTESIAN_POINT('',(44.593694912,34.092962628,13.240394617));
#9865=CARTESIAN_POINT('',(44.520250724,34.125272553,13.232547174));
#9866=CARTESIAN_POINT('',(44.373588275,34.169937092,13.220295684));
#9867=CARTESIAN_POINT('',(44.30038549,34.181863153,13.216173546));
#9868=CARTESIAN_POINT('',(44.234567901,34.181863153,13.216173546));
#9869=CARTESIAN_POINT('',(46.134513185,32.700502465,13.043744926));
#9870=CARTESIAN_POINT('',(46.120705634,32.710159512,13.056308287));
#9871=CARTESIAN_POINT('',(46.106877083,32.720021827,13.068400255));
#9872=CARTESIAN_POINT('',(46.079173322,32.740127189,13.091685219));
#9873=CARTESIAN_POINT('',(46.065298113,32.750370236,13.102878216));
#9874=CARTESIAN_POINT('',(46.037496375,32.771207257,13.124409056));
#9875=CARTESIAN_POINT('',(46.023569848,32.781801231,13.134746899));
#9876=CARTESIAN_POINT('',(45.995660816,32.8033103,13.154611249));
#9877=CARTESIAN_POINT('',(45.981678311,32.814225395,13.164137756));
#9878=CARTESIAN_POINT('',(45.953652666,32.836346902,13.182423248));
#9879=CARTESIAN_POINT('',(45.939609525,32.847553314,13.191182235));
#9880=CARTESIAN_POINT('',(45.911457949,32.870227648,13.207976504));
#9881=CARTESIAN_POINT('',(45.897349513,32.88169557,13.216011788));
#9882=CARTESIAN_POINT('',(45.869062687,32.904863121,13.231402468));
#9883=CARTESIAN_POINT('',(45.854884297,32.916562749,13.238757864));
#9884=CARTESIAN_POINT('',(45.826452904,32.940163905,13.252832588));
#9885=CARTESIAN_POINT('',(45.812200138,32.95206414,13.259552885));
#9886=CARTESIAN_POINT('',(45.783614269,32.976042502,13.272396897));
#9887=CARTESIAN_POINT('',(45.76928049,32.988124194,13.278517579));
#9888=CARTESIAN_POINT('',(45.740523879,33.012454226,13.290179776));
#9889=CARTESIAN_POINT('',(45.726101046,33.024702566,13.295721291));
#9890=CARTESIAN_POINT('',(45.697158961,33.049347524,13.306248637));
#9891=CARTESIAN_POINT('',(45.682639708,33.061744142,13.311234468));
#9892=CARTESIAN_POINT('',(45.653497417,33.086667282,13.32067393));
#9893=CARTESIAN_POINT('',(45.638874379,33.099193804,13.32512756));
#9894=CARTESIAN_POINT('',(45.60951715,33.124358383,13.333526101));
#9895=CARTESIAN_POINT('',(45.594782959,33.136996439,13.337471013));
#9896=CARTESIAN_POINT('',(45.565196061,33.162365712,13.3448756));
#9897=CARTESIAN_POINT('',(45.550343353,33.175096929,13.348335276));
#9898=CARTESIAN_POINT('',(45.509530693,33.210034798,13.357170015));
#9899=CARTESIAN_POINT('',(45.47948116,33.235700629,13.362826811));
#9900=CARTESIAN_POINT('',(45.449153519,33.261455114,13.367639552));
#9901=CARTESIAN_POINT('',(45.414783069,33.29062148,13.372959292));
#9902=CARTESIAN_POINT('',(45.384131441,33.31648223,13.376810439));
#9903=CARTESIAN_POINT('',(45.322213498,33.368165324,13.382952784));
#9904=CARTESIAN_POINT('',(45.290947182,33.39398767,13.385243982));
#9905=CARTESIAN_POINT('',(45.227757064,33.445369992,13.388403976));
#9906=CARTESIAN_POINT('',(45.195833262,33.470929968,13.389272773));
#9907=CARTESIAN_POINT('',(45.137670028,33.516555236,13.389680733));
#9908=CARTESIAN_POINT('',(45.105115796,33.541674626,13.389393826));
#9909=CARTESIAN_POINT('',(45.072192789,33.566466889,13.388514528));
#9910=CARTESIAN_POINT('',(45.032667749,33.596083117,13.387319144));
#9911=CARTESIAN_POINT('',(44.999297948,33.620455976,13.385731759));
#9912=CARTESIAN_POINT('',(44.931835583,33.668004227,13.381618601));
#9913=CARTESIAN_POINT('',(44.897743018,33.69117962,13.379092826));
#9914=CARTESIAN_POINT('',(44.828857387,33.73583968,13.373343345));
#9915=CARTESIAN_POINT('',(44.79406432,33.757324348,13.370119638));
#9916=CARTESIAN_POINT('',(44.733066738,33.79273074,13.364125396));
#9917=CARTESIAN_POINT('',(44.707017528,33.807152557,13.361459616));
#9918=CARTESIAN_POINT('',(44.671392033,33.825803638,13.357735532));
#9919=CARTESIAN_POINT('',(44.661798058,33.830725951,13.356728668));
#9920=CARTESIAN_POINT('',(44.651526787,33.835871612,13.355650205));
#9921=CARTESIAN_POINT('',(44.651019371,33.836125485,13.35559692));
#9922=CARTESIAN_POINT('',(44.586012262,33.868607658,13.348769484));
#9923=CARTESIAN_POINT('',(44.51422973,33.899124769,13.341122912));
#9924=CARTESIAN_POINT('',(44.370828391,33.941312872,13.329209796));
#9925=CARTESIAN_POINT('',(44.29922379,33.952581181,13.325209344));
#9926=CARTESIAN_POINT('',(44.234567901,33.952581181,13.325209344));
#9927=CARTESIAN_POINT('',(46.073595827,32.405737715,13.266424074));
#9928=CARTESIAN_POINT('',(46.060506749,32.414088384,13.278926562));
#9929=CARTESIAN_POINT('',(46.04737876,32.422633507,13.290979617));
#9930=CARTESIAN_POINT('',(46.021041512,32.440084518,13.31422575));
#9931=CARTESIAN_POINT('',(46.007832252,32.448990407,13.325418828));
#9932=CARTESIAN_POINT('',(45.981329009,32.467134807,13.346983896));
#9933=CARTESIAN_POINT('',(45.968035027,32.476373318,13.357355887));
#9934=CARTESIAN_POINT('',(45.94135889,32.495154819,13.37731767));
#9935=CARTESIAN_POINT('',(45.927976736,32.50469781,13.386907462));
#9936=CARTESIAN_POINT('',(45.901120803,32.524060126,13.405343739));
#9937=CARTESIAN_POINT('',(45.887647025,32.533879453,13.414190224));
#9938=CARTESIAN_POINT('',(45.860604395,32.553766298,13.431178774));
#9939=CARTESIAN_POINT('',(45.847035543,32.563833818,13.43932084));
#9940=CARTESIAN_POINT('',(45.819799315,32.584188906,13.454939444));
#9941=CARTESIAN_POINT('',(45.806131938,32.594476475,13.462415981));
#9942=CARTESIAN_POINT('',(45.77869521,32.615243519,13.476742416));
#9943=CARTESIAN_POINT('',(45.764926049,32.625721963,13.483593099));
#9944=CARTESIAN_POINT('',(45.737281449,32.646847237,13.496703212));
#9945=CARTESIAN_POINT('',(45.723405491,32.657496918,13.502960199));
#9946=CARTESIAN_POINT('',(45.695541264,32.678951634,13.514900834));
#9947=CARTESIAN_POINT('',(45.681552996,32.689756667,13.520584484));
#9948=CARTESIAN_POINT('',(45.653459152,32.711503352,13.531401248));
#9949=CARTESIAN_POINT('',(45.639353577,32.722445002,13.536534363));
#9950=CARTESIAN_POINT('',(45.611020125,32.744446183,13.546272863));
#9951=CARTESIAN_POINT('',(45.596792249,32.755505714,13.550878248));
#9952=CARTESIAN_POINT('',(45.568209199,32.777723921,13.559584089));
#9953=CARTESIAN_POINT('',(45.553854026,32.788882596,13.563684546));
#9954=CARTESIAN_POINT('',(45.525011387,32.811280356,13.571403335));
#9955=CARTESIAN_POINT('',(45.510523922,32.82251944,13.575021667));
#9956=CARTESIAN_POINT('',(45.470695049,32.853356543,13.584293855));
#9957=CARTESIAN_POINT('',(45.441344715,32.876002467,13.590274444));
#9958=CARTESIAN_POINT('',(45.411701893,32.898708969,13.595413884));
#9959=CARTESIAN_POINT('',(45.378104914,32.924420483,13.601104516));
#9960=CARTESIAN_POINT('',(45.348124839,32.947198083,13.605289409));
#9961=CARTESIAN_POINT('',(45.287546234,32.992668761,13.612119174));
#9962=CARTESIAN_POINT('',(45.256947702,33.015361839,13.614764046));
#9963=CARTESIAN_POINT('',(45.195109201,33.060455084,13.6186591));
#9964=CARTESIAN_POINT('',(45.163869232,33.08285525,13.619909283));
#9965=CARTESIAN_POINT('',(45.106970703,33.122772509,13.621036551));
#9966=CARTESIAN_POINT('',(45.075132484,33.144719084,13.621162624));
#9967=CARTESIAN_POINT('',(45.042951721,33.166336101,13.620718153));
#9968=CARTESIAN_POINT('',(45.004322684,33.192148341,13.620050006));
#9969=CARTESIAN_POINT('',(44.971729428,33.213345391,13.618927766));
#9970=CARTESIAN_POINT('',(44.905886136,33.254614848,13.615786525));
#9971=CARTESIAN_POINT('',(44.872636099,33.274687256,13.613767525));
#9972=CARTESIAN_POINT('',(44.805510448,33.313287136,13.609064887));
#9973=CARTESIAN_POINT('',(44.771634833,33.331814608,13.606381249));
#9974=CARTESIAN_POINT('',(44.712302965,33.362276527,13.60134636));
#9975=CARTESIAN_POINT('',(44.686982813,33.374660977,13.599094149));
#9976=CARTESIAN_POINT('',(44.652380872,33.390645064,13.59593873));
#9977=CARTESIAN_POINT('',(44.643094372,33.394855414,13.595085511));
#9978=CARTESIAN_POINT('',(44.633178051,33.39925019,13.59417188));
#9979=CARTESIAN_POINT('',(44.632688236,33.399467,13.59412674));
#9980=CARTESIAN_POINT('',(44.569944452,33.42720501,13.588342948));
#9981=CARTESIAN_POINT('',(44.501715718,33.453002864,13.581874178));
#9982=CARTESIAN_POINT('',(44.365280319,33.488643445,13.571783977));
#9983=CARTESIAN_POINT('',(44.297084493,33.498157646,13.568378426));
#9984=CARTESIAN_POINT('',(44.234567901,33.498157646,13.568378426));
#9985=CARTESIAN_POINT('',(46.047731772,32.258003315,13.38355265));
#9986=CARTESIAN_POINT('',(46.035117183,32.265963695,13.395799421));
#9987=CARTESIAN_POINT('',(46.022445557,32.274106286,13.40762514));
#9988=CARTESIAN_POINT('',(45.996986052,32.290728731,13.430468923));
#9989=CARTESIAN_POINT('',(45.984198173,32.299208583,13.441486987));
#9990=CARTESIAN_POINT('',(45.958503982,32.316478387,13.462749911));
#9991=CARTESIAN_POINT('',(45.945597669,32.325268338,13.47299477));
#9992=CARTESIAN_POINT('',(45.919664428,32.343131175,13.492745734));
#9993=CARTESIAN_POINT('',(45.9066375,32.352204061,13.502251838));
#9994=CARTESIAN_POINT('',(45.88046085,32.370605606,13.52055974));
#9995=CARTESIAN_POINT('',(45.867311126,32.379934264,13.529361539));
#9996=CARTESIAN_POINT('',(45.840886704,32.39882019,13.54629528));
#9997=CARTESIAN_POINT('',(45.827612005,32.408377457,13.554427222));
#9998=CARTESIAN_POINT('',(45.800935449,32.427693439,13.570055699));
#9999=CARTESIAN_POINT('',(45.787533592,32.437452152,13.577552235));
#10000=CARTESIAN_POINT('',(45.760600542,32.457143863,13.591944349));
#10001=CARTESIAN_POINT('',(45.747069505,32.467076005,13.598840587));
#10002=CARTESIAN_POINT('',(45.719875206,32.487091238,13.612063611));
#10003=CARTESIAN_POINT('',(45.706211531,32.497176696,13.618388352));
#10004=CARTESIAN_POINT('',(45.678748188,32.517484169,13.630485535));
#10005=CARTESIAN_POINT('',(45.664948521,32.527706184,13.636257977));
#10006=CARTESIAN_POINT('',(45.637210258,32.54826764,13.647271798));
#10007=CARTESIAN_POINT('',(45.623271662,32.558607083,13.652513179));
#10008=CARTESIAN_POINT('',(45.595252601,32.579384268,13.662486118));
#10009=CARTESIAN_POINT('',(45.581172137,32.58982201,13.667217678));
#10010=CARTESIAN_POINT('',(45.552866402,32.610776667,13.676192215));
#10011=CARTESIAN_POINT('',(45.538641132,32.621293581,13.680435193));
#10012=CARTESIAN_POINT('',(45.510042846,32.642387453,13.688453807));
#10013=CARTESIAN_POINT('',(45.495669831,32.652964411,13.692229444));
#10014=CARTESIAN_POINT('',(45.456135794,32.681961387,13.701950138));
#10015=CARTESIAN_POINT('',(45.426977649,32.703226432,13.708281388));
#10016=CARTESIAN_POINT('',(45.397507499,32.72450879,13.713792773));
#10017=CARTESIAN_POINT('',(45.364103413,32.748601395,13.719907946));
#10018=CARTESIAN_POINT('',(45.334276229,32.769903497,13.724490758));
#10019=CARTESIAN_POINT('',(45.273985382,32.812342123,13.732158495));
#10020=CARTESIAN_POINT('',(45.243521719,32.833478647,13.735243418));
#10021=CARTESIAN_POINT('',(45.181951965,32.875387114,13.740057157));
#10022=CARTESIAN_POINT('',(45.150845874,32.896159056,13.741785972));
#10023=CARTESIAN_POINT('',(45.094203075,32.933085851,13.743807381));
#10024=CARTESIAN_POINT('',(45.062513097,32.953348403,13.744443383));
#10025=CARTESIAN_POINT('',(45.030495663,32.973253209,13.74452559));
#10026=CARTESIAN_POINT('',(44.992066406,32.9970078,13.744492895));
#10027=CARTESIAN_POINT('',(44.959656934,33.016460327,13.743919158));
#10028=CARTESIAN_POINT('',(44.894224868,33.054235584,13.741896453));
#10029=CARTESIAN_POINT('',(44.861202275,33.072558314,13.740447485));
#10030=CARTESIAN_POINT('',(44.794584838,33.107701932,13.736891968));
#10031=CARTESIAN_POINT('',(44.760989995,33.124522819,13.734785419));
#10032=CARTESIAN_POINT('',(44.702200296,33.152101012,13.730746055));
#10033=CARTESIAN_POINT('',(44.677127117,33.163287404,13.728913975));
#10034=CARTESIAN_POINT('',(44.642886441,33.177690906,13.726322559));
#10035=CARTESIAN_POINT('',(44.633720932,33.18147659,13.725619506));
#10036=CARTESIAN_POINT('',(44.623953583,33.185421204,13.724864797));
#10037=CARTESIAN_POINT('',(44.623471177,33.185615789,13.724827504));
#10038=CARTESIAN_POINT('',(44.561682914,33.210508219,13.720048491));
#10039=CARTESIAN_POINT('',(44.495303089,33.23338679,13.714622716));
#10040=CARTESIAN_POINT('',(44.362514181,33.264966664,13.706112038));
#10041=CARTESIAN_POINT('',(44.296114041,33.27338823,13.703207845));
#10042=CARTESIAN_POINT('',(44.234567901,33.27338823,13.703207845));
#10043=CARTESIAN_POINT('',(46.006265095,31.967247183,13.625239839));
#10044=CARTESIAN_POINT('',(45.994631346,31.974792675,13.636646875));
#10045=CARTESIAN_POINT('',(45.982898265,31.982483372,13.647715523));
#10046=CARTESIAN_POINT('',(45.959234256,31.998130779,13.669199387));
#10047=CARTESIAN_POINT('',(45.947303328,32.006087488,13.679614602));
#10048=CARTESIAN_POINT('',(45.923244444,32.022242519,13.699814947));
#10049=CARTESIAN_POINT('',(45.911116487,32.030440841,13.709600076));
#10050=CARTESIAN_POINT('',(45.886664361,32.047054697,13.728563591));
#10051=CARTESIAN_POINT('',(45.874340192,32.055470232,13.737741978));
#10052=CARTESIAN_POINT('',(45.849496459,32.072494116,13.755515355));
#10053=CARTESIAN_POINT('',(45.836976895,32.081102464,13.764110344));
#10054=CARTESIAN_POINT('',(45.811743189,32.098487576,13.780740272));
#10055=CARTESIAN_POINT('',(45.799029047,32.10726434,13.78877521));
#10056=CARTESIAN_POINT('',(45.773407002,32.124961881,13.804308379));
#10057=CARTESIAN_POINT('',(45.7604991,32.13388266,13.811806611));
#10058=CARTESIAN_POINT('',(45.734490351,32.151843833,13.826289711));
#10059=CARTESIAN_POINT('',(45.721389597,32.160883728,13.833274989));
#10060=CARTESIAN_POINT('',(45.694995548,32.179060971,13.846753703));
#10061=CARTESIAN_POINT('',(45.681702048,32.188199721,13.853245893));
#10062=CARTESIAN_POINT('',(45.654923735,32.206558372,13.865751828));
#10063=CARTESIAN_POINT('',(45.64143892,32.215778272,13.871765574));
#10064=CARTESIAN_POINT('',(45.61427961,32.234280112,13.883330509));
#10065=CARTESIAN_POINT('',(45.600605114,32.243562052,13.888881699));
#10066=CARTESIAN_POINT('',(45.573068075,32.262168865,13.899537411));
#10067=CARTESIAN_POINT('',(45.559205532,32.271493736,13.904641934));
#10068=CARTESIAN_POINT('',(45.531294031,32.290167303,13.914420201));
#10069=CARTESIAN_POINT('',(45.517245074,32.299515998,13.919093945));
#10070=CARTESIAN_POINT('',(45.48896238,32.318218101,13.928026544));
#10071=CARTESIAN_POINT('',(45.474728642,32.327571509,13.932285398));
#10072=CARTESIAN_POINT('',(45.435531288,32.353144899,13.943392727));
#10073=CARTESIAN_POINT('',(45.406562757,32.371811841,13.950819055));
#10074=CARTESIAN_POINT('',(45.377233435,32.39038476,13.957501682));
#10075=CARTESIAN_POINT('',(45.343982225,32.411393067,13.964954496));
#10076=CARTESIAN_POINT('',(45.31424554,32.429855424,13.970797204));
#10077=CARTESIAN_POINT('',(45.25408429,32.466410117,13.981116058));
#10078=CARTESIAN_POINT('',(45.223659726,32.484502453,13.985592204));
#10079=CARTESIAN_POINT('',(45.162154503,32.520143293,13.993294812));
#10080=CARTESIAN_POINT('',(45.131073844,32.537691799,13.996521274));
#10081=CARTESIAN_POINT('',(45.074498561,32.568670591,14.001315163));
#10082=CARTESIAN_POINT('',(45.042855511,32.585571545,14.003521742));
#10083=CARTESIAN_POINT('',(45.010912641,32.602046212,14.005206623));
#10084=CARTESIAN_POINT('',(44.972580464,32.621675925,14.007102072));
#10085=CARTESIAN_POINT('',(44.940283854,32.637619884,14.008170874));
#10086=CARTESIAN_POINT('',(44.875164147,32.668351065,14.009452187));
#10087=CARTESIAN_POINT('',(44.842341049,32.683138287,14.009664698));
#10088=CARTESIAN_POINT('',(44.776232234,32.711286877,14.009404344));
#10089=CARTESIAN_POINT('',(44.742946517,32.724648245,14.008931479));
#10090=CARTESIAN_POINT('',(44.684808672,32.746375232,14.007663864));
#10091=CARTESIAN_POINT('',(44.660047851,32.755128969,14.006986917));
#10092=CARTESIAN_POINT('',(44.626286497,32.766322027,14.005924381));
#10093=CARTESIAN_POINT('',(44.617299145,32.769245415,14.005624864));
#10094=CARTESIAN_POINT('',(44.607762978,32.772276166,14.005293729));
#10095=CARTESIAN_POINT('',(44.607292096,32.772425632,14.00527734));
#10096=CARTESIAN_POINT('',(44.546993337,32.791541425,14.003173984));
#10097=CARTESIAN_POINT('',(44.483908756,32.808500769,14.000377512));
#10098=CARTESIAN_POINT('',(44.357655342,32.83183954,13.995786706));
#10099=CARTESIAN_POINT('',(44.294492063,32.838037141,13.994100143));
#10100=CARTESIAN_POINT('',(44.234567901,32.838037141,13.994100143));
#10101=CARTESIAN_POINT('',(45.990662471,31.824225451,13.749798451));
#10102=CARTESIAN_POINT('',(45.979491959,31.831782369,13.76065806));
#10103=CARTESIAN_POINT('',(45.968200155,31.839457882,13.771231687));
#10104=CARTESIAN_POINT('',(45.945376339,31.855023623,13.791823801));
#10105=CARTESIAN_POINT('',(45.933844327,31.86291385,13.801842288));
#10106=CARTESIAN_POINT('',(45.910542472,31.878886548,13.821340946));
#10107=CARTESIAN_POINT('',(45.898772629,31.886969017,13.830821118));
#10108=CARTESIAN_POINT('',(45.874997485,31.903303723,13.849259972));
#10109=CARTESIAN_POINT('',(45.862992184,31.911555959,13.858218654));
#10110=CARTESIAN_POINT('',(45.838748502,31.928207727,13.875631353));
#10111=CARTESIAN_POINT('',(45.826510121,31.936607257,13.88408537));
#10112=CARTESIAN_POINT('',(45.801802651,31.953531138,13.900505563));
#10113=CARTESIAN_POINT('',(45.789333563,31.962055489,13.90847174));
#10114=CARTESIAN_POINT('',(45.764167056,31.979206536,13.923933078));
#10115=CARTESIAN_POINT('',(45.751469638,31.987833233,13.93142824));
#10116=CARTESIAN_POINT('',(45.725848845,32.005166499,13.945964372));
#10117=CARTESIAN_POINT('',(45.71292553,32.013872746,13.953005627));
#10118=CARTESIAN_POINT('',(45.686855051,32.03134408,13.966649504));
#10119=CARTESIAN_POINT('',(45.673707787,32.040110087,13.97325128));
#10120=CARTESIAN_POINT('',(45.647193193,32.057684224,13.986026755));
#10121=CARTESIAN_POINT('',(45.633825862,32.066492354,13.992200453));
#10122=CARTESIAN_POINT('',(45.606875111,32.084132182,14.004132016));
#10123=CARTESIAN_POINT('',(45.593291691,32.09296388,14.009889881));
#10124=CARTESIAN_POINT('',(45.565912741,32.110632288,14.021002024));
#10125=CARTESIAN_POINT('',(45.552117211,32.119468999,14.026356301));
#10126=CARTESIAN_POINT('',(45.52431802,32.137128876,14.036673513));
#10127=CARTESIAN_POINT('',(45.510314359,32.145952044,14.041636448));
#10128=CARTESIAN_POINT('',(45.482102885,32.163566279,14.05118322));
#10129=CARTESIAN_POINT('',(45.467895072,32.172357348,14.055767058));
#10130=CARTESIAN_POINT('',(45.428745359,32.196342439,14.067807599));
#10131=CARTESIAN_POINT('',(45.399782032,32.213785657,14.075971741));
#10132=CARTESIAN_POINT('',(45.370432135,32.231063863,14.083444103));
#10133=CARTESIAN_POINT('',(45.337154173,32.250595698,14.091798759));
#10134=CARTESIAN_POINT('',(45.307370217,32.267681176,14.098490611));
#10135=CARTESIAN_POINT('',(45.247086494,32.30135417,14.110592326));
#10136=CARTESIAN_POINT('',(45.216586726,32.317941686,14.116002188));
#10137=CARTESIAN_POINT('',(45.154922504,32.350461897,14.125636608));
#10138=CARTESIAN_POINT('',(45.123758049,32.366394593,14.129861166));
#10139=CARTESIAN_POINT('',(45.067041435,32.394376676,14.13649361));
#10140=CARTESIAN_POINT('',(45.035324178,32.409577405,14.139737833));
#10141=CARTESIAN_POINT('',(45.003320465,32.424310814,14.142475015));
#10142=CARTESIAN_POINT('',(44.964919196,32.441845216,14.145634632));
#10143=CARTESIAN_POINT('',(44.932580407,32.456001114,14.147773079));
#10144=CARTESIAN_POINT('',(44.867419318,32.483134387,14.151191089));
#10145=CARTESIAN_POINT('',(44.834597018,32.49611176,14.152470653));
#10146=CARTESIAN_POINT('',(44.768544748,32.520674678,14.154310699));
#10147=CARTESIAN_POINT('',(44.735314779,32.532260223,14.154871183));
#10148=CARTESIAN_POINT('',(44.677331822,32.550981963,14.155341435));
#10149=CARTESIAN_POINT('',(44.652654817,32.558485704,14.155383846));
#10150=CARTESIAN_POINT('',(44.619035189,32.568029127,14.155266102));
#10151=CARTESIAN_POINT('',(44.610111115,32.570509776,14.155214767));
#10152=CARTESIAN_POINT('',(44.600663439,32.573071576,14.155142952));
#10153=CARTESIAN_POINT('',(44.600196982,32.573197891,14.155139359));
#10154=CARTESIAN_POINT('',(44.540471796,32.589349549,14.154673284));
#10155=CARTESIAN_POINT('',(44.47886664,32.6032813,14.153435039));
#10156=CARTESIAN_POINT('',(44.355549058,32.622400548,14.15114484));
#10157=CARTESIAN_POINT('',(44.293840535,32.627455469,14.150163021));
#10158=CARTESIAN_POINT('',(44.234567901,32.627455469,14.150163021));
#10159=CARTESIAN_POINT('',(45.969823894,31.543632566,14.005732332));
#10160=CARTESIAN_POINT('',(45.959243645,31.551605113,14.015533814));
#10161=CARTESIAN_POINT('',(45.948513424,31.559620827,14.025158978));
#10162=CARTESIAN_POINT('',(45.926757425,31.575722121,14.044060842));
#10163=CARTESIAN_POINT('',(45.915731645,31.5838077,14.053337542));
#10164=CARTESIAN_POINT('',(45.89338891,31.600032258,14.071546648));
#10165=CARTESIAN_POINT('',(45.882071955,31.608171236,14.080479055));
#10166=CARTESIAN_POINT('',(45.859151252,31.624486121,14.098003749));
#10167=CARTESIAN_POINT('',(45.847547504,31.632662029,14.106596035));
#10168=CARTESIAN_POINT('',(45.8240576,31.649034306,14.123444659));
#10169=CARTESIAN_POINT('',(45.812171443,31.657230676,14.131700997));
#10170=CARTESIAN_POINT('',(45.788121104,31.673627408,14.147881897));
#10171=CARTESIAN_POINT('',(45.775956921,31.681827771,14.155806458));
#10172=CARTESIAN_POINT('',(45.751354914,31.698216022,14.171327977));
#10173=CARTESIAN_POINT('',(45.73891709,31.706403911,14.178924934));
#10174=CARTESIAN_POINT('',(45.713772182,31.722750745,14.193795416));
#10175=CARTESIAN_POINT('',(45.701065109,31.730909636,14.201069036));
#10176=CARTESIAN_POINT('',(45.675386035,31.747182253,14.215296587));
#10177=CARTESIAN_POINT('',(45.662414095,31.755296176,14.222250272));
#10178=CARTESIAN_POINT('',(45.636212572,31.77146464,14.235841367));
#10179=CARTESIAN_POINT('',(45.62298299,31.779519183,14.242478778));
#10180=CARTESIAN_POINT('',(45.596273354,31.795554278,14.255441234));
#10181=CARTESIAN_POINT('',(45.582793299,31.803534832,14.261766278));
#10182=CARTESIAN_POINT('',(45.555589883,31.819407343,14.274107908));
#10183=CARTESIAN_POINT('',(45.541866523,31.827299299,14.280124493));
#10184=CARTESIAN_POINT('',(45.514183665,31.842980008,14.291853112));
#10185=CARTESIAN_POINT('',(45.500224166,31.850768759,14.297565146));
#10186=CARTESIAN_POINT('',(45.4720762,31.866228449,14.308688569));
#10187=CARTESIAN_POINT('',(45.457887732,31.873899388,14.314099959));
#10188=CARTESIAN_POINT('',(45.418761358,31.894707676,14.328500799));
#10189=CARTESIAN_POINT('',(45.389777451,31.909687155,14.33851172));
#10190=CARTESIAN_POINT('',(45.360374985,31.924351206,14.347942547));
#10191=CARTESIAN_POINT('',(45.327033298,31.940901298,14.358530709));
#10192=CARTESIAN_POINT('',(45.297164091,31.955201506,14.367306692));
#10193=CARTESIAN_POINT('',(45.236678342,31.983052414,14.38374513));
#10194=CARTESIAN_POINT('',(45.2060618,31.996603115,14.391407584));
#10195=CARTESIAN_POINT('',(45.144158881,32.022848514,14.405662378));
#10196=CARTESIAN_POINT('',(45.112872504,32.035543212,14.412254717));
#10197=CARTESIAN_POINT('',(45.055955292,32.057553959,14.423210105));
#10198=CARTESIAN_POINT('',(45.024135099,32.069381275,14.428877505));
#10199=CARTESIAN_POINT('',(44.992049996,32.080684844,14.434048447));
#10200=CARTESIAN_POINT('',(44.953557208,32.094098313,14.440125593));
#10201=CARTESIAN_POINT('',(44.921166506,32.104763261,14.444707443));
#10202=CARTESIAN_POINT('',(44.855965896,32.124922068,14.452958044));
#10203=CARTESIAN_POINT('',(44.823155989,32.134415928,14.456626797));
#10204=CARTESIAN_POINT('',(44.757208139,32.152127917,14.463121361));
#10205=CARTESIAN_POINT('',(44.724070197,32.160346045,14.465947173));
#10206=CARTESIAN_POINT('',(44.666329456,32.173416286,14.470182568));
#10207=CARTESIAN_POINT('',(44.641780895,32.17858448,14.471769106));
#10208=CARTESIAN_POINT('',(44.608374839,32.185067784,14.473658592));
#10209=CARTESIAN_POINT('',(44.599545687,32.186733614,14.474131229));
#10210=CARTESIAN_POINT('',(44.590230458,32.18843766,14.474603602));
#10211=CARTESIAN_POINT('',(44.589770622,32.18852164,14.474626851));
#10212=CARTESIAN_POINT('',(44.530903762,32.199254843,14.477594395));
#10213=CARTESIAN_POINT('',(44.471503485,32.207854903,14.479482678));
#10214=CARTESIAN_POINT('',(44.352522527,32.219539853,14.481743431));
#10215=CARTESIAN_POINT('',(44.292942975,32.222569835,14.482125763));
#10216=CARTESIAN_POINT('',(44.234567901,32.222569835,14.482125763));
#10217=CARTESIAN_POINT('',(45.96458794,31.406061414,14.1371076));
#10218=CARTESIAN_POINT('',(45.954156899,31.414418996,14.146379931));
#10219=CARTESIAN_POINT('',(45.943568029,31.422771912,14.155534147));
#10220=CARTESIAN_POINT('',(45.922079553,31.439455948,14.173604318));
#10221=CARTESIAN_POINT('',(45.911179946,31.447787067,14.182520272));
#10222=CARTESIAN_POINT('',(45.889074917,31.464415045,14.200111885));
#10223=CARTESIAN_POINT('',(45.877869494,31.472711904,14.208787543));
#10224=CARTESIAN_POINT('',(45.855157753,31.489258899,14.22589653));
#10225=CARTESIAN_POINT('',(45.843651435,31.497509034,14.234329859));
#10226=CARTESIAN_POINT('',(45.820342824,31.513950117,14.250952154));
#10227=CARTESIAN_POINT('',(45.808540531,31.522141065,14.259141121));
#10228=CARTESIAN_POINT('',(45.784644891,31.53845131,14.275272657));
#10229=CARTESIAN_POINT('',(45.772551544,31.546570607,14.283215227));
#10230=CARTESIAN_POINT('',(45.748078718,31.562725087,14.298851937));
#10231=CARTESIAN_POINT('',(45.735699238,31.57076027,14.306546077));
#10232=CARTESIAN_POINT('',(45.710659065,31.586734057,14.321683895));
#10233=CARTESIAN_POINT('',(45.697998367,31.594672695,14.329127605));
#10234=CARTESIAN_POINT('',(45.6724007,31.610440779,14.343762378));
#10235=CARTESIAN_POINT('',(45.659463843,31.618270179,14.350953395));
#10236=CARTESIAN_POINT('',(45.633322181,31.633808406,14.365081831));
#10237=CARTESIAN_POINT('',(45.620117376,31.641517233,14.37201925));
#10238=CARTESIAN_POINT('',(45.593447915,31.656803023,14.38563963));
#10239=CARTESIAN_POINT('',(45.57998326,31.664379987,14.392322591));
#10240=CARTESIAN_POINT('',(45.552802199,31.679390762,14.405433195));
#10241=CARTESIAN_POINT('',(45.539085793,31.686824573,14.411860838));
#10242=CARTESIAN_POINT('',(45.511409329,31.701537752,14.424459946));
#10243=CARTESIAN_POINT('',(45.49744927,31.70881712,14.430631411));
#10244=CARTESIAN_POINT('',(45.469293599,31.723210124,14.442717305));
#10245=CARTESIAN_POINT('',(45.455097987,31.73032376,14.448631733));
#10246=CARTESIAN_POINT('',(45.415944331,31.749546121,14.464462139));
#10247=CARTESIAN_POINT('',(45.386930639,31.763289041,14.475585352));
#10248=CARTESIAN_POINT('',(45.357490381,31.776638661,14.486189733));
#10249=CARTESIAN_POINT('',(45.324104895,31.791689377,14.498115238));
#10250=CARTESIAN_POINT('',(45.294189929,31.804587916,14.508132679));
#10251=CARTESIAN_POINT('',(45.233606269,31.829514303,14.527140252));
#10252=CARTESIAN_POINT('',(45.202937576,31.84154215,14.536130383));
#10253=CARTESIAN_POINT('',(45.140931697,31.864653466,14.55309309));
#10254=CARTESIAN_POINT('',(45.109594511,31.875736934,14.561065665));
#10255=CARTESIAN_POINT('',(45.052593917,31.894793895,14.574525506));
#10256=CARTESIAN_POINT('',(45.02073105,31.904960072,14.581590038));
#10257=CARTESIAN_POINT('',(44.988611033,31.914587472,14.588154391));
#10258=CARTESIAN_POINT('',(44.950078528,31.925990259,14.59589928));
#10259=CARTESIAN_POINT('',(44.917663305,31.934965093,14.601867188));
#10260=CARTESIAN_POINT('',(44.852434982,31.9517729,14.612838287));
#10261=CARTESIAN_POINT('',(44.819621882,31.959605873,14.617841478));
#10262=CARTESIAN_POINT('',(44.753693027,31.974077558,14.626914184));
#10263=CARTESIAN_POINT('',(44.720577271,31.980716269,14.630983698));
#10264=CARTESIAN_POINT('',(44.662900603,31.991160353,14.637265717));
#10265=CARTESIAN_POINT('',(44.638387189,31.99525119,14.639684911));
#10266=CARTESIAN_POINT('',(44.605040805,32.000334532,14.642646965));
#10267=CARTESIAN_POINT('',(44.59624015,32.001630999,14.643398006));
#10268=CARTESIAN_POINT('',(44.586965644,32.002949032,14.644157936));
#10269=CARTESIAN_POINT('',(44.586507846,32.003013967,14.644195365));
#10270=CARTESIAN_POINT('',(44.527905373,32.011310449,14.648976189));
#10271=CARTESIAN_POINT('',(44.469213525,32.017621121,14.652446936));
#10272=CARTESIAN_POINT('',(44.35160927,32.026112112,14.656978074));
#10273=CARTESIAN_POINT('',(44.292696942,32.028265873,14.658025628));
#10274=CARTESIAN_POINT('',(44.234567901,32.028265873,14.658025628));
#10275=CARTESIAN_POINT('',(45.96458794,31.1371076,14.406061414));
#10276=CARTESIAN_POINT('',(45.954156899,31.146379931,14.414418996));
#10277=CARTESIAN_POINT('',(45.943568029,31.155534147,14.422771912));
#10278=CARTESIAN_POINT('',(45.922079553,31.173604318,14.439455948));
#10279=CARTESIAN_POINT('',(45.911179946,31.182520272,14.447787067));
#10280=CARTESIAN_POINT('',(45.889074917,31.200111885,14.464415045));
#10281=CARTESIAN_POINT('',(45.877869494,31.208787543,14.472711904));
#10282=CARTESIAN_POINT('',(45.855157753,31.22589653,14.489258899));
#10283=CARTESIAN_POINT('',(45.843651435,31.234329859,14.497509034));
#10284=CARTESIAN_POINT('',(45.820342824,31.250952154,14.513950117));
#10285=CARTESIAN_POINT('',(45.808540531,31.259141121,14.522141065));
#10286=CARTESIAN_POINT('',(45.784644891,31.275272657,14.53845131));
#10287=CARTESIAN_POINT('',(45.772551544,31.283215227,14.546570607));
#10288=CARTESIAN_POINT('',(45.748078718,31.298851937,14.562725087));
#10289=CARTESIAN_POINT('',(45.735699238,31.306546077,14.57076027));
#10290=CARTESIAN_POINT('',(45.710659065,31.321683895,14.586734057));
#10291=CARTESIAN_POINT('',(45.697998367,31.329127605,14.594672695));
#10292=CARTESIAN_POINT('',(45.6724007,31.343762378,14.610440779));
#10293=CARTESIAN_POINT('',(45.659463843,31.350953395,14.618270179));
#10294=CARTESIAN_POINT('',(45.633322181,31.365081831,14.633808406));
#10295=CARTESIAN_POINT('',(45.620117376,31.37201925,14.641517233));
#10296=CARTESIAN_POINT('',(45.593447915,31.38563963,14.656803023));
#10297=CARTESIAN_POINT('',(45.57998326,31.392322591,14.664379987));
#10298=CARTESIAN_POINT('',(45.552802199,31.405433195,14.679390762));
#10299=CARTESIAN_POINT('',(45.539085793,31.411860838,14.686824573));
#10300=CARTESIAN_POINT('',(45.511409329,31.424459946,14.701537752));
#10301=CARTESIAN_POINT('',(45.49744927,31.430631411,14.70881712));
#10302=CARTESIAN_POINT('',(45.469293599,31.442717305,14.723210124));
#10303=CARTESIAN_POINT('',(45.455097987,31.448631733,14.73032376));
#10304=CARTESIAN_POINT('',(45.415944331,31.464462139,14.749546121));
#10305=CARTESIAN_POINT('',(45.386930639,31.475585352,14.763289041));
#10306=CARTESIAN_POINT('',(45.357490381,31.486189733,14.776638661));
#10307=CARTESIAN_POINT('',(45.324104895,31.498115238,14.791689377));
#10308=CARTESIAN_POINT('',(45.294189929,31.508132679,14.804587916));
#10309=CARTESIAN_POINT('',(45.233606269,31.527140252,14.829514303));
#10310=CARTESIAN_POINT('',(45.202937576,31.536130383,14.84154215));
#10311=CARTESIAN_POINT('',(45.140931697,31.55309309,14.864653466));
#10312=CARTESIAN_POINT('',(45.109594511,31.561065665,14.875736934));
#10313=CARTESIAN_POINT('',(45.052593917,31.574525506,14.894793895));
#10314=CARTESIAN_POINT('',(45.02073105,31.581590038,14.904960072));
#10315=CARTESIAN_POINT('',(44.988611033,31.588154391,14.914587472));
#10316=CARTESIAN_POINT('',(44.950078528,31.59589928,14.925990259));
#10317=CARTESIAN_POINT('',(44.917663305,31.601867188,14.934965093));
#10318=CARTESIAN_POINT('',(44.852434982,31.612838287,14.9517729));
#10319=CARTESIAN_POINT('',(44.819621882,31.617841478,14.959605873));
#10320=CARTESIAN_POINT('',(44.753693027,31.626914184,14.974077558));
#10321=CARTESIAN_POINT('',(44.720577271,31.630983698,14.980716269));
#10322=CARTESIAN_POINT('',(44.662900603,31.637265717,14.991160353));
#10323=CARTESIAN_POINT('',(44.638387189,31.639684911,14.99525119));
#10324=CARTESIAN_POINT('',(44.605040805,31.642646965,15.000334532));
#10325=CARTESIAN_POINT('',(44.59624015,31.643398006,15.001630999));
#10326=CARTESIAN_POINT('',(44.586965644,31.644157936,15.002949032));
#10327=CARTESIAN_POINT('',(44.586507846,31.644195365,15.003013967));
#10328=CARTESIAN_POINT('',(44.527905373,31.648976189,15.011310449));
#10329=CARTESIAN_POINT('',(44.469213525,31.652446936,15.017621121));
#10330=CARTESIAN_POINT('',(44.35160927,31.656978074,15.026112112));
#10331=CARTESIAN_POINT('',(44.292696942,31.658025628,15.028265873));
#10332=CARTESIAN_POINT('',(44.234567901,31.658025628,15.028265873));
#10333=CARTESIAN_POINT('',(45.969823894,31.005732332,14.543632566));
#10334=CARTESIAN_POINT('',(45.959243645,31.015533814,14.551605113));
#10335=CARTESIAN_POINT('',(45.948513424,31.025158978,14.559620827));
#10336=CARTESIAN_POINT('',(45.926757425,31.044060842,14.575722121));
#10337=CARTESIAN_POINT('',(45.915731645,31.053337542,14.5838077));
#10338=CARTESIAN_POINT('',(45.89338891,31.071546648,14.600032258));
#10339=CARTESIAN_POINT('',(45.882071955,31.080479055,14.608171236));
#10340=CARTESIAN_POINT('',(45.859151252,31.098003749,14.624486121));
#10341=CARTESIAN_POINT('',(45.847547504,31.106596035,14.632662029));
#10342=CARTESIAN_POINT('',(45.8240576,31.123444659,14.649034306));
#10343=CARTESIAN_POINT('',(45.812171443,31.131700997,14.657230676));
#10344=CARTESIAN_POINT('',(45.788121104,31.147881897,14.673627408));
#10345=CARTESIAN_POINT('',(45.775956921,31.155806458,14.681827771));
#10346=CARTESIAN_POINT('',(45.751354914,31.171327977,14.698216022));
#10347=CARTESIAN_POINT('',(45.73891709,31.178924934,14.706403911));
#10348=CARTESIAN_POINT('',(45.713772182,31.193795416,14.722750745));
#10349=CARTESIAN_POINT('',(45.701065109,31.201069036,14.730909636));
#10350=CARTESIAN_POINT('',(45.675386035,31.215296587,14.747182253));
#10351=CARTESIAN_POINT('',(45.662414095,31.222250272,14.755296176));
#10352=CARTESIAN_POINT('',(45.636212572,31.235841367,14.77146464));
#10353=CARTESIAN_POINT('',(45.62298299,31.242478778,14.779519183));
#10354=CARTESIAN_POINT('',(45.596273354,31.255441234,14.795554278));
#10355=CARTESIAN_POINT('',(45.582793299,31.261766278,14.803534832));
#10356=CARTESIAN_POINT('',(45.555589883,31.274107908,14.819407343));
#10357=CARTESIAN_POINT('',(45.541866523,31.280124493,14.827299299));
#10358=CARTESIAN_POINT('',(45.514183665,31.291853112,14.842980008));
#10359=CARTESIAN_POINT('',(45.500224166,31.297565146,14.850768759));
#10360=CARTESIAN_POINT('',(45.4720762,31.308688569,14.866228449));
#10361=CARTESIAN_POINT('',(45.457887732,31.314099959,14.873899388));
#10362=CARTESIAN_POINT('',(45.418761358,31.328500799,14.894707676));
#10363=CARTESIAN_POINT('',(45.389777451,31.33851172,14.909687155));
#10364=CARTESIAN_POINT('',(45.360374985,31.347942547,14.924351206));
#10365=CARTESIAN_POINT('',(45.327033298,31.358530709,14.940901298));
#10366=CARTESIAN_POINT('',(45.297164091,31.367306692,14.955201506));
#10367=CARTESIAN_POINT('',(45.236678342,31.38374513,14.983052414));
#10368=CARTESIAN_POINT('',(45.2060618,31.391407584,14.996603115));
#10369=CARTESIAN_POINT('',(45.144158881,31.405662378,15.022848514));
#10370=CARTESIAN_POINT('',(45.112872504,31.412254717,15.035543212));
#10371=CARTESIAN_POINT('',(45.055955292,31.423210105,15.057553959));
#10372=CARTESIAN_POINT('',(45.024135099,31.428877505,15.069381275));
#10373=CARTESIAN_POINT('',(44.992049996,31.434048447,15.080684844));
#10374=CARTESIAN_POINT('',(44.953557208,31.440125593,15.094098313));
#10375=CARTESIAN_POINT('',(44.921166506,31.444707443,15.104763261));
#10376=CARTESIAN_POINT('',(44.855965896,31.452958044,15.124922068));
#10377=CARTESIAN_POINT('',(44.823155989,31.456626797,15.134415928));
#10378=CARTESIAN_POINT('',(44.757208139,31.463121361,15.152127917));
#10379=CARTESIAN_POINT('',(44.724070197,31.465947173,15.160346045));
#10380=CARTESIAN_POINT('',(44.666329456,31.470182568,15.173416286));
#10381=CARTESIAN_POINT('',(44.641780895,31.471769106,15.17858448));
#10382=CARTESIAN_POINT('',(44.608374839,31.473658592,15.185067784));
#10383=CARTESIAN_POINT('',(44.599545687,31.474131229,15.186733614));
#10384=CARTESIAN_POINT('',(44.590230458,31.474603602,15.18843766));
#10385=CARTESIAN_POINT('',(44.589770622,31.474626851,15.18852164));
#10386=CARTESIAN_POINT('',(44.530903762,31.477594395,15.199254843));
#10387=CARTESIAN_POINT('',(44.471503485,31.479482678,15.207854903));
#10388=CARTESIAN_POINT('',(44.352522527,31.481743431,15.219539853));
#10389=CARTESIAN_POINT('',(44.292942975,31.482125763,15.222569835));
#10390=CARTESIAN_POINT('',(44.234567901,31.482125763,15.222569835));
#10391=CARTESIAN_POINT('',(45.990662471,30.749798451,14.824225451));
#10392=CARTESIAN_POINT('',(45.979491959,30.76065806,14.831782369));
#10393=CARTESIAN_POINT('',(45.968200155,30.771231687,14.839457882));
#10394=CARTESIAN_POINT('',(45.945376339,30.791823801,14.855023623));
#10395=CARTESIAN_POINT('',(45.933844327,30.801842288,14.86291385));
#10396=CARTESIAN_POINT('',(45.910542472,30.821340946,14.878886548));
#10397=CARTESIAN_POINT('',(45.898772629,30.830821118,14.886969017));
#10398=CARTESIAN_POINT('',(45.874997485,30.849259972,14.903303723));
#10399=CARTESIAN_POINT('',(45.862992184,30.858218654,14.911555959));
#10400=CARTESIAN_POINT('',(45.838748502,30.875631353,14.928207727));
#10401=CARTESIAN_POINT('',(45.826510121,30.88408537,14.936607257));
#10402=CARTESIAN_POINT('',(45.801802651,30.900505563,14.953531138));
#10403=CARTESIAN_POINT('',(45.789333563,30.90847174,14.962055489));
#10404=CARTESIAN_POINT('',(45.764167056,30.923933078,14.979206536));
#10405=CARTESIAN_POINT('',(45.751469638,30.93142824,14.987833233));
#10406=CARTESIAN_POINT('',(45.725848845,30.945964372,15.005166499));
#10407=CARTESIAN_POINT('',(45.71292553,30.953005627,15.013872746));
#10408=CARTESIAN_POINT('',(45.686855051,30.966649504,15.03134408));
#10409=CARTESIAN_POINT('',(45.673707787,30.97325128,15.040110087));
#10410=CARTESIAN_POINT('',(45.647193193,30.986026755,15.057684224));
#10411=CARTESIAN_POINT('',(45.633825862,30.992200453,15.066492354));
#10412=CARTESIAN_POINT('',(45.606875111,31.004132016,15.084132182));
#10413=CARTESIAN_POINT('',(45.593291691,31.009889881,15.09296388));
#10414=CARTESIAN_POINT('',(45.565912741,31.021002024,15.110632288));
#10415=CARTESIAN_POINT('',(45.552117211,31.026356301,15.119468999));
#10416=CARTESIAN_POINT('',(45.52431802,31.036673513,15.137128876));
#10417=CARTESIAN_POINT('',(45.510314359,31.041636448,15.145952044));
#10418=CARTESIAN_POINT('',(45.482102885,31.05118322,15.163566279));
#10419=CARTESIAN_POINT('',(45.467895072,31.055767058,15.172357348));
#10420=CARTESIAN_POINT('',(45.428745359,31.067807599,15.196342439));
#10421=CARTESIAN_POINT('',(45.399782032,31.075971741,15.213785657));
#10422=CARTESIAN_POINT('',(45.370432135,31.083444103,15.231063863));
#10423=CARTESIAN_POINT('',(45.337154173,31.091798759,15.250595698));
#10424=CARTESIAN_POINT('',(45.307370217,31.098490611,15.267681176));
#10425=CARTESIAN_POINT('',(45.247086494,31.110592326,15.30135417));
#10426=CARTESIAN_POINT('',(45.216586726,31.116002188,15.317941686));
#10427=CARTESIAN_POINT('',(45.154922504,31.125636608,15.350461897));
#10428=CARTESIAN_POINT('',(45.123758049,31.129861166,15.366394593));
#10429=CARTESIAN_POINT('',(45.067041435,31.13649361,15.394376676));
#10430=CARTESIAN_POINT('',(45.035324178,31.139737833,15.409577405));
#10431=CARTESIAN_POINT('',(45.003320465,31.142475015,15.424310814));
#10432=CARTESIAN_POINT('',(44.964919196,31.145634632,15.441845216));
#10433=CARTESIAN_POINT('',(44.932580407,31.147773079,15.456001114));
#10434=CARTESIAN_POINT('',(44.867419318,31.151191089,15.483134387));
#10435=CARTESIAN_POINT('',(44.834597018,31.152470653,15.49611176));
#10436=CARTESIAN_POINT('',(44.768544748,31.154310699,15.520674678));
#10437=CARTESIAN_POINT('',(44.735314779,31.154871183,15.532260223));
#10438=CARTESIAN_POINT('',(44.677331822,31.155341435,15.550981963));
#10439=CARTESIAN_POINT('',(44.652654817,31.155383846,15.558485704));
#10440=CARTESIAN_POINT('',(44.619035189,31.155266102,15.568029127));
#10441=CARTESIAN_POINT('',(44.610111115,31.155214767,15.570509776));
#10442=CARTESIAN_POINT('',(44.600663439,31.155142952,15.573071576));
#10443=CARTESIAN_POINT('',(44.600196982,31.155139359,15.573197891));
#10444=CARTESIAN_POINT('',(44.540471796,31.154673284,15.589349549));
#10445=CARTESIAN_POINT('',(44.47886664,31.153435039,15.6032813));
#10446=CARTESIAN_POINT('',(44.355549058,31.15114484,15.622400548));
#10447=CARTESIAN_POINT('',(44.293840535,31.150163021,15.627455469));
#10448=CARTESIAN_POINT('',(44.234567901,31.150163021,15.627455469));
#10449=CARTESIAN_POINT('',(46.006265095,30.625239839,14.967247183));
#10450=CARTESIAN_POINT('',(45.994631346,30.636646875,14.974792675));
#10451=CARTESIAN_POINT('',(45.982898265,30.647715523,14.982483372));
#10452=CARTESIAN_POINT('',(45.959234256,30.669199387,14.998130779));
#10453=CARTESIAN_POINT('',(45.947303328,30.679614602,15.006087488));
#10454=CARTESIAN_POINT('',(45.923244444,30.699814947,15.022242519));
#10455=CARTESIAN_POINT('',(45.911116487,30.709600076,15.030440841));
#10456=CARTESIAN_POINT('',(45.886664361,30.728563591,15.047054697));
#10457=CARTESIAN_POINT('',(45.874340192,30.737741978,15.055470232));
#10458=CARTESIAN_POINT('',(45.849496459,30.755515355,15.072494116));
#10459=CARTESIAN_POINT('',(45.836976895,30.764110344,15.081102464));
#10460=CARTESIAN_POINT('',(45.811743189,30.780740272,15.098487576));
#10461=CARTESIAN_POINT('',(45.799029047,30.78877521,15.10726434));
#10462=CARTESIAN_POINT('',(45.773407002,30.804308379,15.124961881));
#10463=CARTESIAN_POINT('',(45.7604991,30.811806611,15.13388266));
#10464=CARTESIAN_POINT('',(45.734490351,30.826289711,15.151843833));
#10465=CARTESIAN_POINT('',(45.721389597,30.833274989,15.160883728));
#10466=CARTESIAN_POINT('',(45.694995548,30.846753703,15.179060971));
#10467=CARTESIAN_POINT('',(45.681702048,30.853245893,15.188199721));
#10468=CARTESIAN_POINT('',(45.654923735,30.865751828,15.206558372));
#10469=CARTESIAN_POINT('',(45.64143892,30.871765574,15.215778272));
#10470=CARTESIAN_POINT('',(45.61427961,30.883330509,15.234280112));
#10471=CARTESIAN_POINT('',(45.600605114,30.888881699,15.243562052));
#10472=CARTESIAN_POINT('',(45.573068075,30.899537411,15.262168865));
#10473=CARTESIAN_POINT('',(45.559205532,30.904641934,15.271493736));
#10474=CARTESIAN_POINT('',(45.531294031,30.914420201,15.290167303));
#10475=CARTESIAN_POINT('',(45.517245074,30.919093945,15.299515998));
#10476=CARTESIAN_POINT('',(45.48896238,30.928026544,15.318218101));
#10477=CARTESIAN_POINT('',(45.474728642,30.932285398,15.327571509));
#10478=CARTESIAN_POINT('',(45.435531288,30.943392727,15.353144899));
#10479=CARTESIAN_POINT('',(45.406562757,30.950819055,15.371811841));
#10480=CARTESIAN_POINT('',(45.377233435,30.957501682,15.39038476));
#10481=CARTESIAN_POINT('',(45.343982225,30.964954496,15.411393067));
#10482=CARTESIAN_POINT('',(45.31424554,30.970797204,15.429855424));
#10483=CARTESIAN_POINT('',(45.25408429,30.981116058,15.466410117));
#10484=CARTESIAN_POINT('',(45.223659726,30.985592204,15.484502453));
#10485=CARTESIAN_POINT('',(45.162154503,30.993294812,15.520143293));
#10486=CARTESIAN_POINT('',(45.131073844,30.996521274,15.537691799));
#10487=CARTESIAN_POINT('',(45.074498561,31.001315163,15.568670591));
#10488=CARTESIAN_POINT('',(45.042855511,31.003521742,15.585571545));
#10489=CARTESIAN_POINT('',(45.010912641,31.005206623,15.602046212));
#10490=CARTESIAN_POINT('',(44.972580464,31.007102072,15.621675925));
#10491=CARTESIAN_POINT('',(44.940283854,31.008170874,15.637619884));
#10492=CARTESIAN_POINT('',(44.875164147,31.009452187,15.668351065));
#10493=CARTESIAN_POINT('',(44.842341049,31.009664698,15.683138287));
#10494=CARTESIAN_POINT('',(44.776232234,31.009404344,15.711286877));
#10495=CARTESIAN_POINT('',(44.742946517,31.008931479,15.724648245));
#10496=CARTESIAN_POINT('',(44.684808672,31.007663864,15.746375232));
#10497=CARTESIAN_POINT('',(44.660047851,31.006986917,15.755128969));
#10498=CARTESIAN_POINT('',(44.626286497,31.005924381,15.766322027));
#10499=CARTESIAN_POINT('',(44.617299145,31.005624864,15.769245415));
#10500=CARTESIAN_POINT('',(44.607762978,31.005293729,15.772276166));
#10501=CARTESIAN_POINT('',(44.607292096,31.00527734,15.772425632));
#10502=CARTESIAN_POINT('',(44.546993337,31.003173984,15.791541425));
#10503=CARTESIAN_POINT('',(44.483908756,31.000377512,15.808500769));
#10504=CARTESIAN_POINT('',(44.357655342,30.995786706,15.83183954));
#10505=CARTESIAN_POINT('',(44.294492063,30.994100143,15.838037141));
#10506=CARTESIAN_POINT('',(44.234567901,30.994100143,15.838037141));
#10507=CARTESIAN_POINT('',(46.047731772,30.38355265,15.258003315));
#10508=CARTESIAN_POINT('',(46.035117183,30.395799421,15.265963695));
#10509=CARTESIAN_POINT('',(46.022445557,30.40762514,15.274106286));
#10510=CARTESIAN_POINT('',(45.996986052,30.430468923,15.290728731));
#10511=CARTESIAN_POINT('',(45.984198173,30.441486987,15.299208583));
#10512=CARTESIAN_POINT('',(45.958503982,30.462749911,15.316478387));
#10513=CARTESIAN_POINT('',(45.945597669,30.47299477,15.325268338));
#10514=CARTESIAN_POINT('',(45.919664428,30.492745734,15.343131175));
#10515=CARTESIAN_POINT('',(45.9066375,30.502251838,15.352204061));
#10516=CARTESIAN_POINT('',(45.88046085,30.52055974,15.370605606));
#10517=CARTESIAN_POINT('',(45.867311126,30.529361539,15.379934264));
#10518=CARTESIAN_POINT('',(45.840886704,30.54629528,15.39882019));
#10519=CARTESIAN_POINT('',(45.827612005,30.554427222,15.408377457));
#10520=CARTESIAN_POINT('',(45.800935449,30.570055699,15.427693439));
#10521=CARTESIAN_POINT('',(45.787533592,30.577552235,15.437452152));
#10522=CARTESIAN_POINT('',(45.760600542,30.591944349,15.457143863));
#10523=CARTESIAN_POINT('',(45.747069505,30.598840587,15.467076005));
#10524=CARTESIAN_POINT('',(45.719875206,30.612063611,15.487091238));
#10525=CARTESIAN_POINT('',(45.706211531,30.618388352,15.497176696));
#10526=CARTESIAN_POINT('',(45.678748188,30.630485535,15.517484169));
#10527=CARTESIAN_POINT('',(45.664948521,30.636257977,15.527706184));
#10528=CARTESIAN_POINT('',(45.637210258,30.647271798,15.54826764));
#10529=CARTESIAN_POINT('',(45.623271662,30.652513179,15.558607083));
#10530=CARTESIAN_POINT('',(45.595252601,30.662486118,15.579384268));
#10531=CARTESIAN_POINT('',(45.581172137,30.667217678,15.58982201));
#10532=CARTESIAN_POINT('',(45.552866402,30.676192215,15.610776667));
#10533=CARTESIAN_POINT('',(45.538641132,30.680435193,15.621293581));
#10534=CARTESIAN_POINT('',(45.510042846,30.688453807,15.642387453));
#10535=CARTESIAN_POINT('',(45.495669831,30.692229444,15.652964411));
#10536=CARTESIAN_POINT('',(45.456135794,30.701950138,15.681961387));
#10537=CARTESIAN_POINT('',(45.426977649,30.708281388,15.703226432));
#10538=CARTESIAN_POINT('',(45.397507499,30.713792773,15.72450879));
#10539=CARTESIAN_POINT('',(45.364103413,30.719907946,15.748601395));
#10540=CARTESIAN_POINT('',(45.334276229,30.724490758,15.769903497));
#10541=CARTESIAN_POINT('',(45.273985382,30.732158495,15.812342123));
#10542=CARTESIAN_POINT('',(45.243521719,30.735243418,15.833478647));
#10543=CARTESIAN_POINT('',(45.181951965,30.740057157,15.875387114));
#10544=CARTESIAN_POINT('',(45.150845874,30.741785972,15.896159056));
#10545=CARTESIAN_POINT('',(45.094203075,30.743807381,15.933085851));
#10546=CARTESIAN_POINT('',(45.062513097,30.744443383,15.953348403));
#10547=CARTESIAN_POINT('',(45.030495663,30.74452559,15.973253209));
#10548=CARTESIAN_POINT('',(44.992066406,30.744492895,15.9970078));
#10549=CARTESIAN_POINT('',(44.959656934,30.743919158,16.016460327));
#10550=CARTESIAN_POINT('',(44.894224868,30.741896453,16.054235584));
#10551=CARTESIAN_POINT('',(44.861202275,30.740447485,16.072558314));
#10552=CARTESIAN_POINT('',(44.794584838,30.736891968,16.107701932));
#10553=CARTESIAN_POINT('',(44.760989995,30.734785419,16.124522819));
#10554=CARTESIAN_POINT('',(44.702200296,30.730746055,16.152101012));
#10555=CARTESIAN_POINT('',(44.677127117,30.728913975,16.163287404));
#10556=CARTESIAN_POINT('',(44.642886441,30.726322559,16.177690906));
#10557=CARTESIAN_POINT('',(44.633720932,30.725619506,16.18147659));
#10558=CARTESIAN_POINT('',(44.623953583,30.724864797,16.185421204));
#10559=CARTESIAN_POINT('',(44.623471177,30.724827504,16.185615789));
#10560=CARTESIAN_POINT('',(44.561682914,30.720048491,16.210508219));
#10561=CARTESIAN_POINT('',(44.495303089,30.714622716,16.23338679));
#10562=CARTESIAN_POINT('',(44.362514181,30.706112038,16.264966664));
#10563=CARTESIAN_POINT('',(44.296114041,30.703207845,16.27338823));
#10564=CARTESIAN_POINT('',(44.234567901,30.703207845,16.27338823));
#10565=CARTESIAN_POINT('',(46.073595827,30.266424074,15.405737715));
#10566=CARTESIAN_POINT('',(46.060506749,30.278926562,15.414088384));
#10567=CARTESIAN_POINT('',(46.04737876,30.290979617,15.422633507));
#10568=CARTESIAN_POINT('',(46.021041512,30.31422575,15.440084518));
#10569=CARTESIAN_POINT('',(46.007832252,30.325418828,15.448990407));
#10570=CARTESIAN_POINT('',(45.981329009,30.346983896,15.467134807));
#10571=CARTESIAN_POINT('',(45.968035027,30.357355887,15.476373318));
#10572=CARTESIAN_POINT('',(45.94135889,30.37731767,15.495154819));
#10573=CARTESIAN_POINT('',(45.927976736,30.386907462,15.50469781));
#10574=CARTESIAN_POINT('',(45.901120803,30.405343739,15.524060126));
#10575=CARTESIAN_POINT('',(45.887647025,30.414190224,15.533879453));
#10576=CARTESIAN_POINT('',(45.860604395,30.431178774,15.553766298));
#10577=CARTESIAN_POINT('',(45.847035543,30.43932084,15.563833818));
#10578=CARTESIAN_POINT('',(45.819799315,30.454939444,15.584188906));
#10579=CARTESIAN_POINT('',(45.806131938,30.462415981,15.594476475));
#10580=CARTESIAN_POINT('',(45.77869521,30.476742416,15.615243519));
#10581=CARTESIAN_POINT('',(45.764926049,30.483593099,15.625721963));
#10582=CARTESIAN_POINT('',(45.737281449,30.496703212,15.646847237));
#10583=CARTESIAN_POINT('',(45.723405491,30.502960199,15.657496918));
#10584=CARTESIAN_POINT('',(45.695541264,30.514900834,15.678951634));
#10585=CARTESIAN_POINT('',(45.681552996,30.520584484,15.689756667));
#10586=CARTESIAN_POINT('',(45.653459152,30.531401248,15.711503352));
#10587=CARTESIAN_POINT('',(45.639353577,30.536534363,15.722445002));
#10588=CARTESIAN_POINT('',(45.611020125,30.546272863,15.744446183));
#10589=CARTESIAN_POINT('',(45.596792249,30.550878248,15.755505714));
#10590=CARTESIAN_POINT('',(45.568209199,30.559584089,15.777723921));
#10591=CARTESIAN_POINT('',(45.553854026,30.563684546,15.788882596));
#10592=CARTESIAN_POINT('',(45.525011387,30.571403335,15.811280356));
#10593=CARTESIAN_POINT('',(45.510523922,30.575021667,15.82251944));
#10594=CARTESIAN_POINT('',(45.470695049,30.584293855,15.853356543));
#10595=CARTESIAN_POINT('',(45.441344715,30.590274444,15.876002467));
#10596=CARTESIAN_POINT('',(45.411701893,30.595413884,15.898708969));
#10597=CARTESIAN_POINT('',(45.378104914,30.601104516,15.924420483));
#10598=CARTESIAN_POINT('',(45.348124839,30.605289409,15.947198083));
#10599=CARTESIAN_POINT('',(45.287546234,30.612119174,15.992668761));
#10600=CARTESIAN_POINT('',(45.256947702,30.614764046,16.015361839));
#10601=CARTESIAN_POINT('',(45.195109201,30.6186591,16.060455084));
#10602=CARTESIAN_POINT('',(45.163869232,30.619909283,16.08285525));
#10603=CARTESIAN_POINT('',(45.106970703,30.621036551,16.122772509));
#10604=CARTESIAN_POINT('',(45.075132484,30.621162624,16.144719084));
#10605=CARTESIAN_POINT('',(45.042951721,30.620718153,16.166336101));
#10606=CARTESIAN_POINT('',(45.004322684,30.620050006,16.192148341));
#10607=CARTESIAN_POINT('',(44.971729428,30.618927766,16.213345391));
#10608=CARTESIAN_POINT('',(44.905886136,30.615786525,16.254614848));
#10609=CARTESIAN_POINT('',(44.872636099,30.613767525,16.274687256));
#10610=CARTESIAN_POINT('',(44.805510448,30.609064887,16.313287136));
#10611=CARTESIAN_POINT('',(44.771634833,30.606381249,16.331814608));
#10612=CARTESIAN_POINT('',(44.712302965,30.60134636,16.362276527));
#10613=CARTESIAN_POINT('',(44.686982813,30.599094149,16.374660977));
#10614=CARTESIAN_POINT('',(44.652380872,30.59593873,16.390645064));
#10615=CARTESIAN_POINT('',(44.643094372,30.595085511,16.394855414));
#10616=CARTESIAN_POINT('',(44.633178051,30.59417188,16.39925019));
#10617=CARTESIAN_POINT('',(44.632688236,30.59412674,16.399467));
#10618=CARTESIAN_POINT('',(44.569944452,30.588342948,16.42720501));
#10619=CARTESIAN_POINT('',(44.501715718,30.581874178,16.453002864));
#10620=CARTESIAN_POINT('',(44.365280319,30.571783977,16.488643445));
#10621=CARTESIAN_POINT('',(44.297084493,30.568378426,16.498157646));
#10622=CARTESIAN_POINT('',(44.234567901,30.568378426,16.498157646));
#10623=CARTESIAN_POINT('',(46.135480128,30.040210337,15.705181271));
#10624=CARTESIAN_POINT('',(46.121661172,30.052774664,15.714859053));
#10625=CARTESIAN_POINT('',(46.107821501,30.064867249,15.724742276));
#10626=CARTESIAN_POINT('',(46.08009605,30.088152829,15.744889771));
#10627=CARTESIAN_POINT('',(46.066210269,30.099345825,15.755154043));
#10628=CARTESIAN_POINT('',(46.038387921,30.120876122,15.776033804));
#10629=CARTESIAN_POINT('',(46.024451353,30.131213423,15.786649293));
#10630=CARTESIAN_POINT('',(45.996522751,30.151076227,15.808201657));
#10631=CARTESIAN_POINT('',(45.982530717,30.160601728,15.819138532));
#10632=CARTESIAN_POINT('',(45.954486505,30.178884828,15.841303835));
#10633=CARTESIAN_POINT('',(45.940434327,30.187642426,15.852532264));
#10634=CARTESIAN_POINT('',(45.912265148,30.204433611,15.875250844));
#10635=CARTESIAN_POINT('',(45.898148147,30.2124672,15.886740995));
#10636=CARTESIAN_POINT('',(45.869844645,30.227854262,15.909953188));
#10637=CARTESIAN_POINT('',(45.855658144,30.235207735,15.921675229));
#10638=CARTESIAN_POINT('',(45.827210962,30.249278464,15.945321372));
#10639=CARTESIAN_POINT('',(45.812950521,30.255996691,15.957244174));
#10640=CARTESIAN_POINT('',(45.78434971,30.268836479,15.981267824));
#10641=CARTESIAN_POINT('',(45.770008665,30.274954997,15.993372246));
#10642=CARTESIAN_POINT('',(45.741237888,30.286612775,16.017747918));
#10643=CARTESIAN_POINT('',(45.726808158,30.292152034,16.030019168));
#10644=CARTESIAN_POINT('',(45.697852609,30.302674786,16.05471013));
#10645=CARTESIAN_POINT('',(45.68332679,30.30765828,16.067129842));
#10646=CARTESIAN_POINT('',(45.65417166,30.317092994,16.092099363));
#10647=CARTESIAN_POINT('',(45.639542349,30.321544215,16.104649171));
#10648=CARTESIAN_POINT('',(45.610172832,30.329937879,16.129860517));
#10649=CARTESIAN_POINT('',(45.595432625,30.333880322,16.142522055));
#10650=CARTESIAN_POINT('',(45.565833913,30.341279922,16.167938495));
#10651=CARTESIAN_POINT('',(45.550975407,30.344737079,16.180693398));
#10652=CARTESIAN_POINT('',(45.510147132,30.353564875,16.215696358));
#10653=CARTESIAN_POINT('',(45.4800865,30.359216531,16.241410123));
#10654=CARTESIAN_POINT('',(45.449747989,30.364024086,16.267212989));
#10655=CARTESIAN_POINT('',(45.415365262,30.369337939,16.296434195));
#10656=CARTESIAN_POINT('',(45.384702974,30.373183789,16.322343883));
#10657=CARTESIAN_POINT('',(45.322763772,30.379315222,16.374125587));
#10658=CARTESIAN_POINT('',(45.291486856,30.381600806,16.399997604));
#10659=CARTESIAN_POINT('',(45.228275284,30.384749133,16.451479752));
#10660=CARTESIAN_POINT('',(45.196340627,30.385611876,16.477089884));
#10661=CARTESIAN_POINT('',(45.138157319,30.386008418,16.522805756));
#10662=CARTESIAN_POINT('',(45.105591721,30.385714956,16.547975507));
#10663=CARTESIAN_POINT('',(45.072656933,30.384828756,16.572818172));
#10664=CARTESIAN_POINT('',(45.03311767,30.383625003,16.60249478));
#10665=CARTESIAN_POINT('',(44.999735544,30.382030236,16.626918049));
#10666=CARTESIAN_POINT('',(44.932247479,30.37790165,16.674565963));
#10667=CARTESIAN_POINT('',(44.898141541,30.375367831,16.697790609));
#10668=CARTESIAN_POINT('',(44.829227973,30.369601733,16.742546863));
#10669=CARTESIAN_POINT('',(44.794420343,30.366369453,16.764078471));
#10670=CARTESIAN_POINT('',(44.733396321,30.360359984,16.799563347));
#10671=CARTESIAN_POINT('',(44.707335539,30.35768764,16.814017503));
#10672=CARTESIAN_POINT('',(44.671693797,30.353954529,16.832710917));
#10673=CARTESIAN_POINT('',(44.662094942,30.352945226,16.837644531));
#10674=CARTESIAN_POINT('',(44.651818037,30.351864147,16.84280211));
#10675=CARTESIAN_POINT('',(44.651310341,30.351810732,16.843056572));
#10676=CARTESIAN_POINT('',(44.586267307,30.34496673,16.875614049));
#10677=CARTESIAN_POINT('',(44.514428365,30.337301463,16.906206069));
#10678=CARTESIAN_POINT('',(44.370916455,30.325359412,16.948498101));
#10679=CARTESIAN_POINT('',(44.299257748,30.321349517,16.959794253));
#10680=CARTESIAN_POINT('',(44.234567901,30.321349517,16.959794253));
#10681=CARTESIAN_POINT('',(46.171500374,29.931125176,15.856890426));
#10682=CARTESIAN_POINT('',(46.15736241,29.943549382,15.867559056));
#10683=CARTESIAN_POINT('',(46.143207062,29.955505163,15.8784291));
#10684=CARTESIAN_POINT('',(46.114856708,29.978524546,15.90054169));
#10685=CARTESIAN_POINT('',(46.100661703,29.989588149,15.911784236));
#10686=CARTESIAN_POINT('',(46.072227149,30.010867846,15.934611503));
#10687=CARTESIAN_POINT('',(46.0579876,30.021083942,15.946196224));
#10688=CARTESIAN_POINT('',(46.029459072,30.040713298,15.969677513));
#10689=CARTESIAN_POINT('',(46.015170093,30.050126559,15.981574082));
#10690=CARTESIAN_POINT('',(45.986537817,30.068194918,16.005648739));
#10691=CARTESIAN_POINT('',(45.97219452,30.076850016,16.017826829));
#10692=CARTESIAN_POINT('',(45.943448722,30.093446722,16.042434201));
#10693=CARTESIAN_POINT('',(45.929046221,30.10138833,16.054863484));
#10694=CARTESIAN_POINT('',(45.900177126,30.116602728,16.079942917));
#10695=CARTESIAN_POINT('',(45.885710534,30.123875517,16.092593067));
#10696=CARTESIAN_POINT('',(45.85670837,30.137796951,16.118083907));
#10697=CARTESIAN_POINT('',(45.842173054,30.144446629,16.13092321));
#10698=CARTESIAN_POINT('',(45.813027413,30.157161893,16.156768244));
#10699=CARTESIAN_POINT('',(45.79841636,30.163224234,16.169777791));
#10700=CARTESIAN_POINT('',(45.769109779,30.174781167,16.19595277));
#10701=CARTESIAN_POINT('',(45.754414253,30.180275759,16.209118202));
#10702=CARTESIAN_POINT('',(45.72493072,30.190720027,16.235586776));
#10703=CARTESIAN_POINT('',(45.710142715,30.195669702,16.248889917));
#10704=CARTESIAN_POINT('',(45.680466219,30.205046968,16.275615735));
#10705=CARTESIAN_POINT('',(45.665577728,30.209474559,16.289038412));
#10706=CARTESIAN_POINT('',(45.635692257,30.217830489,16.315985123));
#10707=CARTESIAN_POINT('',(45.620695276,30.221758828,16.329509159));
#10708=CARTESIAN_POINT('',(45.590584817,30.229139085,16.356640414));
#10709=CARTESIAN_POINT('',(45.57547134,30.232591004,16.370247633));
#10710=CARTESIAN_POINT('',(45.533947045,30.24141569,16.407569065));
#10711=CARTESIAN_POINT('',(45.503379783,30.247079376,16.434960048));
#10712=CARTESIAN_POINT('',(45.472534886,30.251912937,16.46242101));
#10713=CARTESIAN_POINT('',(45.437578877,30.257258016,16.493516378));
#10714=CARTESIAN_POINT('',(45.406409579,30.261143886,16.521063709));
#10715=CARTESIAN_POINT('',(45.343450197,30.267370462,16.576079673));
#10716=CARTESIAN_POINT('',(45.311660112,30.269711168,16.603548306));
#10717=CARTESIAN_POINT('',(45.247410936,30.272975074,16.658177925));
#10718=CARTESIAN_POINT('',(45.214951844,30.273898274,16.685338912));
#10719=CARTESIAN_POINT('',(45.15580866,30.274399777,16.733804191));
#10720=CARTESIAN_POINT('',(45.122703921,30.274162911,16.760479134));
#10721=CARTESIAN_POINT('',(45.08921964,30.273326844,16.786800248));
#10722=CARTESIAN_POINT('',(45.049019524,30.272181032,16.818241464));
#10723=CARTESIAN_POINT('',(45.015074719,30.270626405,16.844110418));
#10724=CARTESIAN_POINT('',(44.946437935,30.266557331,16.89457056));
#10725=CARTESIAN_POINT('',(44.911745956,30.264042884,16.919161747));
#10726=CARTESIAN_POINT('',(44.841635521,30.258290452,16.966547773));
#10727=CARTESIAN_POINT('',(44.806217065,30.255052466,16.989342611));
#10728=CARTESIAN_POINT('',(44.744109756,30.24900758,17.02691008));
#10729=CARTESIAN_POINT('',(44.717582514,30.246312253,17.042212789));
#10730=CARTESIAN_POINT('',(44.68129716,30.242535942,17.062005291));
#10731=CARTESIAN_POINT('',(44.671515961,30.241513098,17.067229843));
#10732=CARTESIAN_POINT('',(44.661036713,30.240415661,17.072692192));
#10733=CARTESIAN_POINT('',(44.660519003,30.240361433,17.072961692));
#10734=CARTESIAN_POINT('',(44.594190655,30.233412637,17.107443453));
#10735=CARTESIAN_POINT('',(44.520639241,30.225552611,17.139868895));
#10736=CARTESIAN_POINT('',(44.37376641,30.213279846,17.184692998));
#10737=CARTESIAN_POINT('',(44.300460551,30.209150028,17.196661445));
#10738=CARTESIAN_POINT('',(44.234567901,30.209150028,17.196661445));
#10739=CARTESIAN_POINT('',(46.213828776,29.823094763,16.015009491));
#10740=CARTESIAN_POINT('',(46.199200987,29.83544137,16.027410959));
#10741=CARTESIAN_POINT('',(46.184562731,29.847326626,16.039985002));
#10742=CARTESIAN_POINT('',(46.155259839,29.870218487,16.06544859));
#10743=CARTESIAN_POINT('',(46.140595203,29.881225091,16.078338135));
#10744=CARTESIAN_POINT('',(46.111234107,29.902403696,16.10440308));
#10745=CARTESIAN_POINT('',(46.096537646,29.912575698,16.11757848));
#10746=CARTESIAN_POINT('',(46.067107453,29.932129145,16.144185488));
#10747=CARTESIAN_POINT('',(46.052373721,29.941510592,16.157617096));
#10748=CARTESIAN_POINT('',(46.02286354,29.959526979,16.184706873));
#10749=CARTESIAN_POINT('',(46.008087091,29.96816192,16.198365042));
#10750=CARTESIAN_POINT('',(45.978486032,29.984729344,16.225878294));
#10751=CARTESIAN_POINT('',(45.96366142,29.992661827,16.239733376));
#10752=CARTESIAN_POINT('',(45.93395859,30.007868386,16.267610808));
#10753=CARTESIAN_POINT('',(45.91908037,30.015142461,16.281633157));
#10754=CARTESIAN_POINT('',(45.889264878,30.02907625,16.309815474));
#10755=CARTESIAN_POINT('',(45.87432786,30.035737001,16.323974055));
#10756=CARTESIAN_POINT('',(45.844388181,30.048483569,16.352405406));
#10757=CARTESIAN_POINT('',(45.829384792,30.054566144,16.366681991));
#10758=CARTESIAN_POINT('',(45.799302346,30.066172085,16.395339485));
#10759=CARTESIAN_POINT('',(45.78422329,30.071695451,16.409720394));
#10760=CARTESIAN_POINT('',(45.753980948,30.082205181,16.438569041));
#10761=CARTESIAN_POINT('',(45.738817662,30.087191545,16.453036779));
#10762=CARTESIAN_POINT('',(45.708398294,30.096649482,16.482041589));
#10763=CARTESIAN_POINT('',(45.693142213,30.101121054,16.49657866));
#10764=CARTESIAN_POINT('',(45.66252869,30.109571616,16.525704641));
#10765=CARTESIAN_POINT('',(45.647171249,30.113550605,16.540293551));
#10766=CARTESIAN_POINT('',(45.616346442,30.121038208,16.569505712));
#10767=CARTESIAN_POINT('',(45.600879077,30.124546823,16.584128964));
#10768=CARTESIAN_POINT('',(45.55839469,30.133534059,16.624164604));
#10769=CARTESIAN_POINT('',(45.527136107,30.139325972,16.653455871));
#10770=CARTESIAN_POINT('',(45.495609975,30.144296439,16.682723156));
#10771=CARTESIAN_POINT('',(45.459884347,30.149797725,16.715849098));
#10772=CARTESIAN_POINT('',(45.428044898,30.153829952,16.745096803));
#10773=CARTESIAN_POINT('',(45.363760326,30.160360954,16.803331744));
#10774=CARTESIAN_POINT('',(45.331315204,30.162859728,16.832318982));
#10775=CARTESIAN_POINT('',(45.265766595,30.166446497,16.889809481));
#10776=CARTESIAN_POINT('',(45.23266311,30.16753449,16.918312743));
#10777=CARTESIAN_POINT('',(45.172364181,30.168334543,16.969043047));
#10778=CARTESIAN_POINT('',(45.138620612,30.168264035,16.996906277));
#10779=CARTESIAN_POINT('',(45.104498795,30.167593194,17.024332414));
#10780=CARTESIAN_POINT('',(45.063535223,30.166644908,17.057077654));
#10781=CARTESIAN_POINT('',(45.028953903,30.16525356,17.08395254));
#10782=CARTESIAN_POINT('',(44.959041323,30.161502804,17.136264533));
#10783=CARTESIAN_POINT('',(44.923710063,30.159143397,17.161701639));
#10784=CARTESIAN_POINT('',(44.852313832,30.153687817,17.210624927));
#10785=CARTESIAN_POINT('',(44.81624886,30.150591644,17.23411111));
#10786=CARTESIAN_POINT('',(44.753008889,30.144777165,17.272749444));
#10787=CARTESIAN_POINT('',(44.72599818,30.142174604,17.288465825));
#10788=CARTESIAN_POINT('',(44.689050628,30.138516236,17.308766779));
#10789=CARTESIAN_POINT('',(44.67909424,30.137523741,17.314120396));
#10790=CARTESIAN_POINT('',(44.668430116,30.136457379,17.319713253));
#10791=CARTESIAN_POINT('',(44.667903279,30.136404683,17.319989181));
#10792=CARTESIAN_POINT('',(44.600406542,30.129651653,17.355292007));
#10793=CARTESIAN_POINT('',(44.525671309,30.121950668,17.388314871));
#10794=CARTESIAN_POINT('',(44.376348601,30.109900222,17.433931085));
#10795=CARTESIAN_POINT('',(44.301776111,30.105832918,17.446091013));
#10796=CARTESIAN_POINT('',(44.234567901,30.105832918,17.446091013));
#10797=CARTESIAN_POINT('',(46.21511636,29.819825348,16.019802548));
#10798=CARTESIAN_POINT('',(46.20047394,29.832169365,16.032256895));
#10799=CARTESIAN_POINT('',(46.185822083,29.844051785,16.044884142));
#10800=CARTESIAN_POINT('',(46.156492244,29.86693891,16.070451082));
#10801=CARTESIAN_POINT('',(46.141814548,29.877943398,16.083391416));
#10802=CARTESIAN_POINT('',(46.112428124,29.899118165,16.109556121));
#10803=CARTESIAN_POINT('',(46.097719381,29.909288501,16.122780537));
#10804=CARTESIAN_POINT('',(46.068265371,29.928838967,16.149483766));
#10805=CARTESIAN_POINT('',(46.053520079,29.938219177,16.162962644));
#10806=CARTESIAN_POINT('',(46.023987483,29.956233397,16.190145154));
#10807=CARTESIAN_POINT('',(46.009200142,29.964867508,16.20384887));
#10808=CARTESIAN_POINT('',(45.979577958,29.98143354,16.231451421));
#10809=CARTESIAN_POINT('',(45.964743067,29.989365577,16.245350354));
#10810=CARTESIAN_POINT('',(45.935020295,30.004571477,16.273313702));
#10811=CARTESIAN_POINT('',(45.920132354,30.011845467,16.287378229));
#10812=CARTESIAN_POINT('',(45.890297993,30.025779291,16.315643134));
#10813=CARTESIAN_POINT('',(45.875351757,30.032440296,16.329842246));
#10814=CARTESIAN_POINT('',(45.845394173,30.04518755,16.358352906));
#10815=CARTESIAN_POINT('',(45.830382015,30.051270698,16.372668401));
#10816=CARTESIAN_POINT('',(45.800282515,30.062877935,16.401401977));
#10817=CARTESIAN_POINT('',(45.785195085,30.06840217,16.415820195));
#10818=CARTESIAN_POINT('',(45.75493643,30.078913769,16.44474174));
#10819=CARTESIAN_POINT('',(45.739765108,30.083901278,16.459245208));
#10820=CARTESIAN_POINT('',(45.709330057,30.093361616,16.488319777));
#10821=CARTESIAN_POINT('',(45.694066225,30.097834585,16.502891019));
#10822=CARTESIAN_POINT('',(45.663437537,30.106288038,16.532083665));
#10823=CARTESIAN_POINT('',(45.648072576,30.110268656,16.546705208));
#10824=CARTESIAN_POINT('',(45.617233011,30.117759602,16.575980986));
#10825=CARTESIAN_POINT('',(45.601758302,30.121270055,16.590635355));
#10826=CARTESIAN_POINT('',(45.559254127,30.130262424,16.630753919));
#10827=CARTESIAN_POINT('',(45.527981204,30.136058516,16.660103311));
#10828=CARTESIAN_POINT('',(45.49644085,30.141033406,16.68942573));
#10829=CARTESIAN_POINT('',(45.460699141,30.146539729,16.722613629));
#10830=CARTESIAN_POINT('',(45.428845422,30.150576787,16.751913265));
#10831=CARTESIAN_POINT('',(45.364532051,30.157117757,16.810246249));
#10832=CARTESIAN_POINT('',(45.332072273,30.159621777,16.839279738));
#10833=CARTESIAN_POINT('',(45.266493583,30.163219236,16.896857133));
#10834=CARTESIAN_POINT('',(45.233374617,30.164312718,16.925401099));
#10835=CARTESIAN_POINT('',(45.173046617,30.165122745,16.976199917));
#10836=CARTESIAN_POINT('',(45.139286424,30.165057794,17.004098981));
#10837=CARTESIAN_POINT('',(45.10514712,30.164392506,17.031558356));
#10838=CARTESIAN_POINT('',(45.064162383,30.16345087,17.064342799));
#10839=CARTESIAN_POINT('',(45.029562606,30.162064991,17.091247703));
#10840=CARTESIAN_POINT('',(44.95961071,30.158325001,17.143614808));
#10841=CARTESIAN_POINT('',(44.924258839,30.155970784,17.169076759));
#10842=CARTESIAN_POINT('',(44.852818427,30.15052524,17.218045032));
#10843=CARTESIAN_POINT('',(44.816730241,30.147433793,17.241550993));
#10844=CARTESIAN_POINT('',(44.753446918,30.141627053,17.280219776));
#10845=CARTESIAN_POINT('',(44.726417122,30.139027566,17.295947595));
#10846=CARTESIAN_POINT('',(44.689442296,30.135373095,17.316262402));
#10847=CARTESIAN_POINT('',(44.679478598,30.134381602,17.321619508));
#10848=CARTESIAN_POINT('',(44.668806647,30.133316268,17.327215874));
#10849=CARTESIAN_POINT('',(44.668279427,30.133263624,17.327491969));
#10850=CARTESIAN_POINT('',(44.600733362,30.126517156,17.362816463));
#10851=CARTESIAN_POINT('',(44.525942537,30.118821645,17.395854277));
#10852=CARTESIAN_POINT('',(44.376494706,30.106778932,17.441489946));
#10853=CARTESIAN_POINT('',(44.301852577,30.102713848,17.453654313));
#10854=CARTESIAN_POINT('',(44.234567901,30.102713848,17.453654313));
#10855=CARTESIAN_POINT('',(46.256475823,29.715339736,16.173230233));
#10856=CARTESIAN_POINT('',(46.241371569,29.727593844,16.187388857));
#10857=CARTESIAN_POINT('',(46.226304476,29.739364021,16.201768277));
#10858=CARTESIAN_POINT('',(46.196125791,29.762073132,16.23070006));
#10859=CARTESIAN_POINT('',(46.181032524,29.772998074,16.245293656));
#10860=CARTESIAN_POINT('',(46.150832937,29.79402648,16.274703238));
#10861=CARTESIAN_POINT('',(46.135725623,29.804133537,16.289522095));
#10862=CARTESIAN_POINT('',(46.105491952,29.823567892,16.319352252));
#10863=CARTESIAN_POINT('',(46.090363957,29.832900281,16.334367701));
#10864=CARTESIAN_POINT('',(46.060083014,29.850827236,16.364561215));
#10865=CARTESIAN_POINT('',(46.044927719,29.859428167,16.379744581));
#10866=CARTESIAN_POINT('',(46.014586308,29.875934368,16.410244238));
#10867=CARTESIAN_POINT('',(45.999397109,29.883847051,16.425566847));
#10868=CARTESIAN_POINT('',(45.968982032,29.899019142,16.456315439));
#10869=CARTESIAN_POINT('',(45.953752335,29.906286784,16.471748614));
#10870=CARTESIAN_POINT('',(45.923250387,29.920211405,16.502688936));
#10871=CARTESIAN_POINT('',(45.907973869,29.92687824,16.518202607));
#10872=CARTESIAN_POINT('',(45.877371203,29.939639495,16.549280909));
#10873=CARTESIAN_POINT('',(45.862039145,29.945739883,16.564857826));
#10874=CARTESIAN_POINT('',(45.831314758,29.957383037,16.596053072));
#10875=CARTESIAN_POINT('',(45.815916695,29.962935152,16.611680264));
#10876=CARTESIAN_POINT('',(45.785051039,29.973503214,16.642959056));
#10877=CARTESIAN_POINT('',(45.769577255,29.97852846,16.658619737));
#10878=CARTESIAN_POINT('',(45.738550775,29.988064437,16.689948679));
#10879=CARTESIAN_POINT('',(45.722991561,29.992584223,16.705626062));
#10880=CARTESIAN_POINT('',(45.691784701,30.001131119,16.736971762));
#10881=CARTESIAN_POINT('',(45.676130355,30.005166861,16.752649061));
#10882=CARTESIAN_POINT('',(45.644723554,30.012767673,16.783978125));
#10883=CARTESIAN_POINT('',(45.628964378,30.016340796,16.799638558));
#10884=CARTESIAN_POINT('',(45.585695944,30.025504055,16.842431887));
#10885=CARTESIAN_POINT('',(45.553865538,30.031443057,16.873658192));
#10886=CARTESIAN_POINT('',(45.521775627,30.0365681,16.904757336));
#10887=CARTESIAN_POINT('',(45.485413211,30.042245168,16.939941078));
#10888=CARTESIAN_POINT('',(45.45300892,30.046449191,16.970915175));
#10889=CARTESIAN_POINT('',(45.387600325,30.053332296,17.032400837));
#10890=CARTESIAN_POINT('',(45.354587923,30.056018366,17.062921469));
#10891=CARTESIAN_POINT('',(45.287896584,30.059986166,17.12328549));
#10892=CARTESIAN_POINT('',(45.254214101,30.061270672,17.153132725));
#10893=CARTESIAN_POINT('',(45.192850687,30.062428714,17.206119704));
#10894=CARTESIAN_POINT('',(45.158508859,30.06255761,17.235159741));
#10895=CARTESIAN_POINT('',(45.123771026,30.062087003,17.263674621));
#10896=CARTESIAN_POINT('',(45.082064869,30.061378755,17.297703388));
#10897=CARTESIAN_POINT('',(45.046852594,30.060184106,17.325554047));
#10898=CARTESIAN_POINT('',(44.975621753,30.056823319,17.379652594));
#10899=CARTESIAN_POINT('',(44.93961906,30.054650454,17.405884513));
#10900=CARTESIAN_POINT('',(44.866806751,30.049558338,17.456241474));
#10901=CARTESIAN_POINT('',(44.830019981,30.046631356,17.480343252));
#10902=CARTESIAN_POINT('',(44.765448979,30.04109565,17.519922947));
#10903=CARTESIAN_POINT('',(44.737865374,30.038602648,17.535982113));
#10904=CARTESIAN_POINT('',(44.700108161,30.035082837,17.556691136));
#10905=CARTESIAN_POINT('',(44.689935975,30.034125973,17.562146533));
#10906=CARTESIAN_POINT('',(44.67904167,30.03309616,17.567841088));
#10907=CARTESIAN_POINT('',(44.678503687,30.033045353,17.568121624));
#10908=CARTESIAN_POINT('',(44.609564199,30.026528272,17.604038094));
#10909=CARTESIAN_POINT('',(44.533204314,30.019028149,17.637454859));
#10910=CARTESIAN_POINT('',(44.380322113,30.007263825,17.683569764));
#10911=CARTESIAN_POINT('',(44.303812404,30.003279856,17.695833247));
#10912=CARTESIAN_POINT('',(44.234567901,30.003279856,17.695833247));
#10913=CARTESIAN_POINT('',(46.301251563,29.618194013,16.323360627));
#10914=CARTESIAN_POINT('',(46.285889879,29.630149505,16.339535249));
#10915=CARTESIAN_POINT('',(46.271142737,29.641165994,16.357102207));
#10916=CARTESIAN_POINT('',(46.241012335,29.662907136,16.391023243));
#10917=CARTESIAN_POINT('',(46.225932565,29.673400078,16.408060171));
#10918=CARTESIAN_POINT('',(46.195760248,29.693579597,16.442191453));
#10919=CARTESIAN_POINT('',(46.180651218,29.703325654,16.45933336));
#10920=CARTESIAN_POINT('',(46.150423772,29.722026004,16.493630095));
#10921=CARTESIAN_POINT('',(46.135278197,29.73106458,16.510853616));
#10922=CARTESIAN_POINT('',(46.104982316,29.74836816,16.545271094));
#10923=CARTESIAN_POINT('',(46.08979314,29.756738576,16.562552824));
#10924=CARTESIAN_POINT('',(46.059415427,29.772727733,16.597046421));
#10925=CARTESIAN_POINT('',(46.044175815,29.780469254,16.614362913));
#10926=CARTESIAN_POINT('',(46.013702793,29.795226283,16.648888087));
#10927=CARTESIAN_POINT('',(45.99840612,29.802378147,16.666215858));
#10928=CARTESIAN_POINT('',(45.967824229,29.81598529,16.700728148));
#10929=CARTESIAN_POINT('',(45.952464372,29.822587664,16.718042255));
#10930=CARTESIAN_POINT('',(45.92175923,29.835124819,16.752500826));
#10931=CARTESIAN_POINT('',(45.906327428,29.841208906,16.769789352));
#10932=CARTESIAN_POINT('',(45.875475996,29.852718957,16.804182209));
#10933=CARTESIAN_POINT('',(45.859961403,29.858299741,16.821433292));
#10934=CARTESIAN_POINT('',(45.828942098,29.868822066,16.855731999));
#10935=CARTESIAN_POINT('',(45.813334884,29.873917573,16.872929982));
#10936=CARTESIAN_POINT('',(45.78212606,29.883491492,16.907106148));
#10937=CARTESIAN_POINT('',(45.766416524,29.888119831,16.924235372));
#10938=CARTESIAN_POINT('',(45.734996472,29.896784604,16.958260639));
#10939=CARTESIAN_POINT('',(45.71917502,29.900963993,16.975305453));
#10940=CARTESIAN_POINT('',(45.687521977,29.908758817,17.009151487));
#10941=CARTESIAN_POINT('',(45.671579096,29.912507593,17.026096263));
#10942=CARTESIAN_POINT('',(45.627925474,29.922035151,17.072117569));
#10943=CARTESIAN_POINT('',(45.595697643,29.928389112,17.105670306));
#10944=CARTESIAN_POINT('',(45.563241222,29.933918311,17.138863521));
#10945=CARTESIAN_POINT('',(45.52647219,29.940047306,17.176378117));
#10946=CARTESIAN_POINT('',(45.493588773,29.944784788,17.209353483));
#10947=CARTESIAN_POINT('',(45.427282799,29.952695324,17.274353834));
#10948=CARTESIAN_POINT('',(45.393726115,29.955984111,17.306528961));
#10949=CARTESIAN_POINT('',(45.325934316,29.961158707,17.369771661));
#10950=CARTESIAN_POINT('',(45.291640473,29.9630905,17.400902914));
#10951=CARTESIAN_POINT('',(45.229080298,29.965451542,17.455880774));
#10952=CARTESIAN_POINT('',(45.194059658,29.966249449,17.485854176));
#10953=CARTESIAN_POINT('',(45.158552741,29.966477201,17.515149024));
#10954=CARTESIAN_POINT('',(45.115899575,29.966614035,17.550078054));
#10955=CARTESIAN_POINT('',(45.079925493,29.966091027,17.578399078));
#10956=CARTESIAN_POINT('',(45.006836928,29.964140387,17.633209615));
#10957=CARTESIAN_POINT('',(44.969985315,29.962601349,17.659434685));
#10958=CARTESIAN_POINT('',(44.895021265,29.958820418,17.709610289));
#10959=CARTESIAN_POINT('',(44.857287159,29.956450486,17.733175588));
#10960=CARTESIAN_POINT('',(44.79057902,29.951879925,17.771732621));
#10961=CARTESIAN_POINT('',(44.762181479,29.949733713,17.7870714));
#10962=CARTESIAN_POINT('',(44.723171695,29.946643139,17.806687594));
#10963=CARTESIAN_POINT('',(44.712666844,29.945796371,17.811837371));
#10964=CARTESIAN_POINT('',(44.701408705,29.944880282,17.817203735));
#10965=CARTESIAN_POINT('',(44.700856201,29.944836442,17.817461879));
#10966=CARTESIAN_POINT('',(44.629819691,29.939124483,17.850906515));
#10967=CARTESIAN_POINT('',(44.549839603,29.932421649,17.881704005));
#10968=CARTESIAN_POINT('',(44.388764258,29.921855214,17.923978431));
#10969=CARTESIAN_POINT('',(44.307673765,29.918252971,17.935048515));
#10970=CARTESIAN_POINT('',(44.234567901,29.918252971,17.935048515));
#10971=CARTESIAN_POINT('',(46.401534409,29.429454345,16.630768429));
#10972=CARTESIAN_POINT('',(46.385097856,29.44145796,16.652460131));
#10973=CARTESIAN_POINT('',(46.370761297,29.451339758,16.67845003));
#10974=CARTESIAN_POINT('',(46.340018766,29.472102287,16.725635022));
#10975=CARTESIAN_POINT('',(46.324635076,29.482202516,16.749130238));
#10976=CARTESIAN_POINT('',(46.293911345,29.501568434,16.795679033));
#10977=CARTESIAN_POINT('',(46.278515781,29.511034474,16.81889279));
#10978=CARTESIAN_POINT('',(46.247793117,29.529080864,16.864802985));
#10979=CARTESIAN_POINT('',(46.232374532,29.537945118,16.887730815));
#10980=CARTESIAN_POINT('',(46.20163489,29.554748885,16.933000286));
#10981=CARTESIAN_POINT('',(46.186182905,29.563043473,16.955637584));
#10982=CARTESIAN_POINT('',(46.155407942,29.578681343,17.000264493));
#10983=CARTESIAN_POINT('',(46.13991292,29.5864382,17.022606523));
#10984=CARTESIAN_POINT('',(46.109084011,29.600986725,17.066589312));
#10985=CARTESIAN_POINT('',(46.093537028,29.608237694,17.088631213));
#10986=CARTESIAN_POINT('',(46.062635275,29.621773247,17.131968595));
#10987=CARTESIAN_POINT('',(46.047028509,29.628550804,17.153703852));
#10988=CARTESIAN_POINT('',(46.016033694,29.641148017,17.19639865));
#10989=CARTESIAN_POINT('',(46.000355884,29.647478398,17.217834407));
#10990=CARTESIAN_POINT('',(45.969234649,29.659180386,17.259906631));
#10991=CARTESIAN_POINT('',(45.953471344,29.665073493,17.281037424));
#10992=CARTESIAN_POINT('',(45.922191827,29.675916142,17.322478366));
#10993=CARTESIAN_POINT('',(45.906330341,29.681384308,17.343294991));
#10994=CARTESIAN_POINT('',(45.874860465,29.691403308,17.384096098));
#10995=CARTESIAN_POINT('',(45.85888854,29.696459159,17.404589349));
#10996=CARTESIAN_POINT('',(45.827196025,29.705689998,17.444742182));
#10997=CARTESIAN_POINT('',(45.811101762,29.710346517,17.464902884));
#10998=CARTESIAN_POINT('',(45.77915414,29.718824462,17.504399074));
#10999=CARTESIAN_POINT('',(45.762925914,29.723095042,17.524218122));
#11000=CARTESIAN_POINT('',(45.718824201,29.733711749,17.577343684));
#11001=CARTESIAN_POINT('',(45.686023184,29.74117893,17.615956721));
#11002=CARTESIAN_POINT('',(45.65311599,29.747737688,17.653580375));
#11003=CARTESIAN_POINT('',(45.61586387,29.755009983,17.696003971));
#11004=CARTESIAN_POINT('',(45.582294327,29.761041239,17.733126882));
#11005=CARTESIAN_POINT('',(45.514833558,29.771349601,17.805117823));
#11006=CARTESIAN_POINT('',(45.480490538,29.776016544,17.840491592));
#11007=CARTESIAN_POINT('',(45.411138406,29.783879602,17.908983833));
#11008=CARTESIAN_POINT('',(45.375931473,29.787230615,17.942316804));
#11009=CARTESIAN_POINT('',(45.311504915,29.792194095,18.000401756));
#11010=CARTESIAN_POINT('',(45.275419787,29.794418727,18.031646793));
#11011=CARTESIAN_POINT('',(45.238622353,29.796128753,18.061805507));
#11012=CARTESIAN_POINT('',(45.194358138,29.798058791,18.097678278));
#11013=CARTESIAN_POINT('',(45.157110813,29.798930634,18.126056244));
#11014=CARTESIAN_POINT('',(45.080611681,29.799913696,18.180356004));
#11015=CARTESIAN_POINT('',(45.04224533,29.799649656,18.205387042));
#11016=CARTESIAN_POINT('',(44.963065578,29.79851301,18.252699997));
#11017=CARTESIAN_POINT('',(44.923526554,29.797209113,18.273684279));
#11018=CARTESIAN_POINT('',(44.852389557,29.794478847,18.307481654));
#11019=CARTESIAN_POINT('',(44.82232976,29.792953813,18.320064243));
#11020=CARTESIAN_POINT('',(44.780663175,29.790601753,18.335626927));
#11021=CARTESIAN_POINT('',(44.769454711,29.789942317,18.339658546));
#11022=CARTESIAN_POINT('',(44.757423384,29.789218386,18.343827145));
#11023=CARTESIAN_POINT('',(44.75684134,29.789187453,18.344010578));
#11024=CARTESIAN_POINT('',(44.681417722,29.784910377,18.368889063));
#11025=CARTESIAN_POINT('',(44.592547186,29.779784781,18.391099484));
#11026=CARTESIAN_POINT('',(44.410688003,29.771662076,18.420960378));
#11027=CARTESIAN_POINT('',(44.317679331,29.768873514,18.428291945));
#11028=CARTESIAN_POINT('',(44.234567901,29.768873514,18.428291945));
#11029=CARTESIAN_POINT('',(46.457341095,29.338140578,16.788120164));
#11030=CARTESIAN_POINT('',(46.439820077,29.350722981,16.813568801));
#11031=CARTESIAN_POINT('',(46.425329967,29.36043669,16.845056124));
#11032=CARTESIAN_POINT('',(46.393455777,29.381599883,16.900994454));
#11033=CARTESIAN_POINT('',(46.377532099,29.391934365,16.928731353));
#11034=CARTESIAN_POINT('',(46.345809935,29.411703636,16.983404245));
#11035=CARTESIAN_POINT('',(46.329932131,29.42142464,17.010569065));
#11036=CARTESIAN_POINT('',(46.298337664,29.439877667,17.064006281));
#11037=CARTESIAN_POINT('',(46.282490309,29.449015266,17.090609237));
#11038=CARTESIAN_POINT('',(46.250998764,29.466229473,17.14284094));
#11039=CARTESIAN_POINT('',(46.235167532,29.474813332,17.168892054));
#11040=CARTESIAN_POINT('',(46.203753705,29.49086589,17.219948813));
#11041=CARTESIAN_POINT('',(46.187925332,29.49892541,17.245457916));
#11042=CARTESIAN_POINT('',(46.156563619,29.513893236,17.295370705));
#11043=CARTESIAN_POINT('',(46.140725856,29.521457687,17.320347451));
#11044=CARTESIAN_POINT('',(46.109390264,29.535417448,17.369147627));
#11045=CARTESIAN_POINT('',(46.093532342,29.542516533,17.393599891));
#11046=CARTESIAN_POINT('',(46.062195229,29.555543569,17.441323237));
#11047=CARTESIAN_POINT('',(46.046302367,29.562202591,17.465272984));
#11048=CARTESIAN_POINT('',(46.014919928,29.574344457,17.511964569));
#11049=CARTESIAN_POINT('',(45.998973381,29.580572301,17.535412585));
#11050=CARTESIAN_POINT('',(45.967503348,29.591866812,17.581080433));
#11051=CARTESIAN_POINT('',(45.951486614,29.597674368,17.604023803));
#11052=CARTESIAN_POINT('',(45.91988641,29.608159056,17.648676164));
#11053=CARTESIAN_POINT('',(45.903783603,29.613557639,17.671111968));
#11054=CARTESIAN_POINT('',(45.872010361,29.623269745,17.714757254));
#11055=CARTESIAN_POINT('',(45.855806105,29.628271173,17.736682619));
#11056=CARTESIAN_POINT('',(45.823816688,29.637247633,17.779329341));
#11057=CARTESIAN_POINT('',(45.807496001,29.641864312,17.800741495));
#11058=CARTESIAN_POINT('',(45.76337567,29.653188778,17.857732666));
#11059=CARTESIAN_POINT('',(45.730451421,29.661324875,17.899052398));
#11060=CARTESIAN_POINT('',(45.697534601,29.668460616,17.93896315));
#11061=CARTESIAN_POINT('',(45.660293758,29.676366649,17.983905822));
#11062=CARTESIAN_POINT('',(45.6266139,29.683091009,18.023103938));
#11063=CARTESIAN_POINT('',(45.559123587,29.694605177,18.098392012));
#11064=CARTESIAN_POINT('',(45.524667711,29.699951894,18.135204454));
#11065=CARTESIAN_POINT('',(45.455138892,29.709083028,18.205827897));
#11066=CARTESIAN_POINT('',(45.419783349,29.71308873,18.239945325));
#11067=CARTESIAN_POINT('',(45.354976414,29.719227394,18.29888781));
#11068=CARTESIAN_POINT('',(45.318672458,29.722079301,18.330318899));
#11069=CARTESIAN_POINT('',(45.281523792,29.724438675,18.36040221));
#11070=CARTESIAN_POINT('',(45.236799931,29.727154865,18.39612615));
#11071=CARTESIAN_POINT('',(45.199216178,29.72861028,18.423921677));
#11072=CARTESIAN_POINT('',(45.121508276,29.730837862,18.476655456));
#11073=CARTESIAN_POINT('',(45.082649065,29.731073942,18.5003212));
#11074=CARTESIAN_POINT('',(45.001734932,29.730995111,18.54459892));
#11075=CARTESIAN_POINT('',(44.961500545,29.730064069,18.56335713));
#11076=CARTESIAN_POINT('',(44.888330357,29.727983916,18.5931108));
#11077=CARTESIAN_POINT('',(44.857528524,29.726640406,18.603526109));
#11078=CARTESIAN_POINT('',(44.814590934,29.724477524,18.615953696));
#11079=CARTESIAN_POINT('',(44.803045971,29.723864243,18.619126957));
#11080=CARTESIAN_POINT('',(44.790640515,29.723186756,18.622378256));
#11081=CARTESIAN_POINT('',(44.79004524,29.723160208,18.622506921));
#11082=CARTESIAN_POINT('',(44.712556338,29.719312728,18.640983937));
#11083=CARTESIAN_POINT('',(44.618557372,29.714803816,18.656960069));
#11084=CARTESIAN_POINT('',(44.424244858,29.707698172,18.67787111));
#11085=CARTESIAN_POINT('',(44.323893158,29.705276333,18.682549019));
#11086=CARTESIAN_POINT('',(44.234567901,29.705276333,18.682549019));
#11087=CARTESIAN_POINT('',(46.578387482,29.165059055,17.104440033));
#11088=CARTESIAN_POINT('',(46.559040621,29.178938382,17.137907002));
#11089=CARTESIAN_POINT('',(46.543981401,29.188947229,17.179625428));
#11090=CARTESIAN_POINT('',(46.509899006,29.211671164,17.252832196));
#11091=CARTESIAN_POINT('',(46.492920395,29.222825247,17.288920784));
#11092=CARTESIAN_POINT('',(46.459224907,29.244134771,17.359623614));
#11093=CARTESIAN_POINT('',(46.442396985,29.254690913,17.394558211));
#11094=CARTESIAN_POINT('',(46.40905207,29.274664319,17.462851095));
#11095=CARTESIAN_POINT('',(46.392352107,29.28464939,17.496672167));
#11096=CARTESIAN_POINT('',(46.359320805,29.303364614,17.562649659));
#11097=CARTESIAN_POINT('',(46.342727607,29.312804918,17.595397397));
#11098=CARTESIAN_POINT('',(46.309972361,29.330339542,17.659154622));
#11099=CARTESIAN_POINT('',(46.293466221,29.339261011,17.690868952));
#11100=CARTESIAN_POINT('',(46.260948909,29.355692263,17.752501597));
#11101=CARTESIAN_POINT('',(46.244511544,29.364120647,17.783222198));
#11102=CARTESIAN_POINT('',(46.212193504,29.379525401,17.842826491));
#11103=CARTESIAN_POINT('',(46.195808667,29.387486484,17.872591042));
#11104=CARTESIAN_POINT('',(46.163649003,29.401941173,17.930268195));
#11105=CARTESIAN_POINT('',(46.147295116,29.409459996,17.959129356));
#11106=CARTESIAN_POINT('',(46.115230796,29.423020787,18.014973993));
#11107=CARTESIAN_POINT('',(46.098880604,29.430105757,18.042946118));
#11108=CARTESIAN_POINT('',(46.066850273,29.442814101,18.096999123));
#11109=CARTESIAN_POINT('',(46.050479585,29.449474721,18.124092954));
#11110=CARTESIAN_POINT('',(46.018421454,29.461371676,18.176395521));
#11111=CARTESIAN_POINT('',(46.00200694,29.46761804,18.202621793));
#11112=CARTESIAN_POINT('',(45.969858818,29.478744254,18.253215345));
#11113=CARTESIAN_POINT('',(45.953377862,29.484587167,18.278584861));
#11114=CARTESIAN_POINT('',(45.921077176,29.494982859,18.32751096));
#11115=CARTESIAN_POINT('',(45.904507714,29.500433944,18.352034661));
#11116=CARTESIAN_POINT('',(45.860021834,29.513711414,18.416746862));
#11117=CARTESIAN_POINT('',(45.826687638,29.523462905,18.463380548));
#11118=CARTESIAN_POINT('',(45.793507105,29.532077321,18.507866971));
#11119=CARTESIAN_POINT('',(45.755996193,29.541629479,18.55786922));
#11120=CARTESIAN_POINT('',(45.721909992,29.549972993,18.601158009));
#11121=CARTESIAN_POINT('',(45.653823109,29.564453128,18.683125738));
#11122=CARTESIAN_POINT('',(45.618918838,29.571369424,18.722816157));
#11123=CARTESIAN_POINT('',(45.548496005,29.583479719,18.797830517));
#11124=CARTESIAN_POINT('',(45.512581802,29.588983516,18.833583458));
#11125=CARTESIAN_POINT('',(45.446540032,29.597775876,18.894392695));
#11126=CARTESIAN_POINT('',(45.40950594,29.602049238,18.926322454));
#11127=CARTESIAN_POINT('',(45.37139748,29.605835346,18.956364756));
#11128=CARTESIAN_POINT('',(45.325458618,29.61026583,18.991914509));
#11129=CARTESIAN_POINT('',(45.286867474,29.613029896,19.018755979));
#11130=CARTESIAN_POINT('',(45.206298309,29.617893009,19.068601176));
#11131=CARTESIAN_POINT('',(45.1660912,29.619241533,19.089823392));
#11132=CARTESIAN_POINT('',(45.081331439,29.621345537,19.128311969));
#11133=CARTESIAN_POINT('',(45.039327536,29.621238433,19.142983056));
#11134=CARTESIAN_POINT('',(44.961835185,29.620459931,19.16492814));
#11135=CARTESIAN_POINT('',(44.929314314,29.619501455,19.171280839));
#11136=CARTESIAN_POINT('',(44.883622593,29.617719649,19.177720531));
#11137=CARTESIAN_POINT('',(44.871358797,29.617196832,19.179243311));
#11138=CARTESIAN_POINT('',(44.858177436,29.616605592,19.180710486));
#11139=CARTESIAN_POINT('',(44.857550734,29.616586099,19.180738452));
#11140=CARTESIAN_POINT('',(44.775529245,29.613467437,19.187140122));
#11141=CARTESIAN_POINT('',(44.671139564,29.610084037,19.191580507));
#11142=CARTESIAN_POINT('',(44.45171316,29.604860541,19.196106968));
#11143=CARTESIAN_POINT('',(44.336602519,29.603128542,19.196057041));
#11144=CARTESIAN_POINT('',(44.234567901,29.603128542,19.196057041));
#11145=CARTESIAN_POINT('',(46.643627182,29.0832913,17.263408167));
#11146=CARTESIAN_POINT('',(46.623818413,29.097652745,17.300899938));
#11147=CARTESIAN_POINT('',(46.608608777,29.107900901,17.347127577));
#11148=CARTESIAN_POINT('',(46.573952569,29.131360347,17.428423837));
#11149=CARTESIAN_POINT('',(46.556696601,29.142899131,17.468421293));
#11150=CARTESIAN_POINT('',(46.522474949,29.164966597,17.546650077));
#11151=CARTESIAN_POINT('',(46.505390288,29.175924601,17.585224643));
#11152=CARTESIAN_POINT('',(46.471563654,29.196676538,17.660510142));
#11153=CARTESIAN_POINT('',(46.454625642,29.207078835,17.697716916));
#11154=CARTESIAN_POINT('',(46.421153816,29.22659131,17.770183923));
#11155=CARTESIAN_POINT('',(46.404339439,29.236462365,17.806077709));
#11156=CARTESIAN_POINT('',(46.371181572,29.254811067,17.875851629));
#11157=CARTESIAN_POINT('',(46.354469412,29.264174947,17.910486949));
#11158=CARTESIAN_POINT('',(46.32158405,29.281435185,17.977693789));
#11159=CARTESIAN_POINT('',(46.304954212,29.290315761,18.011124899));
#11160=CARTESIAN_POINT('',(46.272299321,29.306562467,18.075891243));
#11161=CARTESIAN_POINT('',(46.255734134,29.314983445,18.108170304));
#11162=CARTESIAN_POINT('',(46.223265191,29.330291575,18.170627969));
#11163=CARTESIAN_POINT('',(46.206740898,29.338277738,18.20182258));
#11164=CARTESIAN_POINT('',(46.174388295,29.352705767,18.262088826));
#11165=CARTESIAN_POINT('',(46.157874531,29.360265133,18.292219728));
#11166=CARTESIAN_POINT('',(46.125570435,29.373854359,18.350349693));
#11167=CARTESIAN_POINT('',(46.109040232,29.380995554,18.379434063));
#11168=CARTESIAN_POINT('',(46.07671635,29.393786857,18.435483222));
#11169=CARTESIAN_POINT('',(46.060143666,29.40051914,18.46353823));
#11170=CARTESIAN_POINT('',(46.02773127,29.41255296,18.517562301));
#11171=CARTESIAN_POINT('',(46.011090828,29.418886351,18.544605189));
#11172=CARTESIAN_POINT('',(45.978520783,29.430202666,18.59666004));
#11173=CARTESIAN_POINT('',(45.961787894,29.436148063,18.622708199));
#11174=CARTESIAN_POINT('',(45.916917529,29.450702489,18.691307616));
#11175=CARTESIAN_POINT('',(45.883246199,29.461443041,18.740591245));
#11176=CARTESIAN_POINT('',(45.849738526,29.471020843,18.787428088));
#11177=CARTESIAN_POINT('',(45.811860286,29.481658001,18.840043627));
#11178=CARTESIAN_POINT('',(45.777380043,29.491010339,18.885430863));
#11179=CARTESIAN_POINT('',(45.708494812,29.507445992,18.970976948));
#11180=CARTESIAN_POINT('',(45.673121695,29.515364673,19.012219525));
#11181=CARTESIAN_POINT('',(45.601688442,29.529433573,19.089741728));
#11182=CARTESIAN_POINT('',(45.565204407,29.535915717,19.126480996));
#11183=CARTESIAN_POINT('',(45.498004304,29.546443216,19.188556707));
#11184=CARTESIAN_POINT('',(45.460283204,29.55165914,19.220947832));
#11185=CARTESIAN_POINT('',(45.421385185,29.55637549,19.251177756));
#11186=CARTESIAN_POINT('',(45.374473118,29.561918093,19.286886582));
#11187=CARTESIAN_POINT('',(45.335024716,29.565564569,19.313514149));
#11188=CARTESIAN_POINT('',(45.25243043,29.572133383,19.362352206));
#11189=CARTESIAN_POINT('',(45.211181951,29.57425159,19.382653933));
#11190=CARTESIAN_POINT('',(45.123947063,29.577787919,19.418696659));
#11191=CARTESIAN_POINT('',(45.080691457,29.578281842,19.431657008));
#11192=CARTESIAN_POINT('',(45.000617135,29.578402318,19.450085256));
#11193=CARTESIAN_POINT('',(44.966999792,29.577748248,19.454643769));
#11194=CARTESIAN_POINT('',(44.919671532,29.576287901,19.458360541));
#11195=CARTESIAN_POINT('',(44.906985774,29.575842859,19.459124745));
#11196=CARTESIAN_POINT('',(44.893361918,29.575325809,19.459759569));
#11197=CARTESIAN_POINT('',(44.892715012,29.575310683,19.459743303));
#11198=CARTESIAN_POINT('',(44.807969607,29.572707958,19.460688343));
#11199=CARTESIAN_POINT('',(44.698103157,29.57001452,19.460008847));
#11200=CARTESIAN_POINT('',(44.465712659,29.565912454,19.457357551));
#11201=CARTESIAN_POINT('',(44.343098053,29.564577933,19.455307989));
#11202=CARTESIAN_POINT('',(44.234567901,29.564577933,19.455307989));
#11203=CARTESIAN_POINT('',(46.783233879,28.92973981,17.582161054));
#11204=CARTESIAN_POINT('',(46.7645556,28.943897841,17.6264873));
#11205=CARTESIAN_POINT('',(46.749521525,28.954750373,17.677468972));
#11206=CARTESIAN_POINT('',(46.715993103,28.97879678,17.769869201));
#11207=CARTESIAN_POINT('',(46.69925124,28.990652649,17.815230827));
#11208=CARTESIAN_POINT('',(46.665928495,29.013527712,17.903935918));
#11209=CARTESIAN_POINT('',(46.649252432,29.024890363,17.947553973));
#11210=CARTESIAN_POINT('',(46.616102692,29.046656384,18.032724558));
#11211=CARTESIAN_POINT('',(46.599472183,29.057546446,18.07467376));
#11212=CARTESIAN_POINT('',(46.566462238,29.07826542,18.156470951));
#11213=CARTESIAN_POINT('',(46.549858352,29.088703034,18.196825783));
#11214=CARTESIAN_POINT('',(46.516954483,29.108436654,18.275411185));
#11215=CARTESIAN_POINT('',(46.500359564,29.118441645,18.314245904));
#11216=CARTESIAN_POINT('',(46.467527565,29.137251298,18.389781601));
#11217=CARTESIAN_POINT('',(46.450925177,29.146843333,18.427170251));
#11218=CARTESIAN_POINT('',(46.418130381,29.164790105,18.499818789));
#11219=CARTESIAN_POINT('',(46.401506156,29.173988392,18.535833248));
#11220=CARTESIAN_POINT('',(46.368711187,29.19113421,18.605762614));
#11221=CARTESIAN_POINT('',(46.352043148,29.199961708,18.640490941));
#11222=CARTESIAN_POINT('',(46.319181271,29.216357814,18.707842462));
#11223=CARTESIAN_POINT('',(46.302439068,29.224820422,18.741313069));
#11224=CARTESIAN_POINT('',(46.269445625,29.240497311,18.806153264));
#11225=CARTESIAN_POINT('',(46.252602488,29.248600659,18.838391096));
#11226=CARTESIAN_POINT('',(46.219412454,29.263588491,18.90078675));
#11227=CARTESIAN_POINT('',(46.202442354,29.271338715,18.931816748));
#11228=CARTESIAN_POINT('',(46.168990355,29.285667298,18.991834844));
#11229=CARTESIAN_POINT('',(46.151867873,29.293071141,19.021682003));
#11230=CARTESIAN_POINT('',(46.118088211,29.306769916,19.079389642));
#11231=CARTESIAN_POINT('',(46.100788402,29.313834825,19.108079079));
#11232=CARTESIAN_POINT('',(46.054035346,29.331754424,19.183960666));
#11233=CARTESIAN_POINT('',(46.018974444,29.344882204,19.238129341));
#11234=CARTESIAN_POINT('',(45.98380879,29.357016392,19.289678837));
#11235=CARTESIAN_POINT('',(45.944007765,29.370578708,19.347609436));
#11236=CARTESIAN_POINT('',(45.907789519,29.382461105,19.397247479));
#11237=CARTESIAN_POINT('',(45.834877625,29.40422027,19.490888934));
#11238=CARTESIAN_POINT('',(45.797409472,29.41476533,19.535759328));
#11239=CARTESIAN_POINT('',(45.721337046,29.434186551,19.619954886));
#11240=CARTESIAN_POINT('',(45.682393653,29.443328251,19.659647763));
#11241=CARTESIAN_POINT('',(45.610476918,29.45859321,19.726343467));
#11242=CARTESIAN_POINT('',(45.569970069,29.466435173,19.761028112));
#11243=CARTESIAN_POINT('',(45.52818119,29.47369387,19.793085159));
#11244=CARTESIAN_POINT('',(45.477787028,29.482257267,19.830860878));
#11245=CARTESIAN_POINT('',(45.435140376,29.488426505,19.858914879));
#11246=CARTESIAN_POINT('',(45.346173054,29.499641152,19.909258272));
#11247=CARTESIAN_POINT('',(45.301370307,29.504043257,19.930020653));
#11248=CARTESIAN_POINT('',(45.207238519,29.511588919,19.965306644));
#11249=CARTESIAN_POINT('',(45.160094118,29.513993118,19.977605736));
#11250=CARTESIAN_POINT('',(45.073606294,29.516837679,19.993140229));
#11251=CARTESIAN_POINT('',(45.036997047,29.517248735,19.996323488));
#11252=CARTESIAN_POINT('',(44.985654698,29.516993985,19.997484188));
#11253=CARTESIAN_POINT('',(44.971950274,29.516846674,19.997489155));
#11254=CARTESIAN_POINT('',(44.957306514,29.516616237,19.997223927));
#11255=CARTESIAN_POINT('',(44.956603628,29.516613185,19.997172776));
#11256=CARTESIAN_POINT('',(44.865012858,29.515690098,19.993049637));
#11257=CARTESIAN_POINT('',(44.744927018,29.514788915,19.987982872));
#11258=CARTESIAN_POINT('',(44.489670601,29.513440903,19.979637397));
#11259=CARTESIAN_POINT('',(44.354389266,29.513013662,19.976356174));
#11260=CARTESIAN_POINT('',(44.234567901,29.513013662,19.976356174));
#11261=CARTESIAN_POINT('',(46.857600874,28.857956076,17.741945808));
#11262=CARTESIAN_POINT('',(46.840204893,28.871690619,17.789342926));
#11263=CARTESIAN_POINT('',(46.825202594,28.883156829,17.840817225));
#11264=CARTESIAN_POINT('',(46.792817941,28.907526072,17.936701796));
#11265=CARTESIAN_POINT('',(46.776603909,28.919537102,17.983740781));
#11266=CARTESIAN_POINT('',(46.744208326,28.942882569,18.075815615));
#11267=CARTESIAN_POINT('',(46.727963322,28.954445979,18.121034525));
#11268=CARTESIAN_POINT('',(46.695531765,28.976819732,18.209468556));
#11269=CARTESIAN_POINT('',(46.679240659,28.987954537,18.252948126));
#11270=CARTESIAN_POINT('',(46.646747723,29.009408432,18.337910609));
#11271=CARTESIAN_POINT('',(46.630396261,29.020133324,18.379731417));
#11272=CARTESIAN_POINT('',(46.597816202,29.040719016,18.461391933));
#11273=CARTESIAN_POINT('',(46.581390982,29.051052474,18.501634406));
#11274=CARTESIAN_POINT('',(46.548697732,29.070821416,18.580162856));
#11275=CARTESIAN_POINT('',(46.532186164,29.080781815,18.618907281));
#11276=CARTESIAN_POINT('',(46.499353347,29.099785257,18.694473876));
#11277=CARTESIAN_POINT('',(46.48274457,29.109390416,18.731798394));
#11278=CARTESIAN_POINT('',(46.449743138,29.127680797,18.804578743));
#11279=CARTESIAN_POINT('',(46.433017912,29.136953144,18.840577963));
#11280=CARTESIAN_POINT('',(46.399788137,29.15457423,18.91071689));
#11281=CARTESIAN_POINT('',(46.382918012,29.16351897,18.945421539));
#11282=CARTESIAN_POINT('',(46.349402444,29.180492671,19.012984744));
#11283=CARTESIAN_POINT('',(46.332362401,29.189114345,19.046422129));
#11284=CARTESIAN_POINT('',(46.298503341,29.205462347,19.111475491));
#11285=CARTESIAN_POINT('',(46.281268855,29.213765836,19.143672916));
#11286=CARTESIAN_POINT('',(46.247008376,29.229509592,19.206282443));
#11287=CARTESIAN_POINT('',(46.229555327,29.237500182,19.23726725));
#11288=CARTESIAN_POINT('',(46.194835282,29.252660898,19.297499031));
#11289=CARTESIAN_POINT('',(46.177139867,29.260344343,19.327298642));
#11290=CARTESIAN_POINT('',(46.128930276,29.280316944,19.406540085));
#11291=CARTESIAN_POINT('',(46.092872881,29.294795614,19.46289674));
#11292=CARTESIAN_POINT('',(46.056457448,29.308454304,19.516740191));
#11293=CARTESIAN_POINT('',(46.01519637,29.323776158,19.5772922));
#11294=CARTESIAN_POINT('',(45.977742922,29.337087886,19.628990996));
#11295=CARTESIAN_POINT('',(45.901859385,29.361998146,19.726933266));
#11296=CARTESIAN_POINT('',(45.86291296,29.374042206,19.773754729));
#11297=CARTESIAN_POINT('',(45.783536995,29.396582326,19.861841869));
#11298=CARTESIAN_POINT('',(45.742881374,29.407255413,19.90335269));
#11299=CARTESIAN_POINT('',(45.667743517,29.425237764,19.973117903));
#11300=CARTESIAN_POINT('',(45.625332886,29.434598458,20.009470492));
#11301=CARTESIAN_POINT('',(45.581643538,29.443299552,20.042997875));
#11302=CARTESIAN_POINT('',(45.528982213,29.453567354,20.082477806));
#11303=CARTESIAN_POINT('',(45.484201284,29.461202265,20.111998028));
#11304=CARTESIAN_POINT('',(45.391299513,29.47500765,20.164505631));
#11305=CARTESIAN_POINT('',(45.344190621,29.480749255,20.186475006));
#11306=CARTESIAN_POINT('',(45.246040822,29.490530732,20.223110023));
#11307=CARTESIAN_POINT('',(45.196456343,29.4940777,20.236292652));
#11308=CARTESIAN_POINT('',(45.106462093,29.498472641,20.252176386));
#11309=CARTESIAN_POINT('',(45.068089985,29.499532391,20.255666912));
#11310=CARTESIAN_POINT('',(45.014540309,29.500017933,20.25685108));
#11311=CARTESIAN_POINT('',(45.000283152,29.500053421,20.256818348));
#11312=CARTESIAN_POINT('',(44.985107166,29.499997226,20.256447363));
#11313=CARTESIAN_POINT('',(44.98437073,29.5,20.256403682));
#11314=CARTESIAN_POINT('',(44.88894325,29.5,20.252429159));
#11315=CARTESIAN_POINT('',(44.764352781,29.5,20.247894543));
#11316=CARTESIAN_POINT('',(44.499531344,29.5,20.240748955));
#11317=CARTESIAN_POINT('',(44.359184946,29.5,20.23815341));
#11318=CARTESIAN_POINT('',(44.234567901,29.5,20.23815341));
#11319=CARTESIAN_POINT('',(46.936378657,28.791383359,17.901738981));
#11320=CARTESIAN_POINT('',(46.919982983,28.805238846,17.952542435));
#11321=CARTESIAN_POINT('',(46.903566084,28.818819246,18.002337237));
#11322=CARTESIAN_POINT('',(46.870678931,28.845452721,18.09999331));
#11323=CARTESIAN_POINT('',(46.854208678,28.858505795,18.147854581));
#11324=CARTESIAN_POINT('',(46.821203914,28.884107463,18.241727365));
#11325=CARTESIAN_POINT('',(46.804669403,28.896656057,18.287738877));
#11326=CARTESIAN_POINT('',(46.771525221,28.921271613,18.377995915));
#11327=CARTESIAN_POINT('',(46.754915549,28.933338575,18.422241441));
#11328=CARTESIAN_POINT('',(46.721610143,28.957013712,18.509050278));
#11329=CARTESIAN_POINT('',(46.704914408,28.968621888,18.55161359));
#11330=CARTESIAN_POINT('',(46.671425971,28.991402301,18.63514177));
#11331=CARTESIAN_POINT('',(46.654633269,29.002574538,18.676106639));
#11332=CARTESIAN_POINT('',(46.620939994,29.02450592,18.756521707));
#11333=CARTESIAN_POINT('',(46.604039422,29.035265065,18.795971906));
#11334=CARTESIAN_POINT('',(46.570119503,29.056393111,18.873441406));
#11335=CARTESIAN_POINT('',(46.553101121,29.06676146,18.911458687));
#11336=CARTESIAN_POINT('',(46.518930372,29.087133257,18.986155274));
#11337=CARTESIAN_POINT('',(46.501775149,29.097137625,19.02283796));
#11338=CARTESIAN_POINT('',(46.467298982,29.116791795,19.094903248));
#11339=CARTESIAN_POINT('',(46.449978037,29.126441596,19.13028585));
#11340=CARTESIAN_POINT('',(46.415144399,29.14539512,19.199782107));
#11341=CARTESIAN_POINT('',(46.397631706,29.154698844,19.233895762));
#11342=CARTESIAN_POINT('',(46.362388546,29.172968706,19.300885256));
#11343=CARTESIAN_POINT('',(46.344658079,29.181934844,19.333761096));
#11344=CARTESIAN_POINT('',(46.308953346,29.199538026,19.398306096));
#11345=CARTESIAN_POINT('',(46.290979079,29.20817507,19.429975256));
#11346=CARTESIAN_POINT('',(46.254760722,29.225128554,19.492138031));
#11347=CARTESIAN_POINT('',(46.23651663,29.233444994,19.522631645));
#11348=CARTESIAN_POINT('',(46.18619183,29.255773688,19.604503522));
#11349=CARTESIAN_POINT('',(46.148894927,29.271552123,19.662357783));
#11350=CARTESIAN_POINT('',(46.110914116,29.28673682,19.718035005));
#11351=CARTESIAN_POINT('',(46.067817167,29.303835875,19.780731541));
#11352=CARTESIAN_POINT('',(46.029030673,29.318347979,19.83394259));
#11353=CARTESIAN_POINT('',(45.949806068,29.34606984,19.935589413));
#11354=CARTESIAN_POINT('',(45.909367955,29.359279596,19.984025186));
#11355=CARTESIAN_POINT('',(45.826610697,29.384283627,20.075706633));
#11356=CARTESIAN_POINT('',(45.784291551,29.396077902,20.118952308));
#11357=CARTESIAN_POINT('',(45.706123434,29.415955812,20.191837978));
#11358=CARTESIAN_POINT('',(45.661904493,29.426372527,20.230032599));
#11359=CARTESIAN_POINT('',(45.616533581,29.435979922,20.265259715));
#11360=CARTESIAN_POINT('',(45.561904715,29.447288785,20.306725544));
#11361=CARTESIAN_POINT('',(45.515116077,29.45588883,20.338259044));
#11362=CARTESIAN_POINT('',(45.419065265,29.471070461,20.393925023));
#11363=CARTESIAN_POINT('',(45.369803091,29.477652046,20.4180575));
#11364=CARTESIAN_POINT('',(45.268695664,29.488460499,20.457688498));
#11365=CARTESIAN_POINT('',(45.216850411,29.492687368,20.473187017));
#11366=CARTESIAN_POINT('',(45.124497587,29.497690115,20.491530422));
#11367=CARTESIAN_POINT('',(45.084606577,29.499082177,20.496634649));
#11368=CARTESIAN_POINT('',(45.029402936,29.499891254,20.499601265));
#11369=CARTESIAN_POINT('',(45.014748176,29.5,20.5));
#11370=CARTESIAN_POINT('',(44.999234277,29.5,20.5));
#11371=CARTESIAN_POINT('',(44.998466751,29.5,20.5));
#11372=CARTESIAN_POINT('',(44.899993747,29.5,20.5));
#11373=CARTESIAN_POINT('',(44.773361104,29.5,20.5));
#11374=CARTESIAN_POINT('',(44.504491698,29.5,20.5));
#11375=CARTESIAN_POINT('',(44.362139918,29.5,20.5));
#11376=CARTESIAN_POINT('',(44.234567901,29.5,20.5));
#11377=B_SPLINE_SURFACE_WITH_KNOTS('',3,3,((#9173,#9174,#9175,#9176,#9177,#9178,#9179,#9180,#9181,#9182,#9183,#9184,#9185,#9186,#9187,#9188,#9189,#9190,#9191,#9192,#9193,#9194,#9195,#9196,#9197,#9198,
#9199,#9200,#9201,#9202,#9203,#9204,#9205,#9206,#9207,#9208,#9209,#9210,#9211,#9212,#9213,#9214,#9215,#9216,#9217,#9218,#9219,#9220,#9221,#9222,#9223,
#9224,#9225,#9226,#9227,#9228,#9229,#9230),(#9231,#9232,#9233,#9234,#9235,#9236,#9237,#9238,#9239,#9240,#9241,#9242,#9243,#9244,#9245,#9246,#9247,#9248,#9249,#9250,#9251,#9252,#9253,#9254,#9255,#9256,
#9257,#9258,#9259,#9260,#9261,#9262,#9263,#9264,#9265,#9266,#9267,#9268,#9269,#9270,#9271,#9272,#9273,#9274,#9275,#9276,#9277,#9278,#9279,#9280,#9281,
#9282,#9283,#9284,#9285,#9286,#9287,#9288),(#9289,#9290,#9291,#9292,#9293,#9294,#9295,#9296,#9297,#9298,#9299,#9300,#9301,#9302,#9303,#9304,#9305,#9306,#9307,#9308,#9309,#9310,#9311,#9312,#9313,#9314,
#9315,#9316,#9317,#9318,#9319,#9320,#9321,#9322,#9323,#9324,#9325,#9326,#9327,#9328,#9329,#9330,#9331,#9332,#9333,#9334,#9335,#9336,#9337,#9338,#9339,
#9340,#9341,#9342,#9343,#9344,#9345,#9346),(#9347,#9348,#9349,#9350,#9351,#9352,#9353,#9354,#9355,#9356,#9357,#9358,#9359,#9360,#9361,#9362,#9363,#9364,#9365,#9366,#9367,#9368,#9369,#9370,#9371,#9372,
#9373,#9374,#9375,#9376,#9377,#9378,#9379,#9380,#9381,#9382,#9383,#9384,#9385,#9386,#9387,#9388,#9389,#9390,#9391,#9392,#9393,#9394,#9395,#9396,#9397,
#9398,#9399,#9400,#9401,#9402,#9403,#9404),(#9405,#9406,#9407,#9408,#9409,#9410,#9411,#9412,#9413,#9414,#9415,#9416,#9417,#9418,#9419,#9420,#9421,#9422,#9423,#9424,#9425,#9426,#9427,#9428,#9429,#9430,
#9431,#9432,#9433,#9434,#9435,#9436,#9437,#9438,#9439,#9440,#9441,#9442,#9443,#9444,#9445,#9446,#9447,#9448,#9449,#9450,#9451,#9452,#9453,#9454,#9455,
#9456,#9457,#9458,#9459,#9460,#9461,#9462),(#9463,#9464,#9465,#9466,#9467,#9468,#9469,#9470,#9471,#9472,#9473,#9474,#9475,#9476,#9477,#9478,#9479,#9480,#9481,#9482,#9483,#9484,#9485,#9486,#9487,#9488,
#9489,#9490,#9491,#9492,#9493,#9494,#9495,#9496,#9497,#9498,#9499,#9500,#9501,#9502,#9503,#9504,#9505,#9506,#9507,#9508,#9509,#9510,#9511,#9512,#9513,
#9514,#9515,#9516,#9517,#9518,#9519,#9520),(#9521,#9522,#9523,#9524,#9525,#9526,#9527,#9528,#9529,#9530,#9531,#9532,#9533,#9534,#9535,#9536,#9537,#9538,#9539,#9540,#9541,#9542,#9543,#9544,#9545,#9546,
#9547,#9548,#9549,#9550,#9551,#9552,#9553,#9554,#9555,#9556,#9557,#9558,#9559,#9560,#9561,#9562,#9563,#9564,#9565,#9566,#9567,#9568,#9569,#9570,#9571,
#9572,#9573,#9574,#9575,#9576,#9577,#9578),(#9579,#9580,#9581,#9582,#9583,#9584,#9585,#9586,#9587,#9588,#9589,#9590,#9591,#9592,#9593,#9594,#9595,#9596,#9597,#9598,#9599,#9600,#9601,#9602,#9603,#9604,
#9605,#9606,#9607,#9608,#9609,#9610,#9611,#9612,#9613,#9614,#9615,#9616,#9617,#9618,#9619,#9620,#9621,#9622,#9623,#9624,#9625,#9626,#9627,#9628,#9629,
#9630,#9631,#9632,#9633,#9634,#9635,#9636),(#9637,#9638,#9639,#9640,#9641,#9642,#9643,#9644,#9645,#9646,#9647,#9648,#9649,#9650,#9651,#9652,#9653,#9654,#9655,#9656,#9657,#9658,#9659,#9660,#9661,#9662,
#9663,#9664,#9665,#9666,#9667,#9668,#9669,#9670,#9671,#9672,#9673,#9674,#9675,#9676,#9677,#9678,#9679,#9680,#9681,#9682,#9683,#9684,#9685,#9686,#9687,
#9688,#9689,#9690,#9691,#9692,#9693,#9694),(#9695,#9696,#9697,#9698,#9699,#9700,#9701,#9702,#9703,#9704,#9705,#9706,#9707,#9708,#9709,#9710,#9711,#9712,#9713,#9714,#9715,#9716,#9717,#9718,#9719,#9720,
#9721,#9722,#9723,#9724,#9725,#9726,#9727,#9728,#9729,#9730,#9731,#9732,#9733,#9734,#9735,#9736,#9737,#9738,#9739,#9740,#9741,#9742,#9743,#9744,#9745,
#9746,#9747,#9748,#9749,#9750,#9751,#9752),(#9753,#9754,#9755,#9756,#9757,#9758,#9759,#9760,#9761,#9762,#9763,#9764,#9765,#9766,#9767,#9768,#9769,#9770,#9771,#9772,#9773,#9774,#9775,#9776,#9777,#9778,
#9779,#9780,#9781,#9782,#9783,#9784,#9785,#9786,#9787,#9788,#9789,#9790,#9791,#9792,#9793,#9794,#9795,#9796,#9797,#9798,#9799,#9800,#9801,#9802,#9803,
#9804,#9805,#9806,#9807,#9808,#9809,#9810),(#9811,#9812,#9813,#9814,#9815,#9816,#9817,#9818,#9819,#9820,#9821,#9822,#9823,#9824,#9825,#9826,#9827,#9828,#9829,#9830,#9831,#9832,#9833,#9834,#9835,#9836,
#9837,#9838,#9839,#9840,#9841,#9842,#9843,#9844,#9845,#9846,#9847,#9848,#9849,#9850,#9851,#9852,#9853,#9854,#9855,#9856,#9857,#9858,#9859,#9860,#9861,
#9862,#9863,#9864,#9865,#9866,#9867,#9868),(#9869,#9870,#9871,#9872,#9873,#9874,#9875,#9876,#9877,#9878,#9879,#9880,#9881,#9882,#9883,#9884,#9885,#9886,#9887,#9888,#9889,#9890,#9891,#9892,#9893,#9894,
#9895,#9896,#9897,#9898,#9899,#9900,#9901,#9902,#9903,#9904,#9905,#9906,#9907,#9908,#9909,#9910,#9911,#9912,#9913,#9914,#9915,#9916,#9917,#9918,#9919,
#9920,#9921,#9922,#9923,#9924,#9925,#9926),(#9927,#9928,#9929,#9930,#9931,#9932,#9933,#9934,#9935,#9936,#9937,#9938,#9939,#9940,#9941,#9942,#9943,#9944,#9945,#9946,#9947,#9948,#9949,#9950,#9951,#9952,
#9953,#9954,#9955,#9956,#9957,#9958,#9959,#9960,#9961,#9962,#9963,#9964,#9965,#9966,#9967,#9968,#9969,#9970,#9971,#9972,#9973,#9974,#9975,#9976,#9977,
#9978,#9979,#9980,#9981,#9982,#9983,#9984),(#9985,#9986,#9987,#9988,#9989,#9990,#9991,#9992,#9993,#9994,#9995,#9996,#9997,#9998,#9999,#10000,#10001,#10002,#10003,#10004,#10005,#10006,#10007,#10008,#10009,#10010,
#10011,#10012,#10013,#10014,#10015,#10016,#10017,#10018,#10019,#10020,#10021,#10022,#10023,#10024,#10025,#10026,#10027,#10028,#10029,#10030,#10031,#10032,#10033,#10034,#10035,
#10036,#10037,#10038,#10039,#10040,#10041,#10042),(#10043,#10044,#10045,#10046,#10047,#10048,#10049,#10050,#10051,#10052,#10053,#10054,#10055,#10056,#10057,#10058,#10059,#10060,#10061,#10062,#10063,#10064,#10065,#10066,#10067,#10068,
#10069,#10070,#10071,#10072,#10073,#10074,#10075,#10076,#10077,#10078,#10079,#10080,#10081,#10082,#10083,#10084,#10085,#10086,#10087,#10088,#10089,#10090,#10091,#10092,#10093,
#10094,#10095,#10096,#10097,#10098,#10099,#10100),(#10101,#10102,#10103,#10104,#10105,#10106,#10107,#10108,#10109,#10110,#10111,#10112,#10113,#10114,#10115,#10116,#10117,#10118,#10119,#10120,#10121,#10122,#10123,#10124,#10125,#10126,
#10127,#10128,#10129,#10130,#10131,#10132,#10133,#10134,#10135,#10136,#10137,#10138,#10139,#10140,#10141,#10142,#10143,#10144,#10145,#10146,#10147,#10148,#10149,#10150,#10151,
#10152,#10153,#10154,#10155,#10156,#10157,#10158),(#10159,#10160,#10161,#10162,#10163,#10164,#10165,#10166,#10167,#10168,#10169,#10170,#10171,#10172,#10173,#10174,#10175,#10176,#10177,#10178,#10179,#10180,#10181,#10182,#10183,#10184,
#10185,#10186,#10187,#10188,#10189,#10190,#10191,#10192,#10193,#10194,#10195,#10196,#10197,#10198,#10199,#10200,#10201,#10202,#10203,#10204,#10205,#10206,#10207,#10208,#10209,
#10210,#10211,#10212,#10213,#10214,#10215,#10216),(#10217,#10218,#10219,#10220,#10221,#10222,#10223,#10224,#10225,#10226,#10227,#10228,#10229,#10230,#10231,#10232,#10233,#10234,#10235,#10236,#10237,#10238,#10239,#10240,#10241,#10242,
#10243,#10244,#10245,#10246,#10247,#10248,#10249,#10250,#10251,#10252,#10253,#10254,#10255,#10256,#10257,#10258,#10259,#10260,#10261,#10262,#10263,#10264,#10265,#10266,#10267,
#10268,#10269,#10270,#10271,#10272,#10273,#10274),(#10275,#10276,#10277,#10278,#10279,#10280,#10281,#10282,#10283,#10284,#10285,#10286,#10287,#10288,#10289,#10290,#10291,#10292,#10293,#10294,#10295,#10296,#10297,#10298,#10299,#10300,
#10301,#10302,#10303,#10304,#10305,#10306,#10307,#10308,#10309,#10310,#10311,#10312,#10313,#10314,#10315,#10316,#10317,#10318,#10319,#10320,#10321,#10322,#10323,#10324,#10325,
#10326,#10327,#10328,#10329,#10330,#10331,#10332),(#10333,#10334,#10335,#10336,#10337,#10338,#10339,#10340,#10341,#10342,#10343,#10344,#10345,#10346,#10347,#10348,#10349,#10350,#10351,#10352,#10353,#10354,#10355,#10356,#10357,#10358,
#10359,#10360,#10361,#10362,#10363,#10364,#10365,#10366,#10367,#10368,#10369,#10370,#10371,#10372,#10373,#10374,#10375,#10376,#10377,#10378,#10379,#10380,#10381,#10382,#10383,
#10384,#10385,#10386,#10387,#10388,#10389,#10390),(#10391,#10392,#10393,#10394,#10395,#10396,#10397,#10398,#10399,#10400,#10401,#10402,#10403,#10404,#10405,#10406,#10407,#10408,#10409,#10410,#10411,#10412,#10413,#10414,#10415,#10416,
#10417,#10418,#10419,#10420,#10421,#10422,#10423,#10424,#10425,#10426,#10427,#10428,#10429,#10430,#10431,#10432,#10433,#10434,#10435,#10436,#10437,#10438,#10439,#10440,#10441,
#10442,#10443,#10444,#10445,#10446,#10447,#10448),(#10449,#10450,#10451,#10452,#10453,#10454,#10455,#10456,#10457,#10458,#10459,#10460,#10461,#10462,#10463,#10464,#10465,#10466,#10467,#10468,#10469,#10470,#10471,#10472,#10473,#10474,
#10475,#10476,#10477,#10478,#10479,#10480,#10481,#10482,#10483,#10484,#10485,#10486,#10487,#10488,#10489,#10490,#10491,#10492,#10493,#10494,#10495,#10496,#10497,#10498,#10499,
#10500,#10501,#10502,#10503,#10504,#10505,#10506),(#10507,#10508,#10509,#10510,#10511,#10512,#10513,#10514,#10515,#10516,#10517,#10518,#10519,#10520,#10521,#10522,#10523,#10524,#10525,#10526,#10527,#10528,#10529,#10530,#10531,#10532,
#10533,#10534,#10535,#10536,#10537,#10538,#10539,#10540,#10541,#10542,#10543,#10544,#10545,#10546,#10547,#10548,#10549,#10550,#10551,#10552,#10553,#10554,#10555,#10556,#10557,
#10558,#10559,#10560,#10561,#10562,#10563,#10564),(#10565,#10566,#10567,#10568,#10569,#10570,#10571,#10572,#10573,#10574,#10575,#10576,#10577,#10578,#10579,#10580,#10581,#10582,#10583,#10584,#10585,#10586,#10587,#10588,#10589,#10590,
#10591,#10592,#10593,#10594,#10595,#10596,#10597,#10598,#10599,#10600,#10601,#10602,#10603,#10604,#10605,#10606,#10607,#10608,#10609,#10610,#10611,#10612,#10613,#10614,#10615,
#10616,#10617,#10618,#10619,#10620,#10621,#10622),(#10623,#10624,#10625,#10626,#10627,#10628,#10629,#10630,#10631,#10632,#10633,#10634,#10635,#10636,#10637,#10638,#10639,#10640,#10641,#10642,#10643,#10644,#10645,#10646,#10647,#10648,
#10649,#10650,#10651,#10652,#10653,#10654,#10655,#10656,#10657,#10658,#10659,#10660,#10661,#10662,#10663,#10664,#10665,#10666,#10667,#10668,#10669,#10670,#10671,#10672,#10673,
#10674,#10675,#10676,#10677,#10678,#10679,#10680),
(#10681,#10682,#10683,#10684,#10685,#10686,#10687,#10688,#10689,#10690,#10691,#10692,#10693,#10694,#10695,#10696,#10697,#10698,#10699,#10700,#10701,#10702,#10703,#10704,#10705,#10706,
#10707,#10708,#10709,#10710,#10711,#10712,#10713,#10714,#10715,#10716,#10717,#10718,#10719,#10720,#10721,#10722,#10723,#10724,#10725,#10726,#10727,#10728,#10729,#10730,#10731,
#10732,#10733,#10734,#10735,#10736,#10737,#10738),(#10739,#10740,#10741,#10742,#10743,#10744,#10745,#10746,#10747,#10748,#10749,#10750,#10751,#10752,#10753,#10754,#10755,#10756,#10757,#10758,#10759,#10760,#10761,#10762,#10763,#10764,
#10765,#10766,#10767,#10768,#10769,#10770,#10771,#10772,#10773,#10774,#10775,#10776,#10777,#10778,#10779,#10780,#10781,#10782,#10783,#10784,#10785,#10786,#10787,#10788,#10789,
#10790,#10791,#10792,#10793,#10794,#10795,#10796),(#10797,#10798,#10799,#10800,#10801,#10802,#10803,#10804,#10805,#10806,#10807,#10808,#10809,#10810,#10811,#10812,#10813,#10814,#10815,#10816,#10817,#10818,#10819,#10820,#10821,#10822,
#10823,#10824,#10825,#10826,#10827,#10828,#10829,#10830,#10831,#10832,#10833,#10834,#10835,#10836,#10837,#10838,#10839,#10840,#10841,#10842,#10843,#10844,#10845,#10846,#10847,
#10848,#10849,#10850,#10851,#10852,#10853,#10854),(#10855,#10856,#10857,#10858,#10859,#10860,#10861,#10862,#10863,#10864,#10865,#10866,#10867,#10868,#10869,#10870,#10871,#10872,#10873,#10874,#10875,#10876,#10877,#10878,#10879,#10880,
#10881,#10882,#10883,#10884,#10885,#10886,#10887,#10888,#10889,#10890,#10891,#10892,#10893,#10894,#10895,#10896,#10897,#10898,#10899,#10900,#10901,#10902,#10903,#10904,#10905,
#10906,#10907,#10908,#10909,#10910,#10911,#10912),(#10913,#10914,#10915,#10916,#10917,#10918,#10919,#10920,#10921,#10922,#10923,#10924,#10925,#10926,#10927,#10928,#10929,#10930,#10931,#10932,#10933,#10934,#10935,#10936,#10937,#10938,
#10939,#10940,#10941,#10942,#10943,#10944,#10945,#10946,#10947,#10948,#10949,#10950,#10951,#10952,#10953,#10954,#10955,#10956,#10957,#10958,#10959,#10960,#10961,#10962,#10963,
#10964,#10965,#10966,#10967,#10968,#10969,#10970),(#10971,#10972,#10973,#10974,#10975,#10976,#10977,#10978,#10979,#10980,#10981,#10982,#10983,#10984,#10985,#10986,#10987,#10988,#10989,#10990,#10991,#10992,#10993,#10994,#10995,#10996,
#10997,#10998,#10999,#11000,#11001,#11002,#11003,#11004,#11005,#11006,#11007,#11008,#11009,#11010,#11011,#11012,#11013,#11014,#11015,#11016,#11017,#11018,#11019,#11020,#11021,
#11022,#11023,#11024,#11025,#11026,#11027,#11028),(#11029,#11030,#11031,#11032,#11033,#11034,#11035,#11036,#11037,#11038,#11039,#11040,#11041,#11042,#11043,#11044,#11045,#11046,#11047,#11048,#11049,#11050,#11051,#11052,#11053,#11054,
#11055,#11056,#11057,#11058,#11059,#11060,#11061,#11062,#11063,#11064,#11065,#11066,#11067,#11068,#11069,#11070,#11071,#11072,#11073,#11074,#11075,#11076,#11077,#11078,#11079,
#11080,#11081,#11082,#11083,#11084,#11085,#11086),(#11087,#11088,#11089,#11090,#11091,#11092,#11093,#11094,#11095,#11096,#11097,#11098,#11099,#11100,#11101,#11102,#11103,#11104,#11105,#11106,#11107,#11108,#11109,#11110,#11111,#11112,
#11113,#11114,#11115,#11116,#11117,#11118,#11119,#11120,#11121,#11122,#11123,#11124,#11125,#11126,#11127,#11128,#11129,#11130,#11131,#11132,#11133,#11134,#11135,#11136,#11137,
#11138,#11139,#11140,#11141,#11142,#11143,#11144),(#11145,#11146,#11147,#11148,#11149,#11150,#11151,#11152,#11153,#11154,#11155,#11156,#11157,#11158,#11159,#11160,#11161,#11162,#11163,#11164,#11165,#11166,#11167,#11168,#11169,#11170,
#11171,#11172,#11173,#11174,#11175,#11176,#11177,#11178,#11179,#11180,#11181,#11182,#11183,#11184,#11185,#11186,#11187,#11188,#11189,#11190,#11191,#11192,#11193,#11194,#11195,
#11196,#11197,#11198,#11199,#11200,#11201,#11202),(#11203,#11204,#11205,#11206,#11207,#11208,#11209,#11210,#11211,#11212,#11213,#11214,#11215,#11216,#11217,#11218,#11219,#11220,#11221,#11222,#11223,#11224,#11225,#11226,#11227,#11228,
#11229,#11230,#11231,#11232,#11233,#11234,#11235,#11236,#11237,#11238,#11239,#11240,#11241,#11242,#11243,#11244,#11245,#11246,#11247,#11248,#11249,#11250,#11251,#11252,#11253,
#11254,#11255,#11256,#11257,#11258,#11259,#11260),(#11261,#11262,#11263,#11264,#11265,#11266,#11267,#11268,#11269,#11270,#11271,#11272,#11273,#11274,#11275,#11276,#11277,#11278,#11279,#11280,#11281,#11282,#11283,#11284,#11285,#11286,
#11287,#11288,#11289,#11290,#11291,#11292,#11293,#11294,#11295,#11296,#11297,#11298,#11299,#11300,#11301,#11302,#11303,#11304,#11305,#11306,#11307,#11308,#11309,#11310,#11311,
#11312,#11313,#11314,#11315,#11316,#11317,#11318),(#11319,#11320,#11321,#11322,#11323,#11324,#11325,#11326,#11327,#11328,#11329,#11330,#11331,#11332,#11333,#11334,#11335,#11336,#11337,#11338,#11339,#11340,#11341,#11342,#11343,#11344,
#11345,#11346,#11347,#11348,#11349,#11350,#11351,#11352,#11353,#11354,#11355,#11356,#11357,#11358,#11359,#11360,#11361,#11362,#11363,#11364,#11365,#11366,#11367,#11368,#11369,
#11370,#11371,#11372,#11373,#11374,#11375,#11376)),.UNSPECIFIED.,.F.,.F.,.U.,(4,2,2,2,2,2,2,2,2,2,2,2,2,2,2,2,2,2,4),(4,2,2,2,2,2,2,2,2,2,2,2,2,2,2,1,2,2,2,2,1,2,2,2,2,2,
2,2,2,4),(0.,0.0625,0.125,0.1875,0.25,0.251953125,0.3125,0.375,0.4375,0.5,0.5625,0.625,0.6875,0.75,0.751953125,0.8125,0.875,0.9375,1.),(0.,0.025633293,0.051266586,0.076899879,0.102533172,0.128166465,0.153799758,0.179433051,0.205066344,0.230699637,0.25633293,0.281966223,0.307599516,0.333232809,0.358866102,0.403371412,0.410132688,0.461399273,0.512665859,0.563932445,0.605057118,0.615199031,0.666465617,0.717732203,0.768998789,0.806742824,
0.820265375,0.820967463,0.910132688,1.),.UNSPECIFIED.);
#11378=ORIENTED_EDGE('',*,*,#882,.F.);
#11379=CARTESIAN_POINT('',(46.936378657,28.791383359,17.901738981));
#11380=CARTESIAN_POINT('',(46.621267526,29.057674229,17.262566288));
#11381=CARTESIAN_POINT('',(46.376728991,29.407341358,16.623528314));
#11382=CARTESIAN_POINT('',(46.212546097,29.826368412,16.010218004));
#11383=CARTESIAN_POINT('',(46.048363204,30.245395466,15.396907694));
#11384=CARTESIAN_POINT('',(45.96458794,30.73367688,14.809492134));
#11385=CARTESIAN_POINT('',(45.96458794,31.271584507,14.271584507));
#11386=CARTESIAN_POINT('',(45.96458794,31.809492134,13.73367688));
#11387=CARTESIAN_POINT('',(46.048363204,32.396907694,13.245395466));
#11388=CARTESIAN_POINT('',(46.212546097,33.010218004,12.826368412));
#11389=CARTESIAN_POINT('',(46.376728991,33.623528314,12.407341358));
#11390=CARTESIAN_POINT('',(46.621267526,34.262566288,12.057674229));
#11391=CARTESIAN_POINT('',(46.936378657,34.901738981,11.791383359));
#11392=B_SPLINE_CURVE_WITH_KNOTS('',3,(#11379,#11380,#11381,#11382,#11383,#11384,#11385,#11386,#11387,#11388,#11389,#11390,#11391),.UNSPECIFIED.,.F.,.F.,(4,3,3,3,4),(0.,0.25,0.5,0.75,1.),.UNSPECIFIED.);
#11393=EDGE_CURVE('',#834,#7546,#11392,.T.);
#11394=ORIENTED_EDGE('',*,*,#11393,.T.);
#11395=ORIENTED_EDGE('',*,*,#7594,.F.);
#11396=ORIENTED_EDGE('',*,*,#3272,.F.);
#11397=ORIENTED_EDGE('',*,*,#7636,.T.);
#11398=ORIENTED_EDGE('',*,*,#906,.F.);
#11399=EDGE_LOOP('',(#11378,#11394,#11395,#11396,#11397,#11398));
#11400=FACE_BOUND('',#11399,.T.);
#11401=ADVANCED_FACE('',(#11400),#11377,.F.);
#11402=CARTESIAN_POINT('',(46.936366729,34.90172789,11.791380334));
#11403=CARTESIAN_POINT('',(46.778821313,34.582152151,11.924509263));
#11404=CARTESIAN_POINT('',(46.638814651,34.262578616,12.078392303));
#11405=CARTESIAN_POINT('',(46.396719152,33.629918287,12.424545513));
#11406=CARTESIAN_POINT('',(46.294631986,33.316835854,12.616813296));
#11407=CARTESIAN_POINT('',(46.130449872,32.703517108,13.035831428));
#11408=CARTESIAN_POINT('',(46.068356057,32.403285024,13.262578888));
#11409=CARTESIAN_POINT('',(45.985422618,31.821765408,13.745951339));
#11410=CARTESIAN_POINT('',(45.964583567,31.540481885,14.002572997));
#11411=CARTESIAN_POINT('',(45.964583567,31.002572997,14.540481885));
#11412=CARTESIAN_POINT('',(45.985422618,30.745951339,14.821765408));
#11413=CARTESIAN_POINT('',(46.068356057,30.262578888,15.403285024));
#11414=CARTESIAN_POINT('',(46.130449872,30.035831428,15.703517108));
#11415=CARTESIAN_POINT('',(46.294631986,29.616813296,16.316835854));
#11416=CARTESIAN_POINT('',(46.396719152,29.424545513,16.629918287));
#11417=CARTESIAN_POINT('',(46.638814651,29.078392303,17.262578616));
#11418=CARTESIAN_POINT('',(46.778821313,28.924509263,17.582152151));
#11419=CARTESIAN_POINT('',(46.936366729,28.791380334,17.90172789));
#11420=CARTESIAN_POINT('',(47.052623793,34.541384766,11.693104936));
#11421=CARTESIAN_POINT('',(46.902760584,34.242855453,11.833428179));
#11422=CARTESIAN_POINT('',(46.769792585,33.944327774,11.991612933));
#11423=CARTESIAN_POINT('',(46.540072869,33.352708976,12.340797441));
#11424=CARTESIAN_POINT('',(46.443322418,33.059621096,12.531795246));
#11425=CARTESIAN_POINT('',(46.287805057,32.484223927,12.943102783));
#11426=CARTESIAN_POINT('',(46.229039002,32.201917791,13.163410234));
#11427=CARTESIAN_POINT('',(46.150563884,31.653232216,13.629305686));
#11428=CARTESIAN_POINT('',(46.130855253,31.38685579,13.874891116));
#11429=CARTESIAN_POINT('',(46.130855253,30.874891116,14.38685579));
#11430=CARTESIAN_POINT('',(46.150563884,30.629305686,14.653232216));
#11431=CARTESIAN_POINT('',(46.229039002,30.163410234,15.201917791));
#11432=CARTESIAN_POINT('',(46.287805057,29.943102783,15.484223927));
#11433=CARTESIAN_POINT('',(46.443322418,29.531795246,16.059621096));
#11434=CARTESIAN_POINT('',(46.540072869,29.340797441,16.352708976));
#11435=CARTESIAN_POINT('',(46.769792585,28.991612933,16.944327774));
#11436=CARTESIAN_POINT('',(46.902760584,28.833428179,17.242855453));
#11437=CARTESIAN_POINT('',(47.052623793,28.693104936,17.541384766));
#11438=CARTESIAN_POINT('',(47.162072167,34.146463397,11.585399108));
#11439=CARTESIAN_POINT('',(47.022835212,33.86895913,11.730258069));
#11440=CARTESIAN_POINT('',(46.89948837,33.591456076,11.890266819));
#11441=CARTESIAN_POINT('',(46.686576385,33.040962032,12.237963731));
#11442=CARTESIAN_POINT('',(46.597012171,32.76797345,12.425650357));
#11443=CARTESIAN_POINT('',(46.453120343,32.230950251,12.825634425));
#11444=CARTESIAN_POINT('',(46.398793356,31.966917984,13.037930106));
#11445=CARTESIAN_POINT('',(46.326258506,31.45210526,13.483667407));
#11446=CARTESIAN_POINT('',(46.308050959,31.201327056,13.717107068));
#11447=CARTESIAN_POINT('',(46.308050959,30.717107068,14.201327056));
#11448=CARTESIAN_POINT('',(46.326258506,30.483667407,14.45210526));
#11449=CARTESIAN_POINT('',(46.398793356,30.037930106,14.966917984));
#11450=CARTESIAN_POINT('',(46.453120343,29.825634425,15.230950251));
#11451=CARTESIAN_POINT('',(46.597012171,29.425650357,15.76797345));
#11452=CARTESIAN_POINT('',(46.686576385,29.237963731,16.040962032));
#11453=CARTESIAN_POINT('',(46.89948837,28.890266819,16.591456076));
#11454=CARTESIAN_POINT('',(47.022835212,28.730258069,16.86895913));
#11455=CARTESIAN_POINT('',(47.162072167,28.585399108,17.146463397));
#11456=CARTESIAN_POINT('',(47.385513465,33.205445023,11.328757734));
#11457=CARTESIAN_POINT('',(47.27285005,32.973496048,11.476577469));
#11458=CARTESIAN_POINT('',(47.173369718,32.741547611,11.634265157));
#11459=CARTESIAN_POINT('',(47.001967481,32.280444219,11.967442477));
#11460=CARTESIAN_POINT('',(46.930045968,32.051290333,12.142931305));
#11461=CARTESIAN_POINT('',(46.814623643,31.598538399,12.509568955));
#11462=CARTESIAN_POINT('',(46.771123095,31.374941403,12.700716904));
#11463=CARTESIAN_POINT('',(46.713064093,30.936001538,13.096349478));
#11464=CARTESIAN_POINT('',(46.698505771,30.720659693,13.300833171));
#11465=CARTESIAN_POINT('',(46.698505771,30.300833171,13.720659693));
#11466=CARTESIAN_POINT('',(46.713064093,30.096349478,13.936001538));
#11467=CARTESIAN_POINT('',(46.771123095,29.700716904,14.374941403));
#11468=CARTESIAN_POINT('',(46.814623643,29.509568955,14.598538399));
#11469=CARTESIAN_POINT('',(46.930045968,29.142931305,15.051290333));
#11470=CARTESIAN_POINT('',(47.001967481,28.967442477,15.280444219));
#11471=CARTESIAN_POINT('',(47.173369718,28.634265157,15.741547611));
#11472=CARTESIAN_POINT('',(47.27285005,28.476577469,15.973496048));
#11473=CARTESIAN_POINT('',(47.385513465,28.328757734,16.205445023));
#11474=CARTESIAN_POINT('',(47.495069904,32.645414228,11.176022062));
#11475=CARTESIAN_POINT('',(47.398939397,32.437754854,11.320712608));
#11476=CARTESIAN_POINT('',(47.31419445,32.230095816,11.472867653));
#11477=CARTESIAN_POINT('',(47.168312238,31.816848405,11.790575615));
#11478=CARTESIAN_POINT('',(47.107175205,31.611260699,11.956128011));
#11479=CARTESIAN_POINT('',(47.009112653,31.20420719,12.29896834));
#11480=CARTESIAN_POINT('',(46.972187291,31.002742045,12.476255713));
#11481=CARTESIAN_POINT('',(46.922912754,30.605944884,12.840789624));
#11482=CARTESIAN_POINT('',(46.910563659,30.410613509,13.028035569));
#11483=CARTESIAN_POINT('',(46.910563659,30.028035569,13.410613509));
#11484=CARTESIAN_POINT('',(46.922912754,29.840789624,13.605944884));
#11485=CARTESIAN_POINT('',(46.972187291,29.476255713,14.002742045));
#11486=CARTESIAN_POINT('',(47.009112653,29.29896834,14.20420719));
#11487=CARTESIAN_POINT('',(47.107175205,28.956128011,14.611260699));
#11488=CARTESIAN_POINT('',(47.168312238,28.790575615,14.816848405));
#11489=CARTESIAN_POINT('',(47.31419445,28.472867653,15.230095816));
#11490=CARTESIAN_POINT('',(47.398939397,28.320712608,15.437754854));
#11491=CARTESIAN_POINT('',(47.495069904,28.176022062,15.645414228));
#11492=CARTESIAN_POINT('',(47.682574913,31.471296378,10.855808103));
#11493=CARTESIAN_POINT('',(47.617877162,31.310124482,10.98577397));
#11494=CARTESIAN_POINT('',(47.561008218,31.148952678,11.119526106));
#11495=CARTESIAN_POINT('',(47.463271522,30.827612911,11.393751436));
#11496=CARTESIAN_POINT('',(47.422403821,30.667445132,11.534224465));
#11497=CARTESIAN_POINT('',(47.356916399,30.349111906,11.821002282));
#11498=CARTESIAN_POINT('',(47.332296712,30.190946641,11.967306898));
#11499=CARTESIAN_POINT('',(47.299453909,29.877605878,12.264826148));
#11500=CARTESIAN_POINT('',(47.29123081,29.722430561,12.416040607));
#11501=CARTESIAN_POINT('',(47.29123081,29.416040607,12.722430561));
#11502=CARTESIAN_POINT('',(47.299453909,29.264826148,12.877605878));
#11503=CARTESIAN_POINT('',(47.332296712,28.967306898,13.190946641));
#11504=CARTESIAN_POINT('',(47.356916399,28.821002282,13.349111906));
#11505=CARTESIAN_POINT('',(47.422403821,28.534224465,13.667445132));
#11506=CARTESIAN_POINT('',(47.463271522,28.393751436,13.827612911));
#11507=CARTESIAN_POINT('',(47.561008218,28.119526106,14.148952678));
#11508=CARTESIAN_POINT('',(47.617877162,27.98577397,14.310124482));
#11509=CARTESIAN_POINT('',(47.682574913,27.855808103,14.471296378));
#11510=CARTESIAN_POINT('',(47.760514739,30.857408386,10.688384105));
#11511=CARTESIAN_POINT('',(47.710689428,30.718452775,10.80679998));
#11512=CARTESIAN_POINT('',(47.666940597,30.579497213,10.927722342));
#11513=CARTESIAN_POINT('',(47.591797651,30.302243225,11.174004051));
#11514=CARTESIAN_POINT('',(47.560403562,30.163944897,11.29936331));
#11515=CARTESIAN_POINT('',(47.510114904,29.88865966,11.553922695));
#11516=CARTESIAN_POINT('',(47.491220352,29.751672847,11.68312273));
#11517=CARTESIAN_POINT('',(47.466017912,29.479659031,11.944750279));
#11518=CARTESIAN_POINT('',(47.459710033,29.344632124,12.0771777));
#11519=CARTESIAN_POINT('',(47.459710033,29.0771777,12.344632124));
#11520=CARTESIAN_POINT('',(47.466017912,28.944750279,12.479659031));
#11521=CARTESIAN_POINT('',(47.491220352,28.68312273,12.751672847));
#11522=CARTESIAN_POINT('',(47.510114904,28.553922695,12.88865966));
#11523=CARTESIAN_POINT('',(47.560403562,28.29936331,13.163944897));
#11524=CARTESIAN_POINT('',(47.591797651,28.174004051,13.302243225));
#11525=CARTESIAN_POINT('',(47.666940597,27.927722342,13.579497213));
#11526=CARTESIAN_POINT('',(47.710689428,27.80679998,13.718452775));
#11527=CARTESIAN_POINT('',(47.760514739,27.688384105,13.857408386));
#11528=CARTESIAN_POINT('',(47.883271279,29.610070768,10.348201119));
#11529=CARTESIAN_POINT('',(47.857938577,29.513627352,10.438063169));
#11530=CARTESIAN_POINT('',(47.835742281,29.417183939,10.52874319));
#11531=CARTESIAN_POINT('',(47.797662748,29.224503936,10.711538638));
#11532=CARTESIAN_POINT('',(47.781779509,29.128267353,10.803654057));
#11533=CARTESIAN_POINT('',(47.756354832,28.936207619,10.98911815));
#11534=CARTESIAN_POINT('',(47.746813393,28.840384476,11.082466817));
#11535=CARTESIAN_POINT('',(47.734089558,28.649357793,11.270193902));
#11536=CARTESIAN_POINT('',(47.730907162,28.554154262,11.364572312));
#11537=CARTESIAN_POINT('',(47.730907162,28.364572312,11.554154262));
#11538=CARTESIAN_POINT('',(47.734089558,28.270193902,11.649357793));
#11539=CARTESIAN_POINT('',(47.746813393,28.082466817,11.840384476));
#11540=CARTESIAN_POINT('',(47.756354832,27.98911815,11.936207619));
#11541=CARTESIAN_POINT('',(47.781779509,27.803654057,12.128267353));
#11542=CARTESIAN_POINT('',(47.797662748,27.711538638,12.224503936));
#11543=CARTESIAN_POINT('',(47.835742281,27.52874319,12.417183939));
#11544=CARTESIAN_POINT('',(47.857938577,27.438063169,12.513627352));
#11545=CARTESIAN_POINT('',(47.883271279,27.348201119,12.610070768));
#11546=CARTESIAN_POINT('',(47.928107264,28.976794168,10.175489319));
#11547=CARTESIAN_POINT('',(47.912399377,28.900657801,10.248387909));
#11548=CARTESIAN_POINT('',(47.898642083,28.824521437,10.321688695));
#11549=CARTESIAN_POINT('',(47.875045862,28.672350516,10.468996217));
#11550=CARTESIAN_POINT('',(47.865206936,28.596315965,10.543002949));
#11551=CARTESIAN_POINT('',(47.849459734,28.444450363,10.691623075));
#11552=CARTESIAN_POINT('',(47.84355146,28.368619317,10.766236467));
#11553=CARTESIAN_POINT('',(47.835672941,28.217262177,10.915969906));
#11554=CARTESIAN_POINT('',(47.833702696,28.141736087,10.99108995));
#11555=CARTESIAN_POINT('',(47.833702696,27.99108995,11.141736087));
#11556=CARTESIAN_POINT('',(47.835672941,27.915969906,11.217262177));
#11557=CARTESIAN_POINT('',(47.84355146,27.766236467,11.368619317));
#11558=CARTESIAN_POINT('',(47.849459734,27.691623075,11.444450363));
#11559=CARTESIAN_POINT('',(47.865206936,27.543002949,11.596315965));
#11560=CARTESIAN_POINT('',(47.875045862,27.468996217,11.672350516));
#11561=CARTESIAN_POINT('',(47.898642083,27.321688695,11.824521437));
#11562=CARTESIAN_POINT('',(47.912399377,27.248387909,11.900657801));
#11563=CARTESIAN_POINT('',(47.928107264,27.175489319,11.976794168));
#11564=CARTESIAN_POINT('',(47.986453718,27.722667879,9.833454876));
#11565=CARTESIAN_POINT('',(47.983401618,27.685630578,9.870529753));
#11566=CARTESIAN_POINT('',(47.98073298,27.648593275,9.907600593));
#11567=CARTESIAN_POINT('',(47.976160034,27.574517332,9.981734655));
#11568=CARTESIAN_POINT('',(47.974255726,27.53747869,10.01879788));
#11569=CARTESIAN_POINT('',(47.971209578,27.46339876,10.092917393));
#11570=CARTESIAN_POINT('',(47.970067738,27.426357471,10.129973683));
#11571=CARTESIAN_POINT('',(47.96854541,27.352271002,10.204080195));
#11572=CARTESIAN_POINT('',(47.968164921,27.315225821,10.241130418));
#11573=CARTESIAN_POINT('',(47.968164921,27.241130418,10.315225821));
#11574=CARTESIAN_POINT('',(47.96854541,27.204080195,10.352271002));
#11575=CARTESIAN_POINT('',(47.970067738,27.129973683,10.426357471));
#11576=CARTESIAN_POINT('',(47.971209578,27.092917393,10.46339876));
#11577=CARTESIAN_POINT('',(47.974255726,27.01879788,10.53747869));
#11578=CARTESIAN_POINT('',(47.976160034,26.981734655,10.574517332));
#11579=CARTESIAN_POINT('',(47.98073298,26.907600593,10.648593275));
#11580=CARTESIAN_POINT('',(47.983401618,26.870529753,10.685630578));
#11581=CARTESIAN_POINT('',(47.986453718,26.833454876,10.722667879));
#11582=CARTESIAN_POINT('',(48.,27.101918709,9.664159648));
#11583=CARTESIAN_POINT('',(48.,27.101918709,9.664159648));
#11584=CARTESIAN_POINT('',(48.,27.047198826,9.71887953));
#11585=CARTESIAN_POINT('',(48.,27.047198826,9.718879531));
#11586=CARTESIAN_POINT('',(48.,26.992478944,9.773599413));
#11587=CARTESIAN_POINT('',(48.,26.992478943,9.773599413));
#11588=CARTESIAN_POINT('',(48.,26.937759061,9.828319296));
#11589=CARTESIAN_POINT('',(48.,26.937759061,9.828319296));
#11590=CARTESIAN_POINT('',(48.,26.883039179,9.883039178));
#11591=CARTESIAN_POINT('',(48.,26.883039178,9.883039179));
#11592=CARTESIAN_POINT('',(48.,26.828319296,9.937759061));
#11593=CARTESIAN_POINT('',(48.,26.828319296,9.937759061));
#11594=CARTESIAN_POINT('',(48.,26.773599413,9.992478943));
#11595=CARTESIAN_POINT('',(48.,26.773599413,9.992478944));
#11596=CARTESIAN_POINT('',(48.,26.718879531,10.047198826));
#11597=CARTESIAN_POINT('',(48.,26.71887953,10.047198826));
#11598=CARTESIAN_POINT('',(48.,26.664159648,10.101918709));
#11599=CARTESIAN_POINT('',(48.,26.664159648,10.101918709));
#11600=CARTESIAN_POINT('',(48.,26.500000004,9.500000001));
#11601=CARTESIAN_POINT('',(48.,26.500000004,9.500000001));
#11602=CARTESIAN_POINT('',(48.,26.500000004,9.500000001));
#11603=CARTESIAN_POINT('',(48.,26.500000004,9.500000001));
#11604=CARTESIAN_POINT('',(48.,26.500000003,9.500000002));
#11605=CARTESIAN_POINT('',(48.,26.500000003,9.500000002));
#11606=CARTESIAN_POINT('',(48.,26.500000003,9.500000002));
#11607=CARTESIAN_POINT('',(48.,26.500000003,9.500000002));
#11608=CARTESIAN_POINT('',(48.,26.500000002,9.500000002));
#11609=CARTESIAN_POINT('',(48.,26.500000002,9.500000002));
#11610=CARTESIAN_POINT('',(48.,26.500000002,9.500000003));
#11611=CARTESIAN_POINT('',(48.,26.500000002,9.500000003));
#11612=CARTESIAN_POINT('',(48.,26.500000002,9.500000003));
#11613=CARTESIAN_POINT('',(48.,26.500000002,9.500000003));
#11614=CARTESIAN_POINT('',(48.,26.500000001,9.500000004));
#11615=CARTESIAN_POINT('',(48.,26.500000001,9.500000004));
#11616=CARTESIAN_POINT('',(48.,26.500000001,9.500000004));
#11617=CARTESIAN_POINT('',(48.,26.500000001,9.500000004));
#11618=B_SPLINE_SURFACE_WITH_KNOTS('',3,3,((#11402,#11403,#11404,#11405,#11406,#11407,#11408,#11409,#11410,#11411,#11412,#11413,#11414,#11415,#11416,#11417,#11418,#11419),(#11420,#11421,#11422,#11423,#11424,#11425,#11426,#11427,#11428,#11429,#11430,#11431,#11432,#11433,#11434,#11435,#11436,#11437),(#11438,#11439,#11440,#11441,#11442,#11443,#11444,#11445,#11446,#11447,#11448,#11449,#11450,#11451,#11452,#11453,#11454,#11455),(#11456,#11457,#11458,#11459,#11460,#11461,#11462,#11463,#11464,#11465,#11466,#11467,#11468,#11469,#11470,#11471,#11472,#11473),(#11474,#11475,#11476,#11477,#11478,#11479,#11480,#11481,#11482,#11483,#11484,#11485,#11486,#11487,#11488,#11489,#11490,#11491),(#11492,#11493,#11494,#11495,#11496,#11497,#11498,#11499,#11500,#11501,#11502,#11503,#11504,#11505,#11506,#11507,#11508,#11509),(#11510,#11511,#11512,#11513,#11514,#11515,#11516,#11517,#11518,#11519,#11520,#11521,#11522,#11523,#11524,#11525,#11526,#11527),(#11528,#11529,#11530,#11531,#11532,#11533,#11534,#11535,#11536,#11537,#11538,#11539,#11540,#11541,#11542,#11543,#11544,#11545),(#11546,#11547,#11548,#11549,#11550,#11551,#11552,#11553,#11554,#11555,#11556,#11557,#11558,#11559,#11560,#11561,#11562,#11563),(#11564,#11565,#11566,#11567,#11568,#11569,#11570,#11571,#11572,#11573,#11574,#11575,#11576,#11577,#11578,#11579,#11580,#11581),(#11582,#11583,#11584,#11585,#11586,#11587,#11588,#11589,#11590,#11591,#11592,#11593,#11594,#11595,#11596,#11597,#11598,#11599),(#11600,#11601,#11602,#11603,#11604,#11605,#11606,#11607,#11608,#11609,#11610,#11611,#11612,#11613,#11614,#11615,#11616,#11617)),.UNSPECIFIED.,.F.,.F.,.U.,(4,2,2,2,2,4),(4,2,2,2,2,2,2,2,4),(0.397735767,0.5,0.625,0.75,0.875,1.),(0.,0.125,0.25,0.375,0.5,0.625,0.75,0.875,1.),.UNSPECIFIED.);
#11619=ORIENTED_EDGE('',*,*,#11393,.F.);
#11620=ORIENTED_EDGE('',*,*,#849,.F.);
#11621=ORIENTED_EDGE('',*,*,#7601,.F.);
#11622=EDGE_LOOP('',(#11619,#11620,#11621));
#11623=FACE_BOUND('',#11622,.T.);
#11624=ADVANCED_FACE('',(#11623),#11618,.F.);
#11625=CARTESIAN_POINT('',(41.,4.5,4.5));
#11626=DIRECTION('',(0.,-0.,1.));
#11627=DIRECTION('',(0.,1.,0.));
#11628=AXIS2_PLACEMENT_3D('',#11625,#11626,#11627);
#11629=PLANE('',#11628);
#11630=ORIENTED_EDGE('',*,*,#3441,.T.);
#11631=ORIENTED_EDGE('',*,*,#3448,.T.);
#11632=EDGE_LOOP('',(#11630,#11631));
#11633=FACE_BOUND('',#11632,.T.);
#11634=ORIENTED_EDGE('',*,*,#3410,.F.);
#11635=ORIENTED_EDGE('',*,*,#7621,.T.);
#11636=ORIENTED_EDGE('',*,*,#963,.F.);
#11637=ORIENTED_EDGE('',*,*,#939,.T.);
#11638=ORIENTED_EDGE('',*,*,#998,.F.);
#11639=ORIENTED_EDGE('',*,*,#619,.T.);
#11640=ORIENTED_EDGE('',*,*,#809,.F.);
#11641=ORIENTED_EDGE('',*,*,#7663,.T.);
#11642=ORIENTED_EDGE('',*,*,#3372,.F.);
#11643=ORIENTED_EDGE('',*,*,#7534,.T.);
#11644=ORIENTED_EDGE('',*,*,#2489,.F.);
#11645=ORIENTED_EDGE('',*,*,#1937,.T.);
#11646=ORIENTED_EDGE('',*,*,#1912,.F.);
#11647=ORIENTED_EDGE('',*,*,#1888,.T.);
#11648=ORIENTED_EDGE('',*,*,#1859,.F.);
#11649=ORIENTED_EDGE('',*,*,#7492,.T.);
#11650=EDGE_LOOP('',(#11634,#11635,#11636,#11637,#11638,#11639,#11640,#11641,#11642,#11643,#11644,#11645,#11646,#11647,#11648,#11649));
#11651=FACE_BOUND('',#11650,.T.);
#11652=ORIENTED_EDGE('',*,*,#3344,.T.);
#11653=ORIENTED_EDGE('',*,*,#3351,.T.);
#11654=EDGE_LOOP('',(#11652,#11653));
#11655=FACE_BOUND('',#11654,.T.);
#11656=ADVANCED_FACE('',(#11633,#11651,#11655),#11629,.F.);
#11657=CARTESIAN_POINT('',(-11.6,15.964529332,33.031036835));
#11658=CARTESIAN_POINT('',(-12.,15.964529332,33.031036835));
#11659=CARTESIAN_POINT('',(-11.6,16.098226467,33.083560709));
#11660=CARTESIAN_POINT('',(-12.,16.098226467,33.083560709));
#11661=CARTESIAN_POINT('',(-11.6,16.360845839,33.159959072));
#11662=CARTESIAN_POINT('',(-12.,16.360845839,33.159959072));
#11663=B_SPLINE_SURFACE_WITH_KNOTS('',2,1,((#11657,#11658),(#11659,#11660),(#11661,#11662)),.UNSPECIFIED.,.F.,.F.,.U.,(3,3),(2,2),(0.,0.017263306),(0.,1.),.UNSPECIFIED.);
#11664=ORIENTED_EDGE('',*,*,#2372,.F.);
#11665=CARTESIAN_POINT('',(-11.6,15.964529332,33.031036835));
#11666=VERTEX_POINT('',#11665);
#11667=CARTESIAN_POINT('',(-11.6,15.964529332,33.031036835));
#11668=DIRECTION('',(-1.,0.,0.));
#11669=VECTOR('',#11668,0.4);
#11670=LINE('',#11667,#11669);
#11671=EDGE_CURVE('',#11666,#2365,#11670,.T.);
#11672=ORIENTED_EDGE('',*,*,#11671,.F.);
#11673=CARTESIAN_POINT('',(-11.6,16.360845839,33.159959072));
#11674=VERTEX_POINT('',#11673);
#11675=CARTESIAN_POINT('',(-11.6,15.964529332,33.031036835));
#11676=CARTESIAN_POINT('',(-11.6,16.098226467,33.083560709));
#11677=CARTESIAN_POINT('',(-11.6,16.360845839,33.159959072));
#11678=B_SPLINE_CURVE_WITH_KNOTS('',2,(#11675,#11676,#11677),.UNSPECIFIED.,.F.,.F.,(3,3),(0.,0.017263306),.UNSPECIFIED.);
#11679=EDGE_CURVE('',#11666,#11674,#11678,.T.);
#11680=ORIENTED_EDGE('',*,*,#11679,.T.);
#11681=CARTESIAN_POINT('',(-11.6,16.360845839,33.159959072));
#11682=DIRECTION('',(-1.,0.,0.));
#11683=VECTOR('',#11682,0.4);
#11684=LINE('',#11681,#11683);
#11685=EDGE_CURVE('',#11674,#2367,#11684,.T.);
#11686=ORIENTED_EDGE('',*,*,#11685,.T.);
#11687=EDGE_LOOP('',(#11664,#11672,#11680,#11686));
#11688=FACE_BOUND('',#11687,.T.);
#11689=ADVANCED_FACE('',(#11688),#11663,.T.);
#11690=CARTESIAN_POINT('',(-11.6,15.964529332,32.367326057));
#11691=DIRECTION('',(-0.,-1.,-0.));
#11692=DIRECTION('',(-1.,0.,0.));
#11693=AXIS2_PLACEMENT_3D('',#11690,#11691,#11692);
#11694=PLANE('',#11693);
#11695=ORIENTED_EDGE('',*,*,#2478,.F.);
#11696=CARTESIAN_POINT('',(-11.6,15.964529332,31.70361528));
#11697=VERTEX_POINT('',#11696);
#11698=CARTESIAN_POINT('',(-11.6,15.964529332,31.70361528));
#11699=DIRECTION('',(-1.,0.,0.));
#11700=VECTOR('',#11699,0.4);
#11701=LINE('',#11698,#11700);
#11702=EDGE_CURVE('',#11697,#2465,#11701,.T.);
#11703=ORIENTED_EDGE('',*,*,#11702,.F.);
#11704=CARTESIAN_POINT('',(-11.6,15.964529332,31.70361528));
#11705=DIRECTION('',(0.,-0.,1.));
#11706=VECTOR('',#11705,1.327421555);
#11707=LINE('',#11704,#11706);
#11708=EDGE_CURVE('',#11697,#11666,#11707,.T.);
#11709=ORIENTED_EDGE('',*,*,#11708,.T.);
#11710=ORIENTED_EDGE('',*,*,#11671,.T.);
#11711=EDGE_LOOP('',(#11695,#11703,#11709,#11710));
#11712=FACE_BOUND('',#11711,.T.);
#11713=ADVANCED_FACE('',(#11712),#11694,.T.);
#11714=CARTESIAN_POINT('',(-11.6,17.630968622,32.009208731));
#11715=CARTESIAN_POINT('',(-12.,17.630968622,32.009208731));
#11716=CARTESIAN_POINT('',(-11.6,16.962482947,32.009208731));
#11717=CARTESIAN_POINT('',(-12.,16.962482947,32.009208731));
#11718=CARTESIAN_POINT('',(-11.6,16.644952251,31.944747613));
#11719=CARTESIAN_POINT('',(-12.,16.644952251,31.944747613));
#11720=CARTESIAN_POINT('',(-11.6,16.327421555,31.880286494));
#11721=CARTESIAN_POINT('',(-12.,16.327421555,31.880286494));
#11722=CARTESIAN_POINT('',(-11.6,15.964529332,31.70361528));
#11723=CARTESIAN_POINT('',(-12.,15.964529332,31.70361528));
#11724=B_SPLINE_SURFACE_WITH_KNOTS('',2,1,((#11714,#11715),(#11716,#11717),(#11718,#11719),(#11720,#11721),(#11722,#11723)),.UNSPECIFIED.,.F.,.F.,.U.,(3,2,3),(2,2),(0.,0.5,1.),(0.,1.),.UNSPECIFIED.);
#11725=ORIENTED_EDGE('',*,*,#2472,.F.);
#11726=CARTESIAN_POINT('',(-11.6,17.630968622,32.009208731));
#11727=VERTEX_POINT('',#11726);
#11728=CARTESIAN_POINT('',(-11.6,17.630968622,32.009208731));
#11729=DIRECTION('',(-1.,0.,0.));
#11730=VECTOR('',#11729,0.4);
#11731=LINE('',#11728,#11730);
#11732=EDGE_CURVE('',#11727,#2457,#11731,.T.);
#11733=ORIENTED_EDGE('',*,*,#11732,.F.);
#11734=CARTESIAN_POINT('',(-11.6,17.630968622,32.009208731));
#11735=CARTESIAN_POINT('',(-11.6,16.962482947,32.009208731));
#11736=CARTESIAN_POINT('',(-11.6,16.644952251,31.944747613));
#11737=CARTESIAN_POINT('',(-11.6,16.327421555,31.880286494));
#11738=CARTESIAN_POINT('',(-11.6,15.964529332,31.70361528));
#11739=B_SPLINE_CURVE_WITH_KNOTS('',2,(#11734,#11735,#11736,#11737,#11738),.UNSPECIFIED.,.F.,.F.,(3,2,3),(0.,0.5,1.),.UNSPECIFIED.);
#11740=EDGE_CURVE('',#11727,#11697,#11739,.T.);
#11741=ORIENTED_EDGE('',*,*,#11740,.T.);
#11742=ORIENTED_EDGE('',*,*,#11702,.T.);
#11743=EDGE_LOOP('',(#11725,#11733,#11741,#11742));
#11744=FACE_BOUND('',#11743,.T.);
#11745=ADVANCED_FACE('',(#11744),#11724,.T.);
#11746=CARTESIAN_POINT('',(-11.6,18.414051842,32.002046385));
#11747=DIRECTION('',(-0.,-0.009145959,-0.999958175));
#11748=DIRECTION('',(0.,0.999958175,-0.009145959));
#11749=AXIS2_PLACEMENT_3D('',#11746,#11747,#11748);
#11750=PLANE('',#11749);
#11751=ORIENTED_EDGE('',*,*,#2462,.F.);
#11752=CARTESIAN_POINT('',(-11.6,19.197135061,31.994884038));
#11753=VERTEX_POINT('',#11752);
#11754=CARTESIAN_POINT('',(-11.6,19.197135061,31.994884038));
#11755=DIRECTION('',(-1.,0.,0.));
#11756=VECTOR('',#11755,0.4);
#11757=LINE('',#11754,#11756);
#11758=EDGE_CURVE('',#11753,#2441,#11757,.T.);
#11759=ORIENTED_EDGE('',*,*,#11758,.F.);
#11760=CARTESIAN_POINT('',(-11.6,19.197135061,31.994884038));
#11761=DIRECTION('',(-0.,-0.999958175,0.009145959));
#11762=VECTOR('',#11761,1.566231947);
#11763=LINE('',#11760,#11762);
#11764=EDGE_CURVE('',#11753,#11727,#11763,.T.);
#11765=ORIENTED_EDGE('',*,*,#11764,.T.);
#11766=ORIENTED_EDGE('',*,*,#11732,.T.);
#11767=EDGE_LOOP('',(#11751,#11759,#11765,#11766));
#11768=FACE_BOUND('',#11767,.T.);
#11769=ADVANCED_FACE('',(#11768),#11750,.T.);
#11770=CARTESIAN_POINT('',(-11.6,19.708049113,36.325716235));
#11771=CARTESIAN_POINT('',(-12.,19.708049113,36.325716235));
#11772=CARTESIAN_POINT('',(-11.6,20.443383356,36.120395634));
#11773=CARTESIAN_POINT('',(-12.,20.443383356,36.120395634));
#11774=CARTESIAN_POINT('',(-11.6,20.796725784,35.619031378));
#11775=CARTESIAN_POINT('',(-12.,20.796725784,35.619031378));
#11776=CARTESIAN_POINT('',(-11.6,21.150068213,35.117667121));
#11777=CARTESIAN_POINT('',(-12.,21.150068213,35.117667121));
#11778=CARTESIAN_POINT('',(-11.6,21.150068213,34.129263302));
#11779=CARTESIAN_POINT('',(-12.,21.150068213,34.129263302));
#11780=CARTESIAN_POINT('',(-11.6,21.150068213,33.231582538));
#11781=CARTESIAN_POINT('',(-12.,21.150068213,33.231582538));
#11782=CARTESIAN_POINT('',(-11.6,20.937585266,32.792291951));
#11783=CARTESIAN_POINT('',(-12.,20.937585266,32.792291951));
#11784=CARTESIAN_POINT('',(-11.6,20.725102319,32.353001364));
#11785=CARTESIAN_POINT('',(-12.,20.725102319,32.353001364));
#11786=CARTESIAN_POINT('',(-11.6,20.398021828,32.173942701));
#11787=CARTESIAN_POINT('',(-12.,20.398021828,32.173942701));
#11788=CARTESIAN_POINT('',(-11.6,20.070941337,31.994884038));
#11789=CARTESIAN_POINT('',(-12.,20.070941337,31.994884038));
#11790=CARTESIAN_POINT('',(-11.6,19.197135061,31.994884038));
#11791=CARTESIAN_POINT('',(-12.,19.197135061,31.994884038));
#11792=B_SPLINE_SURFACE_WITH_KNOTS('',2,1,((#11770,#11771),(#11772,#11773),(#11774,#11775),(#11776,#11777),(#11778,#11779),(#11780,#11781),(#11782,#11783),(#11784,#11785),(#11786,#11787),(#11788,#11789),(#11790,#11791)),.UNSPECIFIED.,.F.,.F.,.U.,(3,2,2,2,2,3),(2,2),(0.,0.211656442,0.423312883,0.615541922,0.807770961,1.),(0.,1.),.UNSPECIFIED.);
#11793=ORIENTED_EDGE('',*,*,#2454,.F.);
#11794=CARTESIAN_POINT('',(-11.6,19.708049113,36.325716235));
#11795=VERTEX_POINT('',#11794);
#11796=CARTESIAN_POINT('',(-11.6,19.708049113,36.325716235));
#11797=DIRECTION('',(-1.,0.,0.));
#11798=VECTOR('',#11797,0.4);
#11799=LINE('',#11796,#11798);
#11800=EDGE_CURVE('',#11795,#2433,#11799,.T.);
#11801=ORIENTED_EDGE('',*,*,#11800,.F.);
#11802=CARTESIAN_POINT('',(-11.6,19.708049113,36.325716235));
#11803=CARTESIAN_POINT('',(-11.6,20.443383356,36.120395634));
#11804=CARTESIAN_POINT('',(-11.6,20.796725784,35.619031378));
#11805=CARTESIAN_POINT('',(-11.6,21.150068213,35.117667121));
#11806=CARTESIAN_POINT('',(-11.6,21.150068213,34.129263302));
#11807=CARTESIAN_POINT('',(-11.6,21.150068213,33.231582538));
#11808=CARTESIAN_POINT('',(-11.6,20.937585266,32.792291951));
#11809=CARTESIAN_POINT('',(-11.6,20.725102319,32.353001364));
#11810=CARTESIAN_POINT('',(-11.6,20.398021828,32.173942701));
#11811=CARTESIAN_POINT('',(-11.6,20.070941337,31.994884038));
#11812=CARTESIAN_POINT('',(-11.6,19.197135061,31.994884038));
#11813=B_SPLINE_CURVE_WITH_KNOTS('',2,(#11802,#11803,#11804,#11805,#11806,#11807,#11808,#11809,#11810,#11811,#11812),.UNSPECIFIED.,.F.,.F.,(3,2,2,2,2,3),(0.,0.211656442,0.423312883,0.615541922,0.807770961,1.),.UNSPECIFIED.);
#11814=EDGE_CURVE('',#11795,#11753,#11813,.T.);
#11815=ORIENTED_EDGE('',*,*,#11814,.T.);
#11816=ORIENTED_EDGE('',*,*,#11758,.T.);
#11817=EDGE_LOOP('',(#11793,#11801,#11815,#11816));
#11818=FACE_BOUND('',#11817,.T.);
#11819=ADVANCED_FACE('',(#11818),#11792,.T.);
#11820=CARTESIAN_POINT('',(-11.6,19.598226467,35.71691678));
#11821=DIRECTION('',(-0.,-0.984115966,0.177526802));
#11822=DIRECTION('',(0.,-0.177526802,-0.984115966));
#11823=AXIS2_PLACEMENT_3D('',#11820,#11821,#11822);
#11824=PLANE('',#11823);
#11825=ORIENTED_EDGE('',*,*,#2438,.F.);
#11826=CARTESIAN_POINT('',(-11.6,19.48840382,35.108117326));
#11827=VERTEX_POINT('',#11826);
#11828=CARTESIAN_POINT('',(-11.6,19.48840382,35.108117326));
#11829=DIRECTION('',(-1.,0.,0.));
#11830=VECTOR('',#11829,0.4);
#11831=LINE('',#11828,#11830);
#11832=EDGE_CURVE('',#11827,#2419,#11831,.T.);
#11833=ORIENTED_EDGE('',*,*,#11832,.F.);
#11834=CARTESIAN_POINT('',(-11.6,19.48840382,35.108117326));
#11835=DIRECTION('',(0.,0.177526802,0.984115966));
#11836=VECTOR('',#11835,1.237251453);
#11837=LINE('',#11834,#11836);
#11838=EDGE_CURVE('',#11827,#11795,#11837,.T.);
#11839=ORIENTED_EDGE('',*,*,#11838,.T.);
#11840=ORIENTED_EDGE('',*,*,#11800,.T.);
#11841=EDGE_LOOP('',(#11825,#11833,#11839,#11840));
#11842=FACE_BOUND('',#11841,.T.);
#11843=ADVANCED_FACE('',(#11842),#11824,.T.);
#11844=CARTESIAN_POINT('',(-11.6,19.407230559,33.312755798));
#11845=CARTESIAN_POINT('',(-12.,19.407230559,33.312755798));
#11846=CARTESIAN_POINT('',(-11.6,19.793997271,33.312755798));
#11847=CARTESIAN_POINT('',(-12.,19.793997271,33.312755798));
#11848=CARTESIAN_POINT('',(-11.6,19.958731241,33.503751705));
#11849=CARTESIAN_POINT('',(-12.,19.958731241,33.503751705));
#11850=CARTESIAN_POINT('',(-11.6,20.123465211,33.694747613));
#11851=CARTESIAN_POINT('',(-12.,20.123465211,33.694747613));
#11852=CARTESIAN_POINT('',(-11.6,20.123465211,34.224761255));
#11853=CARTESIAN_POINT('',(-12.,20.123465211,34.224761255));
#11854=CARTESIAN_POINT('',(-11.6,20.123465211,34.582878581));
#11855=CARTESIAN_POINT('',(-12.,20.123465211,34.582878581));
#11856=CARTESIAN_POINT('',(-11.6,19.98260573,34.783424284));
#11857=CARTESIAN_POINT('',(-12.,19.98260573,34.783424284));
#11858=CARTESIAN_POINT('',(-11.6,19.841746248,34.983969986));
#11859=CARTESIAN_POINT('',(-12.,19.841746248,34.983969986));
#11860=CARTESIAN_POINT('',(-11.6,19.48840382,35.108117326));
#11861=CARTESIAN_POINT('',(-12.,19.48840382,35.108117326));
#11862=B_SPLINE_SURFACE_WITH_KNOTS('',2,1,((#11844,#11845),(#11846,#11847),(#11848,#11849),(#11850,#11851),(#11852,#11853),(#11854,#11855),(#11856,#11857),(#11858,#11859),(#11860,#11861)),.UNSPECIFIED.,.F.,.F.,.U.,(3,2,2,2,3),(2,2),(0.,0.298387097,0.596774194,0.798387097,1.),(0.,1.),.UNSPECIFIED.);
#11863=ORIENTED_EDGE('',*,*,#2430,.F.);
#11864=CARTESIAN_POINT('',(-11.6,19.407230559,33.312755798));
#11865=VERTEX_POINT('',#11864);
#11866=CARTESIAN_POINT('',(-11.6,19.407230559,33.312755798));
#11867=DIRECTION('',(-1.,0.,0.));
#11868=VECTOR('',#11867,0.4);
#11869=LINE('',#11866,#11868);
#11870=EDGE_CURVE('',#11865,#2411,#11869,.T.);
#11871=ORIENTED_EDGE('',*,*,#11870,.F.);
#11872=CARTESIAN_POINT('',(-11.6,19.407230559,33.312755798));
#11873=CARTESIAN_POINT('',(-11.6,19.793997271,33.312755798));
#11874=CARTESIAN_POINT('',(-11.6,19.958731241,33.503751705));
#11875=CARTESIAN_POINT('',(-11.6,20.123465211,33.694747613));
#11876=CARTESIAN_POINT('',(-11.6,20.123465211,34.224761255));
#11877=CARTESIAN_POINT('',(-11.6,20.123465211,34.582878581));
#11878=CARTESIAN_POINT('',(-11.6,19.98260573,34.783424284));
#11879=CARTESIAN_POINT('',(-11.6,19.841746248,34.983969986));
#11880=CARTESIAN_POINT('',(-11.6,19.48840382,35.108117326));
#11881=B_SPLINE_CURVE_WITH_KNOTS('',2,(#11872,#11873,#11874,#11875,#11876,#11877,#11878,#11879,#11880),.UNSPECIFIED.,.F.,.F.,(3,2,2,2,3),(0.,0.298387097,0.596774194,0.798387097,1.),.UNSPECIFIED.);
#11882=EDGE_CURVE('',#11865,#11827,#11881,.T.);
#11883=ORIENTED_EDGE('',*,*,#11882,.T.);
#11884=ORIENTED_EDGE('',*,*,#11832,.T.);
#11885=EDGE_LOOP('',(#11863,#11871,#11883,#11884));
#11886=FACE_BOUND('',#11885,.T.);
#11887=ADVANCED_FACE('',(#11886),#11862,.T.);
#11888=CARTESIAN_POINT('',(-11.6,19.340381992,33.312755798));
#11889=DIRECTION('',(0.,-0.,1.));
#11890=DIRECTION('',(1.,0.,-0.));
#11891=AXIS2_PLACEMENT_3D('',#11888,#11889,#11890);
#11892=PLANE('',#11891);
#11893=ORIENTED_EDGE('',*,*,#2416,.F.);
#11894=CARTESIAN_POINT('',(-11.6,19.273533424,33.312755798));
#11895=VERTEX_POINT('',#11894);
#11896=CARTESIAN_POINT('',(-11.6,19.273533424,33.312755798));
#11897=DIRECTION('',(-1.,0.,0.));
#11898=VECTOR('',#11897,0.4);
#11899=LINE('',#11896,#11898);
#11900=EDGE_CURVE('',#11895,#2403,#11899,.T.);
#11901=ORIENTED_EDGE('',*,*,#11900,.F.);
#11902=CARTESIAN_POINT('',(-11.6,19.273533424,33.312755798));
#11903=DIRECTION('',(0.,1.,0.));
#11904=VECTOR('',#11903,0.133697135);
#11905=LINE('',#11902,#11904);
#11906=EDGE_CURVE('',#11895,#11865,#11905,.T.);
#11907=ORIENTED_EDGE('',*,*,#11906,.T.);
#11908=ORIENTED_EDGE('',*,*,#11870,.T.);
#11909=EDGE_LOOP('',(#11893,#11901,#11907,#11908));
#11910=FACE_BOUND('',#11909,.T.);
#11911=ADVANCED_FACE('',(#11910),#11892,.T.);
#11912=CARTESIAN_POINT('',(-11.6,18.944065484,34.616302865));
#11913=CARTESIAN_POINT('',(-12.,18.944065484,34.616302865));
#11914=CARTESIAN_POINT('',(-11.6,19.120736698,33.675648022));
#11915=CARTESIAN_POINT('',(-12.,19.120736698,33.675648022));
#11916=CARTESIAN_POINT('',(-11.6,19.273533424,33.312755798));
#11917=CARTESIAN_POINT('',(-12.,19.273533424,33.312755798));
#11918=B_SPLINE_SURFACE_WITH_KNOTS('',2,1,((#11912,#11913),(#11914,#11915),(#11916,#11917)),.UNSPECIFIED.,.F.,.F.,.U.,(3,3),(2,2),(0.855300069,1.),(0.,1.),.UNSPECIFIED.);
#11919=ORIENTED_EDGE('',*,*,#2408,.F.);
#11920=CARTESIAN_POINT('',(-11.6,18.944065484,34.616302865));
#11921=VERTEX_POINT('',#11920);
#11922=CARTESIAN_POINT('',(-11.6,18.944065484,34.616302865));
#11923=DIRECTION('',(-1.,0.,0.));
#11924=VECTOR('',#11923,0.4);
#11925=LINE('',#11922,#11924);
#11926=EDGE_CURVE('',#11921,#2383,#11925,.T.);
#11927=ORIENTED_EDGE('',*,*,#11926,.F.);
#11928=CARTESIAN_POINT('',(-11.6,18.944065484,34.616302865));
#11929=CARTESIAN_POINT('',(-11.6,19.120736698,33.675648022));
#11930=CARTESIAN_POINT('',(-11.6,19.273533424,33.312755798));
#11931=B_SPLINE_CURVE_WITH_KNOTS('',2,(#11928,#11929,#11930),.UNSPECIFIED.,.F.,.F.,(3,3),(0.855300069,1.),.UNSPECIFIED.);
#11932=EDGE_CURVE('',#11921,#11895,#11931,.T.);
#11933=ORIENTED_EDGE('',*,*,#11932,.T.);
#11934=ORIENTED_EDGE('',*,*,#11900,.T.);
#11935=EDGE_LOOP('',(#11919,#11927,#11933,#11934));
#11936=FACE_BOUND('',#11935,.T.);
#11937=ADVANCED_FACE('',(#11936),#11918,.T.);
#11938=CARTESIAN_POINT('',(-11.6,16.518417462,33.207708049));
#11939=CARTESIAN_POINT('',(-12.,16.518417462,33.207708049));
#11940=CARTESIAN_POINT('',(-11.6,16.184174625,33.551500682));
#11941=CARTESIAN_POINT('',(-12.,16.184174625,33.551500682));
#11942=CARTESIAN_POINT('',(-11.6,16.017053206,33.943042292));
#11943=CARTESIAN_POINT('',(-12.,16.017053206,33.943042292));
#11944=CARTESIAN_POINT('',(-11.6,15.849931787,34.334583902));
#11945=CARTESIAN_POINT('',(-12.,15.849931787,34.334583902));
#11946=CARTESIAN_POINT('',(-11.6,15.849931787,34.778649386));
#11947=CARTESIAN_POINT('',(-12.,15.849931787,34.778649386));
#11948=CARTESIAN_POINT('',(-11.6,15.849931787,35.561732606));
#11949=CARTESIAN_POINT('',(-12.,15.849931787,35.561732606));
#11950=CARTESIAN_POINT('',(-11.6,16.274897681,36.012960437));
#11951=CARTESIAN_POINT('',(-12.,16.274897681,36.012960437));
#11952=CARTESIAN_POINT('',(-11.6,16.699863574,36.464188267));
#11953=CARTESIAN_POINT('',(-12.,16.699863574,36.464188267));
#11954=CARTESIAN_POINT('',(-11.6,17.349249659,36.464188267));
#11955=CARTESIAN_POINT('',(-12.,17.349249659,36.464188267));
#11956=CARTESIAN_POINT('',(-11.6,17.77899045,36.464188267));
#11957=CARTESIAN_POINT('',(-12.,17.77899045,36.464188267));
#11958=CARTESIAN_POINT('',(-11.6,18.115620737,36.258867667));
#11959=CARTESIAN_POINT('',(-12.,18.115620737,36.258867667));
#11960=CARTESIAN_POINT('',(-11.6,18.452251023,36.053547067));
#11961=CARTESIAN_POINT('',(-12.,18.452251023,36.053547067));
#11962=CARTESIAN_POINT('',(-11.6,18.631309686,35.683492497));
#11963=CARTESIAN_POINT('',(-12.,18.631309686,35.683492497));
#11964=CARTESIAN_POINT('',(-11.6,18.810368349,35.313437926));
#11965=CARTESIAN_POINT('',(-12.,18.810368349,35.313437926));
#11966=CARTESIAN_POINT('',(-11.6,18.944065484,34.616302865));
#11967=CARTESIAN_POINT('',(-12.,18.944065484,34.616302865));
#11968=B_SPLINE_SURFACE_WITH_KNOTS('',2,1,((#11938,#11939),(#11940,#11941),(#11942,#11943),(#11944,#11945),(#11946,#11947),(#11948,#11949),(#11950,#11951),(#11952,#11953),(#11954,#11955),(#11956,#11957),(#11958,#11959),(#11960,#11961),(#11962,#11963),(#11964,#11965),(#11966,#11967)),.UNSPECIFIED.,.F.,.F.,.U.,(3,2,2,2,2,2,2,3),(2,2),(0.025087702,0.117049151,0.209010599,0.371179175,0.53334775,0.64066519,0.747982629,0.855300069),(0.,1.),.UNSPECIFIED.);
#11969=ORIENTED_EDGE('',*,*,#2400,.F.);
#11970=CARTESIAN_POINT('',(-11.6,16.518417462,33.207708049));
#11971=VERTEX_POINT('',#11970);
#11972=CARTESIAN_POINT('',(-11.6,16.518417462,33.207708049));
#11973=DIRECTION('',(-1.,0.,0.));
#11974=VECTOR('',#11973,0.4);
#11975=LINE('',#11972,#11974);
#11976=EDGE_CURVE('',#11971,#2375,#11975,.T.);
#11977=ORIENTED_EDGE('',*,*,#11976,.F.);
#11978=CARTESIAN_POINT('',(-11.6,16.518417462,33.207708049));
#11979=CARTESIAN_POINT('',(-11.6,16.184174625,33.551500682));
#11980=CARTESIAN_POINT('',(-11.6,16.017053206,33.943042292));
#11981=CARTESIAN_POINT('',(-11.6,15.849931787,34.334583902));
#11982=CARTESIAN_POINT('',(-11.6,15.849931787,34.778649386));
#11983=CARTESIAN_POINT('',(-11.6,15.849931787,35.561732606));
#11984=CARTESIAN_POINT('',(-11.6,16.274897681,36.012960437));
#11985=CARTESIAN_POINT('',(-11.6,16.699863574,36.464188267));
#11986=CARTESIAN_POINT('',(-11.6,17.349249659,36.464188267));
#11987=CARTESIAN_POINT('',(-11.6,17.77899045,36.464188267));
#11988=CARTESIAN_POINT('',(-11.6,18.115620737,36.258867667));
#11989=CARTESIAN_POINT('',(-11.6,18.452251023,36.053547067));
#11990=CARTESIAN_POINT('',(-11.6,18.631309686,35.683492497));
#11991=CARTESIAN_POINT('',(-11.6,18.810368349,35.313437926));
#11992=CARTESIAN_POINT('',(-11.6,18.944065484,34.616302865));
#11993=B_SPLINE_CURVE_WITH_KNOTS('',2,(#11978,#11979,#11980,#11981,#11982,#11983,#11984,#11985,#11986,#11987,#11988,#11989,#11990,#11991,#11992),.UNSPECIFIED.,.F.,.F.,(3,2,2,2,2,2,2,3),(0.025087702,0.117049151,0.209010599,0.371179175,0.53334775,0.64066519,0.747982629,0.855300069),.UNSPECIFIED.);
#11994=EDGE_CURVE('',#11971,#11921,#11993,.T.);
#11995=ORIENTED_EDGE('',*,*,#11994,.T.);
#11996=ORIENTED_EDGE('',*,*,#11926,.T.);
#11997=EDGE_LOOP('',(#11969,#11977,#11995,#11996));
#11998=FACE_BOUND('',#11997,.T.);
#11999=ADVANCED_FACE('',(#11998),#11968,.T.);
#12000=CARTESIAN_POINT('',(-11.6,17.960436562,34.859822647));
#12001=CARTESIAN_POINT('',(-12.,17.960436562,34.859822647));
#12002=CARTESIAN_POINT('',(-11.6,17.774215553,35.122442019));
#12003=CARTESIAN_POINT('',(-12.,17.774215553,35.122442019));
#12004=CARTESIAN_POINT('',(-11.6,17.487721692,35.122442019));
#12005=CARTESIAN_POINT('',(-12.,17.487721692,35.122442019));
#12006=CARTESIAN_POINT('',(-11.6,17.206002729,35.122442019));
#12007=CARTESIAN_POINT('',(-12.,17.206002729,35.122442019));
#12008=CARTESIAN_POINT('',(-11.6,17.000682128,34.912346521));
#12009=CARTESIAN_POINT('',(-12.,17.000682128,34.912346521));
#12010=CARTESIAN_POINT('',(-11.6,16.795361528,34.702251023));
#12011=CARTESIAN_POINT('',(-12.,16.795361528,34.702251023));
#12012=CARTESIAN_POINT('',(-11.6,16.795361528,34.377557981));
#12013=CARTESIAN_POINT('',(-12.,16.795361528,34.377557981));
#12014=CARTESIAN_POINT('',(-11.6,16.795361528,34.014665757));
#12015=CARTESIAN_POINT('',(-12.,16.795361528,34.014665757));
#12016=CARTESIAN_POINT('',(-11.6,17.034106412,33.685197817));
#12017=CARTESIAN_POINT('',(-12.,17.034106412,33.685197817));
#12018=B_SPLINE_SURFACE_WITH_KNOTS('',2,1,((#12000,#12001),(#12002,#12003),(#12004,#12005),(#12006,#12007),(#12008,#12009),(#12010,#12011),(#12012,#12013),(#12014,#12015),(#12016,#12017)),.UNSPECIFIED.,.F.,.F.,.U.,(3,2,2,2,3),(2,2),(0.105774643,0.27060734,0.432692825,0.59477831,0.775932675),(0.,1.),.UNSPECIFIED.);
#12019=CARTESIAN_POINT('',(-12.,17.960436562,34.859822647));
#12020=VERTEX_POINT('',#12019);
#12021=CARTESIAN_POINT('',(-12.,17.034106412,33.685197817));
#12022=VERTEX_POINT('',#12021);
#12023=CARTESIAN_POINT('',(-12.,17.960436562,34.859822647));
#12024=CARTESIAN_POINT('',(-12.,17.774215553,35.122442019));
#12025=CARTESIAN_POINT('',(-12.,17.487721692,35.122442019));
#12026=CARTESIAN_POINT('',(-12.,17.206002729,35.122442019));
#12027=CARTESIAN_POINT('',(-12.,17.000682128,34.912346521));
#12028=CARTESIAN_POINT('',(-12.,16.795361528,34.702251023));
#12029=CARTESIAN_POINT('',(-12.,16.795361528,34.377557981));
#12030=CARTESIAN_POINT('',(-12.,16.795361528,34.014665757));
#12031=CARTESIAN_POINT('',(-12.,17.034106412,33.685197817));
#12032=B_SPLINE_CURVE_WITH_KNOTS('',2,(#12023,#12024,#12025,#12026,#12027,#12028,#12029,#12030,#12031),.UNSPECIFIED.,.F.,.F.,(3,2,2,2,3),(0.105774643,0.27060734,0.432692825,0.59477831,0.775932675),.UNSPECIFIED.);
#12033=EDGE_CURVE('',#12020,#12022,#12032,.T.);
#12034=ORIENTED_EDGE('',*,*,#12033,.F.);
#12035=CARTESIAN_POINT('',(-11.6,17.960436562,34.859822647));
#12036=VERTEX_POINT('',#12035);
#12037=CARTESIAN_POINT('',(-11.6,17.960436562,34.859822647));
#12038=DIRECTION('',(-1.,0.,0.));
#12039=VECTOR('',#12038,0.4);
#12040=LINE('',#12037,#12039);
#12041=EDGE_CURVE('',#12036,#12020,#12040,.T.);
#12042=ORIENTED_EDGE('',*,*,#12041,.F.);
#12043=CARTESIAN_POINT('',(-11.6,17.034106412,33.685197817));
#12044=VERTEX_POINT('',#12043);
#12045=CARTESIAN_POINT('',(-11.6,17.960436562,34.859822647));
#12046=CARTESIAN_POINT('',(-11.6,17.774215553,35.122442019));
#12047=CARTESIAN_POINT('',(-11.6,17.487721692,35.122442019));
#12048=CARTESIAN_POINT('',(-11.6,17.206002729,35.122442019));
#12049=CARTESIAN_POINT('',(-11.6,17.000682128,34.912346521));
#12050=CARTESIAN_POINT('',(-11.6,16.795361528,34.702251023));
#12051=CARTESIAN_POINT('',(-11.6,16.795361528,34.377557981));
#12052=CARTESIAN_POINT('',(-11.6,16.795361528,34.014665757));
#12053=CARTESIAN_POINT('',(-11.6,17.034106412,33.685197817));
#12054=B_SPLINE_CURVE_WITH_KNOTS('',2,(#12045,#12046,#12047,#12048,#12049,#12050,#12051,#12052,#12053),.UNSPECIFIED.,.F.,.F.,(3,2,2,2,3),(0.105774643,0.27060734,0.432692825,0.59477831,0.775932675),.UNSPECIFIED.);
#12055=EDGE_CURVE('',#12036,#12044,#12054,.T.);
#12056=ORIENTED_EDGE('',*,*,#12055,.T.);
#12057=CARTESIAN_POINT('',(-11.6,17.034106412,33.685197817));
#12058=DIRECTION('',(-1.,0.,0.));
#12059=VECTOR('',#12058,0.4);
#12060=LINE('',#12057,#12059);
#12061=EDGE_CURVE('',#12044,#12022,#12060,.T.);
#12062=ORIENTED_EDGE('',*,*,#12061,.T.);
#12063=EDGE_LOOP('',(#12034,#12042,#12056,#12062));
#12064=FACE_BOUND('',#12063,.T.);
#12065=ADVANCED_FACE('',(#12064),#12018,.T.);
#12066=CARTESIAN_POINT('',(-11.6,18.194406548,34.129263302));
#12067=CARTESIAN_POINT('',(-12.,18.194406548,34.129263302));
#12068=CARTESIAN_POINT('',(-11.6,18.075034106,34.68792633));
#12069=CARTESIAN_POINT('',(-12.,18.075034106,34.68792633));
#12070=CARTESIAN_POINT('',(-11.6,17.960436562,34.859822647));
#12071=CARTESIAN_POINT('',(-12.,17.960436562,34.859822647));
#12072=B_SPLINE_SURFACE_WITH_KNOTS('',2,1,((#12066,#12067),(#12068,#12069),(#12070,#12071)),.UNSPECIFIED.,.F.,.F.,.U.,(3,3),(2,2),(0.,0.105774643),(0.,1.),.UNSPECIFIED.);
#12073=CARTESIAN_POINT('',(-12.,18.194406548,34.129263302));
#12074=VERTEX_POINT('',#12073);
#12075=CARTESIAN_POINT('',(-12.,18.194406548,34.129263302));
#12076=CARTESIAN_POINT('',(-12.,18.075034106,34.68792633));
#12077=CARTESIAN_POINT('',(-12.,17.960436562,34.859822647));
#12078=B_SPLINE_CURVE_WITH_KNOTS('',2,(#12075,#12076,#12077),.UNSPECIFIED.,.F.,.F.,(3,3),(0.,0.105774643),.UNSPECIFIED.);
#12079=EDGE_CURVE('',#12074,#12020,#12078,.T.);
#12080=ORIENTED_EDGE('',*,*,#12079,.F.);
#12081=CARTESIAN_POINT('',(-11.6,18.194406548,34.129263302));
#12082=VERTEX_POINT('',#12081);
#12083=CARTESIAN_POINT('',(-11.6,18.194406548,34.129263302));
#12084=DIRECTION('',(-1.,0.,0.));
#12085=VECTOR('',#12084,0.4);
#12086=LINE('',#12083,#12085);
#12087=EDGE_CURVE('',#12082,#12074,#12086,.T.);
#12088=ORIENTED_EDGE('',*,*,#12087,.F.);
#12089=CARTESIAN_POINT('',(-11.6,18.194406548,34.129263302));
#12090=CARTESIAN_POINT('',(-11.6,18.075034106,34.68792633));
#12091=CARTESIAN_POINT('',(-11.6,17.960436562,34.859822647));
#12092=B_SPLINE_CURVE_WITH_KNOTS('',2,(#12089,#12090,#12091),.UNSPECIFIED.,.F.,.F.,(3,3),(0.,0.105774643),.UNSPECIFIED.);
#12093=EDGE_CURVE('',#12082,#12036,#12092,.T.);
#12094=ORIENTED_EDGE('',*,*,#12093,.T.);
#12095=ORIENTED_EDGE('',*,*,#12041,.T.);
#12096=EDGE_LOOP('',(#12080,#12088,#12094,#12095));
#12097=FACE_BOUND('',#12096,.T.);
#12098=ADVANCED_FACE('',(#12097),#12072,.T.);
#12099=CARTESIAN_POINT('',(-11.6,18.399727149,33.312755798));
#12100=CARTESIAN_POINT('',(-12.,18.399727149,33.312755798));
#12101=CARTESIAN_POINT('',(-11.6,18.31377899,33.570600273));
#12102=CARTESIAN_POINT('',(-12.,18.31377899,33.570600273));
#12103=CARTESIAN_POINT('',(-11.6,18.194406548,34.129263302));
#12104=CARTESIAN_POINT('',(-12.,18.194406548,34.129263302));
#12105=B_SPLINE_SURFACE_WITH_KNOTS('',2,1,((#12099,#12100),(#12101,#12102),(#12103,#12104)),.UNSPECIFIED.,.F.,.F.,.U.,(3,3),(2,2),(0.,1.),(0.,1.),.UNSPECIFIED.);
#12106=CARTESIAN_POINT('',(-12.,18.399727149,33.312755798));
#12107=VERTEX_POINT('',#12106);
#12108=CARTESIAN_POINT('',(-12.,18.399727149,33.312755798));
#12109=CARTESIAN_POINT('',(-12.,18.31377899,33.570600273));
#12110=CARTESIAN_POINT('',(-12.,18.194406548,34.129263302));
#12111=B_SPLINE_CURVE_WITH_KNOTS('',2,(#12108,#12109,#12110),.UNSPECIFIED.,.F.,.F.,(3,3),(0.,1.),.UNSPECIFIED.);
#12112=EDGE_CURVE('',#12107,#12074,#12111,.T.);
#12113=ORIENTED_EDGE('',*,*,#12112,.F.);
#12114=CARTESIAN_POINT('',(-11.6,18.399727149,33.312755798));
#12115=VERTEX_POINT('',#12114);
#12116=CARTESIAN_POINT('',(-11.6,18.399727149,33.312755798));
#12117=DIRECTION('',(-1.,0.,0.));
#12118=VECTOR('',#12117,0.4);
#12119=LINE('',#12116,#12118);
#12120=EDGE_CURVE('',#12115,#12107,#12119,.T.);
#12121=ORIENTED_EDGE('',*,*,#12120,.F.);
#12122=CARTESIAN_POINT('',(-11.6,18.399727149,33.312755798));
#12123=CARTESIAN_POINT('',(-11.6,18.31377899,33.570600273));
#12124=CARTESIAN_POINT('',(-11.6,18.194406548,34.129263302));
#12125=B_SPLINE_CURVE_WITH_KNOTS('',2,(#12122,#12123,#12124),.UNSPECIFIED.,.F.,.F.,(3,3),(0.,1.),.UNSPECIFIED.);
#12126=EDGE_CURVE('',#12115,#12082,#12125,.T.);
#12127=ORIENTED_EDGE('',*,*,#12126,.T.);
#12128=ORIENTED_EDGE('',*,*,#12087,.T.);
#12129=EDGE_LOOP('',(#12113,#12121,#12127,#12128));
#12130=FACE_BOUND('',#12129,.T.);
#12131=ADVANCED_FACE('',(#12130),#12105,.T.);
#12132=CARTESIAN_POINT('',(-11.6,18.266030014,33.312755798));
#12133=DIRECTION('',(0.,-0.,1.));
#12134=DIRECTION('',(1.,0.,-0.));
#12135=AXIS2_PLACEMENT_3D('',#12132,#12133,#12134);
#12136=PLANE('',#12135);
#12137=CARTESIAN_POINT('',(-12.,18.132332879,33.312755798));
#12138=VERTEX_POINT('',#12137);
#12139=CARTESIAN_POINT('',(-12.,18.132332879,33.312755798));
#12140=DIRECTION('',(0.,1.,0.));
#12141=VECTOR('',#12140,0.26739427);
#12142=LINE('',#12139,#12141);
#12143=EDGE_CURVE('',#12138,#12107,#12142,.T.);
#12144=ORIENTED_EDGE('',*,*,#12143,.F.);
#12145=CARTESIAN_POINT('',(-11.6,18.132332879,33.312755798));
#12146=VERTEX_POINT('',#12145);
#12147=CARTESIAN_POINT('',(-11.6,18.132332879,33.312755798));
#12148=DIRECTION('',(-1.,0.,0.));
#12149=VECTOR('',#12148,0.4);
#12150=LINE('',#12147,#12149);
#12151=EDGE_CURVE('',#12146,#12138,#12150,.T.);
#12152=ORIENTED_EDGE('',*,*,#12151,.F.);
#12153=CARTESIAN_POINT('',(-11.6,18.132332879,33.312755798));
#12154=DIRECTION('',(0.,1.,0.));
#12155=VECTOR('',#12154,0.26739427);
#12156=LINE('',#12153,#12155);
#12157=EDGE_CURVE('',#12146,#12115,#12156,.T.);
#12158=ORIENTED_EDGE('',*,*,#12157,.T.);
#12159=ORIENTED_EDGE('',*,*,#12120,.T.);
#12160=EDGE_LOOP('',(#12144,#12152,#12158,#12159));
#12161=FACE_BOUND('',#12160,.T.);
#12162=ADVANCED_FACE('',(#12161),#12136,.T.);
#12163=CARTESIAN_POINT('',(-11.6,17.478171896,33.365279673));
#12164=CARTESIAN_POINT('',(-12.,17.478171896,33.365279673));
#12165=CARTESIAN_POINT('',(-11.6,17.650068213,33.312755798));
#12166=CARTESIAN_POINT('',(-12.,17.650068213,33.312755798));
#12167=CARTESIAN_POINT('',(-11.6,18.132332879,33.312755798));
#12168=CARTESIAN_POINT('',(-12.,18.132332879,33.312755798));
#12169=B_SPLINE_SURFACE_WITH_KNOTS('',2,1,((#12163,#12164),(#12165,#12166),(#12167,#12168)),.UNSPECIFIED.,.F.,.F.,.U.,(3,3),(2,2),(0.911142998,1.),(0.,1.),.UNSPECIFIED.);
#12170=CARTESIAN_POINT('',(-12.,17.478171896,33.365279673));
#12171=VERTEX_POINT('',#12170);
#12172=CARTESIAN_POINT('',(-12.,17.478171896,33.365279673));
#12173=CARTESIAN_POINT('',(-12.,17.650068213,33.312755798));
#12174=CARTESIAN_POINT('',(-12.,18.132332879,33.312755798));
#12175=B_SPLINE_CURVE_WITH_KNOTS('',2,(#12172,#12173,#12174),.UNSPECIFIED.,.F.,.F.,(3,3),(0.911142998,1.),.UNSPECIFIED.);
#12176=EDGE_CURVE('',#12171,#12138,#12175,.T.);
#12177=ORIENTED_EDGE('',*,*,#12176,.F.);
#12178=CARTESIAN_POINT('',(-11.6,17.478171896,33.365279673));
#12179=VERTEX_POINT('',#12178);
#12180=CARTESIAN_POINT('',(-11.6,17.478171896,33.365279673));
#12181=DIRECTION('',(-1.,0.,0.));
#12182=VECTOR('',#12181,0.4);
#12183=LINE('',#12180,#12182);
#12184=EDGE_CURVE('',#12179,#12171,#12183,.T.);
#12185=ORIENTED_EDGE('',*,*,#12184,.F.);
#12186=CARTESIAN_POINT('',(-11.6,17.478171896,33.365279673));
#12187=CARTESIAN_POINT('',(-11.6,17.650068213,33.312755798));
#12188=CARTESIAN_POINT('',(-11.6,18.132332879,33.312755798));
#12189=B_SPLINE_CURVE_WITH_KNOTS('',2,(#12186,#12187,#12188),.UNSPECIFIED.,.F.,.F.,(3,3),(0.911142998,1.),.UNSPECIFIED.);
#12190=EDGE_CURVE('',#12179,#12146,#12189,.T.);
#12191=ORIENTED_EDGE('',*,*,#12190,.T.);
#12192=ORIENTED_EDGE('',*,*,#12151,.T.);
#12193=EDGE_LOOP('',(#12177,#12185,#12191,#12192));
#12194=FACE_BOUND('',#12193,.T.);
#12195=ADVANCED_FACE('',(#12194),#12169,.T.);
#12196=CARTESIAN_POINT('',(-11.6,17.034106412,33.685197817));
#12197=CARTESIAN_POINT('',(-12.,17.034106412,33.685197817));
#12198=CARTESIAN_POINT('',(-11.6,17.215552524,33.441678035));
#12199=CARTESIAN_POINT('',(-12.,17.215552524,33.441678035));
#12200=CARTESIAN_POINT('',(-11.6,17.478171896,33.365279673));
#12201=CARTESIAN_POINT('',(-12.,17.478171896,33.365279673));
#12202=B_SPLINE_SURFACE_WITH_KNOTS('',2,1,((#12196,#12197),(#12198,#12199),(#12200,#12201)),.UNSPECIFIED.,.F.,.F.,.U.,(3,3),(2,2),(0.775932675,0.911142998),(0.,1.),.UNSPECIFIED.);
#12203=CARTESIAN_POINT('',(-12.,17.034106412,33.685197817));
#12204=CARTESIAN_POINT('',(-12.,17.215552524,33.441678035));
#12205=CARTESIAN_POINT('',(-12.,17.478171896,33.365279673));
#12206=B_SPLINE_CURVE_WITH_KNOTS('',2,(#12203,#12204,#12205),.UNSPECIFIED.,.F.,.F.,(3,3),(0.775932675,0.911142998),.UNSPECIFIED.);
#12207=EDGE_CURVE('',#12022,#12171,#12206,.T.);
#12208=ORIENTED_EDGE('',*,*,#12207,.F.);
#12209=ORIENTED_EDGE('',*,*,#12061,.F.);
#12210=CARTESIAN_POINT('',(-11.6,17.034106412,33.685197817));
#12211=CARTESIAN_POINT('',(-11.6,17.215552524,33.441678035));
#12212=CARTESIAN_POINT('',(-11.6,17.478171896,33.365279673));
#12213=B_SPLINE_CURVE_WITH_KNOTS('',2,(#12210,#12211,#12212),.UNSPECIFIED.,.F.,.F.,(3,3),(0.775932675,0.911142998),.UNSPECIFIED.);
#12214=EDGE_CURVE('',#12044,#12179,#12213,.T.);
#12215=ORIENTED_EDGE('',*,*,#12214,.T.);
#12216=ORIENTED_EDGE('',*,*,#12184,.T.);
#12217=EDGE_LOOP('',(#12208,#12209,#12215,#12216));
#12218=FACE_BOUND('',#12217,.T.);
#12219=ADVANCED_FACE('',(#12218),#12202,.T.);
#12220=CARTESIAN_POINT('',(-11.6,16.360845839,33.159959072));
#12221=CARTESIAN_POINT('',(-12.,16.360845839,33.159959072));
#12222=CARTESIAN_POINT('',(-11.6,16.480218281,33.193383356));
#12223=CARTESIAN_POINT('',(-12.,16.480218281,33.193383356));
#12224=CARTESIAN_POINT('',(-11.6,16.518417462,33.207708049));
#12225=CARTESIAN_POINT('',(-12.,16.518417462,33.207708049));
#12226=B_SPLINE_SURFACE_WITH_KNOTS('',2,1,((#12220,#12221),(#12222,#12223),(#12224,#12225)),.UNSPECIFIED.,.F.,.F.,.U.,(3,3),(2,2),(0.017263306,0.025087702),(0.,1.),.UNSPECIFIED.);
#12227=ORIENTED_EDGE('',*,*,#2380,.F.);
#12228=ORIENTED_EDGE('',*,*,#11685,.F.);
#12229=CARTESIAN_POINT('',(-11.6,16.360845839,33.159959072));
#12230=CARTESIAN_POINT('',(-11.6,16.480218281,33.193383356));
#12231=CARTESIAN_POINT('',(-11.6,16.518417462,33.207708049));
#12232=B_SPLINE_CURVE_WITH_KNOTS('',2,(#12229,#12230,#12231),.UNSPECIFIED.,.F.,.F.,(3,3),(0.017263306,0.025087702),.UNSPECIFIED.);
#12233=EDGE_CURVE('',#11674,#11971,#12232,.T.);
#12234=ORIENTED_EDGE('',*,*,#12233,.T.);
#12235=ORIENTED_EDGE('',*,*,#11976,.T.);
#12236=EDGE_LOOP('',(#12227,#12228,#12234,#12235));
#12237=FACE_BOUND('',#12236,.T.);
#12238=ADVANCED_FACE('',(#12237),#12226,.T.);
#12239=CARTESIAN_POINT('',(-11.6,-0.5,66.5));
#12240=DIRECTION('',(1.,-0.,-0.));
#12241=DIRECTION('',(-0.,0.,-1.));
#12242=AXIS2_PLACEMENT_3D('',#12239,#12240,#12241);
#12243=PLANE('',#12242);
#12244=ORIENTED_EDGE('',*,*,#12055,.F.);
#12245=ORIENTED_EDGE('',*,*,#12093,.F.);
#12246=ORIENTED_EDGE('',*,*,#12126,.F.);
#12247=ORIENTED_EDGE('',*,*,#12157,.F.);
#12248=ORIENTED_EDGE('',*,*,#12190,.F.);
#12249=ORIENTED_EDGE('',*,*,#12214,.F.);
#12250=EDGE_LOOP('',(#12244,#12245,#12246,#12247,#12248,#12249));
#12251=FACE_BOUND('',#12250,.T.);
#12252=ORIENTED_EDGE('',*,*,#11679,.F.);
#12253=ORIENTED_EDGE('',*,*,#11708,.F.);
#12254=ORIENTED_EDGE('',*,*,#11740,.F.);
#12255=ORIENTED_EDGE('',*,*,#11764,.F.);
#12256=ORIENTED_EDGE('',*,*,#11814,.F.);
#12257=ORIENTED_EDGE('',*,*,#11838,.F.);
#12258=ORIENTED_EDGE('',*,*,#11882,.F.);
#12259=ORIENTED_EDGE('',*,*,#11906,.F.);
#12260=ORIENTED_EDGE('',*,*,#11932,.F.);
#12261=ORIENTED_EDGE('',*,*,#11994,.F.);
#12262=ORIENTED_EDGE('',*,*,#12233,.F.);
#12263=EDGE_LOOP('',(#12252,#12253,#12254,#12255,#12256,#12257,#12258,#12259,#12260,#12261,#12262));
#12264=FACE_BOUND('',#12263,.T.);
#12265=ADVANCED_FACE('',(#12251,#12264),#12243,.T.);
#12266=CARTESIAN_POINT('',(-12.,17.,43.5));
#12267=DIRECTION('',(1.,-0.,-0.));
#12268=DIRECTION('',(-0.,0.,-1.));
#12269=AXIS2_PLACEMENT_3D('',#12266,#12267,#12268);
#12270=PLANE('',#12269);
#12271=ORIENTED_EDGE('',*,*,#12033,.T.);
#12272=ORIENTED_EDGE('',*,*,#12207,.T.);
#12273=ORIENTED_EDGE('',*,*,#12176,.T.);
#12274=ORIENTED_EDGE('',*,*,#12143,.T.);
#12275=ORIENTED_EDGE('',*,*,#12112,.T.);
#12276=ORIENTED_EDGE('',*,*,#12079,.T.);
#12277=EDGE_LOOP('',(#12271,#12272,#12273,#12274,#12275,#12276));
#12278=FACE_BOUND('',#12277,.T.);
#12279=ADVANCED_FACE('',(#12278),#12270,.T.);
#12280=CARTESIAN_POINT('',(-11.6,16.60675307,12.362892224));
#12281=CARTESIAN_POINT('',(-12.,16.60675307,12.362892224));
#12282=CARTESIAN_POINT('',(-11.6,15.849931787,13.105388813));
#12283=CARTESIAN_POINT('',(-12.,15.849931787,13.105388813));
#12284=CARTESIAN_POINT('',(-11.6,15.849931787,14.232264666));
#12285=CARTESIAN_POINT('',(-12.,15.849931787,14.232264666));
#12286=CARTESIAN_POINT('',(-11.6,15.849931787,14.929399727));
#12287=CARTESIAN_POINT('',(-12.,15.849931787,14.929399727));
#12288=CARTESIAN_POINT('',(-11.6,16.165075034,15.56207367));
#12289=CARTESIAN_POINT('',(-12.,16.165075034,15.56207367));
#12290=CARTESIAN_POINT('',(-11.6,16.480218281,16.194747613));
#12291=CARTESIAN_POINT('',(-12.,16.480218281,16.194747613));
#12292=CARTESIAN_POINT('',(-11.6,17.089017735,16.524215553));
#12293=CARTESIAN_POINT('',(-12.,17.089017735,16.524215553));
#12294=CARTESIAN_POINT('',(-11.6,17.69781719,16.853683492));
#12295=CARTESIAN_POINT('',(-12.,17.69781719,16.853683492));
#12296=CARTESIAN_POINT('',(-11.6,18.571623465,16.853683492));
#12297=CARTESIAN_POINT('',(-12.,18.571623465,16.853683492));
#12298=CARTESIAN_POINT('',(-11.6,19.240109141,16.853683492));
#12299=CARTESIAN_POINT('',(-12.,19.240109141,16.853683492));
#12300=CARTESIAN_POINT('',(-11.6,19.865620737,16.524215553));
#12301=CARTESIAN_POINT('',(-12.,19.865620737,16.524215553));
#12302=CARTESIAN_POINT('',(-11.6,20.491132333,16.194747613));
#12303=CARTESIAN_POINT('',(-12.,20.491132333,16.194747613));
#12304=CARTESIAN_POINT('',(-11.6,20.820600273,15.590723056));
#12305=CARTESIAN_POINT('',(-12.,20.820600273,15.590723056));
#12306=B_SPLINE_SURFACE_WITH_KNOTS('',2,1,((#12280,#12281),(#12282,#12283),(#12284,#12285),(#12286,#12287),(#12288,#12289),(#12290,#12291),(#12292,#12293),(#12294,#12295),(#12296,#12297),(#12298,#12299),(#12300,#12301),(#12302,#12303),(#12304,#12305)),.UNSPECIFIED.,.F.,.F.,.U.,(3,2,2,2,2,2,3),(2,2),(0.488074716,0.622703628,0.705991006,0.789278383,0.872565761,0.93628288,1.),(0.,1.),.UNSPECIFIED.);
#12307=ORIENTED_EDGE('',*,*,#2348,.F.);
#12308=CARTESIAN_POINT('',(-11.6,16.60675307,12.362892224));
#12309=VERTEX_POINT('',#12308);
#12310=CARTESIAN_POINT('',(-11.6,16.60675307,12.362892224));
#12311=DIRECTION('',(-1.,0.,0.));
#12312=VECTOR('',#12311,0.4);
#12313=LINE('',#12310,#12312);
#12314=EDGE_CURVE('',#12309,#2331,#12313,.T.);
#12315=ORIENTED_EDGE('',*,*,#12314,.F.);
#12316=CARTESIAN_POINT('',(-11.6,20.820600273,15.590723056));
#12317=VERTEX_POINT('',#12316);
#12318=CARTESIAN_POINT('',(-11.6,16.60675307,12.362892224));
#12319=CARTESIAN_POINT('',(-11.6,15.849931787,13.105388813));
#12320=CARTESIAN_POINT('',(-11.6,15.849931787,14.232264666));
#12321=CARTESIAN_POINT('',(-11.6,15.849931787,14.929399727));
#12322=CARTESIAN_POINT('',(-11.6,16.165075034,15.56207367));
#12323=CARTESIAN_POINT('',(-11.6,16.480218281,16.194747613));
#12324=CARTESIAN_POINT('',(-11.6,17.089017735,16.524215553));
#12325=CARTESIAN_POINT('',(-11.6,17.69781719,16.853683492));
#12326=CARTESIAN_POINT('',(-11.6,18.571623465,16.853683492));
#12327=CARTESIAN_POINT('',(-11.6,19.240109141,16.853683492));
#12328=CARTESIAN_POINT('',(-11.6,19.865620737,16.524215553));
#12329=CARTESIAN_POINT('',(-11.6,20.491132333,16.194747613));
#12330=CARTESIAN_POINT('',(-11.6,20.820600273,15.590723056));
#12331=B_SPLINE_CURVE_WITH_KNOTS('',2,(#12318,#12319,#12320,#12321,#12322,#12323,#12324,#12325,#12326,#12327,#12328,#12329,#12330),.UNSPECIFIED.,.F.,.F.,(3,2,2,2,2,2,3),(0.488074716,0.622703628,0.705991006,0.789278383,0.872565761,0.93628288,1.),.UNSPECIFIED.);
#12332=EDGE_CURVE('',#12309,#12317,#12331,.T.);
#12333=ORIENTED_EDGE('',*,*,#12332,.T.);
#12334=CARTESIAN_POINT('',(-11.6,20.820600273,15.590723056));
#12335=DIRECTION('',(-1.,0.,0.));
#12336=VECTOR('',#12335,0.4);
#12337=LINE('',#12334,#12336);
#12338=EDGE_CURVE('',#12317,#2333,#12337,.T.);
#12339=ORIENTED_EDGE('',*,*,#12338,.T.);
#12340=EDGE_LOOP('',(#12307,#12315,#12333,#12339));
#12341=FACE_BOUND('',#12340,.T.);
#12342=ADVANCED_FACE('',(#12341),#12306,.T.);
#12343=CARTESIAN_POINT('',(-11.6,20.056616644,14.237039563));
#12344=CARTESIAN_POINT('',(-12.,20.056616644,14.237039563));
#12345=CARTESIAN_POINT('',(-11.6,20.056616644,14.762278308));
#12346=CARTESIAN_POINT('',(-12.,20.056616644,14.762278308));
#12347=CARTESIAN_POINT('',(-11.6,19.655525239,15.120395634));
#12348=CARTESIAN_POINT('',(-12.,19.655525239,15.120395634));
#12349=CARTESIAN_POINT('',(-11.6,19.254433834,15.47851296));
#12350=CARTESIAN_POINT('',(-12.,19.254433834,15.47851296));
#12351=CARTESIAN_POINT('',(-11.6,18.5,15.47851296));
#12352=CARTESIAN_POINT('',(-12.,18.5,15.47851296));
#12353=CARTESIAN_POINT('',(-11.6,17.745566166,15.47851296));
#12354=CARTESIAN_POINT('',(-12.,17.745566166,15.47851296));
#12355=CARTESIAN_POINT('',(-11.6,17.344474761,15.120395634));
#12356=CARTESIAN_POINT('',(-12.,17.344474761,15.120395634));
#12357=CARTESIAN_POINT('',(-11.6,16.943383356,14.762278308));
#12358=CARTESIAN_POINT('',(-12.,16.943383356,14.762278308));
#12359=CARTESIAN_POINT('',(-11.6,16.943383356,14.237039563));
#12360=CARTESIAN_POINT('',(-12.,16.943383356,14.237039563));
#12361=B_SPLINE_SURFACE_WITH_KNOTS('',2,1,((#12343,#12344),(#12345,#12346),(#12347,#12348),(#12349,#12350),(#12351,#12352),(#12353,#12354),(#12355,#12356),(#12357,#12358),(#12359,#12360)),.UNSPECIFIED.,.F.,.F.,.U.,(3,2,2,2,3),(2,2),(0.503184713,0.627388535,0.751592357,0.875796178,1.),(0.,1.),.UNSPECIFIED.);
#12362=CARTESIAN_POINT('',(-12.,20.056616644,14.237039563));
#12363=VERTEX_POINT('',#12362);
#12364=CARTESIAN_POINT('',(-12.,16.943383356,14.237039563));
#12365=VERTEX_POINT('',#12364);
#12366=CARTESIAN_POINT('',(-12.,20.056616644,14.237039563));
#12367=CARTESIAN_POINT('',(-12.,20.056616644,14.762278308));
#12368=CARTESIAN_POINT('',(-12.,19.655525239,15.120395634));
#12369=CARTESIAN_POINT('',(-12.,19.254433834,15.47851296));
#12370=CARTESIAN_POINT('',(-12.,18.5,15.47851296));
#12371=CARTESIAN_POINT('',(-12.,17.745566166,15.47851296));
#12372=CARTESIAN_POINT('',(-12.,17.344474761,15.120395634));
#12373=CARTESIAN_POINT('',(-12.,16.943383356,14.762278308));
#12374=CARTESIAN_POINT('',(-12.,16.943383356,14.237039563));
#12375=B_SPLINE_CURVE_WITH_KNOTS('',2,(#12366,#12367,#12368,#12369,#12370,#12371,#12372,#12373,#12374),.UNSPECIFIED.,.F.,.F.,(3,2,2,2,3),(0.503184713,0.627388535,0.751592357,0.875796178,1.),.UNSPECIFIED.);
#12376=EDGE_CURVE('',#12363,#12365,#12375,.T.);
#12377=ORIENTED_EDGE('',*,*,#12376,.F.);
#12378=CARTESIAN_POINT('',(-11.6,20.056616644,14.237039563));
#12379=VERTEX_POINT('',#12378);
#12380=CARTESIAN_POINT('',(-11.6,20.056616644,14.237039563));
#12381=DIRECTION('',(-1.,0.,0.));
#12382=VECTOR('',#12381,0.4);
#12383=LINE('',#12380,#12382);
#12384=EDGE_CURVE('',#12379,#12363,#12383,.T.);
#12385=ORIENTED_EDGE('',*,*,#12384,.F.);
#12386=CARTESIAN_POINT('',(-11.6,16.943383356,14.237039563));
#12387=VERTEX_POINT('',#12386);
#12388=CARTESIAN_POINT('',(-11.6,20.056616644,14.237039563));
#12389=CARTESIAN_POINT('',(-11.6,20.056616644,14.762278308));
#12390=CARTESIAN_POINT('',(-11.6,19.655525239,15.120395634));
#12391=CARTESIAN_POINT('',(-11.6,19.254433834,15.47851296));
#12392=CARTESIAN_POINT('',(-11.6,18.5,15.47851296));
#12393=CARTESIAN_POINT('',(-11.6,17.745566166,15.47851296));
#12394=CARTESIAN_POINT('',(-11.6,17.344474761,15.120395634));
#12395=CARTESIAN_POINT('',(-11.6,16.943383356,14.762278308));
#12396=CARTESIAN_POINT('',(-11.6,16.943383356,14.237039563));
#12397=B_SPLINE_CURVE_WITH_KNOTS('',2,(#12388,#12389,#12390,#12391,#12392,#12393,#12394,#12395,#12396),.UNSPECIFIED.,.F.,.F.,(3,2,2,2,3),(0.503184713,0.627388535,0.751592357,0.875796178,1.),.UNSPECIFIED.);
#12398=EDGE_CURVE('',#12379,#12387,#12397,.T.);
#12399=ORIENTED_EDGE('',*,*,#12398,.T.);
#12400=CARTESIAN_POINT('',(-11.6,16.943383356,14.237039563));
#12401=DIRECTION('',(-1.,0.,0.));
#12402=VECTOR('',#12401,0.4);
#12403=LINE('',#12400,#12402);
#12404=EDGE_CURVE('',#12387,#12365,#12403,.T.);
#12405=ORIENTED_EDGE('',*,*,#12404,.T.);
#12406=EDGE_LOOP('',(#12377,#12385,#12399,#12405));
#12407=FACE_BOUND('',#12406,.T.);
#12408=ADVANCED_FACE('',(#12407),#12361,.T.);
#12409=CARTESIAN_POINT('',(-11.6,16.943383356,14.237039563));
#12410=CARTESIAN_POINT('',(-12.,16.943383356,14.237039563));
#12411=CARTESIAN_POINT('',(-11.6,16.943383356,13.711800819));
#12412=CARTESIAN_POINT('',(-12.,16.943383356,13.711800819));
#12413=CARTESIAN_POINT('',(-11.6,17.344474761,13.356070941));
#12414=CARTESIAN_POINT('',(-12.,17.344474761,13.356070941));
#12415=CARTESIAN_POINT('',(-11.6,17.745566166,13.000341064));
#12416=CARTESIAN_POINT('',(-12.,17.745566166,13.000341064));
#12417=CARTESIAN_POINT('',(-11.6,18.509549795,13.000341064));
#12418=CARTESIAN_POINT('',(-12.,18.509549795,13.000341064));
#12419=CARTESIAN_POINT('',(-11.6,19.254433834,13.000341064));
#12420=CARTESIAN_POINT('',(-12.,19.254433834,13.000341064));
#12421=CARTESIAN_POINT('',(-11.6,19.655525239,13.356070941));
#12422=CARTESIAN_POINT('',(-12.,19.655525239,13.356070941));
#12423=CARTESIAN_POINT('',(-11.6,20.056616644,13.711800819));
#12424=CARTESIAN_POINT('',(-12.,20.056616644,13.711800819));
#12425=CARTESIAN_POINT('',(-11.6,20.056616644,14.237039563));
#12426=CARTESIAN_POINT('',(-12.,20.056616644,14.237039563));
#12427=B_SPLINE_SURFACE_WITH_KNOTS('',2,1,((#12409,#12410),(#12411,#12412),(#12413,#12414),(#12415,#12416),(#12417,#12418),(#12419,#12420),(#12421,#12422),(#12423,#12424),(#12425,#12426)),.UNSPECIFIED.,.F.,.F.,.U.,(3,2,2,2,3),(2,2),(0.,0.127388535,0.25477707,0.378980892,0.503184713),(0.,1.),.UNSPECIFIED.);
#12428=CARTESIAN_POINT('',(-12.,16.943383356,14.237039563));
#12429=CARTESIAN_POINT('',(-12.,16.943383356,13.711800819));
#12430=CARTESIAN_POINT('',(-12.,17.344474761,13.356070941));
#12431=CARTESIAN_POINT('',(-12.,17.745566166,13.000341064));
#12432=CARTESIAN_POINT('',(-12.,18.509549795,13.000341064));
#12433=CARTESIAN_POINT('',(-12.,19.254433834,13.000341064));
#12434=CARTESIAN_POINT('',(-12.,19.655525239,13.356070941));
#12435=CARTESIAN_POINT('',(-12.,20.056616644,13.711800819));
#12436=CARTESIAN_POINT('',(-12.,20.056616644,14.237039563));
#12437=B_SPLINE_CURVE_WITH_KNOTS('',2,(#12428,#12429,#12430,#12431,#12432,#12433,#12434,#12435,#12436),.UNSPECIFIED.,.F.,.F.,(3,2,2,2,3),(0.,0.127388535,0.25477707,0.378980892,0.503184713),.UNSPECIFIED.);
#12438=EDGE_CURVE('',#12365,#12363,#12437,.T.);
#12439=ORIENTED_EDGE('',*,*,#12438,.F.);
#12440=ORIENTED_EDGE('',*,*,#12404,.F.);
#12441=CARTESIAN_POINT('',(-11.6,16.943383356,14.237039563));
#12442=CARTESIAN_POINT('',(-11.6,16.943383356,13.711800819));
#12443=CARTESIAN_POINT('',(-11.6,17.344474761,13.356070941));
#12444=CARTESIAN_POINT('',(-11.6,17.745566166,13.000341064));
#12445=CARTESIAN_POINT('',(-11.6,18.509549795,13.000341064));
#12446=CARTESIAN_POINT('',(-11.6,19.254433834,13.000341064));
#12447=CARTESIAN_POINT('',(-11.6,19.655525239,13.356070941));
#12448=CARTESIAN_POINT('',(-11.6,20.056616644,13.711800819));
#12449=CARTESIAN_POINT('',(-11.6,20.056616644,14.237039563));
#12450=B_SPLINE_CURVE_WITH_KNOTS('',2,(#12441,#12442,#12443,#12444,#12445,#12446,#12447,#12448,#12449),.UNSPECIFIED.,.F.,.F.,(3,2,2,2,3),(0.,0.127388535,0.25477707,0.378980892,0.503184713),.UNSPECIFIED.);
#12451=EDGE_CURVE('',#12387,#12379,#12450,.T.);
#12452=ORIENTED_EDGE('',*,*,#12451,.T.);
#12453=ORIENTED_EDGE('',*,*,#12384,.T.);
#12454=EDGE_LOOP('',(#12439,#12440,#12452,#12453));
#12455=FACE_BOUND('',#12454,.T.);
#12456=ADVANCED_FACE('',(#12455),#12427,.T.);
#12457=CARTESIAN_POINT('',(-11.6,20.820600273,15.590723056));
#12458=CARTESIAN_POINT('',(-12.,20.820600273,15.590723056));
#12459=CARTESIAN_POINT('',(-11.6,21.150068213,14.986698499));
#12460=CARTESIAN_POINT('',(-12.,21.150068213,14.986698499));
#12461=CARTESIAN_POINT('',(-11.6,21.150068213,14.241814461));
#12462=CARTESIAN_POINT('',(-12.,21.150068213,14.241814461));
#12463=CARTESIAN_POINT('',(-11.6,21.150068213,13.09106412));
#12464=CARTESIAN_POINT('',(-12.,21.150068213,13.09106412));
#12465=CARTESIAN_POINT('',(-11.6,20.402796726,12.355729877));
#12466=CARTESIAN_POINT('',(-12.,20.402796726,12.355729877));
#12467=CARTESIAN_POINT('',(-11.6,19.655525239,11.620395634));
#12468=CARTESIAN_POINT('',(-12.,19.655525239,11.620395634));
#12469=CARTESIAN_POINT('',(-11.6,18.514324693,11.620395634));
#12470=CARTESIAN_POINT('',(-12.,18.514324693,11.620395634));
#12471=CARTESIAN_POINT('',(-11.6,17.363574352,11.620395634));
#12472=CARTESIAN_POINT('',(-12.,17.363574352,11.620395634));
#12473=CARTESIAN_POINT('',(-11.6,16.60675307,12.362892224));
#12474=CARTESIAN_POINT('',(-12.,16.60675307,12.362892224));
#12475=B_SPLINE_SURFACE_WITH_KNOTS('',2,1,((#12457,#12458),(#12459,#12460),(#12461,#12462),(#12463,#12464),(#12465,#12466),(#12467,#12468),(#12469,#12470),(#12471,#12472),(#12473,#12474)),.UNSPECIFIED.,.F.,.F.,.U.,(3,2,2,2,3),(2,2),(0.,0.086422485,0.219934145,0.353445804,0.488074716),(0.,1.),.UNSPECIFIED.);
#12476=ORIENTED_EDGE('',*,*,#2360,.F.);
#12477=ORIENTED_EDGE('',*,*,#12338,.F.);
#12478=CARTESIAN_POINT('',(-11.6,20.820600273,15.590723056));
#12479=CARTESIAN_POINT('',(-11.6,21.150068213,14.986698499));
#12480=CARTESIAN_POINT('',(-11.6,21.150068213,14.241814461));
#12481=CARTESIAN_POINT('',(-11.6,21.150068213,13.09106412));
#12482=CARTESIAN_POINT('',(-11.6,20.402796726,12.355729877));
#12483=CARTESIAN_POINT('',(-11.6,19.655525239,11.620395634));
#12484=CARTESIAN_POINT('',(-11.6,18.514324693,11.620395634));
#12485=CARTESIAN_POINT('',(-11.6,17.363574352,11.620395634));
#12486=CARTESIAN_POINT('',(-11.6,16.60675307,12.362892224));
#12487=B_SPLINE_CURVE_WITH_KNOTS('',2,(#12478,#12479,#12480,#12481,#12482,#12483,#12484,#12485,#12486),.UNSPECIFIED.,.F.,.F.,(3,2,2,2,3),(0.,0.086422485,0.219934145,0.353445804,0.488074716),.UNSPECIFIED.);
#12488=EDGE_CURVE('',#12317,#12309,#12487,.T.);
#12489=ORIENTED_EDGE('',*,*,#12488,.T.);
#12490=ORIENTED_EDGE('',*,*,#12314,.T.);
#12491=EDGE_LOOP('',(#12476,#12477,#12489,#12490));
#12492=FACE_BOUND('',#12491,.T.);
#12493=ADVANCED_FACE('',(#12492),#12475,.T.);
#12494=CARTESIAN_POINT('',(-11.6,-0.5,66.5));
#12495=DIRECTION('',(1.,-0.,-0.));
#12496=DIRECTION('',(-0.,0.,-1.));
#12497=AXIS2_PLACEMENT_3D('',#12494,#12495,#12496);
#12498=PLANE('',#12497);
#12499=ORIENTED_EDGE('',*,*,#12398,.F.);
#12500=ORIENTED_EDGE('',*,*,#12451,.F.);
#12501=EDGE_LOOP('',(#12499,#12500));
#12502=FACE_BOUND('',#12501,.T.);
#12503=ORIENTED_EDGE('',*,*,#12332,.F.);
#12504=ORIENTED_EDGE('',*,*,#12488,.F.);
#12505=EDGE_LOOP('',(#12503,#12504));
#12506=FACE_BOUND('',#12505,.T.);
#12507=ADVANCED_FACE('',(#12502,#12506),#12498,.T.);
#12508=CARTESIAN_POINT('',(-12.,17.,43.5));
#12509=DIRECTION('',(1.,-0.,-0.));
#12510=DIRECTION('',(-0.,0.,-1.));
#12511=AXIS2_PLACEMENT_3D('',#12508,#12509,#12510);
#12512=PLANE('',#12511);
#12513=ORIENTED_EDGE('',*,*,#12376,.T.);
#12514=ORIENTED_EDGE('',*,*,#12438,.T.);
#12515=EDGE_LOOP('',(#12513,#12514));
#12516=FACE_BOUND('',#12515,.T.);
#12517=ADVANCED_FACE('',(#12516),#12512,.T.);
#12518=CARTESIAN_POINT('',(-11.6,17.798090041,39.17633015));
#12519=CARTESIAN_POINT('',(-12.,17.798090041,39.17633015));
#12520=CARTESIAN_POINT('',(-11.6,18.156207367,40.799795362));
#12521=CARTESIAN_POINT('',(-12.,18.156207367,40.799795362));
#12522=CARTESIAN_POINT('',(-11.6,18.452251023,41.23431105));
#12523=CARTESIAN_POINT('',(-12.,18.452251023,41.23431105));
#12524=B_SPLINE_SURFACE_WITH_KNOTS('',2,1,((#12518,#12519),(#12520,#12521),(#12522,#12523)),.UNSPECIFIED.,.F.,.F.,.U.,(3,3),(2,2),(0.220271582,0.327617915),(0.,1.),.UNSPECIFIED.);
#12525=ORIENTED_EDGE('',*,*,#2218,.F.);
#12526=CARTESIAN_POINT('',(-11.6,17.798090041,39.17633015));
#12527=VERTEX_POINT('',#12526);
#12528=CARTESIAN_POINT('',(-11.6,17.798090041,39.17633015));
#12529=DIRECTION('',(-1.,0.,0.));
#12530=VECTOR('',#12529,0.4);
#12531=LINE('',#12528,#12530);
#12532=EDGE_CURVE('',#12527,#2211,#12531,.T.);
#12533=ORIENTED_EDGE('',*,*,#12532,.F.);
#12534=CARTESIAN_POINT('',(-11.6,18.452251023,41.23431105));
#12535=VERTEX_POINT('',#12534);
#12536=CARTESIAN_POINT('',(-11.6,17.798090041,39.17633015));
#12537=CARTESIAN_POINT('',(-11.6,18.156207367,40.799795362));
#12538=CARTESIAN_POINT('',(-11.6,18.452251023,41.23431105));
#12539=B_SPLINE_CURVE_WITH_KNOTS('',2,(#12536,#12537,#12538),.UNSPECIFIED.,.F.,.F.,(3,3),(0.220271582,0.327617915),.UNSPECIFIED.);
#12540=EDGE_CURVE('',#12527,#12535,#12539,.T.);
#12541=ORIENTED_EDGE('',*,*,#12540,.T.);
#12542=CARTESIAN_POINT('',(-11.6,18.452251023,41.23431105));
#12543=DIRECTION('',(-1.,0.,0.));
#12544=VECTOR('',#12543,0.4);
#12545=LINE('',#12542,#12544);
#12546=EDGE_CURVE('',#12535,#2213,#12545,.T.);
#12547=ORIENTED_EDGE('',*,*,#12546,.T.);
#12548=EDGE_LOOP('',(#12525,#12533,#12541,#12547));
#12549=FACE_BOUND('',#12548,.T.);
#12550=ADVANCED_FACE('',(#12549),#12524,.T.);
#12551=CARTESIAN_POINT('',(-11.6,17.621418827,38.727489768));
#12552=CARTESIAN_POINT('',(-12.,17.621418827,38.727489768));
#12553=CARTESIAN_POINT('',(-11.6,17.71691678,38.827762619));
#12554=CARTESIAN_POINT('',(-12.,17.71691678,38.827762619));
#12555=CARTESIAN_POINT('',(-11.6,17.798090041,39.17633015));
#12556=CARTESIAN_POINT('',(-12.,17.798090041,39.17633015));
#12557=B_SPLINE_SURFACE_WITH_KNOTS('',2,1,((#12551,#12552),(#12553,#12554),(#12555,#12556)),.UNSPECIFIED.,.F.,.F.,.U.,(3,3),(2,2),(0.197162538,0.220271582),(0.,1.),.UNSPECIFIED.);
#12558=ORIENTED_EDGE('',*,*,#2326,.F.);
#12559=CARTESIAN_POINT('',(-11.6,17.621418827,38.727489768));
#12560=VERTEX_POINT('',#12559);
#12561=CARTESIAN_POINT('',(-11.6,17.621418827,38.727489768));
#12562=DIRECTION('',(-1.,0.,0.));
#12563=VECTOR('',#12562,0.4);
#12564=LINE('',#12561,#12563);
#12565=EDGE_CURVE('',#12560,#2313,#12564,.T.);
#12566=ORIENTED_EDGE('',*,*,#12565,.F.);
#12567=CARTESIAN_POINT('',(-11.6,17.621418827,38.727489768));
#12568=CARTESIAN_POINT('',(-11.6,17.71691678,38.827762619));
#12569=CARTESIAN_POINT('',(-11.6,17.798090041,39.17633015));
#12570=B_SPLINE_CURVE_WITH_KNOTS('',2,(#12567,#12568,#12569),.UNSPECIFIED.,.F.,.F.,(3,3),(0.197162538,0.220271582),.UNSPECIFIED.);
#12571=EDGE_CURVE('',#12560,#12527,#12570,.T.);
#12572=ORIENTED_EDGE('',*,*,#12571,.T.);
#12573=ORIENTED_EDGE('',*,*,#12532,.T.);
#12574=EDGE_LOOP('',(#12558,#12566,#12572,#12573));
#12575=FACE_BOUND('',#12574,.T.);
#12576=ADVANCED_FACE('',(#12575),#12557,.T.);
#12577=CARTESIAN_POINT('',(-11.6,17.010231924,38.808663029));
#12578=CARTESIAN_POINT('',(-12.,17.010231924,38.808663029));
#12579=CARTESIAN_POINT('',(-11.6,17.143929059,38.631991814));
#12580=CARTESIAN_POINT('',(-12.,17.143929059,38.631991814));
#12581=CARTESIAN_POINT('',(-11.6,17.36834925,38.631991814));
#12582=CARTESIAN_POINT('',(-12.,17.36834925,38.631991814));
#12583=CARTESIAN_POINT('',(-11.6,17.521145975,38.631991814));
#12584=CARTESIAN_POINT('',(-12.,17.521145975,38.631991814));
#12585=CARTESIAN_POINT('',(-11.6,17.621418827,38.727489768));
#12586=CARTESIAN_POINT('',(-12.,17.621418827,38.727489768));
#12587=B_SPLINE_SURFACE_WITH_KNOTS('',2,1,((#12577,#12578),(#12579,#12580),(#12581,#12582),(#12583,#12584),(#12585,#12586)),.UNSPECIFIED.,.F.,.F.,.U.,(3,2,3),(2,2),(0.140112085,0.174053494,0.197162538),(0.,1.),.UNSPECIFIED.);
#12588=ORIENTED_EDGE('',*,*,#2320,.F.);
#12589=CARTESIAN_POINT('',(-11.6,17.010231924,38.808663029));
#12590=VERTEX_POINT('',#12589);
#12591=CARTESIAN_POINT('',(-11.6,17.010231924,38.808663029));
#12592=DIRECTION('',(-1.,0.,0.));
#12593=VECTOR('',#12592,0.4);
#12594=LINE('',#12591,#12593);
#12595=EDGE_CURVE('',#12590,#2301,#12594,.T.);
#12596=ORIENTED_EDGE('',*,*,#12595,.F.);
#12597=CARTESIAN_POINT('',(-11.6,17.010231924,38.808663029));
#12598=CARTESIAN_POINT('',(-11.6,17.143929059,38.631991814));
#12599=CARTESIAN_POINT('',(-11.6,17.36834925,38.631991814));
#12600=CARTESIAN_POINT('',(-11.6,17.521145975,38.631991814));
#12601=CARTESIAN_POINT('',(-11.6,17.621418827,38.727489768));
#12602=B_SPLINE_CURVE_WITH_KNOTS('',2,(#12597,#12598,#12599,#12600,#12601),.UNSPECIFIED.,.F.,.F.,(3,2,3),(0.140112085,0.174053494,0.197162538),.UNSPECIFIED.);
#12603=EDGE_CURVE('',#12590,#12560,#12602,.T.);
#12604=ORIENTED_EDGE('',*,*,#12603,.T.);
#12605=ORIENTED_EDGE('',*,*,#12565,.T.);
#12606=EDGE_LOOP('',(#12588,#12596,#12604,#12605));
#12607=FACE_BOUND('',#12606,.T.);
#12608=ADVANCED_FACE('',(#12607),#12587,.T.);
#12609=CARTESIAN_POINT('',(-11.6,17.616643929,40.675648022));
#12610=CARTESIAN_POINT('',(-12.,17.616643929,40.675648022));
#12611=CARTESIAN_POINT('',(-11.6,17.225102319,40.589699864));
#12612=CARTESIAN_POINT('',(-12.,17.225102319,40.589699864));
#12613=CARTESIAN_POINT('',(-11.6,17.022169168,40.327080491));
#12614=CARTESIAN_POINT('',(-12.,17.022169168,40.327080491));
#12615=CARTESIAN_POINT('',(-11.6,16.819236016,40.064461119));
#12616=CARTESIAN_POINT('',(-12.,16.819236016,40.064461119));
#12617=CARTESIAN_POINT('',(-11.6,16.819236016,39.591746248));
#12618=CARTESIAN_POINT('',(-12.,16.819236016,39.591746248));
#12619=CARTESIAN_POINT('',(-11.6,16.819236016,39.071282401));
#12620=CARTESIAN_POINT('',(-12.,16.819236016,39.071282401));
#12621=CARTESIAN_POINT('',(-11.6,17.010231924,38.808663029));
#12622=CARTESIAN_POINT('',(-12.,17.010231924,38.808663029));
#12623=B_SPLINE_SURFACE_WITH_KNOTS('',2,1,((#12609,#12610),(#12611,#12612),(#12613,#12614),(#12615,#12616),(#12617,#12618),(#12619,#12620),(#12621,#12622)),.UNSPECIFIED.,.F.,.F.,.U.,(3,2,2,3),(2,2),(0.,0.045182724,0.090365449,0.140112085),(0.,1.),.UNSPECIFIED.);
#12624=ORIENTED_EDGE('',*,*,#2310,.F.);
#12625=CARTESIAN_POINT('',(-11.6,17.616643929,40.675648022));
#12626=VERTEX_POINT('',#12625);
#12627=CARTESIAN_POINT('',(-11.6,17.616643929,40.675648022));
#12628=DIRECTION('',(-1.,0.,0.));
#12629=VECTOR('',#12628,0.4);
#12630=LINE('',#12627,#12629);
#12631=EDGE_CURVE('',#12626,#2293,#12630,.T.);
#12632=ORIENTED_EDGE('',*,*,#12631,.F.);
#12633=CARTESIAN_POINT('',(-11.6,17.616643929,40.675648022));
#12634=CARTESIAN_POINT('',(-11.6,17.225102319,40.589699864));
#12635=CARTESIAN_POINT('',(-11.6,17.022169168,40.327080491));
#12636=CARTESIAN_POINT('',(-11.6,16.819236016,40.064461119));
#12637=CARTESIAN_POINT('',(-11.6,16.819236016,39.591746248));
#12638=CARTESIAN_POINT('',(-11.6,16.819236016,39.071282401));
#12639=CARTESIAN_POINT('',(-11.6,17.010231924,38.808663029));
#12640=B_SPLINE_CURVE_WITH_KNOTS('',2,(#12633,#12634,#12635,#12636,#12637,#12638,#12639),.UNSPECIFIED.,.F.,.F.,(3,2,2,3),(0.,0.045182724,0.090365449,0.140112085),.UNSPECIFIED.);
#12641=EDGE_CURVE('',#12626,#12590,#12640,.T.);
#12642=ORIENTED_EDGE('',*,*,#12641,.T.);
#12643=ORIENTED_EDGE('',*,*,#12595,.T.);
#12644=EDGE_LOOP('',(#12624,#12632,#12642,#12643));
#12645=FACE_BOUND('',#12644,.T.);
#12646=ADVANCED_FACE('',(#12645),#12623,.T.);
#12647=CARTESIAN_POINT('',(-11.6,17.513983629,41.348908595));
#12648=DIRECTION('',(0.,0.988573455,0.150739924));
#12649=DIRECTION('',(0.,-0.150739924,0.988573455));
#12650=AXIS2_PLACEMENT_3D('',#12647,#12648,#12649);
#12651=PLANE('',#12650);
#12652=ORIENTED_EDGE('',*,*,#2298,.F.);
#12653=CARTESIAN_POINT('',(-11.6,17.411323329,42.022169168));
#12654=VERTEX_POINT('',#12653);
#12655=CARTESIAN_POINT('',(-11.6,17.411323329,42.022169168));
#12656=DIRECTION('',(-1.,0.,0.));
#12657=VECTOR('',#12656,0.4);
#12658=LINE('',#12655,#12657);
#12659=EDGE_CURVE('',#12654,#2277,#12658,.T.);
#12660=ORIENTED_EDGE('',*,*,#12659,.F.);
#12661=CARTESIAN_POINT('',(-11.6,17.411323329,42.022169168));
#12662=DIRECTION('',(-0.,0.150739924,-0.988573455));
#12663=VECTOR('',#12662,1.362085073);
#12664=LINE('',#12661,#12663);
#12665=EDGE_CURVE('',#12654,#12626,#12664,.T.);
#12666=ORIENTED_EDGE('',*,*,#12665,.T.);
#12667=ORIENTED_EDGE('',*,*,#12631,.T.);
#12668=EDGE_LOOP('',(#12652,#12660,#12666,#12667));
#12669=FACE_BOUND('',#12668,.T.);
#12670=ADVANCED_FACE('',(#12669),#12651,.T.);
#12671=CARTESIAN_POINT('',(-11.6,18.547748977,37.705661664));
#12672=CARTESIAN_POINT('',(-12.,18.547748977,37.705661664));
#12673=CARTESIAN_POINT('',(-11.6,18.189631651,37.285470668));
#12674=CARTESIAN_POINT('',(-12.,18.189631651,37.285470668));
#12675=CARTESIAN_POINT('',(-11.6,17.549795362,37.285470668));
#12676=CARTESIAN_POINT('',(-12.,17.549795362,37.285470668));
#12677=CARTESIAN_POINT('',(-11.6,16.8526603,37.285470668));
#12678=CARTESIAN_POINT('',(-12.,16.8526603,37.285470668));
#12679=CARTESIAN_POINT('',(-11.6,16.351296044,37.868008186));
#12680=CARTESIAN_POINT('',(-12.,16.351296044,37.868008186));
#12681=CARTESIAN_POINT('',(-11.6,15.849931787,38.450545703));
#12682=CARTESIAN_POINT('',(-12.,15.849931787,38.450545703));
#12683=CARTESIAN_POINT('',(-11.6,15.849931787,39.591746248));
#12684=CARTESIAN_POINT('',(-12.,15.849931787,39.591746248));
#12685=CARTESIAN_POINT('',(-11.6,15.849931787,40.627899045));
#12686=CARTESIAN_POINT('',(-12.,15.849931787,40.627899045));
#12687=CARTESIAN_POINT('',(-11.6,16.270122783,41.231923602));
#12688=CARTESIAN_POINT('',(-12.,16.270122783,41.231923602));
#12689=CARTESIAN_POINT('',(-11.6,16.690313779,41.835948158));
#12690=CARTESIAN_POINT('',(-12.,16.690313779,41.835948158));
#12691=CARTESIAN_POINT('',(-11.6,17.411323329,42.022169168));
#12692=CARTESIAN_POINT('',(-12.,17.411323329,42.022169168));
#12693=B_SPLINE_SURFACE_WITH_KNOTS('',2,1,((#12671,#12672),(#12673,#12674),(#12675,#12676),(#12677,#12678),(#12679,#12680),(#12681,#12682),(#12683,#12684),(#12685,#12686),(#12687,#12688),(#12689,#12690),(#12691,#12692)),.UNSPECIFIED.,.F.,.F.,.U.,(3,2,2,2,2,3),(2,2),(0.572430212,0.65533078,0.74565528,0.835979779,0.91798989,1.),(0.,1.),.UNSPECIFIED.);
#12694=ORIENTED_EDGE('',*,*,#2290,.F.);
#12695=CARTESIAN_POINT('',(-11.6,18.547748977,37.705661664));
#12696=VERTEX_POINT('',#12695);
#12697=CARTESIAN_POINT('',(-11.6,18.547748977,37.705661664));
#12698=DIRECTION('',(-1.,0.,0.));
#12699=VECTOR('',#12698,0.4);
#12700=LINE('',#12697,#12699);
#12701=EDGE_CURVE('',#12696,#2267,#12700,.T.);
#12702=ORIENTED_EDGE('',*,*,#12701,.F.);
#12703=CARTESIAN_POINT('',(-11.6,18.547748977,37.705661664));
#12704=CARTESIAN_POINT('',(-11.6,18.189631651,37.285470668));
#12705=CARTESIAN_POINT('',(-11.6,17.549795362,37.285470668));
#12706=CARTESIAN_POINT('',(-11.6,16.8526603,37.285470668));
#12707=CARTESIAN_POINT('',(-11.6,16.351296044,37.868008186));
#12708=CARTESIAN_POINT('',(-11.6,15.849931787,38.450545703));
#12709=CARTESIAN_POINT('',(-11.6,15.849931787,39.591746248));
#12710=CARTESIAN_POINT('',(-11.6,15.849931787,40.627899045));
#12711=CARTESIAN_POINT('',(-11.6,16.270122783,41.231923602));
#12712=CARTESIAN_POINT('',(-11.6,16.690313779,41.835948158));
#12713=CARTESIAN_POINT('',(-11.6,17.411323329,42.022169168));
#12714=B_SPLINE_CURVE_WITH_KNOTS('',2,(#12703,#12704,#12705,#12706,#12707,#12708,#12709,#12710,#12711,#12712,#12713),.UNSPECIFIED.,.F.,.F.,(3,2,2,2,2,3),(0.572430212,0.65533078,0.74565528,0.835979779,0.91798989,1.),.UNSPECIFIED.);
#12715=EDGE_CURVE('',#12696,#12654,#12714,.T.);
#12716=ORIENTED_EDGE('',*,*,#12715,.T.);
#12717=ORIENTED_EDGE('',*,*,#12659,.T.);
#12718=EDGE_LOOP('',(#12694,#12702,#12716,#12717));
#12719=FACE_BOUND('',#12718,.T.);
#12720=ADVANCED_FACE('',(#12719),#12693,.T.);
#12721=CARTESIAN_POINT('',(-11.6,19.521828104,40.456002729));
#12722=CARTESIAN_POINT('',(-12.,19.521828104,40.456002729));
#12723=CARTESIAN_POINT('',(-11.6,19.388130969,40.274556617));
#12724=CARTESIAN_POINT('',(-12.,19.388130969,40.274556617));
#12725=CARTESIAN_POINT('',(-11.6,19.144611187,39.202592087));
#12726=CARTESIAN_POINT('',(-12.,19.144611187,39.202592087));
#12727=CARTESIAN_POINT('',(-11.6,18.901091405,38.130627558));
#12728=CARTESIAN_POINT('',(-12.,18.901091405,38.130627558));
#12729=CARTESIAN_POINT('',(-11.6,18.547748977,37.705661664));
#12730=CARTESIAN_POINT('',(-12.,18.547748977,37.705661664));
#12731=B_SPLINE_SURFACE_WITH_KNOTS('',2,1,((#12721,#12722),(#12723,#12724),(#12725,#12726),(#12727,#12728),(#12729,#12730)),.UNSPECIFIED.,.F.,.F.,.U.,(3,2,3),(2,2),(0.40645554,0.489442876,0.572430212),(0.,1.),.UNSPECIFIED.);
#12732=ORIENTED_EDGE('',*,*,#2274,.F.);
#12733=CARTESIAN_POINT('',(-11.6,19.521828104,40.456002729));
#12734=VERTEX_POINT('',#12733);
#12735=CARTESIAN_POINT('',(-11.6,19.521828104,40.456002729));
#12736=DIRECTION('',(-1.,0.,0.));
#12737=VECTOR('',#12736,0.4);
#12738=LINE('',#12735,#12737);
#12739=EDGE_CURVE('',#12734,#2257,#12738,.T.);
#12740=ORIENTED_EDGE('',*,*,#12739,.F.);
#12741=CARTESIAN_POINT('',(-11.6,19.521828104,40.456002729));
#12742=CARTESIAN_POINT('',(-11.6,19.388130969,40.274556617));
#12743=CARTESIAN_POINT('',(-11.6,19.144611187,39.202592087));
#12744=CARTESIAN_POINT('',(-11.6,18.901091405,38.130627558));
#12745=CARTESIAN_POINT('',(-11.6,18.547748977,37.705661664));
#12746=B_SPLINE_CURVE_WITH_KNOTS('',2,(#12741,#12742,#12743,#12744,#12745),.UNSPECIFIED.,.F.,.F.,(3,2,3),(0.40645554,0.489442876,0.572430212),.UNSPECIFIED.);
#12747=EDGE_CURVE('',#12734,#12696,#12746,.T.);
#12748=ORIENTED_EDGE('',*,*,#12747,.T.);
#12749=ORIENTED_EDGE('',*,*,#12701,.T.);
#12750=EDGE_LOOP('',(#12732,#12740,#12748,#12749));
#12751=FACE_BOUND('',#12750,.T.);
#12752=ADVANCED_FACE('',(#12751),#12731,.T.);
#12753=CARTESIAN_POINT('',(-11.6,20.037517053,40.436903138));
#12754=CARTESIAN_POINT('',(-12.,20.037517053,40.436903138));
#12755=CARTESIAN_POINT('',(-11.6,19.932469304,40.589699864));
#12756=CARTESIAN_POINT('',(-12.,19.932469304,40.589699864));
#12757=CARTESIAN_POINT('',(-11.6,19.765347885,40.589699864));
#12758=CARTESIAN_POINT('',(-12.,19.765347885,40.589699864));
#12759=CARTESIAN_POINT('',(-11.6,19.622100955,40.589699864));
#12760=CARTESIAN_POINT('',(-12.,19.622100955,40.589699864));
#12761=CARTESIAN_POINT('',(-11.6,19.521828104,40.456002729));
#12762=CARTESIAN_POINT('',(-12.,19.521828104,40.456002729));
#12763=B_SPLINE_SURFACE_WITH_KNOTS('',2,1,((#12753,#12754),(#12755,#12756),(#12757,#12758),(#12759,#12760),(#12761,#12762)),.UNSPECIFIED.,.F.,.F.,.U.,(3,2,3),(2,2),(0.273129685,0.34492053,0.40645554),(0.,1.),.UNSPECIFIED.);
#12764=ORIENTED_EDGE('',*,*,#2264,.F.);
#12765=CARTESIAN_POINT('',(-11.6,20.037517053,40.436903138));
#12766=VERTEX_POINT('',#12765);
#12767=CARTESIAN_POINT('',(-11.6,20.037517053,40.436903138));
#12768=DIRECTION('',(-1.,0.,0.));
#12769=VECTOR('',#12768,0.4);
#12770=LINE('',#12767,#12769);
#12771=EDGE_CURVE('',#12766,#2245,#12770,.T.);
#12772=ORIENTED_EDGE('',*,*,#12771,.F.);
#12773=CARTESIAN_POINT('',(-11.6,20.037517053,40.436903138));
#12774=CARTESIAN_POINT('',(-11.6,19.932469304,40.589699864));
#12775=CARTESIAN_POINT('',(-11.6,19.765347885,40.589699864));
#12776=CARTESIAN_POINT('',(-11.6,19.622100955,40.589699864));
#12777=CARTESIAN_POINT('',(-11.6,19.521828104,40.456002729));
#12778=B_SPLINE_CURVE_WITH_KNOTS('',2,(#12773,#12774,#12775,#12776,#12777),.UNSPECIFIED.,.F.,.F.,(3,2,3),(0.273129685,0.34492053,0.40645554),.UNSPECIFIED.);
#12779=EDGE_CURVE('',#12766,#12734,#12778,.T.);
#12780=ORIENTED_EDGE('',*,*,#12779,.T.);
#12781=ORIENTED_EDGE('',*,*,#12739,.T.);
#12782=EDGE_LOOP('',(#12764,#12772,#12780,#12781));
#12783=FACE_BOUND('',#12782,.T.);
#12784=ADVANCED_FACE('',(#12783),#12763,.T.);
#12785=CARTESIAN_POINT('',(-11.6,19.574351978,38.72271487));
#12786=CARTESIAN_POINT('',(-12.,19.574351978,38.72271487));
#12787=CARTESIAN_POINT('',(-11.6,19.870395634,38.803888131));
#12788=CARTESIAN_POINT('',(-12.,19.870395634,38.803888131));
#12789=CARTESIAN_POINT('',(-11.6,20.027967258,39.030695771));
#12790=CARTESIAN_POINT('',(-12.,20.027967258,39.030695771));
#12791=CARTESIAN_POINT('',(-11.6,20.185538881,39.257503411));
#12792=CARTESIAN_POINT('',(-12.,20.185538881,39.257503411));
#12793=CARTESIAN_POINT('',(-11.6,20.185538881,39.677694407));
#12794=CARTESIAN_POINT('',(-12.,20.185538881,39.677694407));
#12795=CARTESIAN_POINT('',(-11.6,20.185538881,40.207708049));
#12796=CARTESIAN_POINT('',(-12.,20.185538881,40.207708049));
#12797=CARTESIAN_POINT('',(-11.6,20.037517053,40.436903138));
#12798=CARTESIAN_POINT('',(-12.,20.037517053,40.436903138));
#12799=B_SPLINE_SURFACE_WITH_KNOTS('',2,1,((#12785,#12786),(#12787,#12788),(#12789,#12790),(#12791,#12792),(#12793,#12794),(#12795,#12796),(#12797,#12798)),.UNSPECIFIED.,.F.,.F.,.U.,(3,2,2,3),(2,2),(0.,0.083747081,0.167494162,0.273129685),(0.,1.),.UNSPECIFIED.);
#12800=ORIENTED_EDGE('',*,*,#2254,.F.);
#12801=CARTESIAN_POINT('',(-11.6,19.574351978,38.72271487));
#12802=VERTEX_POINT('',#12801);
#12803=CARTESIAN_POINT('',(-11.6,19.574351978,38.72271487));
#12804=DIRECTION('',(-1.,0.,0.));
#12805=VECTOR('',#12804,0.4);
#12806=LINE('',#12803,#12805);
#12807=EDGE_CURVE('',#12802,#2237,#12806,.T.);
#12808=ORIENTED_EDGE('',*,*,#12807,.F.);
#12809=CARTESIAN_POINT('',(-11.6,19.574351978,38.72271487));
#12810=CARTESIAN_POINT('',(-11.6,19.870395634,38.803888131));
#12811=CARTESIAN_POINT('',(-11.6,20.027967258,39.030695771));
#12812=CARTESIAN_POINT('',(-11.6,20.185538881,39.257503411));
#12813=CARTESIAN_POINT('',(-11.6,20.185538881,39.677694407));
#12814=CARTESIAN_POINT('',(-11.6,20.185538881,40.207708049));
#12815=CARTESIAN_POINT('',(-11.6,20.037517053,40.436903138));
#12816=B_SPLINE_CURVE_WITH_KNOTS('',2,(#12809,#12810,#12811,#12812,#12813,#12814,#12815),.UNSPECIFIED.,.F.,.F.,(3,2,2,3),(0.,0.083747081,0.167494162,0.273129685),.UNSPECIFIED.);
#12817=EDGE_CURVE('',#12802,#12766,#12816,.T.);
#12818=ORIENTED_EDGE('',*,*,#12817,.T.);
#12819=ORIENTED_EDGE('',*,*,#12771,.T.);
#12820=EDGE_LOOP('',(#12800,#12808,#12818,#12819));
#12821=FACE_BOUND('',#12820,.T.);
#12822=ADVANCED_FACE('',(#12821),#12799,.T.);
#12823=CARTESIAN_POINT('',(-11.6,19.691336971,38.090040928));
#12824=DIRECTION('',(-0.,-0.983331182,-0.181823502));
#12825=DIRECTION('',(0.,0.181823502,-0.983331182));
#12826=AXIS2_PLACEMENT_3D('',#12823,#12824,#12825);
#12827=PLANE('',#12826);
#12828=ORIENTED_EDGE('',*,*,#2242,.F.);
#12829=CARTESIAN_POINT('',(-11.6,19.808321965,37.457366985));
#12830=VERTEX_POINT('',#12829);
#12831=CARTESIAN_POINT('',(-11.6,19.808321965,37.457366985));
#12832=DIRECTION('',(-1.,0.,0.));
#12833=VECTOR('',#12832,0.4);
#12834=LINE('',#12831,#12833);
#12835=EDGE_CURVE('',#12830,#2221,#12834,.T.);
#12836=ORIENTED_EDGE('',*,*,#12835,.F.);
#12837=CARTESIAN_POINT('',(-11.6,19.808321965,37.457366985));
#12838=DIRECTION('',(0.,-0.181823502,0.983331182));
#12839=VECTOR('',#12838,1.286797274);
#12840=LINE('',#12837,#12839);
#12841=EDGE_CURVE('',#12830,#12802,#12840,.T.);
#12842=ORIENTED_EDGE('',*,*,#12841,.T.);
#12843=ORIENTED_EDGE('',*,*,#12807,.T.);
#12844=EDGE_LOOP('',(#12828,#12836,#12842,#12843));
#12845=FACE_BOUND('',#12844,.T.);
#12846=ADVANCED_FACE('',(#12845),#12827,.T.);
#12847=CARTESIAN_POINT('',(-11.6,18.452251023,41.23431105));
#12848=CARTESIAN_POINT('',(-12.,18.452251023,41.23431105));
#12849=CARTESIAN_POINT('',(-11.6,18.862892224,41.835948158));
#12850=CARTESIAN_POINT('',(-12.,18.862892224,41.835948158));
#12851=CARTESIAN_POINT('',(-11.6,19.593451569,41.835948158));
#12852=CARTESIAN_POINT('',(-12.,19.593451569,41.835948158));
#12853=CARTESIAN_POINT('',(-11.6,20.252387449,41.835948158));
#12854=CARTESIAN_POINT('',(-12.,20.252387449,41.835948158));
#12855=CARTESIAN_POINT('',(-11.6,20.701227831,41.315484311));
#12856=CARTESIAN_POINT('',(-12.,20.701227831,41.315484311));
#12857=CARTESIAN_POINT('',(-11.6,21.150068213,40.795020464));
#12858=CARTESIAN_POINT('',(-12.,21.150068213,40.795020464));
#12859=CARTESIAN_POINT('',(-11.6,21.150068213,39.701568895));
#12860=CARTESIAN_POINT('',(-12.,21.150068213,39.701568895));
#12861=CARTESIAN_POINT('',(-11.6,21.150068213,38.660641201));
#12862=CARTESIAN_POINT('',(-12.,21.150068213,38.660641201));
#12863=CARTESIAN_POINT('',(-11.6,20.811050477,38.154502046));
#12864=CARTESIAN_POINT('',(-12.,20.811050477,38.154502046));
#12865=CARTESIAN_POINT('',(-11.6,20.472032742,37.648362892));
#12866=CARTESIAN_POINT('',(-12.,20.472032742,37.648362892));
#12867=CARTESIAN_POINT('',(-11.6,19.808321965,37.457366985));
#12868=CARTESIAN_POINT('',(-12.,19.808321965,37.457366985));
#12869=B_SPLINE_SURFACE_WITH_KNOTS('',2,1,((#12847,#12848),(#12849,#12850),(#12851,#12852),(#12853,#12854),(#12855,#12856),(#12857,#12858),(#12859,#12860),(#12861,#12862),(#12863,#12864),(#12865,#12866),(#12867,#12868)),.UNSPECIFIED.,.F.,.F.,.U.,(3,2,2,2,2,3),(2,2),(0.327617915,0.476335798,0.610473496,0.744611195,0.872305597,1.),(0.,1.),.UNSPECIFIED.);
#12870=ORIENTED_EDGE('',*,*,#2234,.F.);
#12871=ORIENTED_EDGE('',*,*,#12546,.F.);
#12872=CARTESIAN_POINT('',(-11.6,18.452251023,41.23431105));
#12873=CARTESIAN_POINT('',(-11.6,18.862892224,41.835948158));
#12874=CARTESIAN_POINT('',(-11.6,19.593451569,41.835948158));
#12875=CARTESIAN_POINT('',(-11.6,20.252387449,41.835948158));
#12876=CARTESIAN_POINT('',(-11.6,20.701227831,41.315484311));
#12877=CARTESIAN_POINT('',(-11.6,21.150068213,40.795020464));
#12878=CARTESIAN_POINT('',(-11.6,21.150068213,39.701568895));
#12879=CARTESIAN_POINT('',(-11.6,21.150068213,38.660641201));
#12880=CARTESIAN_POINT('',(-11.6,20.811050477,38.154502046));
#12881=CARTESIAN_POINT('',(-11.6,20.472032742,37.648362892));
#12882=CARTESIAN_POINT('',(-11.6,19.808321965,37.457366985));
#12883=B_SPLINE_CURVE_WITH_KNOTS('',2,(#12872,#12873,#12874,#12875,#12876,#12877,#12878,#12879,#12880,#12881,#12882),.UNSPECIFIED.,.F.,.F.,(3,2,2,2,2,3),(0.327617915,0.476335798,0.610473496,0.744611195,0.872305597,1.),.UNSPECIFIED.);
#12884=EDGE_CURVE('',#12535,#12830,#12883,.T.);
#12885=ORIENTED_EDGE('',*,*,#12884,.T.);
#12886=ORIENTED_EDGE('',*,*,#12835,.T.);
#12887=EDGE_LOOP('',(#12870,#12871,#12885,#12886));
#12888=FACE_BOUND('',#12887,.T.);
#12889=ADVANCED_FACE('',(#12888),#12869,.T.);
#12890=CARTESIAN_POINT('',(-11.6,-0.5,66.5));
#12891=DIRECTION('',(1.,-0.,-0.));
#12892=DIRECTION('',(-0.,0.,-1.));
#12893=AXIS2_PLACEMENT_3D('',#12890,#12891,#12892);
#12894=PLANE('',#12893);
#12895=ORIENTED_EDGE('',*,*,#12540,.F.);
#12896=ORIENTED_EDGE('',*,*,#12571,.F.);
#12897=ORIENTED_EDGE('',*,*,#12603,.F.);
#12898=ORIENTED_EDGE('',*,*,#12641,.F.);
#12899=ORIENTED_EDGE('',*,*,#12665,.F.);
#12900=ORIENTED_EDGE('',*,*,#12715,.F.);
#12901=ORIENTED_EDGE('',*,*,#12747,.F.);
#12902=ORIENTED_EDGE('',*,*,#12779,.F.);
#12903=ORIENTED_EDGE('',*,*,#12817,.F.);
#12904=ORIENTED_EDGE('',*,*,#12841,.F.);
#12905=ORIENTED_EDGE('',*,*,#12884,.F.);
#12906=EDGE_LOOP('',(#12895,#12896,#12897,#12898,#12899,#12900,#12901,#12902,#12903,#12904,#12905));
#12907=FACE_BOUND('',#12906,.T.);
#12908=ADVANCED_FACE('',(#12907),#12894,.T.);
#12909=CARTESIAN_POINT('',(-11.6,17.795702592,18.152455662));
#12910=DIRECTION('',(0.,0.985808596,-0.167873203));
#12911=DIRECTION('',(0.,0.167873203,0.985808596));
#12912=AXIS2_PLACEMENT_3D('',#12909,#12910,#12911);
#12913=PLANE('',#12912);
#12914=ORIENTED_EDGE('',*,*,#2156,.F.);
#12915=CARTESIAN_POINT('',(-11.6,17.907912688,18.811391542));
#12916=VERTEX_POINT('',#12915);
#12917=CARTESIAN_POINT('',(-11.6,17.907912688,18.811391542));
#12918=DIRECTION('',(-1.,0.,0.));
#12919=VECTOR('',#12918,0.4);
#12920=LINE('',#12917,#12919);
#12921=EDGE_CURVE('',#12916,#2149,#12920,.T.);
#12922=ORIENTED_EDGE('',*,*,#12921,.F.);
#12923=CARTESIAN_POINT('',(-11.6,17.683492497,17.493519782));
#12924=VERTEX_POINT('',#12923);
#12925=CARTESIAN_POINT('',(-11.6,17.907912688,18.811391542));
#12926=DIRECTION('',(-0.,-0.167873203,-0.985808596));
#12927=VECTOR('',#12926,1.336843445);
#12928=LINE('',#12925,#12927);
#12929=EDGE_CURVE('',#12916,#12924,#12928,.T.);
#12930=ORIENTED_EDGE('',*,*,#12929,.T.);
#12931=CARTESIAN_POINT('',(-11.6,17.683492497,17.493519782));
#12932=DIRECTION('',(-1.,0.,0.));
#12933=VECTOR('',#12932,0.4);
#12934=LINE('',#12931,#12933);
#12935=EDGE_CURVE('',#12924,#2151,#12934,.T.);
#12936=ORIENTED_EDGE('',*,*,#12935,.T.);
#12937=EDGE_LOOP('',(#12914,#12922,#12930,#12936));
#12938=FACE_BOUND('',#12937,.T.);
#12939=ADVANCED_FACE('',(#12938),#12913,.T.);
#12940=CARTESIAN_POINT('',(-11.6,19.297407913,18.883015007));
#12941=CARTESIAN_POINT('',(-12.,19.297407913,18.883015007));
#12942=CARTESIAN_POINT('',(-11.6,19.69372442,18.949863574));
#12943=CARTESIAN_POINT('',(-12.,19.69372442,18.949863574));
#12944=CARTESIAN_POINT('',(-11.6,19.894270123,19.18622101));
#12945=CARTESIAN_POINT('',(-12.,19.894270123,19.18622101));
#12946=CARTESIAN_POINT('',(-11.6,20.094815825,19.422578445));
#12947=CARTESIAN_POINT('',(-12.,20.094815825,19.422578445));
#12948=CARTESIAN_POINT('',(-11.6,20.094815825,19.799795362));
#12949=CARTESIAN_POINT('',(-12.,20.094815825,19.799795362));
#12950=CARTESIAN_POINT('',(-11.6,20.094815825,20.301159618));
#12951=CARTESIAN_POINT('',(-12.,20.094815825,20.301159618));
#12952=CARTESIAN_POINT('',(-11.6,19.748635744,20.599590723));
#12953=CARTESIAN_POINT('',(-12.,19.748635744,20.599590723));
#12954=CARTESIAN_POINT('',(-11.6,19.402455662,20.898021828));
#12955=CARTESIAN_POINT('',(-12.,19.402455662,20.898021828));
#12956=CARTESIAN_POINT('',(-11.6,18.590723056,20.898021828));
#12957=CARTESIAN_POINT('',(-12.,18.590723056,20.898021828));
#12958=CARTESIAN_POINT('',(-11.6,17.688267394,20.898021828));
#12959=CARTESIAN_POINT('',(-12.,17.688267394,20.898021828));
#12960=CARTESIAN_POINT('',(-11.6,17.315825375,20.594815825));
#12961=CARTESIAN_POINT('',(-12.,17.315825375,20.594815825));
#12962=CARTESIAN_POINT('',(-11.6,16.943383356,20.291609823));
#12963=CARTESIAN_POINT('',(-12.,16.943383356,20.291609823));
#12964=CARTESIAN_POINT('',(-11.6,16.943383356,19.780695771));
#12965=CARTESIAN_POINT('',(-12.,16.943383356,19.780695771));
#12966=CARTESIAN_POINT('',(-11.6,16.943383356,19.398703956));
#12967=CARTESIAN_POINT('',(-12.,16.943383356,19.398703956));
#12968=CARTESIAN_POINT('',(-11.6,17.160641201,19.155184175));
#12969=CARTESIAN_POINT('',(-12.,17.160641201,19.155184175));
#12970=CARTESIAN_POINT('',(-11.6,17.377899045,18.911664393));
#12971=CARTESIAN_POINT('',(-12.,17.377899045,18.911664393));
#12972=CARTESIAN_POINT('',(-11.6,17.907912688,18.811391542));
#12973=CARTESIAN_POINT('',(-12.,17.907912688,18.811391542));
#12974=B_SPLINE_SURFACE_WITH_KNOTS('',2,1,((#12940,#12941),(#12942,#12943),(#12944,#12945),(#12946,#12947),(#12948,#12949),(#12950,#12951),(#12952,#12953),(#12954,#12955),(#12956,#12957),(#12958,#12959),(#12960,#12961),(#12962,#12963),(#12964,#12965),(#12966,#12967),(#12968,#12969),(#12970,#12971),(#12972,#12973)),.UNSPECIFIED.,.F.,.F.,.U.,(3,2,2,2,2,2,2,2,3),(2,2),(0.,0.101800446,0.203600891,0.338905281,0.474209671,0.624636316,0.775062961,0.88753148,1.),(0.,1.),.UNSPECIFIED.);
#12975=ORIENTED_EDGE('',*,*,#2206,.F.);
#12976=CARTESIAN_POINT('',(-11.6,19.297407913,18.883015007));
#12977=VERTEX_POINT('',#12976);
#12978=CARTESIAN_POINT('',(-11.6,19.297407913,18.883015007));
#12979=DIRECTION('',(-1.,0.,0.));
#12980=VECTOR('',#12979,0.4);
#12981=LINE('',#12978,#12980);
#12982=EDGE_CURVE('',#12977,#2181,#12981,.T.);
#12983=ORIENTED_EDGE('',*,*,#12982,.F.);
#12984=CARTESIAN_POINT('',(-11.6,19.297407913,18.883015007));
#12985=CARTESIAN_POINT('',(-11.6,19.69372442,18.949863574));
#12986=CARTESIAN_POINT('',(-11.6,19.894270123,19.18622101));
#12987=CARTESIAN_POINT('',(-11.6,20.094815825,19.422578445));
#12988=CARTESIAN_POINT('',(-11.6,20.094815825,19.799795362));
#12989=CARTESIAN_POINT('',(-11.6,20.094815825,20.301159618));
#12990=CARTESIAN_POINT('',(-11.6,19.748635744,20.599590723));
#12991=CARTESIAN_POINT('',(-11.6,19.402455662,20.898021828));
#12992=CARTESIAN_POINT('',(-11.6,18.590723056,20.898021828));
#12993=CARTESIAN_POINT('',(-11.6,17.688267394,20.898021828));
#12994=CARTESIAN_POINT('',(-11.6,17.315825375,20.594815825));
#12995=CARTESIAN_POINT('',(-11.6,16.943383356,20.291609823));
#12996=CARTESIAN_POINT('',(-11.6,16.943383356,19.780695771));
#12997=CARTESIAN_POINT('',(-11.6,16.943383356,19.398703956));
#12998=CARTESIAN_POINT('',(-11.6,17.160641201,19.155184175));
#12999=CARTESIAN_POINT('',(-11.6,17.377899045,18.911664393));
#13000=CARTESIAN_POINT('',(-11.6,17.907912688,18.811391542));
#13001=B_SPLINE_CURVE_WITH_KNOTS('',2,(#12984,#12985,#12986,#12987,#12988,#12989,#12990,#12991,#12992,#12993,#12994,#12995,#12996,#12997,#12998,#12999,#13000),.UNSPECIFIED.,.F.,.F.,(3,2,2,2,2,2,2,2,3),(0.,0.101800446,0.203600891,0.338905281,0.474209671,0.624636316,0.775062961,0.88753148,1.),.UNSPECIFIED.);
#13002=EDGE_CURVE('',#12977,#12916,#13001,.T.);
#13003=ORIENTED_EDGE('',*,*,#13002,.T.);
#13004=ORIENTED_EDGE('',*,*,#12921,.T.);
#13005=EDGE_LOOP('',(#12975,#12983,#13003,#13004));
#13006=FACE_BOUND('',#13005,.T.);
#13007=ADVANCED_FACE('',(#13006),#12974,.T.);
#13008=CARTESIAN_POINT('',(-11.6,19.416780355,18.221691678));
#13009=DIRECTION('',(-0.,-0.984096488,-0.177634745));
#13010=DIRECTION('',(0.,0.177634745,-0.984096488));
#13011=AXIS2_PLACEMENT_3D('',#13008,#13009,#13010);
#13012=PLANE('',#13011);
#13013=ORIENTED_EDGE('',*,*,#2186,.F.);
#13014=CARTESIAN_POINT('',(-11.6,19.536152797,17.560368349));
#13015=VERTEX_POINT('',#13014);
#13016=CARTESIAN_POINT('',(-11.6,19.536152797,17.560368349));
#13017=DIRECTION('',(-1.,0.,0.));
#13018=VECTOR('',#13017,0.4);
#13019=LINE('',#13016,#13018);
#13020=EDGE_CURVE('',#13015,#2159,#13019,.T.);
#13021=ORIENTED_EDGE('',*,*,#13020,.F.);
#13022=CARTESIAN_POINT('',(-11.6,19.536152797,17.560368349));
#13023=DIRECTION('',(0.,-0.177634745,0.984096488));
#13024=VECTOR('',#13023,1.344021317);
#13025=LINE('',#13022,#13024);
#13026=EDGE_CURVE('',#13015,#12977,#13025,.T.);
#13027=ORIENTED_EDGE('',*,*,#13026,.T.);
#13028=ORIENTED_EDGE('',*,*,#12982,.T.);
#13029=EDGE_LOOP('',(#13013,#13021,#13027,#13028));
#13030=FACE_BOUND('',#13029,.T.);
#13031=ADVANCED_FACE('',(#13030),#13012,.T.);
#13032=CARTESIAN_POINT('',(-11.6,17.683492497,17.493519782));
#13033=CARTESIAN_POINT('',(-12.,17.683492497,17.493519782));
#13034=CARTESIAN_POINT('',(-11.6,16.776261937,17.698840382));
#13035=CARTESIAN_POINT('',(-12.,16.776261937,17.698840382));
#13036=CARTESIAN_POINT('',(-11.6,16.313096862,18.281377899));
#13037=CARTESIAN_POINT('',(-12.,16.313096862,18.281377899));
#13038=CARTESIAN_POINT('',(-11.6,15.849931787,18.863915416));
#13039=CARTESIAN_POINT('',(-12.,15.849931787,18.863915416));
#13040=CARTESIAN_POINT('',(-11.6,15.849931787,19.842769441));
#13041=CARTESIAN_POINT('',(-12.,15.849931787,19.842769441));
#13042=CARTESIAN_POINT('',(-11.6,15.849931787,20.9553206));
#13043=CARTESIAN_POINT('',(-12.,15.849931787,20.9553206));
#13044=CARTESIAN_POINT('',(-11.6,16.551841746,21.616643929));
#13045=CARTESIAN_POINT('',(-12.,16.551841746,21.616643929));
#13046=CARTESIAN_POINT('',(-11.6,17.253751705,22.277967258));
#13047=CARTESIAN_POINT('',(-12.,17.253751705,22.277967258));
#13048=CARTESIAN_POINT('',(-11.6,18.495225102,22.277967258));
#13049=CARTESIAN_POINT('',(-12.,18.495225102,22.277967258));
#13050=CARTESIAN_POINT('',(-11.6,19.751023192,22.277967258));
#13051=CARTESIAN_POINT('',(-12.,19.751023192,22.277967258));
#13052=CARTESIAN_POINT('',(-11.6,20.450545703,21.61425648));
#13053=CARTESIAN_POINT('',(-12.,20.450545703,21.61425648));
#13054=CARTESIAN_POINT('',(-11.6,21.150068213,20.950545703));
#13055=CARTESIAN_POINT('',(-12.,21.150068213,20.950545703));
#13056=CARTESIAN_POINT('',(-11.6,21.150068213,19.818894952));
#13057=CARTESIAN_POINT('',(-12.,21.150068213,19.818894952));
#13058=CARTESIAN_POINT('',(-11.6,21.150068213,18.892564802));
#13059=CARTESIAN_POINT('',(-12.,21.150068213,18.892564802));
#13060=CARTESIAN_POINT('',(-11.6,20.751364256,18.345839018));
#13061=CARTESIAN_POINT('',(-12.,20.751364256,18.345839018));
#13062=CARTESIAN_POINT('',(-11.6,20.3526603,17.799113233));
#13063=CARTESIAN_POINT('',(-12.,20.3526603,17.799113233));
#13064=CARTESIAN_POINT('',(-11.6,19.536152797,17.560368349));
#13065=CARTESIAN_POINT('',(-12.,19.536152797,17.560368349));
#13066=B_SPLINE_SURFACE_WITH_KNOTS('',2,1,((#13032,#13033),(#13034,#13035),(#13036,#13037),(#13038,#13039),(#13040,#13041),(#13042,#13043),(#13044,#13045),(#13046,#13047),(#13048,#13049),(#13050,#13051),(#13052,#13053),(#13054,#13055),(#13056,#13057),(#13058,#13059),(#13060,#13061),(#13062,#13063),(#13064,#13065)),.UNSPECIFIED.,.F.,.F.,.U.,(3,2,2,2,2,2,2,2,3),(2,2),(0.,0.118276298,0.236552596,0.370983706,0.505414815,0.641397053,0.77737929,0.888689645,1.),(0.,1.),.UNSPECIFIED.);
#13067=ORIENTED_EDGE('',*,*,#2178,.F.);
#13068=ORIENTED_EDGE('',*,*,#12935,.F.);
#13069=CARTESIAN_POINT('',(-11.6,17.683492497,17.493519782));
#13070=CARTESIAN_POINT('',(-11.6,16.776261937,17.698840382));
#13071=CARTESIAN_POINT('',(-11.6,16.313096862,18.281377899));
#13072=CARTESIAN_POINT('',(-11.6,15.849931787,18.863915416));
#13073=CARTESIAN_POINT('',(-11.6,15.849931787,19.842769441));
#13074=CARTESIAN_POINT('',(-11.6,15.849931787,20.9553206));
#13075=CARTESIAN_POINT('',(-11.6,16.551841746,21.616643929));
#13076=CARTESIAN_POINT('',(-11.6,17.253751705,22.277967258));
#13077=CARTESIAN_POINT('',(-11.6,18.495225102,22.277967258));
#13078=CARTESIAN_POINT('',(-11.6,19.751023192,22.277967258));
#13079=CARTESIAN_POINT('',(-11.6,20.450545703,21.61425648));
#13080=CARTESIAN_POINT('',(-11.6,21.150068213,20.950545703));
#13081=CARTESIAN_POINT('',(-11.6,21.150068213,19.818894952));
#13082=CARTESIAN_POINT('',(-11.6,21.150068213,18.892564802));
#13083=CARTESIAN_POINT('',(-11.6,20.751364256,18.345839018));
#13084=CARTESIAN_POINT('',(-11.6,20.3526603,17.799113233));
#13085=CARTESIAN_POINT('',(-11.6,19.536152797,17.560368349));
#13086=B_SPLINE_CURVE_WITH_KNOTS('',2,(#13069,#13070,#13071,#13072,#13073,#13074,#13075,#13076,#13077,#13078,#13079,#13080,#13081,#13082,#13083,#13084,#13085),.UNSPECIFIED.,.F.,.F.,(3,2,2,2,2,2,2,2,3),(0.,0.118276298,0.236552596,0.370983706,0.505414815,0.641397053,0.77737929,0.888689645,1.),.UNSPECIFIED.);
#13087=EDGE_CURVE('',#12924,#13015,#13086,.T.);
#13088=ORIENTED_EDGE('',*,*,#13087,.T.);
#13089=ORIENTED_EDGE('',*,*,#13020,.T.);
#13090=EDGE_LOOP('',(#13067,#13068,#13088,#13089));
#13091=FACE_BOUND('',#13090,.T.);
#13092=ADVANCED_FACE('',(#13091),#13066,.T.);
#13093=CARTESIAN_POINT('',(-11.6,-0.5,66.5));
#13094=DIRECTION('',(1.,-0.,-0.));
#13095=DIRECTION('',(-0.,0.,-1.));
#13096=AXIS2_PLACEMENT_3D('',#13093,#13094,#13095);
#13097=PLANE('',#13096);
#13098=ORIENTED_EDGE('',*,*,#12929,.F.);
#13099=ORIENTED_EDGE('',*,*,#13002,.F.);
#13100=ORIENTED_EDGE('',*,*,#13026,.F.);
#13101=ORIENTED_EDGE('',*,*,#13087,.F.);
#13102=EDGE_LOOP('',(#13098,#13099,#13100,#13101));
#13103=FACE_BOUND('',#13102,.T.);
#13104=ADVANCED_FACE('',(#13103),#13097,.T.);
#13105=CARTESIAN_POINT('',(-11.6,16.635402456,23.357094134));
#13106=DIRECTION('',(-0.,0.,-1.));
#13107=DIRECTION('',(-1.,-0.,0.));
#13108=AXIS2_PLACEMENT_3D('',#13105,#13106,#13107);
#13109=PLANE('',#13108);
#13110=ORIENTED_EDGE('',*,*,#2122,.F.);
#13111=CARTESIAN_POINT('',(-11.6,17.30627558,23.357094134));
#13112=VERTEX_POINT('',#13111);
#13113=CARTESIAN_POINT('',(-11.6,17.30627558,23.357094134));
#13114=DIRECTION('',(-1.,0.,0.));
#13115=VECTOR('',#13114,0.4);
#13116=LINE('',#13113,#13115);
#13117=EDGE_CURVE('',#13112,#2115,#13116,.T.);
#13118=ORIENTED_EDGE('',*,*,#13117,.F.);
#13119=CARTESIAN_POINT('',(-11.6,15.964529332,23.357094134));
#13120=VERTEX_POINT('',#13119);
#13121=CARTESIAN_POINT('',(-11.6,17.30627558,23.357094134));
#13122=DIRECTION('',(-0.,-1.,-0.));
#13123=VECTOR('',#13122,1.341746248);
#13124=LINE('',#13121,#13123);
#13125=EDGE_CURVE('',#13112,#13120,#13124,.T.);
#13126=ORIENTED_EDGE('',*,*,#13125,.T.);
#13127=CARTESIAN_POINT('',(-11.6,15.964529332,23.357094134));
#13128=DIRECTION('',(-1.,0.,0.));
#13129=VECTOR('',#13128,0.4);
#13130=LINE('',#13127,#13129);
#13131=EDGE_CURVE('',#13120,#2117,#13130,.T.);
#13132=ORIENTED_EDGE('',*,*,#13131,.T.);
#13133=EDGE_LOOP('',(#13110,#13118,#13126,#13132));
#13134=FACE_BOUND('',#13133,.T.);
#13135=ADVANCED_FACE('',(#13134),#13109,.T.);
#13136=CARTESIAN_POINT('',(-11.6,17.30627558,24.027967258));
#13137=DIRECTION('',(0.,1.,0.));
#13138=DIRECTION('',(1.,-0.,-0.));
#13139=AXIS2_PLACEMENT_3D('',#13136,#13137,#13138);
#13140=PLANE('',#13139);
#13141=ORIENTED_EDGE('',*,*,#2144,.F.);
#13142=CARTESIAN_POINT('',(-11.6,17.30627558,24.698840382));
#13143=VERTEX_POINT('',#13142);
#13144=CARTESIAN_POINT('',(-11.6,17.30627558,24.698840382));
#13145=DIRECTION('',(-1.,0.,0.));
#13146=VECTOR('',#13145,0.4);
#13147=LINE('',#13144,#13146);
#13148=EDGE_CURVE('',#13143,#2133,#13147,.T.);
#13149=ORIENTED_EDGE('',*,*,#13148,.F.);
#13150=CARTESIAN_POINT('',(-11.6,17.30627558,24.698840382));
#13151=DIRECTION('',(-0.,0.,-1.));
#13152=VECTOR('',#13151,1.341746248);
#13153=LINE('',#13150,#13152);
#13154=EDGE_CURVE('',#13143,#13112,#13153,.T.);
#13155=ORIENTED_EDGE('',*,*,#13154,.T.);
#13156=ORIENTED_EDGE('',*,*,#13117,.T.);
#13157=EDGE_LOOP('',(#13141,#13149,#13155,#13156));
#13158=FACE_BOUND('',#13157,.T.);
#13159=ADVANCED_FACE('',(#13158),#13140,.T.);
#13160=CARTESIAN_POINT('',(-11.6,16.635402456,24.698840382));
#13161=DIRECTION('',(0.,-0.,1.));
#13162=DIRECTION('',(1.,0.,-0.));
#13163=AXIS2_PLACEMENT_3D('',#13160,#13161,#13162);
#13164=PLANE('',#13163);
#13165=ORIENTED_EDGE('',*,*,#2138,.F.);
#13166=CARTESIAN_POINT('',(-11.6,15.964529332,24.698840382));
#13167=VERTEX_POINT('',#13166);
#13168=CARTESIAN_POINT('',(-11.6,15.964529332,24.698840382));
#13169=DIRECTION('',(-1.,0.,0.));
#13170=VECTOR('',#13169,0.4);
#13171=LINE('',#13168,#13170);
#13172=EDGE_CURVE('',#13167,#2125,#13171,.T.);
#13173=ORIENTED_EDGE('',*,*,#13172,.F.);
#13174=CARTESIAN_POINT('',(-11.6,15.964529332,24.698840382));
#13175=DIRECTION('',(0.,1.,0.));
#13176=VECTOR('',#13175,1.341746248);
#13177=LINE('',#13174,#13176);
#13178=EDGE_CURVE('',#13167,#13143,#13177,.T.);
#13179=ORIENTED_EDGE('',*,*,#13178,.T.);
#13180=ORIENTED_EDGE('',*,*,#13148,.T.);
#13181=EDGE_LOOP('',(#13165,#13173,#13179,#13180));
#13182=FACE_BOUND('',#13181,.T.);
#13183=ADVANCED_FACE('',(#13182),#13164,.T.);
#13184=CARTESIAN_POINT('',(-11.6,15.964529332,24.027967258));
#13185=DIRECTION('',(-0.,-1.,-0.));
#13186=DIRECTION('',(-1.,0.,0.));
#13187=AXIS2_PLACEMENT_3D('',#13184,#13185,#13186);
#13188=PLANE('',#13187);
#13189=ORIENTED_EDGE('',*,*,#2130,.F.);
#13190=ORIENTED_EDGE('',*,*,#13131,.F.);
#13191=CARTESIAN_POINT('',(-11.6,15.964529332,23.357094134));
#13192=DIRECTION('',(0.,-0.,1.));
#13193=VECTOR('',#13192,1.341746248);
#13194=LINE('',#13191,#13193);
#13195=EDGE_CURVE('',#13120,#13167,#13194,.T.);
#13196=ORIENTED_EDGE('',*,*,#13195,.T.);
#13197=ORIENTED_EDGE('',*,*,#13172,.T.);
#13198=EDGE_LOOP('',(#13189,#13190,#13196,#13197));
#13199=FACE_BOUND('',#13198,.T.);
#13200=ADVANCED_FACE('',(#13199),#13188,.T.);
#13201=CARTESIAN_POINT('',(-11.6,-0.5,66.5));
#13202=DIRECTION('',(1.,-0.,-0.));
#13203=DIRECTION('',(-0.,0.,-1.));
#13204=AXIS2_PLACEMENT_3D('',#13201,#13202,#13203);
#13205=PLANE('',#13204);
#13206=ORIENTED_EDGE('',*,*,#13125,.F.);
#13207=ORIENTED_EDGE('',*,*,#13154,.F.);
#13208=ORIENTED_EDGE('',*,*,#13178,.F.);
#13209=ORIENTED_EDGE('',*,*,#13195,.F.);
#13210=EDGE_LOOP('',(#13206,#13207,#13208,#13209));
#13211=FACE_BOUND('',#13210,.T.);
#13212=ADVANCED_FACE('',(#13211),#13205,.T.);
#13213=CARTESIAN_POINT('',(-11.6,18.5,26.088335607));
#13214=DIRECTION('',(-0.,0.,-1.));
#13215=DIRECTION('',(-1.,-0.,0.));
#13216=AXIS2_PLACEMENT_3D('',#13213,#13214,#13215);
#13217=PLANE('',#13216);
#13218=ORIENTED_EDGE('',*,*,#2022,.F.);
#13219=CARTESIAN_POINT('',(-11.6,21.035470668,26.088335607));
#13220=VERTEX_POINT('',#13219);
#13221=CARTESIAN_POINT('',(-11.6,21.035470668,26.088335607));
#13222=DIRECTION('',(-1.,0.,0.));
#13223=VECTOR('',#13222,0.4);
#13224=LINE('',#13221,#13223);
#13225=EDGE_CURVE('',#13220,#2015,#13224,.T.);
#13226=ORIENTED_EDGE('',*,*,#13225,.F.);
#13227=CARTESIAN_POINT('',(-11.6,15.964529332,26.088335607));
#13228=VERTEX_POINT('',#13227);
#13229=CARTESIAN_POINT('',(-11.6,21.035470668,26.088335607));
#13230=DIRECTION('',(-0.,-1.,-0.));
#13231=VECTOR('',#13230,5.070941337);
#13232=LINE('',#13229,#13231);
#13233=EDGE_CURVE('',#13220,#13228,#13232,.T.);
#13234=ORIENTED_EDGE('',*,*,#13233,.T.);
#13235=CARTESIAN_POINT('',(-11.6,15.964529332,26.088335607));
#13236=DIRECTION('',(-1.,0.,0.));
#13237=VECTOR('',#13236,0.4);
#13238=LINE('',#13235,#13237);
#13239=EDGE_CURVE('',#13228,#2017,#13238,.T.);
#13240=ORIENTED_EDGE('',*,*,#13239,.T.);
#13241=EDGE_LOOP('',(#13218,#13226,#13234,#13240));
#13242=FACE_BOUND('',#13241,.T.);
#13243=ADVANCED_FACE('',(#13242),#13217,.T.);
#13244=CARTESIAN_POINT('',(-11.6,21.035470668,26.759208731));
#13245=DIRECTION('',(0.,1.,0.));
#13246=DIRECTION('',(1.,-0.,-0.));
#13247=AXIS2_PLACEMENT_3D('',#13244,#13245,#13246);
#13248=PLANE('',#13247);
#13249=ORIENTED_EDGE('',*,*,#2110,.F.);
#13250=CARTESIAN_POINT('',(-11.6,21.035470668,27.430081855));
#13251=VERTEX_POINT('',#13250);
#13252=CARTESIAN_POINT('',(-11.6,21.035470668,27.430081855));
#13253=DIRECTION('',(-1.,0.,0.));
#13254=VECTOR('',#13253,0.4);
#13255=LINE('',#13252,#13254);
#13256=EDGE_CURVE('',#13251,#2099,#13255,.T.);
#13257=ORIENTED_EDGE('',*,*,#13256,.F.);
#13258=CARTESIAN_POINT('',(-11.6,21.035470668,27.430081855));
#13259=DIRECTION('',(-0.,0.,-1.));
#13260=VECTOR('',#13259,1.341746248);
#13261=LINE('',#13258,#13260);
#13262=EDGE_CURVE('',#13251,#13220,#13261,.T.);
#13263=ORIENTED_EDGE('',*,*,#13262,.T.);
#13264=ORIENTED_EDGE('',*,*,#13225,.T.);
#13265=EDGE_LOOP('',(#13249,#13257,#13263,#13264));
#13266=FACE_BOUND('',#13265,.T.);
#13267=ADVANCED_FACE('',(#13266),#13248,.T.);
#13268=CARTESIAN_POINT('',(-11.6,19.965893588,27.430081855));
#13269=DIRECTION('',(0.,-0.,1.));
#13270=DIRECTION('',(1.,0.,-0.));
#13271=AXIS2_PLACEMENT_3D('',#13268,#13269,#13270);
#13272=PLANE('',#13271);
#13273=ORIENTED_EDGE('',*,*,#2104,.F.);
#13274=CARTESIAN_POINT('',(-11.6,18.896316508,27.430081855));
#13275=VERTEX_POINT('',#13274);
#13276=CARTESIAN_POINT('',(-11.6,18.896316508,27.430081855));
#13277=DIRECTION('',(-1.,0.,0.));
#13278=VECTOR('',#13277,0.4);
#13279=LINE('',#13276,#13278);
#13280=EDGE_CURVE('',#13275,#2081,#13279,.T.);
#13281=ORIENTED_EDGE('',*,*,#13280,.F.);
#13282=CARTESIAN_POINT('',(-11.6,18.896316508,27.430081855));
#13283=DIRECTION('',(0.,1.,0.));
#13284=VECTOR('',#13283,2.139154161);
#13285=LINE('',#13282,#13284);
#13286=EDGE_CURVE('',#13275,#13251,#13285,.T.);
#13287=ORIENTED_EDGE('',*,*,#13286,.T.);
#13288=ORIENTED_EDGE('',*,*,#13256,.T.);
#13289=EDGE_LOOP('',(#13273,#13281,#13287,#13288));
#13290=FACE_BOUND('',#13289,.T.);
#13291=ADVANCED_FACE('',(#13290),#13272,.T.);
#13292=CARTESIAN_POINT('',(-11.6,18.7053206,29.359140518));
#13293=CARTESIAN_POINT('',(-12.,18.7053206,29.359140518));
#13294=CARTESIAN_POINT('',(-11.6,17.63574352,29.359140518));
#13295=CARTESIAN_POINT('',(-12.,17.63574352,29.359140518));
#13296=CARTESIAN_POINT('',(-11.6,17.394611187,29.285129604));
#13297=CARTESIAN_POINT('',(-12.,17.394611187,29.285129604));
#13298=CARTESIAN_POINT('',(-11.6,17.153478854,29.21111869));
#13299=CARTESIAN_POINT('',(-12.,17.153478854,29.21111869));
#13300=CARTESIAN_POINT('',(-11.6,17.012619372,29.015347885));
#13301=CARTESIAN_POINT('',(-12.,17.012619372,29.015347885));
#13302=CARTESIAN_POINT('',(-11.6,16.871759891,28.81957708));
#13303=CARTESIAN_POINT('',(-12.,16.871759891,28.81957708));
#13304=CARTESIAN_POINT('',(-11.6,16.871759891,28.518758527));
#13305=CARTESIAN_POINT('',(-12.,16.871759891,28.518758527));
#13306=CARTESIAN_POINT('',(-11.6,16.871759891,28.174965894));
#13307=CARTESIAN_POINT('',(-12.,16.871759891,28.174965894));
#13308=CARTESIAN_POINT('',(-11.6,17.060368349,27.902796726));
#13309=CARTESIAN_POINT('',(-12.,17.060368349,27.902796726));
#13310=CARTESIAN_POINT('',(-11.6,17.248976808,27.630627558));
#13311=CARTESIAN_POINT('',(-12.,17.248976808,27.630627558));
#13312=CARTESIAN_POINT('',(-11.6,17.528308322,27.530354707));
#13313=CARTESIAN_POINT('',(-12.,17.528308322,27.530354707));
#13314=CARTESIAN_POINT('',(-11.6,17.807639836,27.430081855));
#13315=CARTESIAN_POINT('',(-12.,17.807639836,27.430081855));
#13316=CARTESIAN_POINT('',(-11.6,18.896316508,27.430081855));
#13317=CARTESIAN_POINT('',(-12.,18.896316508,27.430081855));
#13318=B_SPLINE_SURFACE_WITH_KNOTS('',2,1,((#13292,#13293),(#13294,#13295),(#13296,#13297),(#13298,#13299),(#13300,#13301),(#13302,#13303),(#13304,#13305),(#13306,#13307),(#13308,#13309),(#13310,#13311),(#13312,#13313),(#13314,#13315),(#13316,#13317)),.UNSPECIFIED.,.F.,.F.,.U.,(3,2,2,2,2,2,3),(2,2),(0.,0.155555556,0.311111111,0.466666667,0.644444444,0.822222222,1.),(0.,1.),.UNSPECIFIED.);
#13319=ORIENTED_EDGE('',*,*,#2096,.F.);
#13320=CARTESIAN_POINT('',(-11.6,18.7053206,29.359140518));
#13321=VERTEX_POINT('',#13320);
#13322=CARTESIAN_POINT('',(-11.6,18.7053206,29.359140518));
#13323=DIRECTION('',(-1.,0.,0.));
#13324=VECTOR('',#13323,0.4);
#13325=LINE('',#13322,#13324);
#13326=EDGE_CURVE('',#13321,#2073,#13325,.T.);
#13327=ORIENTED_EDGE('',*,*,#13326,.F.);
#13328=CARTESIAN_POINT('',(-11.6,18.7053206,29.359140518));
#13329=CARTESIAN_POINT('',(-11.6,17.63574352,29.359140518));
#13330=CARTESIAN_POINT('',(-11.6,17.394611187,29.285129604));
#13331=CARTESIAN_POINT('',(-11.6,17.153478854,29.21111869));
#13332=CARTESIAN_POINT('',(-11.6,17.012619372,29.015347885));
#13333=CARTESIAN_POINT('',(-11.6,16.871759891,28.81957708));
#13334=CARTESIAN_POINT('',(-11.6,16.871759891,28.518758527));
#13335=CARTESIAN_POINT('',(-11.6,16.871759891,28.174965894));
#13336=CARTESIAN_POINT('',(-11.6,17.060368349,27.902796726));
#13337=CARTESIAN_POINT('',(-11.6,17.248976808,27.630627558));
#13338=CARTESIAN_POINT('',(-11.6,17.528308322,27.530354707));
#13339=CARTESIAN_POINT('',(-11.6,17.807639836,27.430081855));
#13340=CARTESIAN_POINT('',(-11.6,18.896316508,27.430081855));
#13341=B_SPLINE_CURVE_WITH_KNOTS('',2,(#13328,#13329,#13330,#13331,#13332,#13333,#13334,#13335,#13336,#13337,#13338,#13339,#13340),.UNSPECIFIED.,.F.,.F.,(3,2,2,2,2,2,3),(0.,0.155555556,0.311111111,0.466666667,0.644444444,0.822222222,1.),.UNSPECIFIED.);
#13342=EDGE_CURVE('',#13321,#13275,#13341,.T.);
#13343=ORIENTED_EDGE('',*,*,#13342,.T.);
#13344=ORIENTED_EDGE('',*,*,#13280,.T.);
#13345=EDGE_LOOP('',(#13319,#13327,#13343,#13344));
#13346=FACE_BOUND('',#13345,.T.);
#13347=ADVANCED_FACE('',(#13346),#13318,.T.);
#13348=CARTESIAN_POINT('',(-11.6,19.870395634,29.359140518));
#13349=DIRECTION('',(-0.,0.,-1.));
#13350=DIRECTION('',(-1.,-0.,0.));
#13351=AXIS2_PLACEMENT_3D('',#13348,#13349,#13350);
#13352=PLANE('',#13351);
#13353=ORIENTED_EDGE('',*,*,#2078,.F.);
#13354=CARTESIAN_POINT('',(-11.6,21.035470668,29.359140518));
#13355=VERTEX_POINT('',#13354);
#13356=CARTESIAN_POINT('',(-11.6,21.035470668,29.359140518));
#13357=DIRECTION('',(-1.,0.,0.));
#13358=VECTOR('',#13357,0.4);
#13359=LINE('',#13356,#13358);
#13360=EDGE_CURVE('',#13355,#2065,#13359,.T.);
#13361=ORIENTED_EDGE('',*,*,#13360,.F.);
#13362=CARTESIAN_POINT('',(-11.6,21.035470668,29.359140518));
#13363=DIRECTION('',(-0.,-1.,-0.));
#13364=VECTOR('',#13363,2.330150068);
#13365=LINE('',#13362,#13364);
#13366=EDGE_CURVE('',#13355,#13321,#13365,.T.);
#13367=ORIENTED_EDGE('',*,*,#13366,.T.);
#13368=ORIENTED_EDGE('',*,*,#13326,.T.);
#13369=EDGE_LOOP('',(#13353,#13361,#13367,#13368));
#13370=FACE_BOUND('',#13369,.T.);
#13371=ADVANCED_FACE('',(#13370),#13352,.T.);
#13372=CARTESIAN_POINT('',(-11.6,21.035470668,30.030013643));
#13373=DIRECTION('',(0.,1.,0.));
#13374=DIRECTION('',(1.,-0.,-0.));
#13375=AXIS2_PLACEMENT_3D('',#13372,#13373,#13374);
#13376=PLANE('',#13375);
#13377=ORIENTED_EDGE('',*,*,#2070,.F.);
#13378=CARTESIAN_POINT('',(-11.6,21.035470668,30.700886767));
#13379=VERTEX_POINT('',#13378);
#13380=CARTESIAN_POINT('',(-11.6,21.035470668,30.700886767));
#13381=DIRECTION('',(-1.,0.,0.));
#13382=VECTOR('',#13381,0.4);
#13383=LINE('',#13380,#13382);
#13384=EDGE_CURVE('',#13379,#2057,#13383,.T.);
#13385=ORIENTED_EDGE('',*,*,#13384,.F.);
#13386=CARTESIAN_POINT('',(-11.6,21.035470668,30.700886767));
#13387=DIRECTION('',(-0.,0.,-1.));
#13388=VECTOR('',#13387,1.341746248);
#13389=LINE('',#13386,#13388);
#13390=EDGE_CURVE('',#13379,#13355,#13389,.T.);
#13391=ORIENTED_EDGE('',*,*,#13390,.T.);
#13392=ORIENTED_EDGE('',*,*,#13360,.T.);
#13393=EDGE_LOOP('',(#13377,#13385,#13391,#13392));
#13394=FACE_BOUND('',#13393,.T.);
#13395=ADVANCED_FACE('',(#13394),#13376,.T.);
#13396=CARTESIAN_POINT('',(-11.6,19.431105048,30.700886767));
#13397=DIRECTION('',(0.,-0.,1.));
#13398=DIRECTION('',(1.,0.,-0.));
#13399=AXIS2_PLACEMENT_3D('',#13396,#13397,#13398);
#13400=PLANE('',#13399);
#13401=ORIENTED_EDGE('',*,*,#2062,.F.);
#13402=CARTESIAN_POINT('',(-11.6,17.826739427,30.700886767));
#13403=VERTEX_POINT('',#13402);
#13404=CARTESIAN_POINT('',(-11.6,17.826739427,30.700886767));
#13405=DIRECTION('',(-1.,0.,0.));
#13406=VECTOR('',#13405,0.4);
#13407=LINE('',#13404,#13406);
#13408=EDGE_CURVE('',#13403,#2041,#13407,.T.);
#13409=ORIENTED_EDGE('',*,*,#13408,.F.);
#13410=CARTESIAN_POINT('',(-11.6,17.826739427,30.700886767));
#13411=DIRECTION('',(0.,1.,0.));
#13412=VECTOR('',#13411,3.208731241);
#13413=LINE('',#13410,#13412);
#13414=EDGE_CURVE('',#13403,#13379,#13413,.T.);
#13415=ORIENTED_EDGE('',*,*,#13414,.T.);
#13416=ORIENTED_EDGE('',*,*,#13384,.T.);
#13417=EDGE_LOOP('',(#13401,#13409,#13415,#13416));
#13418=FACE_BOUND('',#13417,.T.);
#13419=ADVANCED_FACE('',(#13418),#13400,.T.);
#13420=CARTESIAN_POINT('',(-11.6,16.723738063,27.334583902));
#13421=CARTESIAN_POINT('',(-12.,16.723738063,27.334583902));
#13422=CARTESIAN_POINT('',(-11.6,16.31787176,27.611527967));
#13423=CARTESIAN_POINT('',(-12.,16.31787176,27.611527967));
#13424=CARTESIAN_POINT('',(-11.6,16.083901774,28.062755798));
#13425=CARTESIAN_POINT('',(-12.,16.083901774,28.062755798));
#13426=CARTESIAN_POINT('',(-11.6,15.849931787,28.513983629));
#13427=CARTESIAN_POINT('',(-12.,15.849931787,28.513983629));
#13428=CARTESIAN_POINT('',(-11.6,15.849931787,29.015347885));
#13429=CARTESIAN_POINT('',(-12.,15.849931787,29.015347885));
#13430=CARTESIAN_POINT('',(-11.6,15.849931787,29.526261937));
#13431=CARTESIAN_POINT('',(-12.,15.849931787,29.526261937));
#13432=CARTESIAN_POINT('',(-11.6,16.074351978,29.93212824));
#13433=CARTESIAN_POINT('',(-12.,16.074351978,29.93212824));
#13434=CARTESIAN_POINT('',(-11.6,16.298772169,30.337994543));
#13435=CARTESIAN_POINT('',(-12.,16.298772169,30.337994543));
#13436=CARTESIAN_POINT('',(-11.6,16.704638472,30.519440655));
#13437=CARTESIAN_POINT('',(-12.,16.704638472,30.519440655));
#13438=CARTESIAN_POINT('',(-11.6,17.110504775,30.700886767));
#13439=CARTESIAN_POINT('',(-12.,17.110504775,30.700886767));
#13440=CARTESIAN_POINT('',(-11.6,17.826739427,30.700886767));
#13441=CARTESIAN_POINT('',(-12.,17.826739427,30.700886767));
#13442=B_SPLINE_SURFACE_WITH_KNOTS('',2,1,((#13420,#13421),(#13422,#13423),(#13424,#13425),(#13426,#13427),(#13428,#13429),(#13430,#13431),(#13432,#13433),(#13434,#13435),(#13436,#13437),(#13438,#13439),(#13440,#13441)),.UNSPECIFIED.,.F.,.F.,.U.,(3,2,2,2,2,3),(2,2),(0.,0.197740113,0.395480226,0.596986817,0.798493409,1.),(0.,1.),.UNSPECIFIED.);
#13443=ORIENTED_EDGE('',*,*,#2054,.F.);
#13444=CARTESIAN_POINT('',(-11.6,16.723738063,27.334583902));
#13445=VERTEX_POINT('',#13444);
#13446=CARTESIAN_POINT('',(-11.6,16.723738063,27.334583902));
#13447=DIRECTION('',(-1.,0.,0.));
#13448=VECTOR('',#13447,0.4);
#13449=LINE('',#13446,#13448);
#13450=EDGE_CURVE('',#13445,#2033,#13449,.T.);
#13451=ORIENTED_EDGE('',*,*,#13450,.F.);
#13452=CARTESIAN_POINT('',(-11.6,16.723738063,27.334583902));
#13453=CARTESIAN_POINT('',(-11.6,16.31787176,27.611527967));
#13454=CARTESIAN_POINT('',(-11.6,16.083901774,28.062755798));
#13455=CARTESIAN_POINT('',(-11.6,15.849931787,28.513983629));
#13456=CARTESIAN_POINT('',(-11.6,15.849931787,29.015347885));
#13457=CARTESIAN_POINT('',(-11.6,15.849931787,29.526261937));
#13458=CARTESIAN_POINT('',(-11.6,16.074351978,29.93212824));
#13459=CARTESIAN_POINT('',(-11.6,16.298772169,30.337994543));
#13460=CARTESIAN_POINT('',(-11.6,16.704638472,30.519440655));
#13461=CARTESIAN_POINT('',(-11.6,17.110504775,30.700886767));
#13462=CARTESIAN_POINT('',(-11.6,17.826739427,30.700886767));
#13463=B_SPLINE_CURVE_WITH_KNOTS('',2,(#13452,#13453,#13454,#13455,#13456,#13457,#13458,#13459,#13460,#13461,#13462),.UNSPECIFIED.,.F.,.F.,(3,2,2,2,2,3),(0.,0.197740113,0.395480226,0.596986817,0.798493409,1.),.UNSPECIFIED.);
#13464=EDGE_CURVE('',#13445,#13403,#13463,.T.);
#13465=ORIENTED_EDGE('',*,*,#13464,.T.);
#13466=ORIENTED_EDGE('',*,*,#13408,.T.);
#13467=EDGE_LOOP('',(#13443,#13451,#13465,#13466));
#13468=FACE_BOUND('',#13467,.T.);
#13469=ADVANCED_FACE('',(#13468),#13442,.T.);
#13470=CARTESIAN_POINT('',(-11.6,16.344133697,27.334583902));
#13471=DIRECTION('',(0.,-0.,1.));
#13472=DIRECTION('',(1.,0.,-0.));
#13473=AXIS2_PLACEMENT_3D('',#13470,#13471,#13472);
#13474=PLANE('',#13473);
#13475=ORIENTED_EDGE('',*,*,#2038,.F.);
#13476=CARTESIAN_POINT('',(-11.6,15.964529332,27.334583902));
#13477=VERTEX_POINT('',#13476);
#13478=CARTESIAN_POINT('',(-11.6,15.964529332,27.334583902));
#13479=DIRECTION('',(-1.,0.,0.));
#13480=VECTOR('',#13479,0.4);
#13481=LINE('',#13478,#13480);
#13482=EDGE_CURVE('',#13477,#2025,#13481,.T.);
#13483=ORIENTED_EDGE('',*,*,#13482,.F.);
#13484=CARTESIAN_POINT('',(-11.6,15.964529332,27.334583902));
#13485=DIRECTION('',(0.,1.,0.));
#13486=VECTOR('',#13485,0.759208731);
#13487=LINE('',#13484,#13486);
#13488=EDGE_CURVE('',#13477,#13445,#13487,.T.);
#13489=ORIENTED_EDGE('',*,*,#13488,.T.);
#13490=ORIENTED_EDGE('',*,*,#13450,.T.);
#13491=EDGE_LOOP('',(#13475,#13483,#13489,#13490));
#13492=FACE_BOUND('',#13491,.T.);
#13493=ADVANCED_FACE('',(#13492),#13474,.T.);
#13494=CARTESIAN_POINT('',(-11.6,15.964529332,26.711459754));
#13495=DIRECTION('',(-0.,-1.,-0.));
#13496=DIRECTION('',(-1.,0.,0.));
#13497=AXIS2_PLACEMENT_3D('',#13494,#13495,#13496);
#13498=PLANE('',#13497);
#13499=ORIENTED_EDGE('',*,*,#2030,.F.);
#13500=ORIENTED_EDGE('',*,*,#13239,.F.);
#13501=CARTESIAN_POINT('',(-11.6,15.964529332,26.088335607));
#13502=DIRECTION('',(0.,-0.,1.));
#13503=VECTOR('',#13502,1.246248295);
#13504=LINE('',#13501,#13503);
#13505=EDGE_CURVE('',#13228,#13477,#13504,.T.);
#13506=ORIENTED_EDGE('',*,*,#13505,.T.);
#13507=ORIENTED_EDGE('',*,*,#13482,.T.);
#13508=EDGE_LOOP('',(#13499,#13500,#13506,#13507));
#13509=FACE_BOUND('',#13508,.T.);
#13510=ADVANCED_FACE('',(#13509),#13498,.T.);
#13511=CARTESIAN_POINT('',(-11.6,-0.5,66.5));
#13512=DIRECTION('',(1.,-0.,-0.));
#13513=DIRECTION('',(-0.,0.,-1.));
#13514=AXIS2_PLACEMENT_3D('',#13511,#13512,#13513);
#13515=PLANE('',#13514);
#13516=ORIENTED_EDGE('',*,*,#13233,.F.);
#13517=ORIENTED_EDGE('',*,*,#13262,.F.);
#13518=ORIENTED_EDGE('',*,*,#13286,.F.);
#13519=ORIENTED_EDGE('',*,*,#13342,.F.);
#13520=ORIENTED_EDGE('',*,*,#13366,.F.);
#13521=ORIENTED_EDGE('',*,*,#13390,.F.);
#13522=ORIENTED_EDGE('',*,*,#13414,.F.);
#13523=ORIENTED_EDGE('',*,*,#13464,.F.);
#13524=ORIENTED_EDGE('',*,*,#13488,.F.);
#13525=ORIENTED_EDGE('',*,*,#13505,.F.);
#13526=EDGE_LOOP('',(#13516,#13517,#13518,#13519,#13520,#13521,#13522,#13523,#13524,#13525));
#13527=FACE_BOUND('',#13526,.T.);
#13528=ADVANCED_FACE('',(#13527),#13515,.T.);
#13529=CARTESIAN_POINT('',(-11.6,17.354024557,42.714529332));
#13530=CARTESIAN_POINT('',(-12.,17.354024557,42.714529332));
#13531=CARTESIAN_POINT('',(-11.6,16.618690314,42.972373806));
#13532=CARTESIAN_POINT('',(-12.,16.618690314,42.972373806));
#13533=CARTESIAN_POINT('',(-11.6,16.23431105,43.528649386));
#13534=CARTESIAN_POINT('',(-12.,16.23431105,43.528649386));
#13535=CARTESIAN_POINT('',(-11.6,15.849931787,44.084924966));
#13536=CARTESIAN_POINT('',(-12.,15.849931787,44.084924966));
#13537=CARTESIAN_POINT('',(-11.6,15.849931787,44.92053206));
#13538=CARTESIAN_POINT('',(-12.,15.849931787,44.92053206));
#13539=CARTESIAN_POINT('',(-11.6,15.849931787,46.243178718));
#13540=CARTESIAN_POINT('',(-12.,15.849931787,46.243178718));
#13541=CARTESIAN_POINT('',(-11.6,16.714188267,46.878240109));
#13542=CARTESIAN_POINT('',(-12.,16.714188267,46.878240109));
#13543=B_SPLINE_SURFACE_WITH_KNOTS('',2,1,((#13529,#13530),(#13531,#13532),(#13533,#13534),(#13535,#13536),(#13537,#13538),(#13539,#13540),(#13541,#13542)),.UNSPECIFIED.,.F.,.F.,.U.,(3,2,2,3),(2,2),(0.,0.088934679,0.177869358,0.31864025),(0.,1.),.UNSPECIFIED.);
#13544=ORIENTED_EDGE('',*,*,#1966,.F.);
#13545=CARTESIAN_POINT('',(-11.6,17.354024557,42.714529332));
#13546=VERTEX_POINT('',#13545);
#13547=CARTESIAN_POINT('',(-11.6,17.354024557,42.714529332));
#13548=DIRECTION('',(-1.,0.,0.));
#13549=VECTOR('',#13548,0.4);
#13550=LINE('',#13547,#13549);
#13551=EDGE_CURVE('',#13546,#1955,#13550,.T.);
#13552=ORIENTED_EDGE('',*,*,#13551,.F.);
#13553=CARTESIAN_POINT('',(-11.6,16.714188267,46.878240109));
#13554=VERTEX_POINT('',#13553);
#13555=CARTESIAN_POINT('',(-11.6,17.354024557,42.714529332));
#13556=CARTESIAN_POINT('',(-11.6,16.618690314,42.972373806));
#13557=CARTESIAN_POINT('',(-11.6,16.23431105,43.528649386));
#13558=CARTESIAN_POINT('',(-11.6,15.849931787,44.084924966));
#13559=CARTESIAN_POINT('',(-11.6,15.849931787,44.92053206));
#13560=CARTESIAN_POINT('',(-11.6,15.849931787,46.243178718));
#13561=CARTESIAN_POINT('',(-11.6,16.714188267,46.878240109));
#13562=B_SPLINE_CURVE_WITH_KNOTS('',2,(#13555,#13556,#13557,#13558,#13559,#13560,#13561),.UNSPECIFIED.,.F.,.F.,(3,2,2,3),(0.,0.088934679,0.177869358,0.31864025),.UNSPECIFIED.);
#13563=EDGE_CURVE('',#13546,#13554,#13562,.T.);
#13564=ORIENTED_EDGE('',*,*,#13563,.T.);
#13565=CARTESIAN_POINT('',(-11.6,16.714188267,46.878240109));
#13566=DIRECTION('',(-1.,0.,0.));
#13567=VECTOR('',#13566,0.4);
#13568=LINE('',#13565,#13567);
#13569=EDGE_CURVE('',#13554,#1957,#13568,.T.);
#13570=ORIENTED_EDGE('',*,*,#13569,.T.);
#13571=EDGE_LOOP('',(#13544,#13552,#13564,#13570));
#13572=FACE_BOUND('',#13571,.T.);
#13573=ADVANCED_FACE('',(#13572),#13543,.T.);
#13574=CARTESIAN_POINT('',(-11.6,17.466234652,43.383015007));
#13575=DIRECTION('',(0.,0.986202876,-0.165541197));
#13576=DIRECTION('',(0.,0.165541197,0.986202876));
#13577=AXIS2_PLACEMENT_3D('',#13574,#13575,#13576);
#13578=PLANE('',#13577);
#13579=ORIENTED_EDGE('',*,*,#2010,.F.);
#13580=CARTESIAN_POINT('',(-11.6,17.578444748,44.051500682));
#13581=VERTEX_POINT('',#13580);
#13582=CARTESIAN_POINT('',(-11.6,17.578444748,44.051500682));
#13583=DIRECTION('',(-1.,0.,0.));
#13584=VECTOR('',#13583,0.4);
#13585=LINE('',#13582,#13584);
#13586=EDGE_CURVE('',#13581,#1993,#13585,.T.);
#13587=ORIENTED_EDGE('',*,*,#13586,.F.);
#13588=CARTESIAN_POINT('',(-11.6,17.578444748,44.051500682));
#13589=DIRECTION('',(-0.,-0.165541197,-0.986202876));
#13590=VECTOR('',#13589,1.355675778);
#13591=LINE('',#13588,#13590);
#13592=EDGE_CURVE('',#13581,#13546,#13591,.T.);
#13593=ORIENTED_EDGE('',*,*,#13592,.T.);
#13594=ORIENTED_EDGE('',*,*,#13551,.T.);
#13595=EDGE_LOOP('',(#13579,#13587,#13593,#13594));
#13596=FACE_BOUND('',#13595,.T.);
#13597=ADVANCED_FACE('',(#13596),#13578,.T.);
#13598=CARTESIAN_POINT('',(-11.6,18.113233288,46.004433834));
#13599=CARTESIAN_POINT('',(-12.,18.113233288,46.004433834));
#13600=CARTESIAN_POINT('',(-11.6,17.516371078,45.990109141));
#13601=CARTESIAN_POINT('',(-12.,17.516371078,45.990109141));
#13602=CARTESIAN_POINT('',(-11.6,17.184515689,45.679740791));
#13603=CARTESIAN_POINT('',(-12.,17.184515689,45.679740791));
#13604=CARTESIAN_POINT('',(-11.6,16.8526603,45.369372442));
#13605=CARTESIAN_POINT('',(-12.,16.8526603,45.369372442));
#13606=CARTESIAN_POINT('',(-11.6,16.8526603,44.906207367));
#13607=CARTESIAN_POINT('',(-12.,16.8526603,44.906207367));
#13608=CARTESIAN_POINT('',(-11.6,16.8526603,44.59106412));
#13609=CARTESIAN_POINT('',(-12.,16.8526603,44.59106412));
#13610=CARTESIAN_POINT('',(-11.6,17.024556617,44.376193724));
#13611=CARTESIAN_POINT('',(-12.,17.024556617,44.376193724));
#13612=CARTESIAN_POINT('',(-11.6,17.196452933,44.161323329));
#13613=CARTESIAN_POINT('',(-12.,17.196452933,44.161323329));
#13614=CARTESIAN_POINT('',(-11.6,17.578444748,44.051500682));
#13615=CARTESIAN_POINT('',(-12.,17.578444748,44.051500682));
#13616=B_SPLINE_SURFACE_WITH_KNOTS('',2,1,((#13598,#13599),(#13600,#13601),(#13602,#13603),(#13604,#13605),(#13606,#13607),(#13608,#13609),(#13610,#13611),(#13612,#13613),(#13614,#13615)),.UNSPECIFIED.,.F.,.F.,.U.,(3,2,2,2,3),(2,2),(0.,0.297546012,0.595092025,0.797546012,1.),(0.,1.),.UNSPECIFIED.);
#13617=ORIENTED_EDGE('',*,*,#2004,.F.);
#13618=CARTESIAN_POINT('',(-11.6,18.113233288,46.004433834));
#13619=VERTEX_POINT('',#13618);
#13620=CARTESIAN_POINT('',(-11.6,18.113233288,46.004433834));
#13621=DIRECTION('',(-1.,0.,0.));
#13622=VECTOR('',#13621,0.4);
#13623=LINE('',#13620,#13622);
#13624=EDGE_CURVE('',#13619,#1985,#13623,.T.);
#13625=ORIENTED_EDGE('',*,*,#13624,.F.);
#13626=CARTESIAN_POINT('',(-11.6,18.113233288,46.004433834));
#13627=CARTESIAN_POINT('',(-11.6,17.516371078,45.990109141));
#13628=CARTESIAN_POINT('',(-11.6,17.184515689,45.679740791));
#13629=CARTESIAN_POINT('',(-11.6,16.8526603,45.369372442));
#13630=CARTESIAN_POINT('',(-11.6,16.8526603,44.906207367));
#13631=CARTESIAN_POINT('',(-11.6,16.8526603,44.59106412));
#13632=CARTESIAN_POINT('',(-11.6,17.024556617,44.376193724));
#13633=CARTESIAN_POINT('',(-11.6,17.196452933,44.161323329));
#13634=CARTESIAN_POINT('',(-11.6,17.578444748,44.051500682));
#13635=B_SPLINE_CURVE_WITH_KNOTS('',2,(#13626,#13627,#13628,#13629,#13630,#13631,#13632,#13633,#13634),.UNSPECIFIED.,.F.,.F.,(3,2,2,2,3),(0.,0.297546012,0.595092025,0.797546012,1.),.UNSPECIFIED.);
#13636=EDGE_CURVE('',#13619,#13581,#13635,.T.);
#13637=ORIENTED_EDGE('',*,*,#13636,.T.);
#13638=ORIENTED_EDGE('',*,*,#13586,.T.);
#13639=EDGE_LOOP('',(#13617,#13625,#13637,#13638));
#13640=FACE_BOUND('',#13639,.T.);
#13641=ADVANCED_FACE('',(#13640),#13616,.T.);
#13642=CARTESIAN_POINT('',(-11.6,18.113233288,44.32366985));
#13643=DIRECTION('',(-0.,-1.,-0.));
#13644=DIRECTION('',(-1.,0.,0.));
#13645=AXIS2_PLACEMENT_3D('',#13642,#13643,#13644);
#13646=PLANE('',#13645);
#13647=ORIENTED_EDGE('',*,*,#1990,.F.);
#13648=CARTESIAN_POINT('',(-11.6,18.113233288,42.642905866));
#13649=VERTEX_POINT('',#13648);
#13650=CARTESIAN_POINT('',(-11.6,18.113233288,42.642905866));
#13651=DIRECTION('',(-1.,0.,0.));
#13652=VECTOR('',#13651,0.4);
#13653=LINE('',#13650,#13652);
#13654=EDGE_CURVE('',#13649,#1969,#13653,.T.);
#13655=ORIENTED_EDGE('',*,*,#13654,.F.);
#13656=CARTESIAN_POINT('',(-11.6,18.113233288,42.642905866));
#13657=DIRECTION('',(0.,-0.,1.));
#13658=VECTOR('',#13657,3.361527967);
#13659=LINE('',#13656,#13658);
#13660=EDGE_CURVE('',#13649,#13619,#13659,.T.);
#13661=ORIENTED_EDGE('',*,*,#13660,.T.);
#13662=ORIENTED_EDGE('',*,*,#13624,.T.);
#13663=EDGE_LOOP('',(#13647,#13655,#13661,#13662));
#13664=FACE_BOUND('',#13663,.T.);
#13665=ADVANCED_FACE('',(#13664),#13646,.T.);
#13666=CARTESIAN_POINT('',(-11.6,19.820259209,44.275920873));
#13667=CARTESIAN_POINT('',(-12.,19.820259209,44.275920873));
#13668=CARTESIAN_POINT('',(-11.6,20.123465211,44.562414734));
#13669=CARTESIAN_POINT('',(-12.,20.123465211,44.562414734));
#13670=CARTESIAN_POINT('',(-11.6,20.123465211,44.973055935));
#13671=CARTESIAN_POINT('',(-12.,20.123465211,44.973055935));
#13672=CARTESIAN_POINT('',(-11.6,20.123465211,45.412346521));
#13673=CARTESIAN_POINT('',(-12.,20.123465211,45.412346521));
#13674=CARTESIAN_POINT('',(-11.6,19.803547067,45.698840382));
#13675=CARTESIAN_POINT('',(-12.,19.803547067,45.698840382));
#13676=CARTESIAN_POINT('',(-11.6,19.483628922,45.985334243));
#13677=CARTESIAN_POINT('',(-12.,19.483628922,45.985334243));
#13678=CARTESIAN_POINT('',(-11.6,18.934515689,45.980559345));
#13679=CARTESIAN_POINT('',(-12.,18.934515689,45.980559345));
#13680=B_SPLINE_SURFACE_WITH_KNOTS('',2,1,((#13666,#13667),(#13668,#13669),(#13670,#13671),(#13672,#13673),(#13674,#13675),(#13676,#13677),(#13678,#13679)),.UNSPECIFIED.,.F.,.F.,.U.,(3,2,2,3),(2,2),(0.,0.318518519,0.659259259,1.),(0.,1.),.UNSPECIFIED.);
#13681=CARTESIAN_POINT('',(-12.,19.820259209,44.275920873));
#13682=VERTEX_POINT('',#13681);
#13683=CARTESIAN_POINT('',(-12.,18.934515689,45.980559345));
#13684=VERTEX_POINT('',#13683);
#13685=CARTESIAN_POINT('',(-12.,19.820259209,44.275920873));
#13686=CARTESIAN_POINT('',(-12.,20.123465211,44.562414734));
#13687=CARTESIAN_POINT('',(-12.,20.123465211,44.973055935));
#13688=CARTESIAN_POINT('',(-12.,20.123465211,45.412346521));
#13689=CARTESIAN_POINT('',(-12.,19.803547067,45.698840382));
#13690=CARTESIAN_POINT('',(-12.,19.483628922,45.985334243));
#13691=CARTESIAN_POINT('',(-12.,18.934515689,45.980559345));
#13692=B_SPLINE_CURVE_WITH_KNOTS('',2,(#13685,#13686,#13687,#13688,#13689,#13690,#13691),.UNSPECIFIED.,.F.,.F.,(3,2,2,3),(0.,0.318518519,0.659259259,1.),.UNSPECIFIED.);
#13693=EDGE_CURVE('',#13682,#13684,#13692,.T.);
#13694=ORIENTED_EDGE('',*,*,#13693,.F.);
#13695=CARTESIAN_POINT('',(-11.6,19.820259209,44.275920873));
#13696=VERTEX_POINT('',#13695);
#13697=CARTESIAN_POINT('',(-11.6,19.820259209,44.275920873));
#13698=DIRECTION('',(-1.,0.,0.));
#13699=VECTOR('',#13698,0.4);
#13700=LINE('',#13697,#13699);
#13701=EDGE_CURVE('',#13696,#13682,#13700,.T.);
#13702=ORIENTED_EDGE('',*,*,#13701,.F.);
#13703=CARTESIAN_POINT('',(-11.6,18.934515689,45.980559345));
#13704=VERTEX_POINT('',#13703);
#13705=CARTESIAN_POINT('',(-11.6,19.820259209,44.275920873));
#13706=CARTESIAN_POINT('',(-11.6,20.123465211,44.562414734));
#13707=CARTESIAN_POINT('',(-11.6,20.123465211,44.973055935));
#13708=CARTESIAN_POINT('',(-11.6,20.123465211,45.412346521));
#13709=CARTESIAN_POINT('',(-11.6,19.803547067,45.698840382));
#13710=CARTESIAN_POINT('',(-11.6,19.483628922,45.985334243));
#13711=CARTESIAN_POINT('',(-11.6,18.934515689,45.980559345));
#13712=B_SPLINE_CURVE_WITH_KNOTS('',2,(#13705,#13706,#13707,#13708,#13709,#13710,#13711),.UNSPECIFIED.,.F.,.F.,(3,2,2,3),(0.,0.318518519,0.659259259,1.),.UNSPECIFIED.);
#13713=EDGE_CURVE('',#13696,#13704,#13712,.T.);
#13714=ORIENTED_EDGE('',*,*,#13713,.T.);
#13715=CARTESIAN_POINT('',(-11.6,18.934515689,45.980559345));
#13716=DIRECTION('',(-1.,0.,0.));
#13717=VECTOR('',#13716,0.4);
#13718=LINE('',#13715,#13717);
#13719=EDGE_CURVE('',#13704,#13684,#13718,.T.);
#13720=ORIENTED_EDGE('',*,*,#13719,.T.);
#13721=EDGE_LOOP('',(#13694,#13702,#13714,#13720));
#13722=FACE_BOUND('',#13721,.T.);
#13723=ADVANCED_FACE('',(#13722),#13680,.T.);
#13724=CARTESIAN_POINT('',(-11.6,18.934515689,43.975102319));
#13725=CARTESIAN_POINT('',(-12.,18.934515689,43.975102319));
#13726=CARTESIAN_POINT('',(-11.6,19.517053132,43.98942701));
#13727=CARTESIAN_POINT('',(-12.,19.517053132,43.98942701));
#13728=CARTESIAN_POINT('',(-11.6,19.820259131,44.2759208));
#13729=CARTESIAN_POINT('',(-12.,19.820259131,44.2759208));
#13730=B_SPLINE_SURFACE_WITH_KNOTS('',2,1,((#13724,#13725),(#13726,#13727),(#13728,#13729)),.UNSPECIFIED.,.F.,.F.,.U.,(3,3),(2,2),(0.,0.999999873),(0.,1.),.UNSPECIFIED.);
#13731=CARTESIAN_POINT('',(-12.,18.934515689,43.975102319));
#13732=VERTEX_POINT('',#13731);
#13733=CARTESIAN_POINT('',(-12.,18.934515689,43.975102319));
#13734=CARTESIAN_POINT('',(-12.,19.517053206,43.989427012));
#13735=CARTESIAN_POINT('',(-12.,19.820259209,44.275920873));
#13736=B_SPLINE_CURVE_WITH_KNOTS('',2,(#13733,#13734,#13735),.UNSPECIFIED.,.F.,.F.,(3,3),(0.,1.),.UNSPECIFIED.);
#13737=EDGE_CURVE('',#13732,#13682,#13736,.T.);
#13738=ORIENTED_EDGE('',*,*,#13737,.F.);
#13739=CARTESIAN_POINT('',(-11.6,18.934515689,43.975102319));
#13740=VERTEX_POINT('',#13739);
#13741=CARTESIAN_POINT('',(-11.6,18.934515689,43.975102319));
#13742=DIRECTION('',(-1.,0.,0.));
#13743=VECTOR('',#13742,0.4);
#13744=LINE('',#13741,#13743);
#13745=EDGE_CURVE('',#13740,#13732,#13744,.T.);
#13746=ORIENTED_EDGE('',*,*,#13745,.F.);
#13747=CARTESIAN_POINT('',(-11.6,18.934515689,43.975102319));
#13748=CARTESIAN_POINT('',(-11.6,19.517053206,43.989427012));
#13749=CARTESIAN_POINT('',(-11.6,19.820259209,44.275920873));
#13750=B_SPLINE_CURVE_WITH_KNOTS('',2,(#13747,#13748,#13749),.UNSPECIFIED.,.F.,.F.,(3,3),(0.,1.),.UNSPECIFIED.);
#13751=EDGE_CURVE('',#13740,#13696,#13750,.T.);
#13752=ORIENTED_EDGE('',*,*,#13751,.T.);
#13753=ORIENTED_EDGE('',*,*,#13701,.T.);
#13754=EDGE_LOOP('',(#13738,#13746,#13752,#13753));
#13755=FACE_BOUND('',#13754,.T.);
#13756=ADVANCED_FACE('',(#13755),#13730,.T.);
#13757=CARTESIAN_POINT('',(-11.6,18.934515689,44.977830832));
#13758=DIRECTION('',(0.,1.,0.));
#13759=DIRECTION('',(1.,-0.,-0.));
#13760=AXIS2_PLACEMENT_3D('',#13757,#13758,#13759);
#13761=PLANE('',#13760);
#13762=CARTESIAN_POINT('',(-12.,18.934515689,45.980559345));
#13763=DIRECTION('',(-0.,0.,-1.));
#13764=VECTOR('',#13763,2.005457026);
#13765=LINE('',#13762,#13764);
#13766=EDGE_CURVE('',#13684,#13732,#13765,.T.);
#13767=ORIENTED_EDGE('',*,*,#13766,.F.);
#13768=ORIENTED_EDGE('',*,*,#13719,.F.);
#13769=CARTESIAN_POINT('',(-11.6,18.934515689,45.980559345));
#13770=DIRECTION('',(-0.,0.,-1.));
#13771=VECTOR('',#13770,2.005457026);
#13772=LINE('',#13769,#13771);
#13773=EDGE_CURVE('',#13704,#13740,#13772,.T.);
#13774=ORIENTED_EDGE('',*,*,#13773,.T.);
#13775=ORIENTED_EDGE('',*,*,#13745,.T.);
#13776=EDGE_LOOP('',(#13767,#13768,#13774,#13775));
#13777=FACE_BOUND('',#13776,.T.);
#13778=ADVANCED_FACE('',(#13777),#13761,.T.);
#13779=CARTESIAN_POINT('',(-11.6,16.714188267,46.878240109));
#13780=CARTESIAN_POINT('',(-12.,16.714188267,46.878240109));
#13781=CARTESIAN_POINT('',(-11.6,17.406548431,47.379604366));
#13782=CARTESIAN_POINT('',(-12.,17.406548431,47.379604366));
#13783=CARTESIAN_POINT('',(-11.6,18.461800819,47.379604366));
#13784=CARTESIAN_POINT('',(-12.,18.461800819,47.379604366));
#13785=CARTESIAN_POINT('',(-11.6,19.722373806,47.379604366));
#13786=CARTESIAN_POINT('',(-12.,19.722373806,47.379604366));
#13787=CARTESIAN_POINT('',(-11.6,20.43622101,46.720668486));
#13788=CARTESIAN_POINT('',(-12.,20.43622101,46.720668486));
#13789=CARTESIAN_POINT('',(-11.6,21.150068213,46.061732606));
#13790=CARTESIAN_POINT('',(-12.,21.150068213,46.061732606));
#13791=CARTESIAN_POINT('',(-11.6,21.150068213,45.054229195));
#13792=CARTESIAN_POINT('',(-12.,21.150068213,45.054229195));
#13793=CARTESIAN_POINT('',(-11.6,21.150068213,43.922578445));
#13794=CARTESIAN_POINT('',(-12.,21.150068213,43.922578445));
#13795=CARTESIAN_POINT('',(-11.6,20.402796726,43.268417462));
#13796=CARTESIAN_POINT('',(-12.,20.402796726,43.268417462));
#13797=CARTESIAN_POINT('',(-11.6,19.655525239,42.61425648));
#13798=CARTESIAN_POINT('',(-12.,19.655525239,42.61425648));
#13799=CARTESIAN_POINT('',(-11.6,18.113233288,42.642905866));
#13800=CARTESIAN_POINT('',(-12.,18.113233288,42.642905866));
#13801=B_SPLINE_SURFACE_WITH_KNOTS('',2,1,((#13779,#13780),(#13781,#13782),(#13783,#13784),(#13785,#13786),(#13787,#13788),(#13789,#13790),(#13791,#13792),(#13793,#13794),(#13795,#13796),(#13797,#13798),(#13799,#13800)),.UNSPECIFIED.,.F.,.F.,.U.,(3,2,2,2,2,3),(2,2),(0.31864025,0.430841138,0.564872969,0.698904799,0.849452399,1.),(0.,1.),.UNSPECIFIED.);
#13802=ORIENTED_EDGE('',*,*,#1982,.F.);
#13803=ORIENTED_EDGE('',*,*,#13569,.F.);
#13804=CARTESIAN_POINT('',(-11.6,16.714188267,46.878240109));
#13805=CARTESIAN_POINT('',(-11.6,17.406548431,47.379604366));
#13806=CARTESIAN_POINT('',(-11.6,18.461800819,47.379604366));
#13807=CARTESIAN_POINT('',(-11.6,19.722373806,47.379604366));
#13808=CARTESIAN_POINT('',(-11.6,20.43622101,46.720668486));
#13809=CARTESIAN_POINT('',(-11.6,21.150068213,46.061732606));
#13810=CARTESIAN_POINT('',(-11.6,21.150068213,45.054229195));
#13811=CARTESIAN_POINT('',(-11.6,21.150068213,43.922578445));
#13812=CARTESIAN_POINT('',(-11.6,20.402796726,43.268417462));
#13813=CARTESIAN_POINT('',(-11.6,19.655525239,42.61425648));
#13814=CARTESIAN_POINT('',(-11.6,18.113233288,42.642905866));
#13815=B_SPLINE_CURVE_WITH_KNOTS('',2,(#13804,#13805,#13806,#13807,#13808,#13809,#13810,#13811,#13812,#13813,#13814),.UNSPECIFIED.,.F.,.F.,(3,2,2,2,2,3),(0.31864025,0.430841138,0.564872969,0.698904799,0.849452399,1.),.UNSPECIFIED.);
#13816=EDGE_CURVE('',#13554,#13649,#13815,.T.);
#13817=ORIENTED_EDGE('',*,*,#13816,.T.);
#13818=ORIENTED_EDGE('',*,*,#13654,.T.);
#13819=EDGE_LOOP('',(#13802,#13803,#13817,#13818));
#13820=FACE_BOUND('',#13819,.T.);
#13821=ADVANCED_FACE('',(#13820),#13801,.T.);
#13822=CARTESIAN_POINT('',(-11.6,-0.5,66.5));
#13823=DIRECTION('',(1.,-0.,-0.));
#13824=DIRECTION('',(-0.,0.,-1.));
#13825=AXIS2_PLACEMENT_3D('',#13822,#13823,#13824);
#13826=PLANE('',#13825);
#13827=ORIENTED_EDGE('',*,*,#13713,.F.);
#13828=ORIENTED_EDGE('',*,*,#13751,.F.);
#13829=ORIENTED_EDGE('',*,*,#13773,.F.);
#13830=EDGE_LOOP('',(#13827,#13828,#13829));
#13831=FACE_BOUND('',#13830,.T.);
#13832=ORIENTED_EDGE('',*,*,#13563,.F.);
#13833=ORIENTED_EDGE('',*,*,#13592,.F.);
#13834=ORIENTED_EDGE('',*,*,#13636,.F.);
#13835=ORIENTED_EDGE('',*,*,#13660,.F.);
#13836=ORIENTED_EDGE('',*,*,#13816,.F.);
#13837=EDGE_LOOP('',(#13832,#13833,#13834,#13835,#13836));
#13838=FACE_BOUND('',#13837,.T.);
#13839=ADVANCED_FACE('',(#13831,#13838),#13826,.T.);
#13840=CARTESIAN_POINT('',(-12.,17.,43.5));
#13841=DIRECTION('',(1.,-0.,-0.));
#13842=DIRECTION('',(-0.,0.,-1.));
#13843=AXIS2_PLACEMENT_3D('',#13840,#13841,#13842);
#13844=PLANE('',#13843);
#13845=ORIENTED_EDGE('',*,*,#13693,.T.);
#13846=ORIENTED_EDGE('',*,*,#13766,.T.);
#13847=ORIENTED_EDGE('',*,*,#13737,.T.);
#13848=EDGE_LOOP('',(#13845,#13846,#13847));
#13849=FACE_BOUND('',#13848,.T.);
#13850=ADVANCED_FACE('',(#13849),#13844,.T.);
#13851=CLOSED_SHELL('',(#68,#110,#135,#160,#191,#216,#238,#263,#294,#327,#352,#369,#394,#427,#452,#469,#494,#520,#546,#572,#598,#630,#782,#819,#893,#918,
#950,#987,#1004,#1046,#1088,#1113,#1138,#1169,#1194,#1216,#1241,#1272,#1305,#1344,#1378,#1395,#1412,#1437,#1504,#1538,#1563,#1597,#1614,#1631,#1656,
#1682,#1830,#1874,#1899,#1923,#1948,#2513,#2555,#2597,#2639,#2681,#2713,#2982,#3014,#3241,#3323,#3358,#3389,#3420,#3455,#3479,#3725,#5984,#6002,#7249,
#7478,#7496,#7509,#7520,#7538,#7607,#7625,#7649,#7667,#7684,#7922,#9160,#9172,#11401,#11624,#11656,#11689,#11713,#11745,#11769,#11819,#11843,#11887,#11911,#11937,
#11999,#12065,#12098,#12131,#12162,#12195,#12219,#12238,#12265,#12279,#12342,#12408,#12456,#12493,#12507,#12517,#12550,#12576,#12608,#12646,#12670,#12720,#12752,#12784,#12822,
#12846,#12889,#12908,#12939,#13007,#13031,#13092,#13104,#13135,#13159,#13183,#13200,#13212,#13243,#13267,#13291,#13347,#13371,#13395,#13419,#13469,#13493,#13510,#13528,#13573,
#13597,#13641,#13665,#13723,#13756,#13778,#13821,#13839,#13850));
#13852=MANIFOLD_SOLID_BREP('Hammer Wallmount',#13851);
#13853=COLOUR_RGB('',0.262745112,0.262745112,0.262745112);
#13854=FILL_AREA_STYLE_COLOUR('',#13853);
#13855=FILL_AREA_STYLE('',(#13854));
#13856=SURFACE_STYLE_FILL_AREA(#13855);
#13857=SURFACE_SIDE_STYLE('',(#13856));
#13858=SURFACE_STYLE_USAGE(.BOTH.,#13857);
#13859=PRESENTATION_STYLE_ASSIGNMENT((#13858));
#26=STYLED_ITEM('',(#13859),#13852);
#16=SHAPE_REPRESENTATION('root',(#15),#10);
#17=ADVANCED_BREP_SHAPE_REPRESENTATION('root',(#13852),#10);
#13867=SHAPE_REPRESENTATION_RELATIONSHIP('','',#16,#17);
#13868=CARTESIAN_POINT('',(0.,0.,0.));
#13869=DIRECTION('',(0.,0.,1.));
#13870=DIRECTION('',(1.,0.,0.));
#13871=AXIS2_PLACEMENT_3D('',#13868,#13869,#13870);
#13873=MAPPED_ITEM('',#13872,#13871);
#13872=REPRESENTATION_MAP(#13871,#16);
#13874=APPLICATION_CONTEXT('Managed model based 3d engineering');
#13875=APPLICATION_PROTOCOL_DEFINITION('international standard','ap242_managed_model_based_3d_engineering',2014,#13874);
#13876=PRODUCT_CONTEXT('',#13874,'mechanical');
#13877=PRODUCT_DEFINITION_CONTEXT('part definition',#13874,'design');
#24=PRODUCT('root','root','',(#13876));
#13878=PRODUCT_RELATED_PRODUCT_CATEGORY('part','',(#24));
#13879=PRODUCT_DEFINITION_FORMATION_WITH_SPECIFIED_SOURCE('','',#24,.NOT_KNOWN.);
#25=PRODUCT_DEFINITION('design','',#13879,#13877);
#23=PRODUCT_DEFINITION_SHAPE('','',#25);
#13880=SHAPE_DEFINITION_REPRESENTATION(#23,#16);
#11=DRAUGHTING_MODEL('',(#13873),#10);
#13881=DESCRIPTIVE_REPRESENTATION_ITEM('KEY','/Users/userzero/Library/Containers/com.shapr3d.shapr/Data/tmp/552C15F4-B53B-4BAD-83D6-5415FA282D14.tmp');
#13882=PROPERTY_DEFINITION('KEY','',#25);
#13883=REPRESENTATION('',(#13881),#10);
#13884=PROPERTY_DEFINITION_REPRESENTATION(#13882,#13883);
#13885=GENERAL_PROPERTY('','KEY','');
#13886=GENERAL_PROPERTY_ASSOCIATION('','',#13885,#13882);
#1=MECHANICAL_DESIGN_GEOMETRIC_PRESENTATION_REPRESENTATION('',(#26),#10);
ENDSEC;
END-ISO-10303-21;
